station_uid,basin_cpcb_table,hybas_lev04,hybas_main_basin_lev04,hybas_rule_lev04,hybas_lev06,hybas_main_basin_lev06,hybas_rule_lev06,source,matching
WQS0036,,4040027780,4040027780,point in polygon,4061081260,4060027780,point in polygon,"HydroBASINS v1c standard, levels 4 and 6 (Lehner & Grill 2013)",point in polygon; nearest polygon within 1 km for points just outside (see rule columns)
WQS0039,,4040839030,4040025450,point in polygon,4060836400,4060025450,point in polygon,"HydroBASINS v1c standard, levels 4 and 6 (Lehner & Grill 2013)",point in polygon; nearest polygon within 1 km for points just outside (see rule columns)
WQS0040,,4040865800,4040025450,point in polygon,4060865800,4060025450,point in polygon,"HydroBASINS v1c standard, levels 4 and 6 (Lehner & Grill 2013)",point in polygon; nearest polygon within 1 km for points just outside (see rule columns)
WQS0044,,4040839030,4040025450,point in polygon,4060836060,4060025450,point in polygon,"HydroBASINS v1c standard, levels 4 and 6 (Lehner & Grill 2013)",point in polygon; nearest polygon within 1 km for points just outside (see rule columns)
WQS0046,,4040839030,4040025450,point in polygon,4060836060,4060025450,point in polygon,"HydroBASINS v1c standard, levels 4 and 6 (Lehner & Grill 2013)",point in polygon; nearest polygon within 1 km for points just outside (see rule columns)
WQS0047,,4040865930,4040025450,point in polygon,4060865930,4060025450,point in polygon,"HydroBASINS v1c standard, levels 4 and 6 (Lehner & Grill 2013)",point in polygon; nearest polygon within 1 km for points just outside (see rule columns)
WQS0048,,4040839030,4040025450,point in polygon,4060836400,4060025450,point in polygon,"HydroBASINS v1c standard, levels 4 and 6 (Lehner & Grill 2013)",point in polygon; nearest polygon within 1 km for points just outside (see rule columns)
WQS0049,,4040865800,4040025450,point in polygon,4060865800,4060025450,point in polygon,"HydroBASINS v1c standard, levels 4 and 6 (Lehner & Grill 2013)",point in polygon; nearest polygon within 1 km for points just outside (see rule columns)
WQS0052,,4040865800,4040025450,point in polygon,4060865800,4060025450,point in polygon,"HydroBASINS v1c standard, levels 4 and 6 (Lehner & Grill 2013)",point in polygon; nearest polygon within 1 km for points just outside (see rule columns)
WQS0053,,4040838850,4040025450,point in polygon,4060838850,4060025450,point in polygon,"HydroBASINS v1c standard, levels 4 and 6 (Lehner & Grill 2013)",point in polygon; nearest polygon within 1 km for points just outside (see rule columns)
WQS0054,,4040865800,4040025450,point in polygon,4060860710,4060025450,point in polygon,"HydroBASINS v1c standard, levels 4 and 6 (Lehner & Grill 2013)",point in polygon; nearest polygon within 1 km for points just outside (see rule columns)
WQS0056,,4040975160,4040025450,point in polygon,4060929440,4060025450,point in polygon,"HydroBASINS v1c standard, levels 4 and 6 (Lehner & Grill 2013)",point in polygon; nearest polygon within 1 km for points just outside (see rule columns)
WQS0059,Brahmaputra,4040865930,4040025450,point in polygon,4060865930,4060025450,point in polygon,"HydroBASINS v1c standard, levels 4 and 6 (Lehner & Grill 2013)",point in polygon; nearest polygon within 1 km for points just outside (see rule columns)
WQS0060,Brahmaputra,4040960200,4040025450,point in polygon,4060886350,4060025450,point in polygon,"HydroBASINS v1c standard, levels 4 and 6 (Lehner & Grill 2013)",point in polygon; nearest polygon within 1 km for points just outside (see rule columns)
WQS0061,Brahmaputra,4040960200,4040025450,point in polygon,4060872360,4060025450,point in polygon,"HydroBASINS v1c standard, levels 4 and 6 (Lehner & Grill 2013)",point in polygon; nearest polygon within 1 km for points just outside (see rule columns)
WQS0062,Brahmaputra,4040960200,4040025450,point in polygon,4060876190,4060025450,point in polygon,"HydroBASINS v1c standard, levels 4 and 6 (Lehner & Grill 2013)",point in polygon; nearest polygon within 1 km for points just outside (see rule columns)
WQS0063,Brahmaputra,4040960200,4040025450,point in polygon,4060886350,4060025450,point in polygon,"HydroBASINS v1c standard, levels 4 and 6 (Lehner & Grill 2013)",point in polygon; nearest polygon within 1 km for points just outside (see rule columns)
WQS0064,,4040865930,4040025450,point in polygon,4060865930,4060025450,point in polygon,"HydroBASINS v1c standard, levels 4 and 6 (Lehner & Grill 2013)",point in polygon; nearest polygon within 1 km for points just outside (see rule columns)
WQS0066,Brahmaputra,4040960200,4040025450,point in polygon,4060870190,4060025450,point in polygon,"HydroBASINS v1c standard, levels 4 and 6 (Lehner & Grill 2013)",point in polygon; nearest polygon within 1 km for points just outside (see rule columns)
WQS0067,Brahmaputra,4040960200,4040025450,point in polygon,4060884570,4060025450,point in polygon,"HydroBASINS v1c standard, levels 4 and 6 (Lehner & Grill 2013)",point in polygon; nearest polygon within 1 km for points just outside (see rule columns)
WQS0068,,4040865930,4040025450,point in polygon,4060865930,4060025450,point in polygon,"HydroBASINS v1c standard, levels 4 and 6 (Lehner & Grill 2013)",point in polygon; nearest polygon within 1 km for points just outside (see rule columns)
WQS0070,Brahmaputra,4040865930,4040025450,point in polygon,4060865930,4060025450,point in polygon,"HydroBASINS v1c standard, levels 4 and 6 (Lehner & Grill 2013)",point in polygon; nearest polygon within 1 km for points just outside (see rule columns)
WQS0071,,4040960200,4040025450,point in polygon,4060883720,4060025450,point in polygon,"HydroBASINS v1c standard, levels 4 and 6 (Lehner & Grill 2013)",point in polygon; nearest polygon within 1 km for points just outside (see rule columns)
WQS0074,,4040975160,4040025450,point in polygon,4060949690,4060025450,point in polygon,"HydroBASINS v1c standard, levels 4 and 6 (Lehner & Grill 2013)",point in polygon; nearest polygon within 1 km for points just outside (see rule columns)
WQS0075,,4040960200,4040025450,point in polygon,4060886350,4060025450,point in polygon,"HydroBASINS v1c standard, levels 4 and 6 (Lehner & Grill 2013)",point in polygon; nearest polygon within 1 km for points just outside (see rule columns)
WQS0076,,4040960200,4040025450,point in polygon,4060886350,4060025450,point in polygon,"HydroBASINS v1c standard, levels 4 and 6 (Lehner & Grill 2013)",point in polygon; nearest polygon within 1 km for points just outside (see rule columns)
WQS0080,,4040960200,4040025450,point in polygon,4060883850,4060025450,point in polygon,"HydroBASINS v1c standard, levels 4 and 6 (Lehner & Grill 2013)",point in polygon; nearest polygon within 1 km for points just outside (see rule columns)
WQS0081,,4040960200,4040025450,point in polygon,4060886350,4060025450,point in polygon,"HydroBASINS v1c standard, levels 4 and 6 (Lehner & Grill 2013)",point in polygon; nearest polygon within 1 km for points just outside (see rule columns)
WQS0082,,4040960200,4040025450,point in polygon,4060870190,4060025450,point in polygon,"HydroBASINS v1c standard, levels 4 and 6 (Lehner & Grill 2013)",point in polygon; nearest polygon within 1 km for points just outside (see rule columns)
WQS0083,,4040960200,4040025450,point in polygon,4060870190,4060025450,point in polygon,"HydroBASINS v1c standard, levels 4 and 6 (Lehner & Grill 2013)",point in polygon; nearest polygon within 1 km for points just outside (see rule columns)
WQS0084,,4040865800,4040025450,point in polygon,4060860710,4060025450,point in polygon,"HydroBASINS v1c standard, levels 4 and 6 (Lehner & Grill 2013)",point in polygon; nearest polygon within 1 km for points just outside (see rule columns)
WQS0086,,4040865930,4040025450,point in polygon,4060865930,4060025450,point in polygon,"HydroBASINS v1c standard, levels 4 and 6 (Lehner & Grill 2013)",point in polygon; nearest polygon within 1 km for points just outside (see rule columns)
WQS0087,Brahmaputra,4040865930,4040025450,point in polygon,4060865930,4060025450,point in polygon,"HydroBASINS v1c standard, levels 4 and 6 (Lehner & Grill 2013)",point in polygon; nearest polygon within 1 km for points just outside (see rule columns)
WQS0088,Brahmaputra,4040960200,4040025450,point in polygon,4060886350,4060025450,point in polygon,"HydroBASINS v1c standard, levels 4 and 6 (Lehner & Grill 2013)",point in polygon; nearest polygon within 1 km for points just outside (see rule columns)
WQS0089,Brahmaputra,4040960200,4040025450,point in polygon,4060900680,4060025450,point in polygon,"HydroBASINS v1c standard, levels 4 and 6 (Lehner & Grill 2013)",point in polygon; nearest polygon within 1 km for points just outside (see rule columns)
WQS0090,Brahmaputra,4040960200,4040025450,point in polygon,4060900680,4060025450,point in polygon,"HydroBASINS v1c standard, levels 4 and 6 (Lehner & Grill 2013)",point in polygon; nearest polygon within 1 km for points just outside (see rule columns)
WQS0091,Brahmaputra,4040960200,4040025450,point in polygon,4060886350,4060025450,point in polygon,"HydroBASINS v1c standard, levels 4 and 6 (Lehner & Grill 2013)",point in polygon; nearest polygon within 1 km for points just outside (see rule columns)
WQS0092,Brahmaputra,4040839030,4040025450,point in polygon,4060835750,4060025450,point in polygon,"HydroBASINS v1c standard, levels 4 and 6 (Lehner & Grill 2013)",point in polygon; nearest polygon within 1 km for points just outside (see rule columns)
WQS0093,Brahmaputra,4040960200,4040025450,point in polygon,4060886350,4060025450,point in polygon,"HydroBASINS v1c standard, levels 4 and 6 (Lehner & Grill 2013)",point in polygon; nearest polygon within 1 km for points just outside (see rule columns)
WQS0094,,4040960200,4040025450,point in polygon,4060884090,4060025450,point in polygon,"HydroBASINS v1c standard, levels 4 and 6 (Lehner & Grill 2013)",point in polygon; nearest polygon within 1 km for points just outside (see rule columns)
WQS0095,,4040865930,4040025450,point in polygon,4060865930,4060025450,point in polygon,"HydroBASINS v1c standard, levels 4 and 6 (Lehner & Grill 2013)",point in polygon; nearest polygon within 1 km for points just outside (see rule columns)
WQS0096,,4040865930,4040025450,point in polygon,4060865930,4060025450,point in polygon,"HydroBASINS v1c standard, levels 4 and 6 (Lehner & Grill 2013)",point in polygon; nearest polygon within 1 km for points just outside (see rule columns)
WQS0097,,4040865930,4040025450,point in polygon,4060865930,4060025450,point in polygon,"HydroBASINS v1c standard, levels 4 and 6 (Lehner & Grill 2013)",point in polygon; nearest polygon within 1 km for points just outside (see rule columns)
WQS0098,,4040960200,4040025450,point in polygon,4060870190,4060025450,point in polygon,"HydroBASINS v1c standard, levels 4 and 6 (Lehner & Grill 2013)",point in polygon; nearest polygon within 1 km for points just outside (see rule columns)
WQS0099,,4040960200,4040025450,point in polygon,4060870190,4060025450,point in polygon,"HydroBASINS v1c standard, levels 4 and 6 (Lehner & Grill 2013)",point in polygon; nearest polygon within 1 km for points just outside (see rule columns)
WQS0100,Brahmaputra,4040960200,4040025450,point in polygon,4060876180,4060025450,point in polygon,"HydroBASINS v1c standard, levels 4 and 6 (Lehner & Grill 2013)",point in polygon; nearest polygon within 1 km for points just outside (see rule columns)
WQS0101,,4040975160,4040025450,point in polygon,4060949690,4060025450,point in polygon,"HydroBASINS v1c standard, levels 4 and 6 (Lehner & Grill 2013)",point in polygon; nearest polygon within 1 km for points just outside (see rule columns)
WQS0102,,4040960200,4040025450,point in polygon,4060884570,4060025450,point in polygon,"HydroBASINS v1c standard, levels 4 and 6 (Lehner & Grill 2013)",point in polygon; nearest polygon within 1 km for points just outside (see rule columns)
WQS0103,,4040865930,4040025450,point in polygon,4060865930,4060025450,point in polygon,"HydroBASINS v1c standard, levels 4 and 6 (Lehner & Grill 2013)",point in polygon; nearest polygon within 1 km for points just outside (see rule columns)
WQS0104,,4040865930,4040025450,point in polygon,4060865930,4060025450,point in polygon,"HydroBASINS v1c standard, levels 4 and 6 (Lehner & Grill 2013)",point in polygon; nearest polygon within 1 km for points just outside (see rule columns)
WQS0105,,4040865930,4040025450,point in polygon,4060865930,4060025450,point in polygon,"HydroBASINS v1c standard, levels 4 and 6 (Lehner & Grill 2013)",point in polygon; nearest polygon within 1 km for points just outside (see rule columns)
WQS0106,,4040865800,4040025450,point in polygon,4060865800,4060025450,point in polygon,"HydroBASINS v1c standard, levels 4 and 6 (Lehner & Grill 2013)",point in polygon; nearest polygon within 1 km for points just outside (see rule columns)
WQS0107,,4040865930,4040025450,point in polygon,4060865930,4060025450,point in polygon,"HydroBASINS v1c standard, levels 4 and 6 (Lehner & Grill 2013)",point in polygon; nearest polygon within 1 km for points just outside (see rule columns)
WQS0108,,4040865930,4040025450,point in polygon,4060865930,4060025450,point in polygon,"HydroBASINS v1c standard, levels 4 and 6 (Lehner & Grill 2013)",point in polygon; nearest polygon within 1 km for points just outside (see rule columns)
WQS0109,,4040865930,4040025450,point in polygon,4060865930,4060025450,point in polygon,"HydroBASINS v1c standard, levels 4 and 6 (Lehner & Grill 2013)",point in polygon; nearest polygon within 1 km for points just outside (see rule columns)
WQS0110,,4040960200,4040025450,point in polygon,4060872230,4060025450,point in polygon,"HydroBASINS v1c standard, levels 4 and 6 (Lehner & Grill 2013)",point in polygon; nearest polygon within 1 km for points just outside (see rule columns)
WQS0111,,4040865800,4040025450,point in polygon,4060860710,4060025450,point in polygon,"HydroBASINS v1c standard, levels 4 and 6 (Lehner & Grill 2013)",point in polygon; nearest polygon within 1 km for points just outside (see rule columns)
WQS0113,,4040865930,4040025450,point in polygon,4060865930,4060025450,point in polygon,"HydroBASINS v1c standard, levels 4 and 6 (Lehner & Grill 2013)",point in polygon; nearest polygon within 1 km for points just outside (see rule columns)
WQS0114,,4040960200,4040025450,point in polygon,4060872230,4060025450,point in polygon,"HydroBASINS v1c standard, levels 4 and 6 (Lehner & Grill 2013)",point in polygon; nearest polygon within 1 km for points just outside (see rule columns)
WQS0119,,4040960200,4040025450,point in polygon,4060884570,4060025450,point in polygon,"HydroBASINS v1c standard, levels 4 and 6 (Lehner & Grill 2013)",point in polygon; nearest polygon within 1 km for points just outside (see rule columns)
WQS0120,Brahmaputra,4040975160,4040025450,point in polygon,4060929740,4060025450,point in polygon,"HydroBASINS v1c standard, levels 4 and 6 (Lehner & Grill 2013)",point in polygon; nearest polygon within 1 km for points just outside (see rule columns)
WQS0121,,4040865930,4040025450,point in polygon,4060865930,4060025450,point in polygon,"HydroBASINS v1c standard, levels 4 and 6 (Lehner & Grill 2013)",point in polygon; nearest polygon within 1 km for points just outside (see rule columns)
WQS0123,,4040960200,4040025450,point in polygon,4060872360,4060025450,point in polygon,"HydroBASINS v1c standard, levels 4 and 6 (Lehner & Grill 2013)",point in polygon; nearest polygon within 1 km for points just outside (see rule columns)
WQS0124,,4040960200,4040025450,point in polygon,4060883720,4060025450,point in polygon,"HydroBASINS v1c standard, levels 4 and 6 (Lehner & Grill 2013)",point in polygon; nearest polygon within 1 km for points just outside (see rule columns)
WQS0125,,4040960200,4040025450,point in polygon,4060884570,4060025450,point in polygon,"HydroBASINS v1c standard, levels 4 and 6 (Lehner & Grill 2013)",point in polygon; nearest polygon within 1 km for points just outside (see rule columns)
WQS0128,,4040839030,4040025450,point in polygon,4060835750,4060025450,point in polygon,"HydroBASINS v1c standard, levels 4 and 6 (Lehner & Grill 2013)",point in polygon; nearest polygon within 1 km for points just outside (see rule columns)
WQS0129,,4040975160,4040025450,point in polygon,4060949690,4060025450,point in polygon,"HydroBASINS v1c standard, levels 4 and 6 (Lehner & Grill 2013)",point in polygon; nearest polygon within 1 km for points just outside (see rule columns)
WQS0130,,4040975160,4040025450,point in polygon,4060929440,4060025450,point in polygon,"HydroBASINS v1c standard, levels 4 and 6 (Lehner & Grill 2013)",point in polygon; nearest polygon within 1 km for points just outside (see rule columns)
WQS0132,,4040960200,4040025450,point in polygon,4060900680,4060025450,point in polygon,"HydroBASINS v1c standard, levels 4 and 6 (Lehner & Grill 2013)",point in polygon; nearest polygon within 1 km for points just outside (see rule columns)
WQS0133,,4040960200,4040025450,point in polygon,4060900680,4060025450,point in polygon,"HydroBASINS v1c standard, levels 4 and 6 (Lehner & Grill 2013)",point in polygon; nearest polygon within 1 km for points just outside (see rule columns)
WQS0134,,4040960200,4040025450,point in polygon,4060872230,4060025450,point in polygon,"HydroBASINS v1c standard, levels 4 and 6 (Lehner & Grill 2013)",point in polygon; nearest polygon within 1 km for points just outside (see rule columns)
WQS0136,,4040960200,4040025450,point in polygon,4060884090,4060025450,point in polygon,"HydroBASINS v1c standard, levels 4 and 6 (Lehner & Grill 2013)",point in polygon; nearest polygon within 1 km for points just outside (see rule columns)
WQS0138,,4040960200,4040025450,point in polygon,4060876180,4060025450,point in polygon,"HydroBASINS v1c standard, levels 4 and 6 (Lehner & Grill 2013)",point in polygon; nearest polygon within 1 km for points just outside (see rule columns)
WQS0141,,4040960200,4040025450,point in polygon,4060900670,4060025450,point in polygon,"HydroBASINS v1c standard, levels 4 and 6 (Lehner & Grill 2013)",point in polygon; nearest polygon within 1 km for points just outside (see rule columns)
WQS0143,,4040975160,4040025450,point in polygon,4060929440,4060025450,point in polygon,"HydroBASINS v1c standard, levels 4 and 6 (Lehner & Grill 2013)",point in polygon; nearest polygon within 1 km for points just outside (see rule columns)
WQS0147,,4040960200,4040025450,point in polygon,4060870190,4060025450,point in polygon,"HydroBASINS v1c standard, levels 4 and 6 (Lehner & Grill 2013)",point in polygon; nearest polygon within 1 km for points just outside (see rule columns)
WQS0149,,4040960200,4040025450,point in polygon,4060900680,4060025450,point in polygon,"HydroBASINS v1c standard, levels 4 and 6 (Lehner & Grill 2013)",point in polygon; nearest polygon within 1 km for points just outside (see rule columns)
WQS0170,,4040960480,4040025450,point in polygon,4060901970,4060025450,point in polygon,"HydroBASINS v1c standard, levels 4 and 6 (Lehner & Grill 2013)",point in polygon; nearest polygon within 1 km for points just outside (see rule columns)
WQS0171,,4040960480,4040025450,point in polygon,4060901970,4060025450,point in polygon,"HydroBASINS v1c standard, levels 4 and 6 (Lehner & Grill 2013)",point in polygon; nearest polygon within 1 km for points just outside (see rule columns)
WQS0172,,4040960480,4040025450,point in polygon,4060909770,4060025450,point in polygon,"HydroBASINS v1c standard, levels 4 and 6 (Lehner & Grill 2013)",point in polygon; nearest polygon within 1 km for points just outside (see rule columns)
WQS0173,,4040960480,4040025450,point in polygon,4060909770,4060025450,point in polygon,"HydroBASINS v1c standard, levels 4 and 6 (Lehner & Grill 2013)",point in polygon; nearest polygon within 1 km for points just outside (see rule columns)
WQS0174,,4040960480,4040025450,point in polygon,4060901850,4060025450,point in polygon,"HydroBASINS v1c standard, levels 4 and 6 (Lehner & Grill 2013)",point in polygon; nearest polygon within 1 km for points just outside (see rule columns)
WQS0175,,4040960480,4040025450,point in polygon,4060901850,4060025450,point in polygon,"HydroBASINS v1c standard, levels 4 and 6 (Lehner & Grill 2013)",point in polygon; nearest polygon within 1 km for points just outside (see rule columns)
WQS0176,,4040960480,4040025450,point in polygon,4060905060,4060025450,point in polygon,"HydroBASINS v1c standard, levels 4 and 6 (Lehner & Grill 2013)",point in polygon; nearest polygon within 1 km for points just outside (see rule columns)
WQS0177,,4040960480,4040025450,point in polygon,4060905060,4060025450,point in polygon,"HydroBASINS v1c standard, levels 4 and 6 (Lehner & Grill 2013)",point in polygon; nearest polygon within 1 km for points just outside (see rule columns)
WQS0178,Ganga,4040960480,4040025450,point in polygon,4060911950,4060025450,point in polygon,"HydroBASINS v1c standard, levels 4 and 6 (Lehner & Grill 2013)",point in polygon; nearest polygon within 1 km for points just outside (see rule columns)
WQS0179,Ganga,4040960480,4040025450,point in polygon,4060903720,4060025450,point in polygon,"HydroBASINS v1c standard, levels 4 and 6 (Lehner & Grill 2013)",point in polygon; nearest polygon within 1 km for points just outside (see rule columns)
WQS0180,Ganga,4040960480,4040025450,point in polygon,4060903720,4060025450,point in polygon,"HydroBASINS v1c standard, levels 4 and 6 (Lehner & Grill 2013)",point in polygon; nearest polygon within 1 km for points just outside (see rule columns)
WQS0182,Ganga,4040960480,4040025450,point in polygon,4060911950,4060025450,point in polygon,"HydroBASINS v1c standard, levels 4 and 6 (Lehner & Grill 2013)",point in polygon; nearest polygon within 1 km for points just outside (see rule columns)
WQS0183,Ganga,4040960480,4040025450,point in polygon,4060914420,4060025450,point in polygon,"HydroBASINS v1c standard, levels 4 and 6 (Lehner & Grill 2013)",point in polygon; nearest polygon within 1 km for points just outside (see rule columns)
WQS0184,Ganga,4040960480,4040025450,point in polygon,4060914420,4060025450,point in polygon,"HydroBASINS v1c standard, levels 4 and 6 (Lehner & Grill 2013)",point in polygon; nearest polygon within 1 km for points just outside (see rule columns)
WQS0185,Ganga,4040960480,4040025450,point in polygon,4060909900,4060025450,point in polygon,"HydroBASINS v1c standard, levels 4 and 6 (Lehner & Grill 2013)",point in polygon; nearest polygon within 1 km for points just outside (see rule columns)
WQS0186,Ganga,4040960480,4040025450,point in polygon,4060914420,4060025450,point in polygon,"HydroBASINS v1c standard, levels 4 and 6 (Lehner & Grill 2013)",point in polygon; nearest polygon within 1 km for points just outside (see rule columns)
WQS0187,Ganga,4040960480,4040025450,point in polygon,4060911950,4060025450,point in polygon,"HydroBASINS v1c standard, levels 4 and 6 (Lehner & Grill 2013)",point in polygon; nearest polygon within 1 km for points just outside (see rule columns)
WQS0188,Ganga,4040960480,4040025450,point in polygon,4060902870,4060025450,point in polygon,"HydroBASINS v1c standard, levels 4 and 6 (Lehner & Grill 2013)",point in polygon; nearest polygon within 1 km for points just outside (see rule columns)
WQS0190,Ganga,4040960480,4040025450,point in polygon,4060909900,4060025450,point in polygon,"HydroBASINS v1c standard, levels 4 and 6 (Lehner & Grill 2013)",point in polygon; nearest polygon within 1 km for points just outside (see rule columns)
WQS0191,Ganga,4040960480,4040025450,point in polygon,4060914420,4060025450,point in polygon,"HydroBASINS v1c standard, levels 4 and 6 (Lehner & Grill 2013)",point in polygon; nearest polygon within 1 km for points just outside (see rule columns)
WQS0192,Ganga,4040960480,4040025450,point in polygon,4060914420,4060025450,point in polygon,"HydroBASINS v1c standard, levels 4 and 6 (Lehner & Grill 2013)",point in polygon; nearest polygon within 1 km for points just outside (see rule columns)
WQS0193,,4040960480,4040025450,point in polygon,4060901970,4060025450,point in polygon,"HydroBASINS v1c standard, levels 4 and 6 (Lehner & Grill 2013)",point in polygon; nearest polygon within 1 km for points just outside (see rule columns)
WQS0195,,4040960480,4040025450,point in polygon,4060914420,4060025450,point in polygon,"HydroBASINS v1c standard, levels 4 and 6 (Lehner & Grill 2013)",point in polygon; nearest polygon within 1 km for points just outside (see rule columns)
WQS0196,,4040960480,4040025450,point in polygon,4060909770,4060025450,point in polygon,"HydroBASINS v1c standard, levels 4 and 6 (Lehner & Grill 2013)",point in polygon; nearest polygon within 1 km for points just outside (see rule columns)
WQS0197,,4040960480,4040025450,point in polygon,4060909770,4060025450,point in polygon,"HydroBASINS v1c standard, levels 4 and 6 (Lehner & Grill 2013)",point in polygon; nearest polygon within 1 km for points just outside (see rule columns)
WQS0198,,4040960480,4040025450,point in polygon,4060909770,4060025450,point in polygon,"HydroBASINS v1c standard, levels 4 and 6 (Lehner & Grill 2013)",point in polygon; nearest polygon within 1 km for points just outside (see rule columns)
WQS0199,,4040960480,4040025450,point in polygon,4060909770,4060025450,point in polygon,"HydroBASINS v1c standard, levels 4 and 6 (Lehner & Grill 2013)",point in polygon; nearest polygon within 1 km for points just outside (see rule columns)
WQS0200,,4040960480,4040025450,point in polygon,4060901850,4060025450,point in polygon,"HydroBASINS v1c standard, levels 4 and 6 (Lehner & Grill 2013)",point in polygon; nearest polygon within 1 km for points just outside (see rule columns)
WQS0201,,4040960480,4040025450,point in polygon,4060901850,4060025450,point in polygon,"HydroBASINS v1c standard, levels 4 and 6 (Lehner & Grill 2013)",point in polygon; nearest polygon within 1 km for points just outside (see rule columns)
WQS0202,,4040960480,4040025450,point in polygon,4060901850,4060025450,point in polygon,"HydroBASINS v1c standard, levels 4 and 6 (Lehner & Grill 2013)",point in polygon; nearest polygon within 1 km for points just outside (see rule columns)
WQS0203,,4040960480,4040025450,point in polygon,4060901850,4060025450,point in polygon,"HydroBASINS v1c standard, levels 4 and 6 (Lehner & Grill 2013)",point in polygon; nearest polygon within 1 km for points just outside (see rule columns)
WQS0204,,4040960480,4040025450,point in polygon,4060900840,4060025450,point in polygon,"HydroBASINS v1c standard, levels 4 and 6 (Lehner & Grill 2013)",point in polygon; nearest polygon within 1 km for points just outside (see rule columns)
WQS0205,,4040960480,4040025450,point in polygon,4060900840,4060025450,point in polygon,"HydroBASINS v1c standard, levels 4 and 6 (Lehner & Grill 2013)",point in polygon; nearest polygon within 1 km for points just outside (see rule columns)
WQS0206,,4040960480,4040025450,point in polygon,4060905060,4060025450,point in polygon,"HydroBASINS v1c standard, levels 4 and 6 (Lehner & Grill 2013)",point in polygon; nearest polygon within 1 km for points just outside (see rule columns)
WQS0207,,4040960480,4040025450,point in polygon,4060905060,4060025450,point in polygon,"HydroBASINS v1c standard, levels 4 and 6 (Lehner & Grill 2013)",point in polygon; nearest polygon within 1 km for points just outside (see rule columns)
WQS0208,,4040960480,4040025450,point in polygon,4060905060,4060025450,point in polygon,"HydroBASINS v1c standard, levels 4 and 6 (Lehner & Grill 2013)",point in polygon; nearest polygon within 1 km for points just outside (see rule columns)
WQS0209,Ganga,4040960480,4040025450,point in polygon,4060903120,4060025450,point in polygon,"HydroBASINS v1c standard, levels 4 and 6 (Lehner & Grill 2013)",point in polygon; nearest polygon within 1 km for points just outside (see rule columns)
WQS0210,Ganga,4040960480,4040025450,point in polygon,4060914420,4060025450,point in polygon,"HydroBASINS v1c standard, levels 4 and 6 (Lehner & Grill 2013)",point in polygon; nearest polygon within 1 km for points just outside (see rule columns)
WQS0211,Ganga,4040960480,4040025450,point in polygon,4060914420,4060025450,point in polygon,"HydroBASINS v1c standard, levels 4 and 6 (Lehner & Grill 2013)",point in polygon; nearest polygon within 1 km for points just outside (see rule columns)
WQS0213,Ganga,4040960480,4040025450,point in polygon,4060911950,4060025450,point in polygon,"HydroBASINS v1c standard, levels 4 and 6 (Lehner & Grill 2013)",point in polygon; nearest polygon within 1 km for points just outside (see rule columns)
WQS0214,Ganga,4040960480,4040025450,point in polygon,4060911950,4060025450,point in polygon,"HydroBASINS v1c standard, levels 4 and 6 (Lehner & Grill 2013)",point in polygon; nearest polygon within 1 km for points just outside (see rule columns)
WQS0217,Ganga,4040960480,4040025450,point in polygon,4060914420,4060025450,point in polygon,"HydroBASINS v1c standard, levels 4 and 6 (Lehner & Grill 2013)",point in polygon; nearest polygon within 1 km for points just outside (see rule columns)
WQS0218,Ganga,4040960480,4040025450,point in polygon,4060914420,4060025450,point in polygon,"HydroBASINS v1c standard, levels 4 and 6 (Lehner & Grill 2013)",point in polygon; nearest polygon within 1 km for points just outside (see rule columns)
WQS0219,Ganga,4040960480,4040025450,point in polygon,4060914420,4060025450,point in polygon,"HydroBASINS v1c standard, levels 4 and 6 (Lehner & Grill 2013)",point in polygon; nearest polygon within 1 km for points just outside (see rule columns)
WQS0220,Ganga,4040960480,4040025450,point in polygon,4060914420,4060025450,point in polygon,"HydroBASINS v1c standard, levels 4 and 6 (Lehner & Grill 2013)",point in polygon; nearest polygon within 1 km for points just outside (see rule columns)
WQS0221,Ganga,4040960480,4040025450,point in polygon,4060905050,4060025450,point in polygon,"HydroBASINS v1c standard, levels 4 and 6 (Lehner & Grill 2013)",point in polygon; nearest polygon within 1 km for points just outside (see rule columns)
WQS0222,Ganga,4040960480,4040025450,point in polygon,4060901960,4060025450,point in polygon,"HydroBASINS v1c standard, levels 4 and 6 (Lehner & Grill 2013)",point in polygon; nearest polygon within 1 km for points just outside (see rule columns)
WQS0223,Ganga,4040960480,4040025450,point in polygon,4060914420,4060025450,point in polygon,"HydroBASINS v1c standard, levels 4 and 6 (Lehner & Grill 2013)",point in polygon; nearest polygon within 1 km for points just outside (see rule columns)
WQS0224,Ganga,4040960480,4040025450,point in polygon,4060914420,4060025450,point in polygon,"HydroBASINS v1c standard, levels 4 and 6 (Lehner & Grill 2013)",point in polygon; nearest polygon within 1 km for points just outside (see rule columns)
WQS0225,Ganga,4040960480,4040025450,point in polygon,4060914420,4060025450,point in polygon,"HydroBASINS v1c standard, levels 4 and 6 (Lehner & Grill 2013)",point in polygon; nearest polygon within 1 km for points just outside (see rule columns)
WQS0226,Ganga,4040960480,4040025450,point in polygon,4060911950,4060025450,point in polygon,"HydroBASINS v1c standard, levels 4 and 6 (Lehner & Grill 2013)",point in polygon; nearest polygon within 1 km for points just outside (see rule columns)
WQS0228,Ganga,4040960480,4040025450,point in polygon,4060903720,4060025450,point in polygon,"HydroBASINS v1c standard, levels 4 and 6 (Lehner & Grill 2013)",point in polygon; nearest polygon within 1 km for points just outside (see rule columns)
WQS0229,Ganga,4040960480,4040025450,point in polygon,4060911950,4060025450,point in polygon,"HydroBASINS v1c standard, levels 4 and 6 (Lehner & Grill 2013)",point in polygon; nearest polygon within 1 km for points just outside (see rule columns)
WQS0230,Ganga,4040960480,4040025450,point in polygon,4060911950,4060025450,point in polygon,"HydroBASINS v1c standard, levels 4 and 6 (Lehner & Grill 2013)",point in polygon; nearest polygon within 1 km for points just outside (see rule columns)
WQS0231,Ganga,4040960480,4040025450,point in polygon,4060902870,4060025450,point in polygon,"HydroBASINS v1c standard, levels 4 and 6 (Lehner & Grill 2013)",point in polygon; nearest polygon within 1 km for points just outside (see rule columns)
WQS0233,Ganga,4040960480,4040025450,point in polygon,4060914430,4060025450,point in polygon,"HydroBASINS v1c standard, levels 4 and 6 (Lehner & Grill 2013)",point in polygon; nearest polygon within 1 km for points just outside (see rule columns)
WQS0234,,4040960480,4040025450,point in polygon,4060902870,4060025450,point in polygon,"HydroBASINS v1c standard, levels 4 and 6 (Lehner & Grill 2013)",point in polygon; nearest polygon within 1 km for points just outside (see rule columns)
WQS0235,,4040960480,4040025450,point in polygon,4060901850,4060025450,point in polygon,"HydroBASINS v1c standard, levels 4 and 6 (Lehner & Grill 2013)",point in polygon; nearest polygon within 1 km for points just outside (see rule columns)
WQS0236,,4040960480,4040025450,point in polygon,4060909770,4060025450,point in polygon,"HydroBASINS v1c standard, levels 4 and 6 (Lehner & Grill 2013)",point in polygon; nearest polygon within 1 km for points just outside (see rule columns)
WQS0237,,4040960480,4040025450,point in polygon,4060905060,4060025450,point in polygon,"HydroBASINS v1c standard, levels 4 and 6 (Lehner & Grill 2013)",point in polygon; nearest polygon within 1 km for points just outside (see rule columns)
WQS0238,,4040960480,4040025450,point in polygon,4060905060,4060025450,point in polygon,"HydroBASINS v1c standard, levels 4 and 6 (Lehner & Grill 2013)",point in polygon; nearest polygon within 1 km for points just outside (see rule columns)
WQS0239,,4040960480,4040025450,point in polygon,4060901010,4060025450,point in polygon,"HydroBASINS v1c standard, levels 4 and 6 (Lehner & Grill 2013)",point in polygon; nearest polygon within 1 km for points just outside (see rule columns)
WQS0240,,4040960480,4040025450,point in polygon,4060900840,4060025450,point in polygon,"HydroBASINS v1c standard, levels 4 and 6 (Lehner & Grill 2013)",point in polygon; nearest polygon within 1 km for points just outside (see rule columns)
WQS0241,,4040960480,4040025450,point in polygon,4060900840,4060025450,point in polygon,"HydroBASINS v1c standard, levels 4 and 6 (Lehner & Grill 2013)",point in polygon; nearest polygon within 1 km for points just outside (see rule columns)
WQS0242,,4040960480,4040025450,point in polygon,4060900840,4060025450,point in polygon,"HydroBASINS v1c standard, levels 4 and 6 (Lehner & Grill 2013)",point in polygon; nearest polygon within 1 km for points just outside (see rule columns)
WQS0243,,4040960480,4040025450,point in polygon,4060909770,4060025450,point in polygon,"HydroBASINS v1c standard, levels 4 and 6 (Lehner & Grill 2013)",point in polygon; nearest polygon within 1 km for points just outside (see rule columns)
WQS0244,,4040960480,4040025450,point in polygon,4060909770,4060025450,point in polygon,"HydroBASINS v1c standard, levels 4 and 6 (Lehner & Grill 2013)",point in polygon; nearest polygon within 1 km for points just outside (see rule columns)
WQS0245,,4040960480,4040025450,point in polygon,4060911800,4060025450,point in polygon,"HydroBASINS v1c standard, levels 4 and 6 (Lehner & Grill 2013)",point in polygon; nearest polygon within 1 km for points just outside (see rule columns)
WQS0246,,4040960480,4040025450,point in polygon,4060911800,4060025450,point in polygon,"HydroBASINS v1c standard, levels 4 and 6 (Lehner & Grill 2013)",point in polygon; nearest polygon within 1 km for points just outside (see rule columns)
WQS0247,,4040960480,4040025450,point in polygon,4060911800,4060025450,point in polygon,"HydroBASINS v1c standard, levels 4 and 6 (Lehner & Grill 2013)",point in polygon; nearest polygon within 1 km for points just outside (see rule columns)
WQS0248,,4040960480,4040025450,point in polygon,4060901970,4060025450,point in polygon,"HydroBASINS v1c standard, levels 4 and 6 (Lehner & Grill 2013)",point in polygon; nearest polygon within 1 km for points just outside (see rule columns)
WQS0249,,4040960480,4040025450,point in polygon,4060901970,4060025450,point in polygon,"HydroBASINS v1c standard, levels 4 and 6 (Lehner & Grill 2013)",point in polygon; nearest polygon within 1 km for points just outside (see rule columns)
WQS0250,,4040960480,4040025450,point in polygon,4060921230,4060025450,point in polygon,"HydroBASINS v1c standard, levels 4 and 6 (Lehner & Grill 2013)",point in polygon; nearest polygon within 1 km for points just outside (see rule columns)
WQS0251,,4040960480,4040025450,point in polygon,4060914420,4060025450,point in polygon,"HydroBASINS v1c standard, levels 4 and 6 (Lehner & Grill 2013)",point in polygon; nearest polygon within 1 km for points just outside (see rule columns)
WQS0252,,4040960480,4040025450,point in polygon,4060901970,4060025450,point in polygon,"HydroBASINS v1c standard, levels 4 and 6 (Lehner & Grill 2013)",point in polygon; nearest polygon within 1 km for points just outside (see rule columns)
WQS0253,,4040960480,4040025450,point in polygon,4060921230,4060025450,point in polygon,"HydroBASINS v1c standard, levels 4 and 6 (Lehner & Grill 2013)",point in polygon; nearest polygon within 1 km for points just outside (see rule columns)
WQS0254,,4040960480,4040025450,point in polygon,4060903120,4060025450,point in polygon,"HydroBASINS v1c standard, levels 4 and 6 (Lehner & Grill 2013)",point in polygon; nearest polygon within 1 km for points just outside (see rule columns)
WQS0255,,4040960480,4040025450,point in polygon,4060909770,4060025450,point in polygon,"HydroBASINS v1c standard, levels 4 and 6 (Lehner & Grill 2013)",point in polygon; nearest polygon within 1 km for points just outside (see rule columns)
WQS0256,,4040960480,4040025450,point in polygon,4060909770,4060025450,point in polygon,"HydroBASINS v1c standard, levels 4 and 6 (Lehner & Grill 2013)",point in polygon; nearest polygon within 1 km for points just outside (see rule columns)
WQS0257,,4040960480,4040025450,point in polygon,4060909770,4060025450,point in polygon,"HydroBASINS v1c standard, levels 4 and 6 (Lehner & Grill 2013)",point in polygon; nearest polygon within 1 km for points just outside (see rule columns)
WQS0258,,4040960480,4040025450,point in polygon,4060909770,4060025450,point in polygon,"HydroBASINS v1c standard, levels 4 and 6 (Lehner & Grill 2013)",point in polygon; nearest polygon within 1 km for points just outside (see rule columns)
WQS0259,,4040960480,4040025450,point in polygon,4060909770,4060025450,point in polygon,"HydroBASINS v1c standard, levels 4 and 6 (Lehner & Grill 2013)",point in polygon; nearest polygon within 1 km for points just outside (see rule columns)
WQS0260,,4040960480,4040025450,point in polygon,4060909770,4060025450,point in polygon,"HydroBASINS v1c standard, levels 4 and 6 (Lehner & Grill 2013)",point in polygon; nearest polygon within 1 km for points just outside (see rule columns)
WQS0261,,4040960480,4040025450,point in polygon,4060909770,4060025450,point in polygon,"HydroBASINS v1c standard, levels 4 and 6 (Lehner & Grill 2013)",point in polygon; nearest polygon within 1 km for points just outside (see rule columns)
WQS0262,,4040960480,4040025450,point in polygon,4060903120,4060025450,point in polygon,"HydroBASINS v1c standard, levels 4 and 6 (Lehner & Grill 2013)",point in polygon; nearest polygon within 1 km for points just outside (see rule columns)
WQS0263,,4040960480,4040025450,point in polygon,4060903120,4060025450,point in polygon,"HydroBASINS v1c standard, levels 4 and 6 (Lehner & Grill 2013)",point in polygon; nearest polygon within 1 km for points just outside (see rule columns)
WQS0264,,4040960480,4040025450,point in polygon,4060903120,4060025450,point in polygon,"HydroBASINS v1c standard, levels 4 and 6 (Lehner & Grill 2013)",point in polygon; nearest polygon within 1 km for points just outside (see rule columns)
WQS0265,,4040960480,4040025450,point in polygon,4060903120,4060025450,point in polygon,"HydroBASINS v1c standard, levels 4 and 6 (Lehner & Grill 2013)",point in polygon; nearest polygon within 1 km for points just outside (see rule columns)
WQS0266,,4040960480,4040025450,point in polygon,4060903120,4060025450,point in polygon,"HydroBASINS v1c standard, levels 4 and 6 (Lehner & Grill 2013)",point in polygon; nearest polygon within 1 km for points just outside (see rule columns)
WQS0267,,4040960480,4040025450,point in polygon,4060903120,4060025450,point in polygon,"HydroBASINS v1c standard, levels 4 and 6 (Lehner & Grill 2013)",point in polygon; nearest polygon within 1 km for points just outside (see rule columns)
WQS0268,,4040960480,4040025450,point in polygon,4060903120,4060025450,point in polygon,"HydroBASINS v1c standard, levels 4 and 6 (Lehner & Grill 2013)",point in polygon; nearest polygon within 1 km for points just outside (see rule columns)
WQS0269,,4040960480,4040025450,point in polygon,4060903120,4060025450,point in polygon,"HydroBASINS v1c standard, levels 4 and 6 (Lehner & Grill 2013)",point in polygon; nearest polygon within 1 km for points just outside (see rule columns)
WQS0270,,4040960480,4040025450,point in polygon,4060914420,4060025450,point in polygon,"HydroBASINS v1c standard, levels 4 and 6 (Lehner & Grill 2013)",point in polygon; nearest polygon within 1 km for points just outside (see rule columns)
WQS0271,,4040960480,4040025450,point in polygon,4060909770,4060025450,point in polygon,"HydroBASINS v1c standard, levels 4 and 6 (Lehner & Grill 2013)",point in polygon; nearest polygon within 1 km for points just outside (see rule columns)
WQS0306,Ganga,4040960480,4040025450,point in polygon,4060816480,4060025450,point in polygon,"HydroBASINS v1c standard, levels 4 and 6 (Lehner & Grill 2013)",point in polygon; nearest polygon within 1 km for points just outside (see rule columns)
WQS0307,Ganga,4040960480,4040025450,point in polygon,4060816480,4060025450,point in polygon,"HydroBASINS v1c standard, levels 4 and 6 (Lehner & Grill 2013)",point in polygon; nearest polygon within 1 km for points just outside (see rule columns)
WQS0309,Ganga,4040960480,4040025450,point in polygon,4060806680,4060025450,point in polygon,"HydroBASINS v1c standard, levels 4 and 6 (Lehner & Grill 2013)",point in polygon; nearest polygon within 1 km for points just outside (see rule columns)
WQS0311,Ganga,4040960480,4040025450,point in polygon,4060816480,4060025450,point in polygon,"HydroBASINS v1c standard, levels 4 and 6 (Lehner & Grill 2013)",point in polygon; nearest polygon within 1 km for points just outside (see rule columns)
WQS0312,Ganga,4040960480,4040025450,point in polygon,4060816480,4060025450,point in polygon,"HydroBASINS v1c standard, levels 4 and 6 (Lehner & Grill 2013)",point in polygon; nearest polygon within 1 km for points just outside (see rule columns)
WQS0313,Ganga,4040960480,4040025450,point in polygon,4060816480,4060025450,point in polygon,"HydroBASINS v1c standard, levels 4 and 6 (Lehner & Grill 2013)",point in polygon; nearest polygon within 1 km for points just outside (see rule columns)
WQS0314,,4040029530,4040029530,point in polygon,4060031610,4060031610,point in polygon,"HydroBASINS v1c standard, levels 4 and 6 (Lehner & Grill 2013)",point in polygon; nearest polygon within 1 km for points just outside (see rule columns)
WQS0315,Tapi,4040029530,4040029530,point in polygon,4060031530,4060031530,point in polygon,"HydroBASINS v1c standard, levels 4 and 6 (Lehner & Grill 2013)",point in polygon; nearest polygon within 1 km for points just outside (see rule columns)
WQS0316,Mahi,4040029530,4040029530,point in polygon,4060031730,4060031730,point in polygon,"HydroBASINS v1c standard, levels 4 and 6 (Lehner & Grill 2013)",point in polygon; nearest polygon within 1 km for points just outside (see rule columns)
WQS0317,Mahi,4040029530,4040029530,point in polygon,4060031730,4060031730,point in polygon,"HydroBASINS v1c standard, levels 4 and 6 (Lehner & Grill 2013)",point in polygon; nearest polygon within 1 km for points just outside (see rule columns)
WQS0318,Mahi,4040029530,4040029530,point in polygon,4060031730,4060031730,point in polygon,"HydroBASINS v1c standard, levels 4 and 6 (Lehner & Grill 2013)",point in polygon; nearest polygon within 1 km for points just outside (see rule columns)
WQS0319,Mahi,4040029530,4040029530,point in polygon,4060031730,4060031730,point in polygon,"HydroBASINS v1c standard, levels 4 and 6 (Lehner & Grill 2013)",point in polygon; nearest polygon within 1 km for points just outside (see rule columns)
WQS0320,Mahi,4040029530,4040029530,point in polygon,4060031730,4060031730,point in polygon,"HydroBASINS v1c standard, levels 4 and 6 (Lehner & Grill 2013)",point in polygon; nearest polygon within 1 km for points just outside (see rule columns)
WQS0321,Narmada,4040029530,4040029530,point in polygon,4060031610,4060031610,point in polygon,"HydroBASINS v1c standard, levels 4 and 6 (Lehner & Grill 2013)",point in polygon; nearest polygon within 1 km for points just outside (see rule columns)
WQS0322,,4040029530,4040029530,point in polygon,4060971400,4060031730,point in polygon,"HydroBASINS v1c standard, levels 4 and 6 (Lehner & Grill 2013)",point in polygon; nearest polygon within 1 km for points just outside (see rule columns)
WQS0323,,4040029530,4040029530,point in polygon,4060031620,4060031620,point in polygon,"HydroBASINS v1c standard, levels 4 and 6 (Lehner & Grill 2013)",point in polygon; nearest polygon within 1 km for points just outside (see rule columns)
WQS0324,,4040029530,4040029530,point in polygon,4060031620,4060031620,point in polygon,"HydroBASINS v1c standard, levels 4 and 6 (Lehner & Grill 2013)",point in polygon; nearest polygon within 1 km for points just outside (see rule columns)
WQS0325,,4040029530,4040029530,point in polygon,4060031620,4060031620,point in polygon,"HydroBASINS v1c standard, levels 4 and 6 (Lehner & Grill 2013)",point in polygon; nearest polygon within 1 km for points just outside (see rule columns)
WQS0326,Sabarmati,4040031820,4040031820,point in polygon,4060031820,4060031820,point in polygon,"HydroBASINS v1c standard, levels 4 and 6 (Lehner & Grill 2013)",point in polygon; nearest polygon within 1 km for points just outside (see rule columns)
WQS0327,Mahi,4040029530,4040029530,point in polygon,4060980000,4060031730,point in polygon,"HydroBASINS v1c standard, levels 4 and 6 (Lehner & Grill 2013)",point in polygon; nearest polygon within 1 km for points just outside (see rule columns)
WQS0328,Mahi,4040029530,4040029530,point in polygon,4060980000,4060031730,point in polygon,"HydroBASINS v1c standard, levels 4 and 6 (Lehner & Grill 2013)",point in polygon; nearest polygon within 1 km for points just outside (see rule columns)
WQS0329,Mahi,4040029530,4040029530,point in polygon,4060031730,4060031730,point in polygon,"HydroBASINS v1c standard, levels 4 and 6 (Lehner & Grill 2013)",point in polygon; nearest polygon within 1 km for points just outside (see rule columns)
WQS0331,Mahi,4040029530,4040029530,point in polygon,4060980000,4060031730,point in polygon,"HydroBASINS v1c standard, levels 4 and 6 (Lehner & Grill 2013)",point in polygon; nearest polygon within 1 km for points just outside (see rule columns)
WQS0332,Mahi,4040029530,4040029530,point in polygon,4060980000,4060031730,point in polygon,"HydroBASINS v1c standard, levels 4 and 6 (Lehner & Grill 2013)",point in polygon; nearest polygon within 1 km for points just outside (see rule columns)
WQS0334,Narmada,4040029530,4040029530,point in polygon,4060031610,4060031610,point in polygon,"HydroBASINS v1c standard, levels 4 and 6 (Lehner & Grill 2013)",point in polygon; nearest polygon within 1 km for points just outside (see rule columns)
WQS0335,Narmada,4040029530,4040029530,point in polygon,4060031610,4060031610,point in polygon,"HydroBASINS v1c standard, levels 4 and 6 (Lehner & Grill 2013)",point in polygon; nearest polygon within 1 km for points just outside (see rule columns)
WQS0336,Narmada,4040029530,4040029530,point in polygon,4060031610,4060031610,point in polygon,"HydroBASINS v1c standard, levels 4 and 6 (Lehner & Grill 2013)",point in polygon; nearest polygon within 1 km for points just outside (see rule columns)
WQS0337,Narmada,4040029530,4040029530,point in polygon,4060031610,4060031610,point in polygon,"HydroBASINS v1c standard, levels 4 and 6 (Lehner & Grill 2013)",point in polygon; nearest polygon within 1 km for points just outside (see rule columns)
WQS0338,Narmada,4040029530,4040029530,point in polygon,4060031610,4060031610,point in polygon,"HydroBASINS v1c standard, levels 4 and 6 (Lehner & Grill 2013)",point in polygon; nearest polygon within 1 km for points just outside (see rule columns)
WQS0339,Sabarmati,4040029530,4040029530,point in polygon,4060980270,4060031730,point in polygon,"HydroBASINS v1c standard, levels 4 and 6 (Lehner & Grill 2013)",point in polygon; nearest polygon within 1 km for points just outside (see rule columns)
WQS0340,Sabarmati,4040031820,4040031820,point in polygon,4060031820,4060031820,point in polygon,"HydroBASINS v1c standard, levels 4 and 6 (Lehner & Grill 2013)",point in polygon; nearest polygon within 1 km for points just outside (see rule columns)
WQS0341,Sabarmati,4040031820,4040031820,point in polygon,4060031820,4060031820,point in polygon,"HydroBASINS v1c standard, levels 4 and 6 (Lehner & Grill 2013)",point in polygon; nearest polygon within 1 km for points just outside (see rule columns)
WQS0342,Sabarmati,4040031820,4040031820,point in polygon,4060031820,4060031820,point in polygon,"HydroBASINS v1c standard, levels 4 and 6 (Lehner & Grill 2013)",point in polygon; nearest polygon within 1 km for points just outside (see rule columns)
WQS0343,Sabarmati,4040031820,4040031820,point in polygon,4060031820,4060031820,point in polygon,"HydroBASINS v1c standard, levels 4 and 6 (Lehner & Grill 2013)",point in polygon; nearest polygon within 1 km for points just outside (see rule columns)
WQS0344,Sabarmati,4040031820,4040031820,point in polygon,4060031820,4060031820,point in polygon,"HydroBASINS v1c standard, levels 4 and 6 (Lehner & Grill 2013)",point in polygon; nearest polygon within 1 km for points just outside (see rule columns)
WQS0345,Sabarmati,4040031820,4040031820,point in polygon,4060031820,4060031820,point in polygon,"HydroBASINS v1c standard, levels 4 and 6 (Lehner & Grill 2013)",point in polygon; nearest polygon within 1 km for points just outside (see rule columns)
WQS0346,Sabarmati,4040031820,4040031820,point in polygon,4060031820,4060031820,point in polygon,"HydroBASINS v1c standard, levels 4 and 6 (Lehner & Grill 2013)",point in polygon; nearest polygon within 1 km for points just outside (see rule columns)
WQS0347,Sabarmati,4040031820,4040031820,point in polygon,4060031820,4060031820,point in polygon,"HydroBASINS v1c standard, levels 4 and 6 (Lehner & Grill 2013)",point in polygon; nearest polygon within 1 km for points just outside (see rule columns)
WQS0348,Sabarmati,4040031820,4040031820,point in polygon,4060031820,4060031820,point in polygon,"HydroBASINS v1c standard, levels 4 and 6 (Lehner & Grill 2013)",point in polygon; nearest polygon within 1 km for points just outside (see rule columns)
WQS0349,Sabarmati,4040031820,4040031820,point in polygon,4060031820,4060031820,point in polygon,"HydroBASINS v1c standard, levels 4 and 6 (Lehner & Grill 2013)",point in polygon; nearest polygon within 1 km for points just outside (see rule columns)
WQS0350,Sabarmati,4040031820,4040031820,point in polygon,4060031820,4060031820,point in polygon,"HydroBASINS v1c standard, levels 4 and 6 (Lehner & Grill 2013)",point in polygon; nearest polygon within 1 km for points just outside (see rule columns)
WQS0351,Sabarmati,4040031820,4040031820,point in polygon,4060031820,4060031820,point in polygon,"HydroBASINS v1c standard, levels 4 and 6 (Lehner & Grill 2013)",point in polygon; nearest polygon within 1 km for points just outside (see rule columns)
WQS0352,Tapi,4040029530,4040029530,point in polygon,4060031520,4060031520,point in polygon,"HydroBASINS v1c standard, levels 4 and 6 (Lehner & Grill 2013)",point in polygon; nearest polygon within 1 km for points just outside (see rule columns)
WQS0353,Tapi,4040029530,4040029530,point in polygon,4060031520,4060031520,point in polygon,"HydroBASINS v1c standard, levels 4 and 6 (Lehner & Grill 2013)",point in polygon; nearest polygon within 1 km for points just outside (see rule columns)
WQS0354,Tapi,4040029530,4040029530,point in polygon,4060031520,4060031520,point in polygon,"HydroBASINS v1c standard, levels 4 and 6 (Lehner & Grill 2013)",point in polygon; nearest polygon within 1 km for points just outside (see rule columns)
WQS0355,Sabarmati,4040031820,4040031820,point in polygon,4060031820,4060031820,point in polygon,"HydroBASINS v1c standard, levels 4 and 6 (Lehner & Grill 2013)",point in polygon; nearest polygon within 1 km for points just outside (see rule columns)
WQS0356,Sabarmati,4040031820,4040031820,point in polygon,4060031820,4060031820,point in polygon,"HydroBASINS v1c standard, levels 4 and 6 (Lehner & Grill 2013)",point in polygon; nearest polygon within 1 km for points just outside (see rule columns)
WQS0358,Tapi,4040029530,4040029530,point in polygon,4060031520,4060031520,point in polygon,"HydroBASINS v1c standard, levels 4 and 6 (Lehner & Grill 2013)",point in polygon; nearest polygon within 1 km for points just outside (see rule columns)
WQS0359,Tapi,4040029530,4040029530,point in polygon,4060031520,4060031520,point in polygon,"HydroBASINS v1c standard, levels 4 and 6 (Lehner & Grill 2013)",point in polygon; nearest polygon within 1 km for points just outside (see rule columns)
WQS0360,Tapi,4040029530,4040029530,point in polygon,4060031520,4060031520,point in polygon,"HydroBASINS v1c standard, levels 4 and 6 (Lehner & Grill 2013)",point in polygon; nearest polygon within 1 km for points just outside (see rule columns)
WQS0361,Tapi,4040029530,4040029530,point in polygon,4060031520,4060031520,point in polygon,"HydroBASINS v1c standard, levels 4 and 6 (Lehner & Grill 2013)",point in polygon; nearest polygon within 1 km for points just outside (see rule columns)
WQS0363,,4040029530,4040029530,point in polygon,4060031620,4060031620,point in polygon,"HydroBASINS v1c standard, levels 4 and 6 (Lehner & Grill 2013)",point in polygon; nearest polygon within 1 km for points just outside (see rule columns)
WQS0364,Ganga,4040960480,4040025450,point in polygon,4060806680,4060025450,point in polygon,"HydroBASINS v1c standard, levels 4 and 6 (Lehner & Grill 2013)",point in polygon; nearest polygon within 1 km for points just outside (see rule columns)
WQS0365,Ganga,4040960480,4040025450,point in polygon,4060855310,4060025450,point in polygon,"HydroBASINS v1c standard, levels 4 and 6 (Lehner & Grill 2013)",point in polygon; nearest polygon within 1 km for points just outside (see rule columns)
WQS0366,Ganga,4040960480,4040025450,point in polygon,4060806680,4060025450,point in polygon,"HydroBASINS v1c standard, levels 4 and 6 (Lehner & Grill 2013)",point in polygon; nearest polygon within 1 km for points just outside (see rule columns)
WQS0367,Ganga,4040960480,4040025450,point in polygon,4060806680,4060025450,point in polygon,"HydroBASINS v1c standard, levels 4 and 6 (Lehner & Grill 2013)",point in polygon; nearest polygon within 1 km for points just outside (see rule columns)
WQS0368,Ganga,4040960480,4040025450,point in polygon,4060806680,4060025450,point in polygon,"HydroBASINS v1c standard, levels 4 and 6 (Lehner & Grill 2013)",point in polygon; nearest polygon within 1 km for points just outside (see rule columns)
WQS0369,Ganga,4040960480,4040025450,point in polygon,4060806680,4060025450,point in polygon,"HydroBASINS v1c standard, levels 4 and 6 (Lehner & Grill 2013)",point in polygon; nearest polygon within 1 km for points just outside (see rule columns)
WQS0370,Ganga,4040960480,4040025450,point in polygon,4060806680,4060025450,point in polygon,"HydroBASINS v1c standard, levels 4 and 6 (Lehner & Grill 2013)",point in polygon; nearest polygon within 1 km for points just outside (see rule columns)
WQS0371,Ganga,4040960480,4040025450,point in polygon,4060855310,4060025450,point in polygon,"HydroBASINS v1c standard, levels 4 and 6 (Lehner & Grill 2013)",point in polygon; nearest polygon within 1 km for points just outside (see rule columns)
WQS0372,Ganga,4040960480,4040025450,point in polygon,4060806680,4060025450,point in polygon,"HydroBASINS v1c standard, levels 4 and 6 (Lehner & Grill 2013)",point in polygon; nearest polygon within 1 km for points just outside (see rule columns)
WQS0373,Ganga,4040960480,4040025450,point in polygon,4060806680,4060025450,point in polygon,"HydroBASINS v1c standard, levels 4 and 6 (Lehner & Grill 2013)",point in polygon; nearest polygon within 1 km for points just outside (see rule columns)
WQS0374,Ganga,4040960480,4040025450,point in polygon,4060806680,4060025450,point in polygon,"HydroBASINS v1c standard, levels 4 and 6 (Lehner & Grill 2013)",point in polygon; nearest polygon within 1 km for points just outside (see rule columns)
WQS0375,Ganga,4040960480,4040025450,point in polygon,4060806680,4060025450,point in polygon,"HydroBASINS v1c standard, levels 4 and 6 (Lehner & Grill 2013)",point in polygon; nearest polygon within 1 km for points just outside (see rule columns)
WQS0377,,4040960480,4040025450,point in polygon,4060806680,4060025450,point in polygon,"HydroBASINS v1c standard, levels 4 and 6 (Lehner & Grill 2013)",point in polygon; nearest polygon within 1 km for points just outside (see rule columns)
WQS0378,,4040960480,4040025450,point in polygon,4060806680,4060025450,point in polygon,"HydroBASINS v1c standard, levels 4 and 6 (Lehner & Grill 2013)",point in polygon; nearest polygon within 1 km for points just outside (see rule columns)
WQS0379,,4040960480,4040025450,point in polygon,4060806680,4060025450,point in polygon,"HydroBASINS v1c standard, levels 4 and 6 (Lehner & Grill 2013)",point in polygon; nearest polygon within 1 km for points just outside (see rule columns)
WQS0380,,4040960480,4040025450,point in polygon,4060806680,4060025450,point in polygon,"HydroBASINS v1c standard, levels 4 and 6 (Lehner & Grill 2013)",point in polygon; nearest polygon within 1 km for points just outside (see rule columns)
WQS0381,,4040794730,4040033640,point in polygon,4060729700,4060033640,point in polygon,"HydroBASINS v1c standard, levels 4 and 6 (Lehner & Grill 2013)",point in polygon; nearest polygon within 1 km for points just outside (see rule columns)
WQS0382,,4040794730,4040033640,point in polygon,4060729700,4060033640,point in polygon,"HydroBASINS v1c standard, levels 4 and 6 (Lehner & Grill 2013)",point in polygon; nearest polygon within 1 km for points just outside (see rule columns)
WQS0383,,4040794730,4040033640,point in polygon,4060729700,4060033640,point in polygon,"HydroBASINS v1c standard, levels 4 and 6 (Lehner & Grill 2013)",point in polygon; nearest polygon within 1 km for points just outside (see rule columns)
WQS0385,,4040794730,4040033640,point in polygon,4060729890,4060033640,point in polygon,"HydroBASINS v1c standard, levels 4 and 6 (Lehner & Grill 2013)",point in polygon; nearest polygon within 1 km for points just outside (see rule columns)
WQS0387,,4040960480,4040025450,point in polygon,4060806680,4060025450,point in polygon,"HydroBASINS v1c standard, levels 4 and 6 (Lehner & Grill 2013)",point in polygon; nearest polygon within 1 km for points just outside (see rule columns)
WQS0388,Indus,4040794730,4040033640,point in polygon,4060729700,4060033640,point in polygon,"HydroBASINS v1c standard, levels 4 and 6 (Lehner & Grill 2013)",point in polygon; nearest polygon within 1 km for points just outside (see rule columns)
WQS0389,Indus,4040794730,4040033640,point in polygon,4060729700,4060033640,point in polygon,"HydroBASINS v1c standard, levels 4 and 6 (Lehner & Grill 2013)",point in polygon; nearest polygon within 1 km for points just outside (see rule columns)
WQS0390,Indus,4040794730,4040033640,point in polygon,4060729700,4060033640,point in polygon,"HydroBASINS v1c standard, levels 4 and 6 (Lehner & Grill 2013)",point in polygon; nearest polygon within 1 km for points just outside (see rule columns)
WQS0391,Indus,4040794730,4040033640,point in polygon,4060729700,4060033640,point in polygon,"HydroBASINS v1c standard, levels 4 and 6 (Lehner & Grill 2013)",point in polygon; nearest polygon within 1 km for points just outside (see rule columns)
WQS0392,Indus,4040794730,4040033640,point in polygon,4060729700,4060033640,point in polygon,"HydroBASINS v1c standard, levels 4 and 6 (Lehner & Grill 2013)",point in polygon; nearest polygon within 1 km for points just outside (see rule columns)
WQS0393,Indus,4040794730,4040033640,point in polygon,4060729700,4060033640,point in polygon,"HydroBASINS v1c standard, levels 4 and 6 (Lehner & Grill 2013)",point in polygon; nearest polygon within 1 km for points just outside (see rule columns)
WQS0394,Indus,4040794730,4040033640,point in polygon,4060729890,4060033640,point in polygon,"HydroBASINS v1c standard, levels 4 and 6 (Lehner & Grill 2013)",point in polygon; nearest polygon within 1 km for points just outside (see rule columns)
WQS0395,Indus,4040794730,4040033640,point in polygon,4060729700,4060033640,point in polygon,"HydroBASINS v1c standard, levels 4 and 6 (Lehner & Grill 2013)",point in polygon; nearest polygon within 1 km for points just outside (see rule columns)
WQS0396,Indus,4040794730,4040033640,point in polygon,4060729700,4060033640,point in polygon,"HydroBASINS v1c standard, levels 4 and 6 (Lehner & Grill 2013)",point in polygon; nearest polygon within 1 km for points just outside (see rule columns)
WQS0397,Indus,4040794730,4040033640,point in polygon,4060729700,4060033640,point in polygon,"HydroBASINS v1c standard, levels 4 and 6 (Lehner & Grill 2013)",point in polygon; nearest polygon within 1 km for points just outside (see rule columns)
WQS0398,,4040794730,4040033640,point in polygon,4060729700,4060033640,point in polygon,"HydroBASINS v1c standard, levels 4 and 6 (Lehner & Grill 2013)",point in polygon; nearest polygon within 1 km for points just outside (see rule columns)
WQS0399,,4040794730,4040033640,point in polygon,4060729700,4060033640,point in polygon,"HydroBASINS v1c standard, levels 4 and 6 (Lehner & Grill 2013)",point in polygon; nearest polygon within 1 km for points just outside (see rule columns)
WQS0400,,4040794730,4040033640,point in polygon,4060729700,4060033640,point in polygon,"HydroBASINS v1c standard, levels 4 and 6 (Lehner & Grill 2013)",point in polygon; nearest polygon within 1 km for points just outside (see rule columns)
WQS0402,,4040794730,4040033640,point in polygon,4060729890,4060033640,point in polygon,"HydroBASINS v1c standard, levels 4 and 6 (Lehner & Grill 2013)",point in polygon; nearest polygon within 1 km for points just outside (see rule columns)
WQS0403,,4040794730,4040033640,point in polygon,4060729700,4060033640,point in polygon,"HydroBASINS v1c standard, levels 4 and 6 (Lehner & Grill 2013)",point in polygon; nearest polygon within 1 km for points just outside (see rule columns)
WQS0404,,4040960480,4040025450,point in polygon,4060806680,4060025450,point in polygon,"HydroBASINS v1c standard, levels 4 and 6 (Lehner & Grill 2013)",point in polygon; nearest polygon within 1 km for points just outside (see rule columns)
WQS0405,,4040960480,4040025450,point in polygon,4060806680,4060025450,point in polygon,"HydroBASINS v1c standard, levels 4 and 6 (Lehner & Grill 2013)",point in polygon; nearest polygon within 1 km for points just outside (see rule columns)
WQS0406,,4040960480,4040025450,point in polygon,4060806680,4060025450,point in polygon,"HydroBASINS v1c standard, levels 4 and 6 (Lehner & Grill 2013)",point in polygon; nearest polygon within 1 km for points just outside (see rule columns)
WQS0411,,4040794730,4040033640,point in polygon,4060729700,4060033640,point in polygon,"HydroBASINS v1c standard, levels 4 and 6 (Lehner & Grill 2013)",point in polygon; nearest polygon within 1 km for points just outside (see rule columns)
WQS0412,,4040794730,4040033640,point in polygon,4060729700,4060033640,point in polygon,"HydroBASINS v1c standard, levels 4 and 6 (Lehner & Grill 2013)",point in polygon; nearest polygon within 1 km for points just outside (see rule columns)
WQS0413,,4040794730,4040033640,point in polygon,4060729700,4060033640,point in polygon,"HydroBASINS v1c standard, levels 4 and 6 (Lehner & Grill 2013)",point in polygon; nearest polygon within 1 km for points just outside (see rule columns)
WQS0414,,4040794730,4040033640,point in polygon,4060729700,4060033640,point in polygon,"HydroBASINS v1c standard, levels 4 and 6 (Lehner & Grill 2013)",point in polygon; nearest polygon within 1 km for points just outside (see rule columns)
WQS0415,,4040794730,4040033640,point in polygon,4060729700,4060033640,point in polygon,"HydroBASINS v1c standard, levels 4 and 6 (Lehner & Grill 2013)",point in polygon; nearest polygon within 1 km for points just outside (see rule columns)
WQS0417,,4040794730,4040033640,point in polygon,4060729700,4060033640,point in polygon,"HydroBASINS v1c standard, levels 4 and 6 (Lehner & Grill 2013)",point in polygon; nearest polygon within 1 km for points just outside (see rule columns)
WQS0418,,4040794730,4040033640,point in polygon,4060729700,4060033640,point in polygon,"HydroBASINS v1c standard, levels 4 and 6 (Lehner & Grill 2013)",point in polygon; nearest polygon within 1 km for points just outside (see rule columns)
WQS0419,,4040794730,4040033640,point in polygon,4060729700,4060033640,point in polygon,"HydroBASINS v1c standard, levels 4 and 6 (Lehner & Grill 2013)",point in polygon; nearest polygon within 1 km for points just outside (see rule columns)
WQS0420,,4040794730,4040033640,point in polygon,4060746720,4060033640,point in polygon,"HydroBASINS v1c standard, levels 4 and 6 (Lehner & Grill 2013)",point in polygon; nearest polygon within 1 km for points just outside (see rule columns)
WQS0421,,4040794730,4040033640,point in polygon,4060746720,4060033640,point in polygon,"HydroBASINS v1c standard, levels 4 and 6 (Lehner & Grill 2013)",point in polygon; nearest polygon within 1 km for points just outside (see rule columns)
WQS0422,,4040794730,4040033640,point in polygon,4060746720,4060033640,point in polygon,"HydroBASINS v1c standard, levels 4 and 6 (Lehner & Grill 2013)",point in polygon; nearest polygon within 1 km for points just outside (see rule columns)
WQS0423,,4040794730,4040033640,point in polygon,4060729700,4060033640,point in polygon,"HydroBASINS v1c standard, levels 4 and 6 (Lehner & Grill 2013)",point in polygon; nearest polygon within 1 km for points just outside (see rule columns)
WQS0426,,4040960480,4040025450,point in polygon,4060806680,4060025450,point in polygon,"HydroBASINS v1c standard, levels 4 and 6 (Lehner & Grill 2013)",point in polygon; nearest polygon within 1 km for points just outside (see rule columns)
WQS0427,Indus,4040794730,4040033640,point in polygon,4060729700,4060033640,point in polygon,"HydroBASINS v1c standard, levels 4 and 6 (Lehner & Grill 2013)",point in polygon; nearest polygon within 1 km for points just outside (see rule columns)
WQS0428,Indus,4040794730,4040033640,point in polygon,4060729700,4060033640,point in polygon,"HydroBASINS v1c standard, levels 4 and 6 (Lehner & Grill 2013)",point in polygon; nearest polygon within 1 km for points just outside (see rule columns)
WQS0429,Indus,4040794730,4040033640,point in polygon,4060729700,4060033640,point in polygon,"HydroBASINS v1c standard, levels 4 and 6 (Lehner & Grill 2013)",point in polygon; nearest polygon within 1 km for points just outside (see rule columns)
WQS0430,Indus,4040794730,4040033640,point in polygon,4060729700,4060033640,point in polygon,"HydroBASINS v1c standard, levels 4 and 6 (Lehner & Grill 2013)",point in polygon; nearest polygon within 1 km for points just outside (see rule columns)
WQS0431,Indus,4040794730,4040033640,point in polygon,4060729700,4060033640,point in polygon,"HydroBASINS v1c standard, levels 4 and 6 (Lehner & Grill 2013)",point in polygon; nearest polygon within 1 km for points just outside (see rule columns)
WQS0432,Indus,4040794730,4040033640,point in polygon,4060729700,4060033640,point in polygon,"HydroBASINS v1c standard, levels 4 and 6 (Lehner & Grill 2013)",point in polygon; nearest polygon within 1 km for points just outside (see rule columns)
WQS0433,Indus,4040794730,4040033640,point in polygon,4060729700,4060033640,point in polygon,"HydroBASINS v1c standard, levels 4 and 6 (Lehner & Grill 2013)",point in polygon; nearest polygon within 1 km for points just outside (see rule columns)
WQS0434,Indus,4040794730,4040033640,point in polygon,4060729700,4060033640,point in polygon,"HydroBASINS v1c standard, levels 4 and 6 (Lehner & Grill 2013)",point in polygon; nearest polygon within 1 km for points just outside (see rule columns)
WQS0435,Indus,4040794730,4040033640,point in polygon,4060729700,4060033640,point in polygon,"HydroBASINS v1c standard, levels 4 and 6 (Lehner & Grill 2013)",point in polygon; nearest polygon within 1 km for points just outside (see rule columns)
WQS0436,Indus,4040794730,4040033640,point in polygon,4060729700,4060033640,point in polygon,"HydroBASINS v1c standard, levels 4 and 6 (Lehner & Grill 2013)",point in polygon; nearest polygon within 1 km for points just outside (see rule columns)
WQS0437,Indus,4040794730,4040033640,point in polygon,4060729700,4060033640,point in polygon,"HydroBASINS v1c standard, levels 4 and 6 (Lehner & Grill 2013)",point in polygon; nearest polygon within 1 km for points just outside (see rule columns)
WQS0438,Indus,4040794730,4040033640,point in polygon,4060729700,4060033640,point in polygon,"HydroBASINS v1c standard, levels 4 and 6 (Lehner & Grill 2013)",point in polygon; nearest polygon within 1 km for points just outside (see rule columns)
WQS0439,Indus,4040794730,4040033640,point in polygon,4060729700,4060033640,point in polygon,"HydroBASINS v1c standard, levels 4 and 6 (Lehner & Grill 2013)",point in polygon; nearest polygon within 1 km for points just outside (see rule columns)
WQS0440,Indus,4040794730,4040033640,point in polygon,4060729700,4060033640,point in polygon,"HydroBASINS v1c standard, levels 4 and 6 (Lehner & Grill 2013)",point in polygon; nearest polygon within 1 km for points just outside (see rule columns)
WQS0441,Indus,4040794730,4040033640,point in polygon,4060729700,4060033640,point in polygon,"HydroBASINS v1c standard, levels 4 and 6 (Lehner & Grill 2013)",point in polygon; nearest polygon within 1 km for points just outside (see rule columns)
WQS0442,Indus,4040794730,4040033640,point in polygon,4060729700,4060033640,point in polygon,"HydroBASINS v1c standard, levels 4 and 6 (Lehner & Grill 2013)",point in polygon; nearest polygon within 1 km for points just outside (see rule columns)
WQS0443,Indus,4040794730,4040033640,point in polygon,4060729700,4060033640,point in polygon,"HydroBASINS v1c standard, levels 4 and 6 (Lehner & Grill 2013)",point in polygon; nearest polygon within 1 km for points just outside (see rule columns)
WQS0444,,4040794730,4040033640,point in polygon,4060729330,4060033640,point in polygon,"HydroBASINS v1c standard, levels 4 and 6 (Lehner & Grill 2013)",point in polygon; nearest polygon within 1 km for points just outside (see rule columns)
WQS0445,,4040794730,4040033640,point in polygon,4060729700,4060033640,point in polygon,"HydroBASINS v1c standard, levels 4 and 6 (Lehner & Grill 2013)",point in polygon; nearest polygon within 1 km for points just outside (see rule columns)
WQS0446,,4040794730,4040033640,point in polygon,4060729330,4060033640,point in polygon,"HydroBASINS v1c standard, levels 4 and 6 (Lehner & Grill 2013)",point in polygon; nearest polygon within 1 km for points just outside (see rule columns)
WQS0447,,4040794730,4040033640,point in polygon,4060729330,4060033640,point in polygon,"HydroBASINS v1c standard, levels 4 and 6 (Lehner & Grill 2013)",point in polygon; nearest polygon within 1 km for points just outside (see rule columns)
WQS0448,,4040960480,4040025450,point in polygon,4060806680,4060025450,point in polygon,"HydroBASINS v1c standard, levels 4 and 6 (Lehner & Grill 2013)",point in polygon; nearest polygon within 1 km for points just outside (see rule columns)
WQS0449,,4040960480,4040025450,point in polygon,4060806680,4060025450,point in polygon,"HydroBASINS v1c standard, levels 4 and 6 (Lehner & Grill 2013)",point in polygon; nearest polygon within 1 km for points just outside (see rule columns)
WQS0450,,4040960480,4040025450,point in polygon,4060806680,4060025450,point in polygon,"HydroBASINS v1c standard, levels 4 and 6 (Lehner & Grill 2013)",point in polygon; nearest polygon within 1 km for points just outside (see rule columns)
WQS0451,,4040960480,4040025450,point in polygon,4060806680,4060025450,point in polygon,"HydroBASINS v1c standard, levels 4 and 6 (Lehner & Grill 2013)",point in polygon; nearest polygon within 1 km for points just outside (see rule columns)
WQS0452,,4040960480,4040025450,point in polygon,4060806680,4060025450,point in polygon,"HydroBASINS v1c standard, levels 4 and 6 (Lehner & Grill 2013)",point in polygon; nearest polygon within 1 km for points just outside (see rule columns)
WQS0453,,4040794730,4040033640,point in polygon,4060729700,4060033640,point in polygon,"HydroBASINS v1c standard, levels 4 and 6 (Lehner & Grill 2013)",point in polygon; nearest polygon within 1 km for points just outside (see rule columns)
WQS0454,,4040960480,4040025450,point in polygon,4060806680,4060025450,point in polygon,"HydroBASINS v1c standard, levels 4 and 6 (Lehner & Grill 2013)",point in polygon; nearest polygon within 1 km for points just outside (see rule columns)
WQS0455,,4040960480,4040025450,point in polygon,4060806680,4060025450,point in polygon,"HydroBASINS v1c standard, levels 4 and 6 (Lehner & Grill 2013)",point in polygon; nearest polygon within 1 km for points just outside (see rule columns)
WQS0456,,4040960480,4040025450,point in polygon,4060806680,4060025450,point in polygon,"HydroBASINS v1c standard, levels 4 and 6 (Lehner & Grill 2013)",point in polygon; nearest polygon within 1 km for points just outside (see rule columns)
WQS0457,,4040960480,4040025450,point in polygon,4060806680,4060025450,point in polygon,"HydroBASINS v1c standard, levels 4 and 6 (Lehner & Grill 2013)",point in polygon; nearest polygon within 1 km for points just outside (see rule columns)
WQS0458,,4040794730,4040033640,point in polygon,4060729700,4060033640,point in polygon,"HydroBASINS v1c standard, levels 4 and 6 (Lehner & Grill 2013)",point in polygon; nearest polygon within 1 km for points just outside (see rule columns)
WQS0459,,4040960480,4040025450,point in polygon,4060806680,4060025450,point in polygon,"HydroBASINS v1c standard, levels 4 and 6 (Lehner & Grill 2013)",point in polygon; nearest polygon within 1 km for points just outside (see rule columns)
WQS0466,,4040960480,4040025450,point in polygon,4060806680,4060025450,point in polygon,"HydroBASINS v1c standard, levels 4 and 6 (Lehner & Grill 2013)",point in polygon; nearest polygon within 1 km for points just outside (see rule columns)
WQS0467,,4040960480,4040025450,point in polygon,4060806680,4060025450,point in polygon,"HydroBASINS v1c standard, levels 4 and 6 (Lehner & Grill 2013)",point in polygon; nearest polygon within 1 km for points just outside (see rule columns)
WQS0468,,4040960480,4040025450,point in polygon,4060806680,4060025450,point in polygon,"HydroBASINS v1c standard, levels 4 and 6 (Lehner & Grill 2013)",point in polygon; nearest polygon within 1 km for points just outside (see rule columns)
WQS0469,,4040960480,4040025450,point in polygon,4060806680,4060025450,point in polygon,"HydroBASINS v1c standard, levels 4 and 6 (Lehner & Grill 2013)",point in polygon; nearest polygon within 1 km for points just outside (see rule columns)
WQS0470,,4040960480,4040025450,point in polygon,4060806680,4060025450,point in polygon,"HydroBASINS v1c standard, levels 4 and 6 (Lehner & Grill 2013)",point in polygon; nearest polygon within 1 km for points just outside (see rule columns)
WQS0472,,4040794730,4040033640,point in polygon,4060746720,4060033640,point in polygon,"HydroBASINS v1c standard, levels 4 and 6 (Lehner & Grill 2013)",point in polygon; nearest polygon within 1 km for points just outside (see rule columns)
WQS0473,,4040794730,4040033640,point in polygon,4060746720,4060033640,point in polygon,"HydroBASINS v1c standard, levels 4 and 6 (Lehner & Grill 2013)",point in polygon; nearest polygon within 1 km for points just outside (see rule columns)
WQS0474,,4040794730,4040033640,point in polygon,4060746720,4060033640,point in polygon,"HydroBASINS v1c standard, levels 4 and 6 (Lehner & Grill 2013)",point in polygon; nearest polygon within 1 km for points just outside (see rule columns)
WQS0475,,4040794730,4040033640,point in polygon,4060746720,4060033640,point in polygon,"HydroBASINS v1c standard, levels 4 and 6 (Lehner & Grill 2013)",point in polygon; nearest polygon within 1 km for points just outside (see rule columns)
WQS0476,,4040794730,4040033640,point in polygon,4060729700,4060033640,point in polygon,"HydroBASINS v1c standard, levels 4 and 6 (Lehner & Grill 2013)",point in polygon; nearest polygon within 1 km for points just outside (see rule columns)
WQS0479,,4040794730,4040033640,point in polygon,4060729890,4060033640,point in polygon,"HydroBASINS v1c standard, levels 4 and 6 (Lehner & Grill 2013)",point in polygon; nearest polygon within 1 km for points just outside (see rule columns)
WQS0481,Indus,4040794730,4040033640,point in polygon,4060729890,4060033640,point in polygon,"HydroBASINS v1c standard, levels 4 and 6 (Lehner & Grill 2013)",point in polygon; nearest polygon within 1 km for points just outside (see rule columns)
WQS0482,Indus,4040794730,4040033640,point in polygon,4060729890,4060033640,point in polygon,"HydroBASINS v1c standard, levels 4 and 6 (Lehner & Grill 2013)",point in polygon; nearest polygon within 1 km for points just outside (see rule columns)
WQS0483,Indus,4040794730,4040033640,point in polygon,4060729890,4060033640,point in polygon,"HydroBASINS v1c standard, levels 4 and 6 (Lehner & Grill 2013)",point in polygon; nearest polygon within 1 km for points just outside (see rule columns)
WQS0484,Indus,4040794730,4040033640,point in polygon,4060729890,4060033640,point in polygon,"HydroBASINS v1c standard, levels 4 and 6 (Lehner & Grill 2013)",point in polygon; nearest polygon within 1 km for points just outside (see rule columns)
WQS0485,Indus,4040794730,4040033640,point in polygon,4060729890,4060033640,point in polygon,"HydroBASINS v1c standard, levels 4 and 6 (Lehner & Grill 2013)",point in polygon; nearest polygon within 1 km for points just outside (see rule columns)
WQS0486,Indus,4040794730,4040033640,point in polygon,4060729890,4060033640,point in polygon,"HydroBASINS v1c standard, levels 4 and 6 (Lehner & Grill 2013)",point in polygon; nearest polygon within 1 km for points just outside (see rule columns)
WQS0487,Indus,4040794730,4040033640,point in polygon,4060729890,4060033640,point in polygon,"HydroBASINS v1c standard, levels 4 and 6 (Lehner & Grill 2013)",point in polygon; nearest polygon within 1 km for points just outside (see rule columns)
WQS0488,Indus,4040794730,4040033640,point in polygon,4060729700,4060033640,point in polygon,"HydroBASINS v1c standard, levels 4 and 6 (Lehner & Grill 2013)",point in polygon; nearest polygon within 1 km for points just outside (see rule columns)
WQS0489,Indus,4040794730,4040033640,point in polygon,4060709980,4060033640,point in polygon,"HydroBASINS v1c standard, levels 4 and 6 (Lehner & Grill 2013)",point in polygon; nearest polygon within 1 km for points just outside (see rule columns)
WQS0490,Indus,4040794730,4040033640,point in polygon,4060729890,4060033640,point in polygon,"HydroBASINS v1c standard, levels 4 and 6 (Lehner & Grill 2013)",point in polygon; nearest polygon within 1 km for points just outside (see rule columns)
WQS0491,Indus,4040794730,4040033640,point in polygon,4060729890,4060033640,point in polygon,"HydroBASINS v1c standard, levels 4 and 6 (Lehner & Grill 2013)",point in polygon; nearest polygon within 1 km for points just outside (see rule columns)
WQS0492,Indus,4040794730,4040033640,point in polygon,4060729890,4060033640,point in polygon,"HydroBASINS v1c standard, levels 4 and 6 (Lehner & Grill 2013)",point in polygon; nearest polygon within 1 km for points just outside (see rule columns)
WQS0493,Indus,4040794730,4040033640,point in polygon,4060729890,4060033640,point in polygon,"HydroBASINS v1c standard, levels 4 and 6 (Lehner & Grill 2013)",point in polygon; nearest polygon within 1 km for points just outside (see rule columns)
WQS0494,Indus,4040794730,4040033640,point in polygon,4060729890,4060033640,point in polygon,"HydroBASINS v1c standard, levels 4 and 6 (Lehner & Grill 2013)",point in polygon; nearest polygon within 1 km for points just outside (see rule columns)
WQS0495,Indus,4040794730,4040033640,point in polygon,4060729890,4060033640,point in polygon,"HydroBASINS v1c standard, levels 4 and 6 (Lehner & Grill 2013)",point in polygon; nearest polygon within 1 km for points just outside (see rule columns)
WQS0496,Indus,4040794730,4040033640,point in polygon,4060729890,4060033640,point in polygon,"HydroBASINS v1c standard, levels 4 and 6 (Lehner & Grill 2013)",point in polygon; nearest polygon within 1 km for points just outside (see rule columns)
WQS0497,Indus,4040794730,4040033640,point in polygon,4060729890,4060033640,point in polygon,"HydroBASINS v1c standard, levels 4 and 6 (Lehner & Grill 2013)",point in polygon; nearest polygon within 1 km for points just outside (see rule columns)
WQS0498,Indus,4040794730,4040033640,point in polygon,4060729890,4060033640,point in polygon,"HydroBASINS v1c standard, levels 4 and 6 (Lehner & Grill 2013)",point in polygon; nearest polygon within 1 km for points just outside (see rule columns)
WQS0499,Indus,4040794730,4040033640,point in polygon,4060729890,4060033640,point in polygon,"HydroBASINS v1c standard, levels 4 and 6 (Lehner & Grill 2013)",point in polygon; nearest polygon within 1 km for points just outside (see rule columns)
WQS0500,Indus,4040794730,4040033640,point in polygon,4060729890,4060033640,point in polygon,"HydroBASINS v1c standard, levels 4 and 6 (Lehner & Grill 2013)",point in polygon; nearest polygon within 1 km for points just outside (see rule columns)
WQS0501,Indus,4040794730,4040033640,point in polygon,4060729890,4060033640,point in polygon,"HydroBASINS v1c standard, levels 4 and 6 (Lehner & Grill 2013)",point in polygon; nearest polygon within 1 km for points just outside (see rule columns)
WQS0502,Indus,4040794730,4040033640,point in polygon,4060729890,4060033640,point in polygon,"HydroBASINS v1c standard, levels 4 and 6 (Lehner & Grill 2013)",point in polygon; nearest polygon within 1 km for points just outside (see rule columns)
WQS0503,Indus,4040794730,4040033640,point in polygon,4060729890,4060033640,point in polygon,"HydroBASINS v1c standard, levels 4 and 6 (Lehner & Grill 2013)",point in polygon; nearest polygon within 1 km for points just outside (see rule columns)
WQS0504,Indus,4040794730,4040033640,point in polygon,4060729890,4060033640,point in polygon,"HydroBASINS v1c standard, levels 4 and 6 (Lehner & Grill 2013)",point in polygon; nearest polygon within 1 km for points just outside (see rule columns)
WQS0505,Indus,4040794730,4040033640,point in polygon,4060729890,4060033640,point in polygon,"HydroBASINS v1c standard, levels 4 and 6 (Lehner & Grill 2013)",point in polygon; nearest polygon within 1 km for points just outside (see rule columns)
WQS0506,,4040794730,4040033640,point in polygon,4060729890,4060033640,point in polygon,"HydroBASINS v1c standard, levels 4 and 6 (Lehner & Grill 2013)",point in polygon; nearest polygon within 1 km for points just outside (see rule columns)
WQS0507,,4040794730,4040033640,point in polygon,4060729890,4060033640,point in polygon,"HydroBASINS v1c standard, levels 4 and 6 (Lehner & Grill 2013)",point in polygon; nearest polygon within 1 km for points just outside (see rule columns)
WQS0508,,4040794730,4040033640,point in polygon,4060729890,4060033640,point in polygon,"HydroBASINS v1c standard, levels 4 and 6 (Lehner & Grill 2013)",point in polygon; nearest polygon within 1 km for points just outside (see rule columns)
WQS0509,,4040794730,4040033640,point in polygon,4060729890,4060033640,point in polygon,"HydroBASINS v1c standard, levels 4 and 6 (Lehner & Grill 2013)",point in polygon; nearest polygon within 1 km for points just outside (see rule columns)
WQS0510,,4040794730,4040033640,point in polygon,4060729890,4060033640,point in polygon,"HydroBASINS v1c standard, levels 4 and 6 (Lehner & Grill 2013)",point in polygon; nearest polygon within 1 km for points just outside (see rule columns)
WQS0511,,4040794730,4040033640,point in polygon,4060729700,4060033640,point in polygon,"HydroBASINS v1c standard, levels 4 and 6 (Lehner & Grill 2013)",point in polygon; nearest polygon within 1 km for points just outside (see rule columns)
WQS0512,,4040960480,4040025450,point in polygon,4060806680,4060025450,point in polygon,"HydroBASINS v1c standard, levels 4 and 6 (Lehner & Grill 2013)",point in polygon; nearest polygon within 1 km for points just outside (see rule columns)
WQS0513,,4040794730,4040033640,point in polygon,4060729700,4060033640,point in polygon,"HydroBASINS v1c standard, levels 4 and 6 (Lehner & Grill 2013)",point in polygon; nearest polygon within 1 km for points just outside (see rule columns)
WQS0514,Ganga,4040960480,4040025450,point in polygon,4060806680,4060025450,point in polygon,"HydroBASINS v1c standard, levels 4 and 6 (Lehner & Grill 2013)",point in polygon; nearest polygon within 1 km for points just outside (see rule columns)
WQS0515,Ganga,4040960480,4040025450,point in polygon,4060806680,4060025450,point in polygon,"HydroBASINS v1c standard, levels 4 and 6 (Lehner & Grill 2013)",point in polygon; nearest polygon within 1 km for points just outside (see rule columns)
WQS0516,Ganga,4040960480,4040025450,point in polygon,4060806680,4060025450,point in polygon,"HydroBASINS v1c standard, levels 4 and 6 (Lehner & Grill 2013)",point in polygon; nearest polygon within 1 km for points just outside (see rule columns)
WQS0517,Ganga,4040960480,4040025450,point in polygon,4060806680,4060025450,point in polygon,"HydroBASINS v1c standard, levels 4 and 6 (Lehner & Grill 2013)",point in polygon; nearest polygon within 1 km for points just outside (see rule columns)
WQS0518,Ganga,4040960480,4040025450,point in polygon,4060806680,4060025450,point in polygon,"HydroBASINS v1c standard, levels 4 and 6 (Lehner & Grill 2013)",point in polygon; nearest polygon within 1 km for points just outside (see rule columns)
WQS0521,,4040794730,4040033640,point in polygon,4060729890,4060033640,point in polygon,"HydroBASINS v1c standard, levels 4 and 6 (Lehner & Grill 2013)",point in polygon; nearest polygon within 1 km for points just outside (see rule columns)
WQS0522,,4040960480,4040025450,point in polygon,4060806680,4060025450,point in polygon,"HydroBASINS v1c standard, levels 4 and 6 (Lehner & Grill 2013)",point in polygon; nearest polygon within 1 km for points just outside (see rule columns)
WQS0523,,4040794730,4040033640,point in polygon,4060729890,4060033640,point in polygon,"HydroBASINS v1c standard, levels 4 and 6 (Lehner & Grill 2013)",point in polygon; nearest polygon within 1 km for points just outside (see rule columns)
WQS0524,,4040794730,4040033640,point in polygon,4060729890,4060033640,point in polygon,"HydroBASINS v1c standard, levels 4 and 6 (Lehner & Grill 2013)",point in polygon; nearest polygon within 1 km for points just outside (see rule columns)
WQS0525,,4040794730,4040033640,point in polygon,4060746720,4060033640,point in polygon,"HydroBASINS v1c standard, levels 4 and 6 (Lehner & Grill 2013)",point in polygon; nearest polygon within 1 km for points just outside (see rule columns)
WQS0526,,4040794730,4040033640,point in polygon,4060709980,4060033640,point in polygon,"HydroBASINS v1c standard, levels 4 and 6 (Lehner & Grill 2013)",point in polygon; nearest polygon within 1 km for points just outside (see rule columns)
WQS0527,,4040794730,4040033640,point in polygon,4060729700,4060033640,point in polygon,"HydroBASINS v1c standard, levels 4 and 6 (Lehner & Grill 2013)",point in polygon; nearest polygon within 1 km for points just outside (see rule columns)
WQS0528,,4040794730,4040033640,point in polygon,4060729700,4060033640,point in polygon,"HydroBASINS v1c standard, levels 4 and 6 (Lehner & Grill 2013)",point in polygon; nearest polygon within 1 km for points just outside (see rule columns)
WQS0531,Indus,4040794730,4040033640,point in polygon,4060709980,4060033640,point in polygon,"HydroBASINS v1c standard, levels 4 and 6 (Lehner & Grill 2013)",point in polygon; nearest polygon within 1 km for points just outside (see rule columns)
WQS0534,,4040794730,4040033640,point in polygon,4060729890,4060033640,point in polygon,"HydroBASINS v1c standard, levels 4 and 6 (Lehner & Grill 2013)",point in polygon; nearest polygon within 1 km for points just outside (see rule columns)
WQS0535,,4040794730,4040033640,point in polygon,4060729890,4060033640,point in polygon,"HydroBASINS v1c standard, levels 4 and 6 (Lehner & Grill 2013)",point in polygon; nearest polygon within 1 km for points just outside (see rule columns)
WQS0536,,4040794730,4040033640,point in polygon,4060729890,4060033640,point in polygon,"HydroBASINS v1c standard, levels 4 and 6 (Lehner & Grill 2013)",point in polygon; nearest polygon within 1 km for points just outside (see rule columns)
WQS0537,,4040960480,4040025450,point in polygon,4060806680,4060025450,point in polygon,"HydroBASINS v1c standard, levels 4 and 6 (Lehner & Grill 2013)",point in polygon; nearest polygon within 1 km for points just outside (see rule columns)
WQS0542,,4040794730,4040033640,point in polygon,4060729330,4060033640,point in polygon,"HydroBASINS v1c standard, levels 4 and 6 (Lehner & Grill 2013)",point in polygon; nearest polygon within 1 km for points just outside (see rule columns)
WQS0543,,4040794730,4040033640,point in polygon,4060729330,4060033640,point in polygon,"HydroBASINS v1c standard, levels 4 and 6 (Lehner & Grill 2013)",point in polygon; nearest polygon within 1 km for points just outside (see rule columns)
WQS0544,,4040794730,4040033640,point in polygon,4060746720,4060033640,point in polygon,"HydroBASINS v1c standard, levels 4 and 6 (Lehner & Grill 2013)",point in polygon; nearest polygon within 1 km for points just outside (see rule columns)
WQS0545,,4040794730,4040033640,point in polygon,4060746720,4060033640,point in polygon,"HydroBASINS v1c standard, levels 4 and 6 (Lehner & Grill 2013)",point in polygon; nearest polygon within 1 km for points just outside (see rule columns)
WQS0546,,4040794730,4040033640,point in polygon,4060729330,4060033640,point in polygon,"HydroBASINS v1c standard, levels 4 and 6 (Lehner & Grill 2013)",point in polygon; nearest polygon within 1 km for points just outside (see rule columns)
WQS0547,,4040794730,4040033640,point in polygon,4060729330,4060033640,point in polygon,"HydroBASINS v1c standard, levels 4 and 6 (Lehner & Grill 2013)",point in polygon; nearest polygon within 1 km for points just outside (see rule columns)
WQS0548,,4040794730,4040033640,point in polygon,4060729330,4060033640,point in polygon,"HydroBASINS v1c standard, levels 4 and 6 (Lehner & Grill 2013)",point in polygon; nearest polygon within 1 km for points just outside (see rule columns)
WQS0550,,4040794730,4040033640,point in polygon,4060729330,4060033640,point in polygon,"HydroBASINS v1c standard, levels 4 and 6 (Lehner & Grill 2013)",point in polygon; nearest polygon within 1 km for points just outside (see rule columns)
WQS0551,,4040794730,4040033640,point in polygon,4060729320,4060033640,point in polygon,"HydroBASINS v1c standard, levels 4 and 6 (Lehner & Grill 2013)",point in polygon; nearest polygon within 1 km for points just outside (see rule columns)
WQS0552,,4040794730,4040033640,point in polygon,4060729330,4060033640,point in polygon,"HydroBASINS v1c standard, levels 4 and 6 (Lehner & Grill 2013)",point in polygon; nearest polygon within 1 km for points just outside (see rule columns)
WQS0553,,4040794730,4040033640,point in polygon,4060729330,4060033640,point in polygon,"HydroBASINS v1c standard, levels 4 and 6 (Lehner & Grill 2013)",point in polygon; nearest polygon within 1 km for points just outside (see rule columns)
WQS0554,,4040794730,4040033640,point in polygon,4060729330,4060033640,point in polygon,"HydroBASINS v1c standard, levels 4 and 6 (Lehner & Grill 2013)",point in polygon; nearest polygon within 1 km for points just outside (see rule columns)
WQS0555,,4040794730,4040033640,point in polygon,4060746720,4060033640,point in polygon,"HydroBASINS v1c standard, levels 4 and 6 (Lehner & Grill 2013)",point in polygon; nearest polygon within 1 km for points just outside (see rule columns)
WQS0556,,4040794730,4040033640,point in polygon,4060729330,4060033640,point in polygon,"HydroBASINS v1c standard, levels 4 and 6 (Lehner & Grill 2013)",point in polygon; nearest polygon within 1 km for points just outside (see rule columns)
WQS0557,,4040794730,4040033640,point in polygon,4060729320,4060033640,point in polygon,"HydroBASINS v1c standard, levels 4 and 6 (Lehner & Grill 2013)",point in polygon; nearest polygon within 1 km for points just outside (see rule columns)
WQS0558,,4040794730,4040033640,point in polygon,4060729320,4060033640,point in polygon,"HydroBASINS v1c standard, levels 4 and 6 (Lehner & Grill 2013)",point in polygon; nearest polygon within 1 km for points just outside (see rule columns)
WQS0559,,4040794730,4040033640,point in polygon,4060729320,4060033640,point in polygon,"HydroBASINS v1c standard, levels 4 and 6 (Lehner & Grill 2013)",point in polygon; nearest polygon within 1 km for points just outside (see rule columns)
WQS0560,,4040794730,4040033640,point in polygon,4060729320,4060033640,point in polygon,"HydroBASINS v1c standard, levels 4 and 6 (Lehner & Grill 2013)",point in polygon; nearest polygon within 1 km for points just outside (see rule columns)
WQS0561,,4040794730,4040033640,point in polygon,4060729320,4060033640,point in polygon,"HydroBASINS v1c standard, levels 4 and 6 (Lehner & Grill 2013)",point in polygon; nearest polygon within 1 km for points just outside (see rule columns)
WQS0562,,4040794730,4040033640,point in polygon,4060729320,4060033640,point in polygon,"HydroBASINS v1c standard, levels 4 and 6 (Lehner & Grill 2013)",point in polygon; nearest polygon within 1 km for points just outside (see rule columns)
WQS0563,,4040794730,4040033640,point in polygon,4060729320,4060033640,point in polygon,"HydroBASINS v1c standard, levels 4 and 6 (Lehner & Grill 2013)",point in polygon; nearest polygon within 1 km for points just outside (see rule columns)
WQS0564,,4040794730,4040033640,point in polygon,4060729320,4060033640,point in polygon,"HydroBASINS v1c standard, levels 4 and 6 (Lehner & Grill 2013)",point in polygon; nearest polygon within 1 km for points just outside (see rule columns)
WQS0565,,4040794730,4040033640,point in polygon,4060729320,4060033640,point in polygon,"HydroBASINS v1c standard, levels 4 and 6 (Lehner & Grill 2013)",point in polygon; nearest polygon within 1 km for points just outside (see rule columns)
WQS0566,,4040794730,4040033640,point in polygon,4060729320,4060033640,point in polygon,"HydroBASINS v1c standard, levels 4 and 6 (Lehner & Grill 2013)",point in polygon; nearest polygon within 1 km for points just outside (see rule columns)
WQS0567,,4040794730,4040033640,point in polygon,4060729320,4060033640,point in polygon,"HydroBASINS v1c standard, levels 4 and 6 (Lehner & Grill 2013)",point in polygon; nearest polygon within 1 km for points just outside (see rule columns)
WQS0568,,4040794730,4040033640,point in polygon,4060729320,4060033640,point in polygon,"HydroBASINS v1c standard, levels 4 and 6 (Lehner & Grill 2013)",point in polygon; nearest polygon within 1 km for points just outside (see rule columns)
WQS0569,,4040794730,4040033640,point in polygon,4060729320,4060033640,point in polygon,"HydroBASINS v1c standard, levels 4 and 6 (Lehner & Grill 2013)",point in polygon; nearest polygon within 1 km for points just outside (see rule columns)
WQS0570,,4040794730,4040033640,point in polygon,4060729320,4060033640,point in polygon,"HydroBASINS v1c standard, levels 4 and 6 (Lehner & Grill 2013)",point in polygon; nearest polygon within 1 km for points just outside (see rule columns)
WQS0571,,4040794730,4040033640,point in polygon,4060729320,4060033640,point in polygon,"HydroBASINS v1c standard, levels 4 and 6 (Lehner & Grill 2013)",point in polygon; nearest polygon within 1 km for points just outside (see rule columns)
WQS0572,,4040794730,4040033640,point in polygon,4060729320,4060033640,point in polygon,"HydroBASINS v1c standard, levels 4 and 6 (Lehner & Grill 2013)",point in polygon; nearest polygon within 1 km for points just outside (see rule columns)
WQS0573,,4040794730,4040033640,point in polygon,4060729320,4060033640,point in polygon,"HydroBASINS v1c standard, levels 4 and 6 (Lehner & Grill 2013)",point in polygon; nearest polygon within 1 km for points just outside (see rule columns)
WQS0574,,4040794730,4040033640,point in polygon,4060729320,4060033640,point in polygon,"HydroBASINS v1c standard, levels 4 and 6 (Lehner & Grill 2013)",point in polygon; nearest polygon within 1 km for points just outside (see rule columns)
WQS0576,,4040794730,4040033640,point in polygon,4060746720,4060033640,point in polygon,"HydroBASINS v1c standard, levels 4 and 6 (Lehner & Grill 2013)",point in polygon; nearest polygon within 1 km for points just outside (see rule columns)
WQS0577,,4040794730,4040033640,point in polygon,4060746720,4060033640,point in polygon,"HydroBASINS v1c standard, levels 4 and 6 (Lehner & Grill 2013)",point in polygon; nearest polygon within 1 km for points just outside (see rule columns)
WQS0578,,4040794730,4040033640,point in polygon,4060746720,4060033640,point in polygon,"HydroBASINS v1c standard, levels 4 and 6 (Lehner & Grill 2013)",point in polygon; nearest polygon within 1 km for points just outside (see rule columns)
WQS0579,,4040794730,4040033640,point in polygon,4060746720,4060033640,point in polygon,"HydroBASINS v1c standard, levels 4 and 6 (Lehner & Grill 2013)",point in polygon; nearest polygon within 1 km for points just outside (see rule columns)
WQS0580,,4040794730,4040033640,point in polygon,4060729320,4060033640,point in polygon,"HydroBASINS v1c standard, levels 4 and 6 (Lehner & Grill 2013)",point in polygon; nearest polygon within 1 km for points just outside (see rule columns)
WQS0581,,4040794730,4040033640,point in polygon,4060729320,4060033640,point in polygon,"HydroBASINS v1c standard, levels 4 and 6 (Lehner & Grill 2013)",point in polygon; nearest polygon within 1 km for points just outside (see rule columns)
WQS0582,,4040794730,4040033640,point in polygon,4060729320,4060033640,point in polygon,"HydroBASINS v1c standard, levels 4 and 6 (Lehner & Grill 2013)",point in polygon; nearest polygon within 1 km for points just outside (see rule columns)
WQS0583,,4040794730,4040033640,point in polygon,4060729320,4060033640,point in polygon,"HydroBASINS v1c standard, levels 4 and 6 (Lehner & Grill 2013)",point in polygon; nearest polygon within 1 km for points just outside (see rule columns)
WQS0584,,4040794730,4040033640,point in polygon,4060729320,4060033640,point in polygon,"HydroBASINS v1c standard, levels 4 and 6 (Lehner & Grill 2013)",point in polygon; nearest polygon within 1 km for points just outside (see rule columns)
WQS0585,,4040794730,4040033640,point in polygon,4060729330,4060033640,point in polygon,"HydroBASINS v1c standard, levels 4 and 6 (Lehner & Grill 2013)",point in polygon; nearest polygon within 1 km for points just outside (see rule columns)
WQS0586,,4040794730,4040033640,point in polygon,4060729330,4060033640,point in polygon,"HydroBASINS v1c standard, levels 4 and 6 (Lehner & Grill 2013)",point in polygon; nearest polygon within 1 km for points just outside (see rule columns)
WQS0587,,4040794730,4040033640,point in polygon,4060729330,4060033640,point in polygon,"HydroBASINS v1c standard, levels 4 and 6 (Lehner & Grill 2013)",point in polygon; nearest polygon within 1 km for points just outside (see rule columns)
WQS0588,,4040794730,4040033640,point in polygon,4060729330,4060033640,point in polygon,"HydroBASINS v1c standard, levels 4 and 6 (Lehner & Grill 2013)",point in polygon; nearest polygon within 1 km for points just outside (see rule columns)
WQS0589,,4040794730,4040033640,point in polygon,4060729330,4060033640,point in polygon,"HydroBASINS v1c standard, levels 4 and 6 (Lehner & Grill 2013)",point in polygon; nearest polygon within 1 km for points just outside (see rule columns)
WQS0590,,4040794730,4040033640,point in polygon,4060729330,4060033640,point in polygon,"HydroBASINS v1c standard, levels 4 and 6 (Lehner & Grill 2013)",point in polygon; nearest polygon within 1 km for points just outside (see rule columns)
WQS0591,,4040794730,4040033640,point in polygon,4060729330,4060033640,point in polygon,"HydroBASINS v1c standard, levels 4 and 6 (Lehner & Grill 2013)",point in polygon; nearest polygon within 1 km for points just outside (see rule columns)
WQS0592,,4040794730,4040033640,point in polygon,4060729330,4060033640,point in polygon,"HydroBASINS v1c standard, levels 4 and 6 (Lehner & Grill 2013)",point in polygon; nearest polygon within 1 km for points just outside (see rule columns)
WQS0593,,4040794730,4040033640,point in polygon,4060746720,4060033640,point in polygon,"HydroBASINS v1c standard, levels 4 and 6 (Lehner & Grill 2013)",point in polygon; nearest polygon within 1 km for points just outside (see rule columns)
WQS0594,,4040794730,4040033640,point in polygon,4060729320,4060033640,point in polygon,"HydroBASINS v1c standard, levels 4 and 6 (Lehner & Grill 2013)",point in polygon; nearest polygon within 1 km for points just outside (see rule columns)
WQS0595,,4040794730,4040033640,point in polygon,4060729330,4060033640,point in polygon,"HydroBASINS v1c standard, levels 4 and 6 (Lehner & Grill 2013)",point in polygon; nearest polygon within 1 km for points just outside (see rule columns)
WQS0596,,4040025460,4040025460,point in polygon,4060964080,4060026660,point in polygon,"HydroBASINS v1c standard, levels 4 and 6 (Lehner & Grill 2013)",point in polygon; nearest polygon within 1 km for points just outside (see rule columns)
WQS0597,,4040025460,4040025460,point in polygon,4060964080,4060026660,point in polygon,"HydroBASINS v1c standard, levels 4 and 6 (Lehner & Grill 2013)",point in polygon; nearest polygon within 1 km for points just outside (see rule columns)
WQS0598,,4040025460,4040025460,point in polygon,4060961650,4060026660,point in polygon,"HydroBASINS v1c standard, levels 4 and 6 (Lehner & Grill 2013)",point in polygon; nearest polygon within 1 km for points just outside (see rule columns)
WQS0599,,4040025460,4040025460,point in polygon,4060961650,4060026660,point in polygon,"HydroBASINS v1c standard, levels 4 and 6 (Lehner & Grill 2013)",point in polygon; nearest polygon within 1 km for points just outside (see rule columns)
WQS0600,Ganga,4040960480,4040025450,point in polygon,4060929710,4060025450,point in polygon,"HydroBASINS v1c standard, levels 4 and 6 (Lehner & Grill 2013)",point in polygon; nearest polygon within 1 km for points just outside (see rule columns)
WQS0601,,4040025460,4040025460,point in polygon,4060026820,4060026820,point in polygon,"HydroBASINS v1c standard, levels 4 and 6 (Lehner & Grill 2013)",point in polygon; nearest polygon within 1 km for points just outside (see rule columns)
WQS0602,,4040025460,4040025460,point in polygon,4060961540,4060026660,point in polygon,"HydroBASINS v1c standard, levels 4 and 6 (Lehner & Grill 2013)",point in polygon; nearest polygon within 1 km for points just outside (see rule columns)
WQS0603,,4040025460,4040025460,point in polygon,4060961540,4060026660,point in polygon,"HydroBASINS v1c standard, levels 4 and 6 (Lehner & Grill 2013)",point in polygon; nearest polygon within 1 km for points just outside (see rule columns)
WQS0604,,4040025460,4040025460,point in polygon,4060963930,4060026660,point in polygon,"HydroBASINS v1c standard, levels 4 and 6 (Lehner & Grill 2013)",point in polygon; nearest polygon within 1 km for points just outside (see rule columns)
WQS0605,,4040025460,4040025460,point in polygon,4060961650,4060026660,point in polygon,"HydroBASINS v1c standard, levels 4 and 6 (Lehner & Grill 2013)",point in polygon; nearest polygon within 1 km for points just outside (see rule columns)
WQS0606,,4040025460,4040025460,point in polygon,4060026610,4060026610,point in polygon,"HydroBASINS v1c standard, levels 4 and 6 (Lehner & Grill 2013)",point in polygon; nearest polygon within 1 km for points just outside (see rule columns)
WQS0607,,4040025460,4040025460,point in polygon,4060963930,4060026660,point in polygon,"HydroBASINS v1c standard, levels 4 and 6 (Lehner & Grill 2013)",point in polygon; nearest polygon within 1 km for points just outside (see rule columns)
WQS0608,,4040025460,4040025460,point in polygon,4060961540,4060026660,point in polygon,"HydroBASINS v1c standard, levels 4 and 6 (Lehner & Grill 2013)",point in polygon; nearest polygon within 1 km for points just outside (see rule columns)
WQS0609,,4040025460,4040025460,point in polygon,4060961650,4060026660,point in polygon,"HydroBASINS v1c standard, levels 4 and 6 (Lehner & Grill 2013)",point in polygon; nearest polygon within 1 km for points just outside (see rule columns)
WQS0610,,4040025460,4040025460,point in polygon,4060964080,4060026660,point in polygon,"HydroBASINS v1c standard, levels 4 and 6 (Lehner & Grill 2013)",point in polygon; nearest polygon within 1 km for points just outside (see rule columns)
WQS0611,,4040025460,4040025460,point in polygon,4060964080,4060026660,point in polygon,"HydroBASINS v1c standard, levels 4 and 6 (Lehner & Grill 2013)",point in polygon; nearest polygon within 1 km for points just outside (see rule columns)
WQS0612,,4040025460,4040025460,point in polygon,4060964080,4060026660,point in polygon,"HydroBASINS v1c standard, levels 4 and 6 (Lehner & Grill 2013)",point in polygon; nearest polygon within 1 km for points just outside (see rule columns)
WQS0613,,4040025460,4040025460,point in polygon,4060961650,4060026660,point in polygon,"HydroBASINS v1c standard, levels 4 and 6 (Lehner & Grill 2013)",point in polygon; nearest polygon within 1 km for points just outside (see rule columns)
WQS0614,,4040025460,4040025460,point in polygon,4060964080,4060026660,point in polygon,"HydroBASINS v1c standard, levels 4 and 6 (Lehner & Grill 2013)",point in polygon; nearest polygon within 1 km for points just outside (see rule columns)
WQS0615,,4040025460,4040025460,point in polygon,4060961540,4060026660,point in polygon,"HydroBASINS v1c standard, levels 4 and 6 (Lehner & Grill 2013)",point in polygon; nearest polygon within 1 km for points just outside (see rule columns)
WQS0616,,4040025460,4040025460,point in polygon,4060964080,4060026660,point in polygon,"HydroBASINS v1c standard, levels 4 and 6 (Lehner & Grill 2013)",point in polygon; nearest polygon within 1 km for points just outside (see rule columns)
WQS0617,,4040025460,4040025460,point in polygon,4060026820,4060026820,point in polygon,"HydroBASINS v1c standard, levels 4 and 6 (Lehner & Grill 2013)",point in polygon; nearest polygon within 1 km for points just outside (see rule columns)
WQS0618,Ganga,4040960480,4040025450,point in polygon,4060929710,4060025450,point in polygon,"HydroBASINS v1c standard, levels 4 and 6 (Lehner & Grill 2013)",point in polygon; nearest polygon within 1 km for points just outside (see rule columns)
WQS0619,Ganga,4040960480,4040025450,point in polygon,4060921220,4060025450,point in polygon,"HydroBASINS v1c standard, levels 4 and 6 (Lehner & Grill 2013)",point in polygon; nearest polygon within 1 km for points just outside (see rule columns)
WQS0620,Ganga,4040960480,4040025450,point in polygon,4060921220,4060025450,point in polygon,"HydroBASINS v1c standard, levels 4 and 6 (Lehner & Grill 2013)",point in polygon; nearest polygon within 1 km for points just outside (see rule columns)
WQS0621,,4040025460,4040025460,point in polygon,4060964080,4060026660,point in polygon,"HydroBASINS v1c standard, levels 4 and 6 (Lehner & Grill 2013)",point in polygon; nearest polygon within 1 km for points just outside (see rule columns)
WQS0624,,4040025460,4040025460,point in polygon,4060964080,4060026660,point in polygon,"HydroBASINS v1c standard, levels 4 and 6 (Lehner & Grill 2013)",point in polygon; nearest polygon within 1 km for points just outside (see rule columns)
WQS0625,,4040025460,4040025460,point in polygon,4060026820,4060026820,point in polygon,"HydroBASINS v1c standard, levels 4 and 6 (Lehner & Grill 2013)",point in polygon; nearest polygon within 1 km for points just outside (see rule columns)
WQS0627,,4040025460,4040025460,point in polygon,4060964080,4060026660,point in polygon,"HydroBASINS v1c standard, levels 4 and 6 (Lehner & Grill 2013)",point in polygon; nearest polygon within 1 km for points just outside (see rule columns)
WQS0628,,4040025460,4040025460,point in polygon,4060026820,4060026820,point in polygon,"HydroBASINS v1c standard, levels 4 and 6 (Lehner & Grill 2013)",point in polygon; nearest polygon within 1 km for points just outside (see rule columns)
WQS0631,,4040025460,4040025460,point in polygon,4061001220,4060027010,point in polygon,"HydroBASINS v1c standard, levels 4 and 6 (Lehner & Grill 2013)",point in polygon; nearest polygon within 1 km for points just outside (see rule columns)
WQS0632,,4040025460,4040025460,point in polygon,4060961540,4060026660,point in polygon,"HydroBASINS v1c standard, levels 4 and 6 (Lehner & Grill 2013)",point in polygon; nearest polygon within 1 km for points just outside (see rule columns)
WQS0633,,4040025460,4040025460,point in polygon,4060026610,4060026610,point in polygon,"HydroBASINS v1c standard, levels 4 and 6 (Lehner & Grill 2013)",point in polygon; nearest polygon within 1 km for points just outside (see rule columns)
WQS0661,,4040027940,4040027940,point in polygon,4061097120,4060027940,point in polygon,"HydroBASINS v1c standard, levels 4 and 6 (Lehner & Grill 2013)",point in polygon; nearest polygon within 1 km for points just outside (see rule columns)
WQS0662,,4040027940,4040027940,point in polygon,4061096370,4060027940,point in polygon,"HydroBASINS v1c standard, levels 4 and 6 (Lehner & Grill 2013)",point in polygon; nearest polygon within 1 km for points just outside (see rule columns)
WQS0663,,4040027940,4040027940,point in polygon,4061096370,4060027940,point in polygon,"HydroBASINS v1c standard, levels 4 and 6 (Lehner & Grill 2013)",point in polygon; nearest polygon within 1 km for points just outside (see rule columns)
WQS0664,,4040027940,4040027940,point in polygon,4061096370,4060027940,point in polygon,"HydroBASINS v1c standard, levels 4 and 6 (Lehner & Grill 2013)",point in polygon; nearest polygon within 1 km for points just outside (see rule columns)
WQS0665,,4040027940,4040027940,point in polygon,4061096370,4060027940,point in polygon,"HydroBASINS v1c standard, levels 4 and 6 (Lehner & Grill 2013)",point in polygon; nearest polygon within 1 km for points just outside (see rule columns)
WQS0668,Cauvery,4040028760,4040028760,point in polygon,4061139430,4060028760,point in polygon,"HydroBASINS v1c standard, levels 4 and 6 (Lehner & Grill 2013)",point in polygon; nearest polygon within 1 km for points just outside (see rule columns)
WQS0669,Cauvery,4040028760,4040028760,point in polygon,4061139400,4060028760,point in polygon,"HydroBASINS v1c standard, levels 4 and 6 (Lehner & Grill 2013)",point in polygon; nearest polygon within 1 km for points just outside (see rule columns)
WQS0672,,4040027950,4040027950,point in polygon,4060028550,4060028550,point in polygon,"HydroBASINS v1c standard, levels 4 and 6 (Lehner & Grill 2013)",point in polygon; nearest polygon within 1 km for points just outside (see rule columns)
WQS0674,Cauvery,4040028760,4040028760,point in polygon,4061139430,4060028760,point in polygon,"HydroBASINS v1c standard, levels 4 and 6 (Lehner & Grill 2013)",point in polygon; nearest polygon within 1 km for points just outside (see rule columns)
WQS0675,,4040027940,4040027940,point in polygon,4061096370,4060027940,point in polygon,"HydroBASINS v1c standard, levels 4 and 6 (Lehner & Grill 2013)",point in polygon; nearest polygon within 1 km for points just outside (see rule columns)
WQS0677,Krishna,4040027940,4040027940,point in polygon,4061098680,4060027940,point in polygon,"HydroBASINS v1c standard, levels 4 and 6 (Lehner & Grill 2013)",point in polygon; nearest polygon within 1 km for points just outside (see rule columns)
WQS0678,Krishna,4040027940,4040027940,point in polygon,4061098040,4060027940,point in polygon,"HydroBASINS v1c standard, levels 4 and 6 (Lehner & Grill 2013)",point in polygon; nearest polygon within 1 km for points just outside (see rule columns)
WQS0679,Krishna,4040027940,4040027940,point in polygon,4061096410,4060027940,point in polygon,"HydroBASINS v1c standard, levels 4 and 6 (Lehner & Grill 2013)",point in polygon; nearest polygon within 1 km for points just outside (see rule columns)
WQS0681,,4040027940,4040027940,point in polygon,4061098720,4060027940,point in polygon,"HydroBASINS v1c standard, levels 4 and 6 (Lehner & Grill 2013)",point in polygon; nearest polygon within 1 km for points just outside (see rule columns)
WQS0682,,4040027940,4040027940,point in polygon,4061098720,4060027940,point in polygon,"HydroBASINS v1c standard, levels 4 and 6 (Lehner & Grill 2013)",point in polygon; nearest polygon within 1 km for points just outside (see rule columns)
WQS0688,,4040027940,4040027940,point in polygon,4061113150,4060027940,point in polygon,"HydroBASINS v1c standard, levels 4 and 6 (Lehner & Grill 2013)",point in polygon; nearest polygon within 1 km for points just outside (see rule columns)
WQS0691,,4040027940,4040027940,point in polygon,4061113150,4060027940,point in polygon,"HydroBASINS v1c standard, levels 4 and 6 (Lehner & Grill 2013)",point in polygon; nearest polygon within 1 km for points just outside (see rule columns)
WQS0692,,4040027940,4040027940,point in polygon,4061113150,4060027940,point in polygon,"HydroBASINS v1c standard, levels 4 and 6 (Lehner & Grill 2013)",point in polygon; nearest polygon within 1 km for points just outside (see rule columns)
WQS0693,,4040027940,4040027940,point in polygon,4061113150,4060027940,point in polygon,"HydroBASINS v1c standard, levels 4 and 6 (Lehner & Grill 2013)",point in polygon; nearest polygon within 1 km for points just outside (see rule columns)
WQS0694,,4040027940,4040027940,point in polygon,4061096370,4060027940,point in polygon,"HydroBASINS v1c standard, levels 4 and 6 (Lehner & Grill 2013)",point in polygon; nearest polygon within 1 km for points just outside (see rule columns)
WQS0696,Cauvery,4040028760,4040028760,point in polygon,4061145690,4060028760,point in polygon,"HydroBASINS v1c standard, levels 4 and 6 (Lehner & Grill 2013)",point in polygon; nearest polygon within 1 km for points just outside (see rule columns)
WQS0699,Cauvery,4040028760,4040028760,point in polygon,4061140240,4060028760,point in polygon,"HydroBASINS v1c standard, levels 4 and 6 (Lehner & Grill 2013)",point in polygon; nearest polygon within 1 km for points just outside (see rule columns)
WQS0705,Cauvery,4040028760,4040028760,point in polygon,4061140240,4060028760,point in polygon,"HydroBASINS v1c standard, levels 4 and 6 (Lehner & Grill 2013)",point in polygon; nearest polygon within 1 km for points just outside (see rule columns)
WQS0706,Cauvery,4040028760,4040028760,point in polygon,4061140240,4060028760,point in polygon,"HydroBASINS v1c standard, levels 4 and 6 (Lehner & Grill 2013)",point in polygon; nearest polygon within 1 km for points just outside (see rule columns)
WQS0707,Cauvery,4040028760,4040028760,point in polygon,4061139430,4060028760,point in polygon,"HydroBASINS v1c standard, levels 4 and 6 (Lehner & Grill 2013)",point in polygon; nearest polygon within 1 km for points just outside (see rule columns)
WQS0708,Cauvery,4040028760,4040028760,point in polygon,4061140240,4060028760,point in polygon,"HydroBASINS v1c standard, levels 4 and 6 (Lehner & Grill 2013)",point in polygon; nearest polygon within 1 km for points just outside (see rule columns)
WQS0711,Cauvery,4040028760,4040028760,point in polygon,4061140240,4060028760,point in polygon,"HydroBASINS v1c standard, levels 4 and 6 (Lehner & Grill 2013)",point in polygon; nearest polygon within 1 km for points just outside (see rule columns)
WQS0715,Cauvery,4040028760,4040028760,point in polygon,4061139430,4060028760,point in polygon,"HydroBASINS v1c standard, levels 4 and 6 (Lehner & Grill 2013)",point in polygon; nearest polygon within 1 km for points just outside (see rule columns)
WQS0721,Cauvery,4040028760,4040028760,point in polygon,4061139400,4060028760,point in polygon,"HydroBASINS v1c standard, levels 4 and 6 (Lehner & Grill 2013)",point in polygon; nearest polygon within 1 km for points just outside (see rule columns)
WQS0723,,4040027940,4040027940,point in polygon,4061097210,4060027940,point in polygon,"HydroBASINS v1c standard, levels 4 and 6 (Lehner & Grill 2013)",point in polygon; nearest polygon within 1 km for points just outside (see rule columns)
WQS0724,,4040027940,4040027940,point in polygon,4061097210,4060027940,point in polygon,"HydroBASINS v1c standard, levels 4 and 6 (Lehner & Grill 2013)",point in polygon; nearest polygon within 1 km for points just outside (see rule columns)
WQS0726,,4040028760,4040028760,point in polygon,4061140240,4060028760,point in polygon,"HydroBASINS v1c standard, levels 4 and 6 (Lehner & Grill 2013)",point in polygon; nearest polygon within 1 km for points just outside (see rule columns)
WQS0733,,4040027940,4040027940,point in polygon,4061096370,4060027940,point in polygon,"HydroBASINS v1c standard, levels 4 and 6 (Lehner & Grill 2013)",point in polygon; nearest polygon within 1 km for points just outside (see rule columns)
WQS0734,,4040027940,4040027940,point in polygon,4061096370,4060027940,point in polygon,"HydroBASINS v1c standard, levels 4 and 6 (Lehner & Grill 2013)",point in polygon; nearest polygon within 1 km for points just outside (see rule columns)
WQS0737,Krishna,4040027940,4040027940,point in polygon,4061101500,4060027940,point in polygon,"HydroBASINS v1c standard, levels 4 and 6 (Lehner & Grill 2013)",point in polygon; nearest polygon within 1 km for points just outside (see rule columns)
WQS0738,Krishna,4040027940,4040027940,point in polygon,4061096410,4060027940,point in polygon,"HydroBASINS v1c standard, levels 4 and 6 (Lehner & Grill 2013)",point in polygon; nearest polygon within 1 km for points just outside (see rule columns)
WQS0743,,4040027780,4040027780,point in polygon,4061066980,4060027780,point in polygon,"HydroBASINS v1c standard, levels 4 and 6 (Lehner & Grill 2013)",point in polygon; nearest polygon within 1 km for points just outside (see rule columns)
WQS0745,,4040028760,4040028760,point in polygon,4061139400,4060028760,point in polygon,"HydroBASINS v1c standard, levels 4 and 6 (Lehner & Grill 2013)",point in polygon; nearest polygon within 1 km for points just outside (see rule columns)
WQS0747,,4040028760,4040028760,point in polygon,4061139400,4060028760,point in polygon,"HydroBASINS v1c standard, levels 4 and 6 (Lehner & Grill 2013)",point in polygon; nearest polygon within 1 km for points just outside (see rule columns)
WQS0750,,4040027940,4040027940,point in polygon,4061113150,4060027940,point in polygon,"HydroBASINS v1c standard, levels 4 and 6 (Lehner & Grill 2013)",point in polygon; nearest polygon within 1 km for points just outside (see rule columns)
WQS0751,,4040027940,4040027940,point in polygon,4061113150,4060027940,point in polygon,"HydroBASINS v1c standard, levels 4 and 6 (Lehner & Grill 2013)",point in polygon; nearest polygon within 1 km for points just outside (see rule columns)
WQS0754,,4040027940,4040027940,point in polygon,4061113150,4060027940,point in polygon,"HydroBASINS v1c standard, levels 4 and 6 (Lehner & Grill 2013)",point in polygon; nearest polygon within 1 km for points just outside (see rule columns)
WQS0755,,4040027940,4040027940,point in polygon,4061103960,4060027940,point in polygon,"HydroBASINS v1c standard, levels 4 and 6 (Lehner & Grill 2013)",point in polygon; nearest polygon within 1 km for points just outside (see rule columns)
WQS0757,,4040027940,4040027940,point in polygon,4061103960,4060027940,point in polygon,"HydroBASINS v1c standard, levels 4 and 6 (Lehner & Grill 2013)",point in polygon; nearest polygon within 1 km for points just outside (see rule columns)
WQS0760,,4040027940,4040027940,point in polygon,4061103020,4060027940,point in polygon,"HydroBASINS v1c standard, levels 4 and 6 (Lehner & Grill 2013)",point in polygon; nearest polygon within 1 km for points just outside (see rule columns)
WQS0770,Cauvery,4040028760,4040028760,point in polygon,4061139400,4060028760,point in polygon,"HydroBASINS v1c standard, levels 4 and 6 (Lehner & Grill 2013)",point in polygon; nearest polygon within 1 km for points just outside (see rule columns)
WQS0771,,4040028760,4040028760,point in polygon,4061139430,4060028760,point in polygon,"HydroBASINS v1c standard, levels 4 and 6 (Lehner & Grill 2013)",point in polygon; nearest polygon within 1 km for points just outside (see rule columns)
WQS0773,,4040027940,4040027940,point in polygon,4061103960,4060027940,point in polygon,"HydroBASINS v1c standard, levels 4 and 6 (Lehner & Grill 2013)",point in polygon; nearest polygon within 1 km for points just outside (see rule columns)
WQS0774,,4040028760,4040028760,point in polygon,4061140240,4060028760,point in polygon,"HydroBASINS v1c standard, levels 4 and 6 (Lehner & Grill 2013)",point in polygon; nearest polygon within 1 km for points just outside (see rule columns)
WQS0781,,4040029530,4040029530,point in polygon,4060971400,4060031730,point in polygon,"HydroBASINS v1c standard, levels 4 and 6 (Lehner & Grill 2013)",point in polygon; nearest polygon within 1 km for points just outside (see rule columns)
WQS0783,,4040960480,4040025450,point in polygon,4060903120,4060025450,point in polygon,"HydroBASINS v1c standard, levels 4 and 6 (Lehner & Grill 2013)",point in polygon; nearest polygon within 1 km for points just outside (see rule columns)
WQS0784,,4040960480,4040025450,point in polygon,4060895600,4060025450,point in polygon,"HydroBASINS v1c standard, levels 4 and 6 (Lehner & Grill 2013)",point in polygon; nearest polygon within 1 km for points just outside (see rule columns)
WQS0785,,4040960480,4040025450,point in polygon,4060895600,4060025450,point in polygon,"HydroBASINS v1c standard, levels 4 and 6 (Lehner & Grill 2013)",point in polygon; nearest polygon within 1 km for points just outside (see rule columns)
WQS0788,,4040960480,4040025450,point in polygon,4060915780,4060025450,point in polygon,"HydroBASINS v1c standard, levels 4 and 6 (Lehner & Grill 2013)",point in polygon; nearest polygon within 1 km for points just outside (see rule columns)
WQS0789,,4040960480,4040025450,point in polygon,4060908080,4060025450,point in polygon,"HydroBASINS v1c standard, levels 4 and 6 (Lehner & Grill 2013)",point in polygon; nearest polygon within 1 km for points just outside (see rule columns)
WQS0790,,4040960480,4040025450,point in polygon,4060908080,4060025450,point in polygon,"HydroBASINS v1c standard, levels 4 and 6 (Lehner & Grill 2013)",point in polygon; nearest polygon within 1 km for points just outside (see rule columns)
WQS0793,,4040960480,4040025450,point in polygon,4060878420,4060025450,point in polygon,"HydroBASINS v1c standard, levels 4 and 6 (Lehner & Grill 2013)",point in polygon; nearest polygon within 1 km for points just outside (see rule columns)
WQS0794,,4040960480,4040025450,point in polygon,4060903120,4060025450,point in polygon,"HydroBASINS v1c standard, levels 4 and 6 (Lehner & Grill 2013)",point in polygon; nearest polygon within 1 km for points just outside (see rule columns)
WQS0799,,4040960480,4040025450,point in polygon,4060908080,4060025450,point in polygon,"HydroBASINS v1c standard, levels 4 and 6 (Lehner & Grill 2013)",point in polygon; nearest polygon within 1 km for points just outside (see rule columns)
WQS0800,,4040960480,4040025450,point in polygon,4060908080,4060025450,point in polygon,"HydroBASINS v1c standard, levels 4 and 6 (Lehner & Grill 2013)",point in polygon; nearest polygon within 1 km for points just outside (see rule columns)
WQS0801,,4040960480,4040025450,point in polygon,4060908080,4060025450,point in polygon,"HydroBASINS v1c standard, levels 4 and 6 (Lehner & Grill 2013)",point in polygon; nearest polygon within 1 km for points just outside (see rule columns)
WQS0802,Mahi,4040029530,4040029530,point in polygon,4060965550,4060031730,point in polygon,"HydroBASINS v1c standard, levels 4 and 6 (Lehner & Grill 2013)",point in polygon; nearest polygon within 1 km for points just outside (see rule columns)
WQS0816,,4040960480,4040025450,point in polygon,4060908090,4060025450,point in polygon,"HydroBASINS v1c standard, levels 4 and 6 (Lehner & Grill 2013)",point in polygon; nearest polygon within 1 km for points just outside (see rule columns)
WQS0817,,4040960480,4040025450,point in polygon,4060898640,4060025450,point in polygon,"HydroBASINS v1c standard, levels 4 and 6 (Lehner & Grill 2013)",point in polygon; nearest polygon within 1 km for points just outside (see rule columns)
WQS0818,,4040960480,4040025450,point in polygon,4060898640,4060025450,point in polygon,"HydroBASINS v1c standard, levels 4 and 6 (Lehner & Grill 2013)",point in polygon; nearest polygon within 1 km for points just outside (see rule columns)
WQS0819,,4040960480,4040025450,point in polygon,4060898640,4060025450,point in polygon,"HydroBASINS v1c standard, levels 4 and 6 (Lehner & Grill 2013)",point in polygon; nearest polygon within 1 km for points just outside (see rule columns)
WQS0820,,4040029530,4040029530,point in polygon,4060965550,4060031730,point in polygon,"HydroBASINS v1c standard, levels 4 and 6 (Lehner & Grill 2013)",point in polygon; nearest polygon within 1 km for points just outside (see rule columns)
WQS0822,,4040960480,4040025450,point in polygon,4060900980,4060025450,point in polygon,"HydroBASINS v1c standard, levels 4 and 6 (Lehner & Grill 2013)",point in polygon; nearest polygon within 1 km for points just outside (see rule columns)
WQS0823,,4040960480,4040025450,point in polygon,4060915780,4060025450,point in polygon,"HydroBASINS v1c standard, levels 4 and 6 (Lehner & Grill 2013)",point in polygon; nearest polygon within 1 km for points just outside (see rule columns)
WQS0824,,4040960480,4040025450,point in polygon,4060895600,4060025450,point in polygon,"HydroBASINS v1c standard, levels 4 and 6 (Lehner & Grill 2013)",point in polygon; nearest polygon within 1 km for points just outside (see rule columns)
WQS0825,,4040960480,4040025450,point in polygon,4060895600,4060025450,point in polygon,"HydroBASINS v1c standard, levels 4 and 6 (Lehner & Grill 2013)",point in polygon; nearest polygon within 1 km for points just outside (see rule columns)
WQS0826,,4040960480,4040025450,point in polygon,4060895600,4060025450,point in polygon,"HydroBASINS v1c standard, levels 4 and 6 (Lehner & Grill 2013)",point in polygon; nearest polygon within 1 km for points just outside (see rule columns)
WQS0828,,4040960480,4040025450,point in polygon,4060895600,4060025450,point in polygon,"HydroBASINS v1c standard, levels 4 and 6 (Lehner & Grill 2013)",point in polygon; nearest polygon within 1 km for points just outside (see rule columns)
WQS0829,,4040960480,4040025450,point in polygon,4060895600,4060025450,point in polygon,"HydroBASINS v1c standard, levels 4 and 6 (Lehner & Grill 2013)",point in polygon; nearest polygon within 1 km for points just outside (see rule columns)
WQS0830,,4040960480,4040025450,point in polygon,4060895600,4060025450,point in polygon,"HydroBASINS v1c standard, levels 4 and 6 (Lehner & Grill 2013)",point in polygon; nearest polygon within 1 km for points just outside (see rule columns)
WQS0831,,4040960480,4040025450,point in polygon,4060895600,4060025450,point in polygon,"HydroBASINS v1c standard, levels 4 and 6 (Lehner & Grill 2013)",point in polygon; nearest polygon within 1 km for points just outside (see rule columns)
WQS0832,,4040960480,4040025450,point in polygon,4060908080,4060025450,point in polygon,"HydroBASINS v1c standard, levels 4 and 6 (Lehner & Grill 2013)",point in polygon; nearest polygon within 1 km for points just outside (see rule columns)
WQS0833,,4040960480,4040025450,point in polygon,4060876840,4060025450,point in polygon,"HydroBASINS v1c standard, levels 4 and 6 (Lehner & Grill 2013)",point in polygon; nearest polygon within 1 km for points just outside (see rule columns)
WQS0834,,4040960480,4040025450,point in polygon,4060908080,4060025450,point in polygon,"HydroBASINS v1c standard, levels 4 and 6 (Lehner & Grill 2013)",point in polygon; nearest polygon within 1 km for points just outside (see rule columns)
WQS0835,,4040960480,4040025450,point in polygon,4060908080,4060025450,point in polygon,"HydroBASINS v1c standard, levels 4 and 6 (Lehner & Grill 2013)",point in polygon; nearest polygon within 1 km for points just outside (see rule columns)
WQS0836,,4040960480,4040025450,point in polygon,4060876840,4060025450,point in polygon,"HydroBASINS v1c standard, levels 4 and 6 (Lehner & Grill 2013)",point in polygon; nearest polygon within 1 km for points just outside (see rule columns)
WQS0837,,4040029530,4040029530,point in polygon,4060031610,4060031610,point in polygon,"HydroBASINS v1c standard, levels 4 and 6 (Lehner & Grill 2013)",point in polygon; nearest polygon within 1 km for points just outside (see rule columns)
WQS0840,,4040960480,4040025450,point in polygon,4060896170,4060025450,point in polygon,"HydroBASINS v1c standard, levels 4 and 6 (Lehner & Grill 2013)",point in polygon; nearest polygon within 1 km for points just outside (see rule columns)
WQS0841,,4040960480,4040025450,point in polygon,4060908090,4060025450,point in polygon,"HydroBASINS v1c standard, levels 4 and 6 (Lehner & Grill 2013)",point in polygon; nearest polygon within 1 km for points just outside (see rule columns)
WQS0842,,4040960480,4040025450,point in polygon,4060898640,4060025450,point in polygon,"HydroBASINS v1c standard, levels 4 and 6 (Lehner & Grill 2013)",point in polygon; nearest polygon within 1 km for points just outside (see rule columns)
WQS0843,,4040960480,4040025450,point in polygon,4060898640,4060025450,point in polygon,"HydroBASINS v1c standard, levels 4 and 6 (Lehner & Grill 2013)",point in polygon; nearest polygon within 1 km for points just outside (see rule columns)
WQS0844,,4040960480,4040025450,point in polygon,4060908080,4060025450,point in polygon,"HydroBASINS v1c standard, levels 4 and 6 (Lehner & Grill 2013)",point in polygon; nearest polygon within 1 km for points just outside (see rule columns)
WQS0845,,4040029530,4040029530,point in polygon,4060031610,4060031610,point in polygon,"HydroBASINS v1c standard, levels 4 and 6 (Lehner & Grill 2013)",point in polygon; nearest polygon within 1 km for points just outside (see rule columns)
WQS0848,,4040029530,4040029530,point in polygon,4060965550,4060031730,point in polygon,"HydroBASINS v1c standard, levels 4 and 6 (Lehner & Grill 2013)",point in polygon; nearest polygon within 1 km for points just outside (see rule columns)
WQS0849,,4040960480,4040025450,point in polygon,4060895600,4060025450,point in polygon,"HydroBASINS v1c standard, levels 4 and 6 (Lehner & Grill 2013)",point in polygon; nearest polygon within 1 km for points just outside (see rule columns)
WQS0850,,4040960480,4040025450,point in polygon,4060903120,4060025450,point in polygon,"HydroBASINS v1c standard, levels 4 and 6 (Lehner & Grill 2013)",point in polygon; nearest polygon within 1 km for points just outside (see rule columns)
WQS0851,,4040960480,4040025450,point in polygon,4060895600,4060025450,point in polygon,"HydroBASINS v1c standard, levels 4 and 6 (Lehner & Grill 2013)",point in polygon; nearest polygon within 1 km for points just outside (see rule columns)
WQS0852,,4040960480,4040025450,point in polygon,4060895600,4060025450,point in polygon,"HydroBASINS v1c standard, levels 4 and 6 (Lehner & Grill 2013)",point in polygon; nearest polygon within 1 km for points just outside (see rule columns)
WQS0855,,4040960480,4040025450,point in polygon,4060915780,4060025450,point in polygon,"HydroBASINS v1c standard, levels 4 and 6 (Lehner & Grill 2013)",point in polygon; nearest polygon within 1 km for points just outside (see rule columns)
WQS0856,,4040960480,4040025450,point in polygon,4060915780,4060025450,point in polygon,"HydroBASINS v1c standard, levels 4 and 6 (Lehner & Grill 2013)",point in polygon; nearest polygon within 1 km for points just outside (see rule columns)
WQS0857,,4040960480,4040025450,point in polygon,4060900980,4060025450,point in polygon,"HydroBASINS v1c standard, levels 4 and 6 (Lehner & Grill 2013)",point in polygon; nearest polygon within 1 km for points just outside (see rule columns)
WQS0858,,4040960480,4040025450,point in polygon,4060908080,4060025450,point in polygon,"HydroBASINS v1c standard, levels 4 and 6 (Lehner & Grill 2013)",point in polygon; nearest polygon within 1 km for points just outside (see rule columns)
WQS0859,,4040960480,4040025450,point in polygon,4060908080,4060025450,point in polygon,"HydroBASINS v1c standard, levels 4 and 6 (Lehner & Grill 2013)",point in polygon; nearest polygon within 1 km for points just outside (see rule columns)
WQS0860,,4040960480,4040025450,point in polygon,4060908080,4060025450,point in polygon,"HydroBASINS v1c standard, levels 4 and 6 (Lehner & Grill 2013)",point in polygon; nearest polygon within 1 km for points just outside (see rule columns)
WQS0861,,4040960480,4040025450,point in polygon,4060908080,4060025450,point in polygon,"HydroBASINS v1c standard, levels 4 and 6 (Lehner & Grill 2013)",point in polygon; nearest polygon within 1 km for points just outside (see rule columns)
WQS0862,,4040960480,4040025450,point in polygon,4060908080,4060025450,point in polygon,"HydroBASINS v1c standard, levels 4 and 6 (Lehner & Grill 2013)",point in polygon; nearest polygon within 1 km for points just outside (see rule columns)
WQS0863,,4040960480,4040025450,point in polygon,4060908080,4060025450,point in polygon,"HydroBASINS v1c standard, levels 4 and 6 (Lehner & Grill 2013)",point in polygon; nearest polygon within 1 km for points just outside (see rule columns)
WQS0864,,4040960480,4040025450,point in polygon,4060908080,4060025450,point in polygon,"HydroBASINS v1c standard, levels 4 and 6 (Lehner & Grill 2013)",point in polygon; nearest polygon within 1 km for points just outside (see rule columns)
WQS0867,Mahi,4040029530,4040029530,point in polygon,4060965550,4060031730,point in polygon,"HydroBASINS v1c standard, levels 4 and 6 (Lehner & Grill 2013)",point in polygon; nearest polygon within 1 km for points just outside (see rule columns)
WQS0868,Mahi,4040029530,4040029530,point in polygon,4060965550,4060031730,point in polygon,"HydroBASINS v1c standard, levels 4 and 6 (Lehner & Grill 2013)",point in polygon; nearest polygon within 1 km for points just outside (see rule columns)
WQS0869,Mahi,4040029530,4040029530,point in polygon,4060965550,4060031730,point in polygon,"HydroBASINS v1c standard, levels 4 and 6 (Lehner & Grill 2013)",point in polygon; nearest polygon within 1 km for points just outside (see rule columns)
WQS0870,,4040960480,4040025450,point in polygon,4060908080,4060025450,point in polygon,"HydroBASINS v1c standard, levels 4 and 6 (Lehner & Grill 2013)",point in polygon; nearest polygon within 1 km for points just outside (see rule columns)
WQS0871,,4040960480,4040025450,point in polygon,4060911450,4060025450,point in polygon,"HydroBASINS v1c standard, levels 4 and 6 (Lehner & Grill 2013)",point in polygon; nearest polygon within 1 km for points just outside (see rule columns)
WQS0872,,4040960480,4040025450,point in polygon,4060911450,4060025450,point in polygon,"HydroBASINS v1c standard, levels 4 and 6 (Lehner & Grill 2013)",point in polygon; nearest polygon within 1 km for points just outside (see rule columns)
WQS0911,,4040960480,4040025450,point in polygon,4060908090,4060025450,point in polygon,"HydroBASINS v1c standard, levels 4 and 6 (Lehner & Grill 2013)",point in polygon; nearest polygon within 1 km for points just outside (see rule columns)
WQS0915,,4040960480,4040025450,point in polygon,4060903120,4060025450,point in polygon,"HydroBASINS v1c standard, levels 4 and 6 (Lehner & Grill 2013)",point in polygon; nearest polygon within 1 km for points just outside (see rule columns)
WQS0916,,4040960480,4040025450,point in polygon,4060878420,4060025450,point in polygon,"HydroBASINS v1c standard, levels 4 and 6 (Lehner & Grill 2013)",point in polygon; nearest polygon within 1 km for points just outside (see rule columns)
WQS0917,,4040960480,4040025450,point in polygon,4060878420,4060025450,point in polygon,"HydroBASINS v1c standard, levels 4 and 6 (Lehner & Grill 2013)",point in polygon; nearest polygon within 1 km for points just outside (see rule columns)
WQS0918,,4040960480,4040025450,point in polygon,4060903120,4060025450,point in polygon,"HydroBASINS v1c standard, levels 4 and 6 (Lehner & Grill 2013)",point in polygon; nearest polygon within 1 km for points just outside (see rule columns)
WQS0919,,4040960480,4040025450,point in polygon,4060903120,4060025450,point in polygon,"HydroBASINS v1c standard, levels 4 and 6 (Lehner & Grill 2013)",point in polygon; nearest polygon within 1 km for points just outside (see rule columns)
WQS0920,,4040960480,4040025450,point in polygon,4060903120,4060025450,point in polygon,"HydroBASINS v1c standard, levels 4 and 6 (Lehner & Grill 2013)",point in polygon; nearest polygon within 1 km for points just outside (see rule columns)
WQS0921,,4040960480,4040025450,point in polygon,4060903120,4060025450,point in polygon,"HydroBASINS v1c standard, levels 4 and 6 (Lehner & Grill 2013)",point in polygon; nearest polygon within 1 km for points just outside (see rule columns)
WQS0922,,4040960480,4040025450,point in polygon,4060903120,4060025450,point in polygon,"HydroBASINS v1c standard, levels 4 and 6 (Lehner & Grill 2013)",point in polygon; nearest polygon within 1 km for points just outside (see rule columns)
WQS0923,,4040960480,4040025450,point in polygon,4060903120,4060025450,point in polygon,"HydroBASINS v1c standard, levels 4 and 6 (Lehner & Grill 2013)",point in polygon; nearest polygon within 1 km for points just outside (see rule columns)
WQS0924,,4040960480,4040025450,point in polygon,4060903120,4060025450,point in polygon,"HydroBASINS v1c standard, levels 4 and 6 (Lehner & Grill 2013)",point in polygon; nearest polygon within 1 km for points just outside (see rule columns)
WQS0925,,4040027100,4040027100,point in polygon,4061010920,4060027100,point in polygon,"HydroBASINS v1c standard, levels 4 and 6 (Lehner & Grill 2013)",point in polygon; nearest polygon within 1 km for points just outside (see rule columns)
WQS0926,,4040960480,4040025450,point in polygon,4060903120,4060025450,point in polygon,"HydroBASINS v1c standard, levels 4 and 6 (Lehner & Grill 2013)",point in polygon; nearest polygon within 1 km for points just outside (see rule columns)
WQS0927,,4040960480,4040025450,point in polygon,4060903120,4060025450,point in polygon,"HydroBASINS v1c standard, levels 4 and 6 (Lehner & Grill 2013)",point in polygon; nearest polygon within 1 km for points just outside (see rule columns)
WQS0928,,4040960480,4040025450,point in polygon,4060903120,4060025450,point in polygon,"HydroBASINS v1c standard, levels 4 and 6 (Lehner & Grill 2013)",point in polygon; nearest polygon within 1 km for points just outside (see rule columns)
WQS0931,,4040960480,4040025450,point in polygon,4060915780,4060025450,point in polygon,"HydroBASINS v1c standard, levels 4 and 6 (Lehner & Grill 2013)",point in polygon; nearest polygon within 1 km for points just outside (see rule columns)
WQS0932,,4040960480,4040025450,point in polygon,4060915780,4060025450,point in polygon,"HydroBASINS v1c standard, levels 4 and 6 (Lehner & Grill 2013)",point in polygon; nearest polygon within 1 km for points just outside (see rule columns)
WQS0933,,4040960480,4040025450,point in polygon,4060915780,4060025450,point in polygon,"HydroBASINS v1c standard, levels 4 and 6 (Lehner & Grill 2013)",point in polygon; nearest polygon within 1 km for points just outside (see rule columns)
WQS0934,,4040960480,4040025450,point in polygon,4060915780,4060025450,point in polygon,"HydroBASINS v1c standard, levels 4 and 6 (Lehner & Grill 2013)",point in polygon; nearest polygon within 1 km for points just outside (see rule columns)
WQS0935,,4040960480,4040025450,point in polygon,4060915780,4060025450,point in polygon,"HydroBASINS v1c standard, levels 4 and 6 (Lehner & Grill 2013)",point in polygon; nearest polygon within 1 km for points just outside (see rule columns)
WQS0940,,4040960480,4040025450,point in polygon,4060915780,4060025450,point in polygon,"HydroBASINS v1c standard, levels 4 and 6 (Lehner & Grill 2013)",point in polygon; nearest polygon within 1 km for points just outside (see rule columns)
WQS0941,,4040960480,4040025450,point in polygon,4060908090,4060025450,point in polygon,"HydroBASINS v1c standard, levels 4 and 6 (Lehner & Grill 2013)",point in polygon; nearest polygon within 1 km for points just outside (see rule columns)
WQS0942,,4040960480,4040025450,point in polygon,4060908080,4060025450,point in polygon,"HydroBASINS v1c standard, levels 4 and 6 (Lehner & Grill 2013)",point in polygon; nearest polygon within 1 km for points just outside (see rule columns)
WQS0950,,4040029530,4040029530,point in polygon,4060031520,4060031520,point in polygon,"HydroBASINS v1c standard, levels 4 and 6 (Lehner & Grill 2013)",point in polygon; nearest polygon within 1 km for points just outside (see rule columns)
WQS0951,,4040027940,4040027940,point in polygon,4061076050,4060027940,point in polygon,"HydroBASINS v1c standard, levels 4 and 6 (Lehner & Grill 2013)",point in polygon; nearest polygon within 1 km for points just outside (see rule columns)
WQS0952,,4040027940,4040027940,point in polygon,4061067580,4060027940,point in polygon,"HydroBASINS v1c standard, levels 4 and 6 (Lehner & Grill 2013)",point in polygon; nearest polygon within 1 km for points just outside (see rule columns)
WQS0953,,4040027940,4040027940,point in polygon,4061083880,4060027940,point in polygon,"HydroBASINS v1c standard, levels 4 and 6 (Lehner & Grill 2013)",point in polygon; nearest polygon within 1 km for points just outside (see rule columns)
WQS0954,,4040027940,4040027940,point in polygon,4061067500,4060027940,point in polygon,"HydroBASINS v1c standard, levels 4 and 6 (Lehner & Grill 2013)",point in polygon; nearest polygon within 1 km for points just outside (see rule columns)
WQS0955,,4040027940,4040027940,point in polygon,4061076050,4060027940,point in polygon,"HydroBASINS v1c standard, levels 4 and 6 (Lehner & Grill 2013)",point in polygon; nearest polygon within 1 km for points just outside (see rule columns)
WQS0956,,4040027780,4040027780,point in polygon,4061056740,4060027780,point in polygon,"HydroBASINS v1c standard, levels 4 and 6 (Lehner & Grill 2013)",point in polygon; nearest polygon within 1 km for points just outside (see rule columns)
WQS0957,,4040029530,4040029530,point in polygon,4061024010,4060031520,point in polygon,"HydroBASINS v1c standard, levels 4 and 6 (Lehner & Grill 2013)",point in polygon; nearest polygon within 1 km for points just outside (see rule columns)
WQS0958,,4040027940,4040027940,point in polygon,4061080660,4060027940,point in polygon,"HydroBASINS v1c standard, levels 4 and 6 (Lehner & Grill 2013)",point in polygon; nearest polygon within 1 km for points just outside (see rule columns)
WQS0959,,4040027940,4040027940,point in polygon,4061080660,4060027940,point in polygon,"HydroBASINS v1c standard, levels 4 and 6 (Lehner & Grill 2013)",point in polygon; nearest polygon within 1 km for points just outside (see rule columns)
WQS0960,,4040027780,4040027780,point in polygon,4061050730,4060027780,point in polygon,"HydroBASINS v1c standard, levels 4 and 6 (Lehner & Grill 2013)",point in polygon; nearest polygon within 1 km for points just outside (see rule columns)
WQS0961,,4040027780,4040027780,point in polygon,4061050730,4060027780,point in polygon,"HydroBASINS v1c standard, levels 4 and 6 (Lehner & Grill 2013)",point in polygon; nearest polygon within 1 km for points just outside (see rule columns)
WQS0962,,4040027780,4040027780,point in polygon,4061050730,4060027780,point in polygon,"HydroBASINS v1c standard, levels 4 and 6 (Lehner & Grill 2013)",point in polygon; nearest polygon within 1 km for points just outside (see rule columns)
WQS0963,,4040027780,4040027780,point in polygon,4061050730,4060027780,point in polygon,"HydroBASINS v1c standard, levels 4 and 6 (Lehner & Grill 2013)",point in polygon; nearest polygon within 1 km for points just outside (see rule columns)
WQS0964,,4040027780,4040027780,point in polygon,4061050730,4060027780,point in polygon,"HydroBASINS v1c standard, levels 4 and 6 (Lehner & Grill 2013)",point in polygon; nearest polygon within 1 km for points just outside (see rule columns)
WQS0965,,4040027940,4040027940,point in polygon,4061068520,4060027940,point in polygon,"HydroBASINS v1c standard, levels 4 and 6 (Lehner & Grill 2013)",point in polygon; nearest polygon within 1 km for points just outside (see rule columns)
WQS0966,,4040029530,4040029530,point in polygon,4061025600,4060031520,point in polygon,"HydroBASINS v1c standard, levels 4 and 6 (Lehner & Grill 2013)",point in polygon; nearest polygon within 1 km for points just outside (see rule columns)
WQS0967,Godavari,4040027780,4040027780,point in polygon,4061059140,4060027780,point in polygon,"HydroBASINS v1c standard, levels 4 and 6 (Lehner & Grill 2013)",point in polygon; nearest polygon within 1 km for points just outside (see rule columns)
WQS0968,Godavari,4040027780,4040027780,point in polygon,4061056630,4060027780,point in polygon,"HydroBASINS v1c standard, levels 4 and 6 (Lehner & Grill 2013)",point in polygon; nearest polygon within 1 km for points just outside (see rule columns)
WQS0969,Godavari,4040027780,4040027780,point in polygon,4061063670,4060027780,point in polygon,"HydroBASINS v1c standard, levels 4 and 6 (Lehner & Grill 2013)",point in polygon; nearest polygon within 1 km for points just outside (see rule columns)
WQS0970,Godavari,4040027780,4040027780,point in polygon,4061050730,4060027780,point in polygon,"HydroBASINS v1c standard, levels 4 and 6 (Lehner & Grill 2013)",point in polygon; nearest polygon within 1 km for points just outside (see rule columns)
WQS0972,Godavari,4040027780,4040027780,point in polygon,4061050730,4060027780,point in polygon,"HydroBASINS v1c standard, levels 4 and 6 (Lehner & Grill 2013)",point in polygon; nearest polygon within 1 km for points just outside (see rule columns)
WQS0973,,4040029530,4040029530,point in polygon,4060031520,4060031520,point in polygon,"HydroBASINS v1c standard, levels 4 and 6 (Lehner & Grill 2013)",point in polygon; nearest polygon within 1 km for points just outside (see rule columns)
WQS0974,,4040029530,4040029530,point in polygon,4061025600,4060031520,point in polygon,"HydroBASINS v1c standard, levels 4 and 6 (Lehner & Grill 2013)",point in polygon; nearest polygon within 1 km for points just outside (see rule columns)
WQS0975,,4040027940,4040027940,point in polygon,4061067500,4060027940,point in polygon,"HydroBASINS v1c standard, levels 4 and 6 (Lehner & Grill 2013)",point in polygon; nearest polygon within 1 km for points just outside (see rule columns)
WQS0976,,4040027780,4040027780,point in polygon,4061051450,4060027780,point in polygon,"HydroBASINS v1c standard, levels 4 and 6 (Lehner & Grill 2013)",point in polygon; nearest polygon within 1 km for points just outside (see rule columns)
WQS0977,Krishna,4040027940,4040027940,point in polygon,4061097120,4060027940,point in polygon,"HydroBASINS v1c standard, levels 4 and 6 (Lehner & Grill 2013)",point in polygon; nearest polygon within 1 km for points just outside (see rule columns)
WQS0978,Krishna,4040027940,4040027940,point in polygon,4061084990,4060027940,point in polygon,"HydroBASINS v1c standard, levels 4 and 6 (Lehner & Grill 2013)",point in polygon; nearest polygon within 1 km for points just outside (see rule columns)
WQS0979,Krishna,4040027940,4040027940,point in polygon,4061084990,4060027940,point in polygon,"HydroBASINS v1c standard, levels 4 and 6 (Lehner & Grill 2013)",point in polygon; nearest polygon within 1 km for points just outside (see rule columns)
WQS0981,Krishna,4040027940,4040027940,point in polygon,4061084990,4060027940,point in polygon,"HydroBASINS v1c standard, levels 4 and 6 (Lehner & Grill 2013)",point in polygon; nearest polygon within 1 km for points just outside (see rule columns)
WQS0982,Krishna,4040027940,4040027940,point in polygon,4061097120,4060027940,point in polygon,"HydroBASINS v1c standard, levels 4 and 6 (Lehner & Grill 2013)",point in polygon; nearest polygon within 1 km for points just outside (see rule columns)
WQS0984,,4040027780,4040027780,point in polygon,4061074710,4060027780,point in polygon,"HydroBASINS v1c standard, levels 4 and 6 (Lehner & Grill 2013)",point in polygon; nearest polygon within 1 km for points just outside (see rule columns)
WQS0985,,4040027780,4040027780,point in polygon,4061074710,4060027780,point in polygon,"HydroBASINS v1c standard, levels 4 and 6 (Lehner & Grill 2013)",point in polygon; nearest polygon within 1 km for points just outside (see rule columns)
WQS0986,,4040029530,4040029530,point in polygon,4061026390,4060031520,point in polygon,"HydroBASINS v1c standard, levels 4 and 6 (Lehner & Grill 2013)",point in polygon; nearest polygon within 1 km for points just outside (see rule columns)
WQS0987,,4040027940,4040027940,point in polygon,4061067580,4060027940,point in polygon,"HydroBASINS v1c standard, levels 4 and 6 (Lehner & Grill 2013)",point in polygon; nearest polygon within 1 km for points just outside (see rule columns)
WQS0988,,4040027940,4040027940,point in polygon,4061067580,4060027940,point in polygon,"HydroBASINS v1c standard, levels 4 and 6 (Lehner & Grill 2013)",point in polygon; nearest polygon within 1 km for points just outside (see rule columns)
WQS0989,,4040027940,4040027940,point in polygon,4061067580,4060027940,point in polygon,"HydroBASINS v1c standard, levels 4 and 6 (Lehner & Grill 2013)",point in polygon; nearest polygon within 1 km for points just outside (see rule columns)
WQS0991,,4040027940,4040027940,point in polygon,4061076080,4060027940,point in polygon,"HydroBASINS v1c standard, levels 4 and 6 (Lehner & Grill 2013)",point in polygon; nearest polygon within 1 km for points just outside (see rule columns)
WQS0992,,4040027940,4040027940,point in polygon,4061076080,4060027940,point in polygon,"HydroBASINS v1c standard, levels 4 and 6 (Lehner & Grill 2013)",point in polygon; nearest polygon within 1 km for points just outside (see rule columns)
WQS0993,,4040027940,4040027940,point in polygon,4061076080,4060027940,point in polygon,"HydroBASINS v1c standard, levels 4 and 6 (Lehner & Grill 2013)",point in polygon; nearest polygon within 1 km for points just outside (see rule columns)
WQS0994,,4040027940,4040027940,point in polygon,4061076080,4060027940,point in polygon,"HydroBASINS v1c standard, levels 4 and 6 (Lehner & Grill 2013)",point in polygon; nearest polygon within 1 km for points just outside (see rule columns)
WQS0995,,4040027940,4040027940,point in polygon,4061097120,4060027940,point in polygon,"HydroBASINS v1c standard, levels 4 and 6 (Lehner & Grill 2013)",point in polygon; nearest polygon within 1 km for points just outside (see rule columns)
WQS0996,,4040027940,4040027940,point in polygon,4061097120,4060027940,point in polygon,"HydroBASINS v1c standard, levels 4 and 6 (Lehner & Grill 2013)",point in polygon; nearest polygon within 1 km for points just outside (see rule columns)
WQS0997,,4040027940,4040027940,point in polygon,4061097120,4060027940,point in polygon,"HydroBASINS v1c standard, levels 4 and 6 (Lehner & Grill 2013)",point in polygon; nearest polygon within 1 km for points just outside (see rule columns)
WQS0998,,4040027940,4040027940,point in polygon,4061097120,4060027940,point in polygon,"HydroBASINS v1c standard, levels 4 and 6 (Lehner & Grill 2013)",point in polygon; nearest polygon within 1 km for points just outside (see rule columns)
WQS0999,,4040029530,4040029530,point in polygon,4061024050,4060031520,point in polygon,"HydroBASINS v1c standard, levels 4 and 6 (Lehner & Grill 2013)",point in polygon; nearest polygon within 1 km for points just outside (see rule columns)
WQS1000,,4040027940,4040027940,point in polygon,4061067580,4060027940,point in polygon,"HydroBASINS v1c standard, levels 4 and 6 (Lehner & Grill 2013)",point in polygon; nearest polygon within 1 km for points just outside (see rule columns)
WQS1001,,4040027940,4040027940,point in polygon,4061067580,4060027940,point in polygon,"HydroBASINS v1c standard, levels 4 and 6 (Lehner & Grill 2013)",point in polygon; nearest polygon within 1 km for points just outside (see rule columns)
WQS1002,,4040027940,4040027940,point in polygon,4061067580,4060027940,point in polygon,"HydroBASINS v1c standard, levels 4 and 6 (Lehner & Grill 2013)",point in polygon; nearest polygon within 1 km for points just outside (see rule columns)
WQS1004,,4040029530,4040029530,point in polygon,4061026400,4060031520,point in polygon,"HydroBASINS v1c standard, levels 4 and 6 (Lehner & Grill 2013)",point in polygon; nearest polygon within 1 km for points just outside (see rule columns)
WQS1005,Tapi,4040029530,4040029530,point in polygon,4060031520,4060031520,point in polygon,"HydroBASINS v1c standard, levels 4 and 6 (Lehner & Grill 2013)",point in polygon; nearest polygon within 1 km for points just outside (see rule columns)
WQS1006,Krishna,4040027940,4040027940,point in polygon,4061084990,4060027940,point in polygon,"HydroBASINS v1c standard, levels 4 and 6 (Lehner & Grill 2013)",point in polygon; nearest polygon within 1 km for points just outside (see rule columns)
WQS1007,,4040027940,4040027940,point in polygon,4061068510,4060027940,point in polygon,"HydroBASINS v1c standard, levels 4 and 6 (Lehner & Grill 2013)",point in polygon; nearest polygon within 1 km for points just outside (see rule columns)
WQS1008,,4040027940,4040027940,point in polygon,4061083880,4060027940,point in polygon,"HydroBASINS v1c standard, levels 4 and 6 (Lehner & Grill 2013)",point in polygon; nearest polygon within 1 km for points just outside (see rule columns)
WQS1009,,4040027940,4040027940,point in polygon,4061067580,4060027940,point in polygon,"HydroBASINS v1c standard, levels 4 and 6 (Lehner & Grill 2013)",point in polygon; nearest polygon within 1 km for points just outside (see rule columns)
WQS1011,,4040029530,4040029530,point in polygon,4061026390,4060031520,point in polygon,"HydroBASINS v1c standard, levels 4 and 6 (Lehner & Grill 2013)",point in polygon; nearest polygon within 1 km for points just outside (see rule columns)
WQS1012,,4040029530,4040029530,point in polygon,4061025600,4060031520,point in polygon,"HydroBASINS v1c standard, levels 4 and 6 (Lehner & Grill 2013)",point in polygon; nearest polygon within 1 km for points just outside (see rule columns)
WQS1014,Godavari,4040027780,4040027780,point in polygon,4061050730,4060027780,point in polygon,"HydroBASINS v1c standard, levels 4 and 6 (Lehner & Grill 2013)",point in polygon; nearest polygon within 1 km for points just outside (see rule columns)
WQS1015,Godavari,4040027780,4040027780,point in polygon,4061056630,4060027780,point in polygon,"HydroBASINS v1c standard, levels 4 and 6 (Lehner & Grill 2013)",point in polygon; nearest polygon within 1 km for points just outside (see rule columns)
WQS1016,Godavari,4040027780,4040027780,point in polygon,4061050730,4060027780,point in polygon,"HydroBASINS v1c standard, levels 4 and 6 (Lehner & Grill 2013)",point in polygon; nearest polygon within 1 km for points just outside (see rule columns)
WQS1017,Godavari,4040027780,4040027780,point in polygon,4061056630,4060027780,point in polygon,"HydroBASINS v1c standard, levels 4 and 6 (Lehner & Grill 2013)",point in polygon; nearest polygon within 1 km for points just outside (see rule columns)
WQS1018,Godavari,4040027780,4040027780,point in polygon,4061050730,4060027780,point in polygon,"HydroBASINS v1c standard, levels 4 and 6 (Lehner & Grill 2013)",point in polygon; nearest polygon within 1 km for points just outside (see rule columns)
WQS1019,Godavari,4040027780,4040027780,point in polygon,4061074710,4060027780,point in polygon,"HydroBASINS v1c standard, levels 4 and 6 (Lehner & Grill 2013)",point in polygon; nearest polygon within 1 km for points just outside (see rule columns)
WQS1020,Godavari,4040027780,4040027780,point in polygon,4061063670,4060027780,point in polygon,"HydroBASINS v1c standard, levels 4 and 6 (Lehner & Grill 2013)",point in polygon; nearest polygon within 1 km for points just outside (see rule columns)
WQS1021,Godavari,4040027780,4040027780,point in polygon,4061050730,4060027780,point in polygon,"HydroBASINS v1c standard, levels 4 and 6 (Lehner & Grill 2013)",point in polygon; nearest polygon within 1 km for points just outside (see rule columns)
WQS1022,Godavari,4040027780,4040027780,point in polygon,4061050730,4060027780,point in polygon,"HydroBASINS v1c standard, levels 4 and 6 (Lehner & Grill 2013)",point in polygon; nearest polygon within 1 km for points just outside (see rule columns)
WQS1024,Godavari,4040027780,4040027780,point in polygon,4061050730,4060027780,point in polygon,"HydroBASINS v1c standard, levels 4 and 6 (Lehner & Grill 2013)",point in polygon; nearest polygon within 1 km for points just outside (see rule columns)
WQS1025,Godavari,4040027780,4040027780,point in polygon,4061056630,4060027780,point in polygon,"HydroBASINS v1c standard, levels 4 and 6 (Lehner & Grill 2013)",point in polygon; nearest polygon within 1 km for points just outside (see rule columns)
WQS1026,Godavari,4040027780,4040027780,point in polygon,4061050730,4060027780,point in polygon,"HydroBASINS v1c standard, levels 4 and 6 (Lehner & Grill 2013)",point in polygon; nearest polygon within 1 km for points just outside (see rule columns)
WQS1027,,4040027940,4040027940,point in polygon,4061067500,4060027940,point in polygon,"HydroBASINS v1c standard, levels 4 and 6 (Lehner & Grill 2013)",point in polygon; nearest polygon within 1 km for points just outside (see rule columns)
WQS1028,,4040027940,4040027940,point in polygon,4061067500,4060027940,point in polygon,"HydroBASINS v1c standard, levels 4 and 6 (Lehner & Grill 2013)",point in polygon; nearest polygon within 1 km for points just outside (see rule columns)
WQS1029,,4040027780,4040027780,point in polygon,4061051450,4060027780,point in polygon,"HydroBASINS v1c standard, levels 4 and 6 (Lehner & Grill 2013)",point in polygon; nearest polygon within 1 km for points just outside (see rule columns)
WQS1030,,4040027780,4040027780,point in polygon,4061051450,4060027780,point in polygon,"HydroBASINS v1c standard, levels 4 and 6 (Lehner & Grill 2013)",point in polygon; nearest polygon within 1 km for points just outside (see rule columns)
WQS1031,,4040027780,4040027780,point in polygon,4061051450,4060027780,point in polygon,"HydroBASINS v1c standard, levels 4 and 6 (Lehner & Grill 2013)",point in polygon; nearest polygon within 1 km for points just outside (see rule columns)
WQS1032,,4040027940,4040027940,point in polygon,4061085090,4060027940,point in polygon,"HydroBASINS v1c standard, levels 4 and 6 (Lehner & Grill 2013)",point in polygon; nearest polygon within 1 km for points just outside (see rule columns)
WQS1033,Krishna,4040027940,4040027940,point in polygon,4061097120,4060027940,point in polygon,"HydroBASINS v1c standard, levels 4 and 6 (Lehner & Grill 2013)",point in polygon; nearest polygon within 1 km for points just outside (see rule columns)
WQS1034,Krishna,4040027940,4040027940,point in polygon,4061097120,4060027940,point in polygon,"HydroBASINS v1c standard, levels 4 and 6 (Lehner & Grill 2013)",point in polygon; nearest polygon within 1 km for points just outside (see rule columns)
WQS1035,,4040027780,4040027780,point in polygon,4061045910,4060027780,point in polygon,"HydroBASINS v1c standard, levels 4 and 6 (Lehner & Grill 2013)",point in polygon; nearest polygon within 1 km for points just outside (see rule columns)
WQS1036,,4040027940,4040027940,point in polygon,4061067580,4060027940,point in polygon,"HydroBASINS v1c standard, levels 4 and 6 (Lehner & Grill 2013)",point in polygon; nearest polygon within 1 km for points just outside (see rule columns)
WQS1037,,4040027940,4040027940,point in polygon,4061068510,4060027940,point in polygon,"HydroBASINS v1c standard, levels 4 and 6 (Lehner & Grill 2013)",point in polygon; nearest polygon within 1 km for points just outside (see rule columns)
WQS1038,,4040027940,4040027940,point in polygon,4061067580,4060027940,point in polygon,"HydroBASINS v1c standard, levels 4 and 6 (Lehner & Grill 2013)",point in polygon; nearest polygon within 1 km for points just outside (see rule columns)
WQS1039,,4040027940,4040027940,point in polygon,4061067580,4060027940,point in polygon,"HydroBASINS v1c standard, levels 4 and 6 (Lehner & Grill 2013)",point in polygon; nearest polygon within 1 km for points just outside (see rule columns)
WQS1040,,4040027940,4040027940,point in polygon,4061067580,4060027940,point in polygon,"HydroBASINS v1c standard, levels 4 and 6 (Lehner & Grill 2013)",point in polygon; nearest polygon within 1 km for points just outside (see rule columns)
WQS1041,,4040027940,4040027940,point in polygon,4061076080,4060027940,point in polygon,"HydroBASINS v1c standard, levels 4 and 6 (Lehner & Grill 2013)",point in polygon; nearest polygon within 1 km for points just outside (see rule columns)
WQS1042,,4040027940,4040027940,point in polygon,4061067580,4060027940,point in polygon,"HydroBASINS v1c standard, levels 4 and 6 (Lehner & Grill 2013)",point in polygon; nearest polygon within 1 km for points just outside (see rule columns)
WQS1043,,4040027940,4040027940,point in polygon,4061067580,4060027940,point in polygon,"HydroBASINS v1c standard, levels 4 and 6 (Lehner & Grill 2013)",point in polygon; nearest polygon within 1 km for points just outside (see rule columns)
WQS1044,,4040027940,4040027940,point in polygon,4061067580,4060027940,point in polygon,"HydroBASINS v1c standard, levels 4 and 6 (Lehner & Grill 2013)",point in polygon; nearest polygon within 1 km for points just outside (see rule columns)
WQS1045,,4040029530,4040029530,point in polygon,4061026400,4060031520,point in polygon,"HydroBASINS v1c standard, levels 4 and 6 (Lehner & Grill 2013)",point in polygon; nearest polygon within 1 km for points just outside (see rule columns)
WQS1046,,4040027780,4040027780,point in polygon,4061045960,4060027780,point in polygon,"HydroBASINS v1c standard, levels 4 and 6 (Lehner & Grill 2013)",point in polygon; nearest polygon within 1 km for points just outside (see rule columns)
WQS1048,,4040029530,4040029530,point in polygon,4061026400,4060031520,point in polygon,"HydroBASINS v1c standard, levels 4 and 6 (Lehner & Grill 2013)",point in polygon; nearest polygon within 1 km for points just outside (see rule columns)
WQS1049,,4040029530,4040029530,point in polygon,4061026400,4060031520,point in polygon,"HydroBASINS v1c standard, levels 4 and 6 (Lehner & Grill 2013)",point in polygon; nearest polygon within 1 km for points just outside (see rule columns)
WQS1050,Tapi,4040029530,4040029530,point in polygon,4061026240,4060031520,point in polygon,"HydroBASINS v1c standard, levels 4 and 6 (Lehner & Grill 2013)",point in polygon; nearest polygon within 1 km for points just outside (see rule columns)
WQS1051,Tapi,4040029530,4040029530,point in polygon,4061024010,4060031520,point in polygon,"HydroBASINS v1c standard, levels 4 and 6 (Lehner & Grill 2013)",point in polygon; nearest polygon within 1 km for points just outside (see rule columns)
WQS1052,Tapi,4040029530,4040029530,point in polygon,4060031520,4060031520,point in polygon,"HydroBASINS v1c standard, levels 4 and 6 (Lehner & Grill 2013)",point in polygon; nearest polygon within 1 km for points just outside (see rule columns)
WQS1053,Tapi,4040029530,4040029530,point in polygon,4061026390,4060031520,point in polygon,"HydroBASINS v1c standard, levels 4 and 6 (Lehner & Grill 2013)",point in polygon; nearest polygon within 1 km for points just outside (see rule columns)
WQS1054,Tapi,4040029530,4040029530,point in polygon,4060031520,4060031520,point in polygon,"HydroBASINS v1c standard, levels 4 and 6 (Lehner & Grill 2013)",point in polygon; nearest polygon within 1 km for points just outside (see rule columns)
WQS1055,,4040027780,4040027780,point in polygon,4061051450,4060027780,point in polygon,"HydroBASINS v1c standard, levels 4 and 6 (Lehner & Grill 2013)",point in polygon; nearest polygon within 1 km for points just outside (see rule columns)
WQS1057,,4040027780,4040027780,point in polygon,4061051450,4060027780,point in polygon,"HydroBASINS v1c standard, levels 4 and 6 (Lehner & Grill 2013)",point in polygon; nearest polygon within 1 km for points just outside (see rule columns)
WQS1058,,4040027780,4040027780,point in polygon,4061051450,4060027780,point in polygon,"HydroBASINS v1c standard, levels 4 and 6 (Lehner & Grill 2013)",point in polygon; nearest polygon within 1 km for points just outside (see rule columns)
WQS1059,,4040027780,4040027780,point in polygon,4061051450,4060027780,point in polygon,"HydroBASINS v1c standard, levels 4 and 6 (Lehner & Grill 2013)",point in polygon; nearest polygon within 1 km for points just outside (see rule columns)
WQS1060,,4040027780,4040027780,point in polygon,4061045970,4060027780,point in polygon,"HydroBASINS v1c standard, levels 4 and 6 (Lehner & Grill 2013)",point in polygon; nearest polygon within 1 km for points just outside (see rule columns)
WQS1061,,4040027780,4040027780,point in polygon,4061045970,4060027780,point in polygon,"HydroBASINS v1c standard, levels 4 and 6 (Lehner & Grill 2013)",point in polygon; nearest polygon within 1 km for points just outside (see rule columns)
WQS1062,,4040027780,4040027780,point in polygon,4061051540,4060027780,point in polygon,"HydroBASINS v1c standard, levels 4 and 6 (Lehner & Grill 2013)",point in polygon; nearest polygon within 1 km for points just outside (see rule columns)
WQS1063,,4040027780,4040027780,point in polygon,4061045970,4060027780,point in polygon,"HydroBASINS v1c standard, levels 4 and 6 (Lehner & Grill 2013)",point in polygon; nearest polygon within 1 km for points just outside (see rule columns)
WQS1064,,4040027780,4040027780,point in polygon,4061045970,4060027780,point in polygon,"HydroBASINS v1c standard, levels 4 and 6 (Lehner & Grill 2013)",point in polygon; nearest polygon within 1 km for points just outside (see rule columns)
WQS1065,,4040027780,4040027780,point in polygon,4061045970,4060027780,point in polygon,"HydroBASINS v1c standard, levels 4 and 6 (Lehner & Grill 2013)",point in polygon; nearest polygon within 1 km for points just outside (see rule columns)
WQS1066,,4040027940,4040027940,point in polygon,4061083890,4060027940,point in polygon,"HydroBASINS v1c standard, levels 4 and 6 (Lehner & Grill 2013)",point in polygon; nearest polygon within 1 km for points just outside (see rule columns)
WQS1067,,4040029530,4040029530,point in polygon,4061025600,4060031520,point in polygon,"HydroBASINS v1c standard, levels 4 and 6 (Lehner & Grill 2013)",point in polygon; nearest polygon within 1 km for points just outside (see rule columns)
WQS1068,,4040027940,4040027940,point in polygon,4061084990,4060027940,point in polygon,"HydroBASINS v1c standard, levels 4 and 6 (Lehner & Grill 2013)",point in polygon; nearest polygon within 1 km for points just outside (see rule columns)
WQS1069,,4040027940,4040027940,point in polygon,4061067500,4060027940,point in polygon,"HydroBASINS v1c standard, levels 4 and 6 (Lehner & Grill 2013)",point in polygon; nearest polygon within 1 km for points just outside (see rule columns)
WQS1070,,4040027940,4040027940,point in polygon,4061084990,4060027940,point in polygon,"HydroBASINS v1c standard, levels 4 and 6 (Lehner & Grill 2013)",point in polygon; nearest polygon within 1 km for points just outside (see rule columns)
WQS1071,,4040027940,4040027940,point in polygon,4061084990,4060027940,point in polygon,"HydroBASINS v1c standard, levels 4 and 6 (Lehner & Grill 2013)",point in polygon; nearest polygon within 1 km for points just outside (see rule columns)
WQS1072,,4040027940,4040027940,point in polygon,4061084990,4060027940,point in polygon,"HydroBASINS v1c standard, levels 4 and 6 (Lehner & Grill 2013)",point in polygon; nearest polygon within 1 km for points just outside (see rule columns)
WQS1073,,4040029530,4040029530,point in polygon,4061025510,4060031520,point in polygon,"HydroBASINS v1c standard, levels 4 and 6 (Lehner & Grill 2013)",point in polygon; nearest polygon within 1 km for points just outside (see rule columns)
WQS1074,,4040027780,4040027780,point in polygon,4061051450,4060027780,point in polygon,"HydroBASINS v1c standard, levels 4 and 6 (Lehner & Grill 2013)",point in polygon; nearest polygon within 1 km for points just outside (see rule columns)
WQS1075,,4040027780,4040027780,point in polygon,4061051450,4060027780,point in polygon,"HydroBASINS v1c standard, levels 4 and 6 (Lehner & Grill 2013)",point in polygon; nearest polygon within 1 km for points just outside (see rule columns)
WQS1076,,4040027780,4040027780,point in polygon,4061051540,4060027780,point in polygon,"HydroBASINS v1c standard, levels 4 and 6 (Lehner & Grill 2013)",point in polygon; nearest polygon within 1 km for points just outside (see rule columns)
WQS1077,,4040027780,4040027780,point in polygon,4061045970,4060027780,point in polygon,"HydroBASINS v1c standard, levels 4 and 6 (Lehner & Grill 2013)",point in polygon; nearest polygon within 1 km for points just outside (see rule columns)
WQS1078,,4040027780,4040027780,point in polygon,4061045970,4060027780,point in polygon,"HydroBASINS v1c standard, levels 4 and 6 (Lehner & Grill 2013)",point in polygon; nearest polygon within 1 km for points just outside (see rule columns)
WQS1079,,4040975160,4040025450,point in polygon,4060947390,4060025450,point in polygon,"HydroBASINS v1c standard, levels 4 and 6 (Lehner & Grill 2013)",point in polygon; nearest polygon within 1 km for points just outside (see rule columns)
WQS1080,,4040975160,4040025450,point in polygon,4060947390,4060025450,point in polygon,"HydroBASINS v1c standard, levels 4 and 6 (Lehner & Grill 2013)",point in polygon; nearest polygon within 1 km for points just outside (see rule columns)
WQS1097,,4040023810,4040023810,point in polygon,4060977220,4060023810,point in polygon,"HydroBASINS v1c standard, levels 4 and 6 (Lehner & Grill 2013)",point in polygon; nearest polygon within 1 km for points just outside (see rule columns)
WQS1098,,4040023810,4040023810,point in polygon,4060977220,4060023810,point in polygon,"HydroBASINS v1c standard, levels 4 and 6 (Lehner & Grill 2013)",point in polygon; nearest polygon within 1 km for points just outside (see rule columns)
WQS1099,,4040023810,4040023810,point in polygon,4060977220,4060023810,point in polygon,"HydroBASINS v1c standard, levels 4 and 6 (Lehner & Grill 2013)",point in polygon; nearest polygon within 1 km for points just outside (see rule columns)
WQS1103,,4040975160,4040025450,point in polygon,4060947390,4060025450,point in polygon,"HydroBASINS v1c standard, levels 4 and 6 (Lehner & Grill 2013)",point in polygon; nearest polygon within 1 km for points just outside (see rule columns)
WQS1109,,4040975160,4040025450,point in polygon,4060947390,4060025450,point in polygon,"HydroBASINS v1c standard, levels 4 and 6 (Lehner & Grill 2013)",point in polygon; nearest polygon within 1 km for points just outside (see rule columns)
WQS1111,,4040023810,4040023810,point in polygon,4060977220,4060023810,point in polygon,"HydroBASINS v1c standard, levels 4 and 6 (Lehner & Grill 2013)",point in polygon; nearest polygon within 1 km for points just outside (see rule columns)
WQS1120,,4040975160,4040025450,point in polygon,4060947390,4060025450,point in polygon,"HydroBASINS v1c standard, levels 4 and 6 (Lehner & Grill 2013)",point in polygon; nearest polygon within 1 km for points just outside (see rule columns)
WQS1121,,4040975160,4040025450,point in polygon,4060949680,4060025450,point in polygon,"HydroBASINS v1c standard, levels 4 and 6 (Lehner & Grill 2013)",point in polygon; nearest polygon within 1 km for points just outside (see rule columns)
WQS1122,,4040960200,4040025450,point in polygon,4060900680,4060025450,point in polygon,"HydroBASINS v1c standard, levels 4 and 6 (Lehner & Grill 2013)",point in polygon; nearest polygon within 1 km for points just outside (see rule columns)
WQS1124,,4040975160,4040025450,point in polygon,4060949680,4060025450,point in polygon,"HydroBASINS v1c standard, levels 4 and 6 (Lehner & Grill 2013)",point in polygon; nearest polygon within 1 km for points just outside (see rule columns)
WQS1125,,4040960200,4040025450,point in polygon,4060900680,4060025450,point in polygon,"HydroBASINS v1c standard, levels 4 and 6 (Lehner & Grill 2013)",point in polygon; nearest polygon within 1 km for points just outside (see rule columns)
WQS1126,,4040960200,4040025450,point in polygon,4060900680,4060025450,point in polygon,"HydroBASINS v1c standard, levels 4 and 6 (Lehner & Grill 2013)",point in polygon; nearest polygon within 1 km for points just outside (see rule columns)
WQS1129,,4040975160,4040025450,point in polygon,4060949680,4060025450,point in polygon,"HydroBASINS v1c standard, levels 4 and 6 (Lehner & Grill 2013)",point in polygon; nearest polygon within 1 km for points just outside (see rule columns)
WQS1130,,4040975160,4040025450,point in polygon,4060949680,4060025450,point in polygon,"HydroBASINS v1c standard, levels 4 and 6 (Lehner & Grill 2013)",point in polygon; nearest polygon within 1 km for points just outside (see rule columns)
WQS1131,,4040960200,4040025450,point in polygon,4060884570,4060025450,point in polygon,"HydroBASINS v1c standard, levels 4 and 6 (Lehner & Grill 2013)",point in polygon; nearest polygon within 1 km for points just outside (see rule columns)
WQS1132,,4040960200,4040025450,point in polygon,4060884570,4060025450,point in polygon,"HydroBASINS v1c standard, levels 4 and 6 (Lehner & Grill 2013)",point in polygon; nearest polygon within 1 km for points just outside (see rule columns)
WQS1133,,4040960200,4040025450,point in polygon,4060884570,4060025450,point in polygon,"HydroBASINS v1c standard, levels 4 and 6 (Lehner & Grill 2013)",point in polygon; nearest polygon within 1 km for points just outside (see rule columns)
WQS1134,,4040975160,4040025450,point in polygon,4060949680,4060025450,point in polygon,"HydroBASINS v1c standard, levels 4 and 6 (Lehner & Grill 2013)",point in polygon; nearest polygon within 1 km for points just outside (see rule columns)
WQS1135,,4040975160,4040025450,point in polygon,4060949680,4060025450,point in polygon,"HydroBASINS v1c standard, levels 4 and 6 (Lehner & Grill 2013)",point in polygon; nearest polygon within 1 km for points just outside (see rule columns)
WQS1136,,4040975160,4040025450,point in polygon,4060949680,4060025450,point in polygon,"HydroBASINS v1c standard, levels 4 and 6 (Lehner & Grill 2013)",point in polygon; nearest polygon within 1 km for points just outside (see rule columns)
WQS1137,,4040960200,4040025450,point in polygon,4060884570,4060025450,point in polygon,"HydroBASINS v1c standard, levels 4 and 6 (Lehner & Grill 2013)",point in polygon; nearest polygon within 1 km for points just outside (see rule columns)
WQS1138,,4040975160,4040025450,point in polygon,4060949680,4060025450,point in polygon,"HydroBASINS v1c standard, levels 4 and 6 (Lehner & Grill 2013)",point in polygon; nearest polygon within 1 km for points just outside (see rule columns)
WQS1139,,4040975160,4040025450,point in polygon,4060949680,4060025450,point in polygon,"HydroBASINS v1c standard, levels 4 and 6 (Lehner & Grill 2013)",point in polygon; nearest polygon within 1 km for points just outside (see rule columns)
WQS1140,,4040975160,4040025450,point in polygon,4060949680,4060025450,point in polygon,"HydroBASINS v1c standard, levels 4 and 6 (Lehner & Grill 2013)",point in polygon; nearest polygon within 1 km for points just outside (see rule columns)
WQS1142,,4040975160,4040025450,point in polygon,4060949680,4060025450,point in polygon,"HydroBASINS v1c standard, levels 4 and 6 (Lehner & Grill 2013)",point in polygon; nearest polygon within 1 km for points just outside (see rule columns)
WQS1143,,4040975160,4040025450,point in polygon,4060949680,4060025450,point in polygon,"HydroBASINS v1c standard, levels 4 and 6 (Lehner & Grill 2013)",point in polygon; nearest polygon within 1 km for points just outside (see rule columns)
WQS1144,,4040960200,4040025450,point in polygon,4060884570,4060025450,point in polygon,"HydroBASINS v1c standard, levels 4 and 6 (Lehner & Grill 2013)",point in polygon; nearest polygon within 1 km for points just outside (see rule columns)
WQS1145,,4040960200,4040025450,point in polygon,4060884570,4060025450,point in polygon,"HydroBASINS v1c standard, levels 4 and 6 (Lehner & Grill 2013)",point in polygon; nearest polygon within 1 km for points just outside (see rule columns)
WQS1146,,4040975160,4040025450,point in polygon,4060949680,4060025450,point in polygon,"HydroBASINS v1c standard, levels 4 and 6 (Lehner & Grill 2013)",point in polygon; nearest polygon within 1 km for points just outside (see rule columns)
WQS1147,,4040975160,4040025450,point in polygon,4060949680,4060025450,point in polygon,"HydroBASINS v1c standard, levels 4 and 6 (Lehner & Grill 2013)",point in polygon; nearest polygon within 1 km for points just outside (see rule columns)
WQS1148,,4040975160,4040025450,point in polygon,4060949680,4060025450,point in polygon,"HydroBASINS v1c standard, levels 4 and 6 (Lehner & Grill 2013)",point in polygon; nearest polygon within 1 km for points just outside (see rule columns)
WQS1149,,4040975160,4040025450,point in polygon,4060949680,4060025450,point in polygon,"HydroBASINS v1c standard, levels 4 and 6 (Lehner & Grill 2013)",point in polygon; nearest polygon within 1 km for points just outside (see rule columns)
WQS1150,,4040975160,4040025450,point in polygon,4060949680,4060025450,point in polygon,"HydroBASINS v1c standard, levels 4 and 6 (Lehner & Grill 2013)",point in polygon; nearest polygon within 1 km for points just outside (see rule columns)
WQS1151,,4040975160,4040025450,point in polygon,4060949680,4060025450,point in polygon,"HydroBASINS v1c standard, levels 4 and 6 (Lehner & Grill 2013)",point in polygon; nearest polygon within 1 km for points just outside (see rule columns)
WQS1152,,4040975160,4040025450,point in polygon,4060949680,4060025450,point in polygon,"HydroBASINS v1c standard, levels 4 and 6 (Lehner & Grill 2013)",point in polygon; nearest polygon within 1 km for points just outside (see rule columns)
WQS1153,,4040975160,4040025450,point in polygon,4060949680,4060025450,point in polygon,"HydroBASINS v1c standard, levels 4 and 6 (Lehner & Grill 2013)",point in polygon; nearest polygon within 1 km for points just outside (see rule columns)
WQS1154,,4040975160,4040025450,point in polygon,4060949680,4060025450,point in polygon,"HydroBASINS v1c standard, levels 4 and 6 (Lehner & Grill 2013)",point in polygon; nearest polygon within 1 km for points just outside (see rule columns)
WQS1155,,4040975160,4040025450,point in polygon,4060949680,4060025450,point in polygon,"HydroBASINS v1c standard, levels 4 and 6 (Lehner & Grill 2013)",point in polygon; nearest polygon within 1 km for points just outside (see rule columns)
WQS1156,,4040975160,4040025450,point in polygon,4060949680,4060025450,point in polygon,"HydroBASINS v1c standard, levels 4 and 6 (Lehner & Grill 2013)",point in polygon; nearest polygon within 1 km for points just outside (see rule columns)
WQS1157,,4040975160,4040025450,point in polygon,4060949680,4060025450,point in polygon,"HydroBASINS v1c standard, levels 4 and 6 (Lehner & Grill 2013)",point in polygon; nearest polygon within 1 km for points just outside (see rule columns)
WQS1158,,4040975160,4040025450,point in polygon,4060949680,4060025450,point in polygon,"HydroBASINS v1c standard, levels 4 and 6 (Lehner & Grill 2013)",point in polygon; nearest polygon within 1 km for points just outside (see rule columns)
WQS1163,,4040960200,4040025450,point in polygon,4060884570,4060025450,point in polygon,"HydroBASINS v1c standard, levels 4 and 6 (Lehner & Grill 2013)",point in polygon; nearest polygon within 1 km for points just outside (see rule columns)
WQS1164,,4040960200,4040025450,point in polygon,4060884570,4060025450,point in polygon,"HydroBASINS v1c standard, levels 4 and 6 (Lehner & Grill 2013)",point in polygon; nearest polygon within 1 km for points just outside (see rule columns)
WQS1165,,4040960200,4040025450,point in polygon,4060884570,4060025450,point in polygon,"HydroBASINS v1c standard, levels 4 and 6 (Lehner & Grill 2013)",point in polygon; nearest polygon within 1 km for points just outside (see rule columns)
WQS1166,,4040960200,4040025450,point in polygon,4060884570,4060025450,point in polygon,"HydroBASINS v1c standard, levels 4 and 6 (Lehner & Grill 2013)",point in polygon; nearest polygon within 1 km for points just outside (see rule columns)
WQS1167,,4040960200,4040025450,point in polygon,4060884570,4060025450,point in polygon,"HydroBASINS v1c standard, levels 4 and 6 (Lehner & Grill 2013)",point in polygon; nearest polygon within 1 km for points just outside (see rule columns)
WQS1168,,4040960200,4040025450,point in polygon,4060884570,4060025450,point in polygon,"HydroBASINS v1c standard, levels 4 and 6 (Lehner & Grill 2013)",point in polygon; nearest polygon within 1 km for points just outside (see rule columns)
WQS1169,,4040960200,4040025450,point in polygon,4060884570,4060025450,point in polygon,"HydroBASINS v1c standard, levels 4 and 6 (Lehner & Grill 2013)",point in polygon; nearest polygon within 1 km for points just outside (see rule columns)
WQS1170,,4040960200,4040025450,point in polygon,4060884570,4060025450,point in polygon,"HydroBASINS v1c standard, levels 4 and 6 (Lehner & Grill 2013)",point in polygon; nearest polygon within 1 km for points just outside (see rule columns)
WQS1171,,4040975160,4040025450,point in polygon,4060949680,4060025450,point in polygon,"HydroBASINS v1c standard, levels 4 and 6 (Lehner & Grill 2013)",point in polygon; nearest polygon within 1 km for points just outside (see rule columns)
WQS1172,,4040975160,4040025450,point in polygon,4060949680,4060025450,point in polygon,"HydroBASINS v1c standard, levels 4 and 6 (Lehner & Grill 2013)",point in polygon; nearest polygon within 1 km for points just outside (see rule columns)
WQS1173,,4040975160,4040025450,point in polygon,4060949680,4060025450,point in polygon,"HydroBASINS v1c standard, levels 4 and 6 (Lehner & Grill 2013)",point in polygon; nearest polygon within 1 km for points just outside (see rule columns)
WQS1174,,4040975160,4040025450,point in polygon,4060949680,4060025450,point in polygon,"HydroBASINS v1c standard, levels 4 and 6 (Lehner & Grill 2013)",point in polygon; nearest polygon within 1 km for points just outside (see rule columns)
WQS1175,,4040960200,4040025450,point in polygon,4060884570,4060025450,point in polygon,"HydroBASINS v1c standard, levels 4 and 6 (Lehner & Grill 2013)",point in polygon; nearest polygon within 1 km for points just outside (see rule columns)
WQS1176,,4040960200,4040025450,point in polygon,4060884570,4060025450,point in polygon,"HydroBASINS v1c standard, levels 4 and 6 (Lehner & Grill 2013)",point in polygon; nearest polygon within 1 km for points just outside (see rule columns)
WQS1177,,4040960200,4040025450,point in polygon,4060884570,4060025450,point in polygon,"HydroBASINS v1c standard, levels 4 and 6 (Lehner & Grill 2013)",point in polygon; nearest polygon within 1 km for points just outside (see rule columns)
WQS1180,,4040975160,4040025450,point in polygon,4060949680,4060025450,point in polygon,"HydroBASINS v1c standard, levels 4 and 6 (Lehner & Grill 2013)",point in polygon; nearest polygon within 1 km for points just outside (see rule columns)
WQS1181,,4040975160,4040025450,point in polygon,4060949680,4060025450,point in polygon,"HydroBASINS v1c standard, levels 4 and 6 (Lehner & Grill 2013)",point in polygon; nearest polygon within 1 km for points just outside (see rule columns)
WQS1182,,4040975160,4040025450,point in polygon,4060949680,4060025450,point in polygon,"HydroBASINS v1c standard, levels 4 and 6 (Lehner & Grill 2013)",point in polygon; nearest polygon within 1 km for points just outside (see rule columns)
WQS1183,,4040975160,4040025450,point in polygon,4060949680,4060025450,point in polygon,"HydroBASINS v1c standard, levels 4 and 6 (Lehner & Grill 2013)",point in polygon; nearest polygon within 1 km for points just outside (see rule columns)
WQS1184,,4040975160,4040025450,point in polygon,4060949680,4060025450,point in polygon,"HydroBASINS v1c standard, levels 4 and 6 (Lehner & Grill 2013)",point in polygon; nearest polygon within 1 km for points just outside (see rule columns)
WQS1186,,4040975160,4040025450,point in polygon,4060929740,4060025450,point in polygon,"HydroBASINS v1c standard, levels 4 and 6 (Lehner & Grill 2013)",point in polygon; nearest polygon within 1 km for points just outside (see rule columns)
WQS1187,,4040024190,4040024190,point in polygon,4060024890,4060024890,point in polygon,"HydroBASINS v1c standard, levels 4 and 6 (Lehner & Grill 2013)",point in polygon; nearest polygon within 1 km for points just outside (see rule columns)
WQS1188,,4040975160,4040025450,point in polygon,4060929440,4060025450,point in polygon,"HydroBASINS v1c standard, levels 4 and 6 (Lehner & Grill 2013)",point in polygon; nearest polygon within 1 km for points just outside (see rule columns)
WQS1193,,4040975160,4040025450,point in polygon,4060929740,4060025450,point in polygon,"HydroBASINS v1c standard, levels 4 and 6 (Lehner & Grill 2013)",point in polygon; nearest polygon within 1 km for points just outside (see rule columns)
WQS1199,,4040975160,4040025450,point in polygon,4060929440,4060025450,point in polygon,"HydroBASINS v1c standard, levels 4 and 6 (Lehner & Grill 2013)",point in polygon; nearest polygon within 1 km for points just outside (see rule columns)
WQS1201,,4040024190,4040024190,point in polygon,4060024890,4060024890,point in polygon,"HydroBASINS v1c standard, levels 4 and 6 (Lehner & Grill 2013)",point in polygon; nearest polygon within 1 km for points just outside (see rule columns)
WQS1205,,4040975160,4040025450,point in polygon,4060929440,4060025450,point in polygon,"HydroBASINS v1c standard, levels 4 and 6 (Lehner & Grill 2013)",point in polygon; nearest polygon within 1 km for points just outside (see rule columns)
WQS1206,,4040024190,4040024190,point in polygon,4060025260,4060025260,point in polygon,"HydroBASINS v1c standard, levels 4 and 6 (Lehner & Grill 2013)",point in polygon; nearest polygon within 1 km for points just outside (see rule columns)
WQS1207,,4040024190,4040024190,point in polygon,4060024890,4060024890,point in polygon,"HydroBASINS v1c standard, levels 4 and 6 (Lehner & Grill 2013)",point in polygon; nearest polygon within 1 km for points just outside (see rule columns)
WQS1208,,4040975160,4040025450,point in polygon,4060929740,4060025450,point in polygon,"HydroBASINS v1c standard, levels 4 and 6 (Lehner & Grill 2013)",point in polygon; nearest polygon within 1 km for points just outside (see rule columns)
WQS1210,,4040975160,4040025450,point in polygon,4060929440,4060025450,point in polygon,"HydroBASINS v1c standard, levels 4 and 6 (Lehner & Grill 2013)",point in polygon; nearest polygon within 1 km for points just outside (see rule columns)
WQS1211,,4040975160,4040025450,point in polygon,4060929740,4060025450,point in polygon,"HydroBASINS v1c standard, levels 4 and 6 (Lehner & Grill 2013)",point in polygon; nearest polygon within 1 km for points just outside (see rule columns)
WQS1212,,4040975160,4040025450,point in polygon,4060929740,4060025450,point in polygon,"HydroBASINS v1c standard, levels 4 and 6 (Lehner & Grill 2013)",point in polygon; nearest polygon within 1 km for points just outside (see rule columns)
WQS1213,,4040024190,4040024190,point in polygon,4060024890,4060024890,point in polygon,"HydroBASINS v1c standard, levels 4 and 6 (Lehner & Grill 2013)",point in polygon; nearest polygon within 1 km for points just outside (see rule columns)
WQS1215,,4040975160,4040025450,point in polygon,4060929740,4060025450,point in polygon,"HydroBASINS v1c standard, levels 4 and 6 (Lehner & Grill 2013)",point in polygon; nearest polygon within 1 km for points just outside (see rule columns)
WQS1216,,4040975160,4040025450,point in polygon,4060929740,4060025450,point in polygon,"HydroBASINS v1c standard, levels 4 and 6 (Lehner & Grill 2013)",point in polygon; nearest polygon within 1 km for points just outside (see rule columns)
WQS1217,,4040975160,4040025450,point in polygon,4060929740,4060025450,point in polygon,"HydroBASINS v1c standard, levels 4 and 6 (Lehner & Grill 2013)",point in polygon; nearest polygon within 1 km for points just outside (see rule columns)
WQS1218,,4040024190,4040024190,point in polygon,4060024890,4060024890,point in polygon,"HydroBASINS v1c standard, levels 4 and 6 (Lehner & Grill 2013)",point in polygon; nearest polygon within 1 km for points just outside (see rule columns)
WQS1219,,4040975160,4040025450,point in polygon,4060929740,4060025450,point in polygon,"HydroBASINS v1c standard, levels 4 and 6 (Lehner & Grill 2013)",point in polygon; nearest polygon within 1 km for points just outside (see rule columns)
WQS1220,,4040975160,4040025450,point in polygon,4060929740,4060025450,point in polygon,"HydroBASINS v1c standard, levels 4 and 6 (Lehner & Grill 2013)",point in polygon; nearest polygon within 1 km for points just outside (see rule columns)
WQS1221,,4040975160,4040025450,point in polygon,4060929740,4060025450,point in polygon,"HydroBASINS v1c standard, levels 4 and 6 (Lehner & Grill 2013)",point in polygon; nearest polygon within 1 km for points just outside (see rule columns)
WQS1222,,4040975160,4040025450,point in polygon,4060929440,4060025450,point in polygon,"HydroBASINS v1c standard, levels 4 and 6 (Lehner & Grill 2013)",point in polygon; nearest polygon within 1 km for points just outside (see rule columns)
WQS1223,,4040975160,4040025450,point in polygon,4060929740,4060025450,point in polygon,"HydroBASINS v1c standard, levels 4 and 6 (Lehner & Grill 2013)",point in polygon; nearest polygon within 1 km for points just outside (see rule columns)
WQS1224,,4040024190,4040024190,point in polygon,4060024890,4060024890,point in polygon,"HydroBASINS v1c standard, levels 4 and 6 (Lehner & Grill 2013)",point in polygon; nearest polygon within 1 km for points just outside (see rule columns)
WQS1225,,4040024190,4040024190,point in polygon,4060024890,4060024890,point in polygon,"HydroBASINS v1c standard, levels 4 and 6 (Lehner & Grill 2013)",point in polygon; nearest polygon within 1 km for points just outside (see rule columns)
WQS1226,,4040975160,4040025450,point in polygon,4060929440,4060025450,point in polygon,"HydroBASINS v1c standard, levels 4 and 6 (Lehner & Grill 2013)",point in polygon; nearest polygon within 1 km for points just outside (see rule columns)
WQS1228,,4040975160,4040025450,point in polygon,4060929440,4060025450,point in polygon,"HydroBASINS v1c standard, levels 4 and 6 (Lehner & Grill 2013)",point in polygon; nearest polygon within 1 km for points just outside (see rule columns)
WQS1230,,4040975160,4040025450,point in polygon,4060929440,4060025450,point in polygon,"HydroBASINS v1c standard, levels 4 and 6 (Lehner & Grill 2013)",point in polygon; nearest polygon within 1 km for points just outside (see rule columns)
WQS1233,,4040975160,4040025450,point in polygon,4060929740,4060025450,point in polygon,"HydroBASINS v1c standard, levels 4 and 6 (Lehner & Grill 2013)",point in polygon; nearest polygon within 1 km for points just outside (see rule columns)
WQS1235,,4040975160,4040025450,point in polygon,4060929740,4060025450,point in polygon,"HydroBASINS v1c standard, levels 4 and 6 (Lehner & Grill 2013)",point in polygon; nearest polygon within 1 km for points just outside (see rule columns)
WQS1236,,4040975160,4040025450,point in polygon,4060929740,4060025450,point in polygon,"HydroBASINS v1c standard, levels 4 and 6 (Lehner & Grill 2013)",point in polygon; nearest polygon within 1 km for points just outside (see rule columns)
WQS1237,,4040024190,4040024190,point in polygon,4060024890,4060024890,point in polygon,"HydroBASINS v1c standard, levels 4 and 6 (Lehner & Grill 2013)",point in polygon; nearest polygon within 1 km for points just outside (see rule columns)
WQS1238,,4040975160,4040025450,point in polygon,4060929440,4060025450,point in polygon,"HydroBASINS v1c standard, levels 4 and 6 (Lehner & Grill 2013)",point in polygon; nearest polygon within 1 km for points just outside (see rule columns)
WQS1244,,4040024190,4040024190,point in polygon,4060024890,4060024890,point in polygon,"HydroBASINS v1c standard, levels 4 and 6 (Lehner & Grill 2013)",point in polygon; nearest polygon within 1 km for points just outside (see rule columns)
WQS1245,,4040024190,4040024190,point in polygon,4060024890,4060024890,point in polygon,"HydroBASINS v1c standard, levels 4 and 6 (Lehner & Grill 2013)",point in polygon; nearest polygon within 1 km for points just outside (see rule columns)
WQS1246,,4040024190,4040024190,point in polygon,4060024890,4060024890,point in polygon,"HydroBASINS v1c standard, levels 4 and 6 (Lehner & Grill 2013)",point in polygon; nearest polygon within 1 km for points just outside (see rule columns)
WQS1247,,4040975160,4040025450,point in polygon,4060929740,4060025450,point in polygon,"HydroBASINS v1c standard, levels 4 and 6 (Lehner & Grill 2013)",point in polygon; nearest polygon within 1 km for points just outside (see rule columns)
WQS1248,,4040024190,4040024190,point in polygon,4060024890,4060024890,point in polygon,"HydroBASINS v1c standard, levels 4 and 6 (Lehner & Grill 2013)",point in polygon; nearest polygon within 1 km for points just outside (see rule columns)
WQS1249,,4040975160,4040025450,point in polygon,4060929440,4060025450,point in polygon,"HydroBASINS v1c standard, levels 4 and 6 (Lehner & Grill 2013)",point in polygon; nearest polygon within 1 km for points just outside (see rule columns)
WQS1250,,4040975160,4040025450,point in polygon,4060929440,4060025450,point in polygon,"HydroBASINS v1c standard, levels 4 and 6 (Lehner & Grill 2013)",point in polygon; nearest polygon within 1 km for points just outside (see rule columns)
WQS1251,,4040975160,4040025450,point in polygon,4060929440,4060025450,point in polygon,"HydroBASINS v1c standard, levels 4 and 6 (Lehner & Grill 2013)",point in polygon; nearest polygon within 1 km for points just outside (see rule columns)
WQS1252,,4040975160,4040025450,point in polygon,4060929440,4060025450,point in polygon,"HydroBASINS v1c standard, levels 4 and 6 (Lehner & Grill 2013)",point in polygon; nearest polygon within 1 km for points just outside (see rule columns)
WQS1257,,4040975160,4040025450,point in polygon,4060929740,4060025450,point in polygon,"HydroBASINS v1c standard, levels 4 and 6 (Lehner & Grill 2013)",point in polygon; nearest polygon within 1 km for points just outside (see rule columns)
WQS1258,Brahmaputra,4040960200,4040025450,point in polygon,4060870190,4060025450,point in polygon,"HydroBASINS v1c standard, levels 4 and 6 (Lehner & Grill 2013)",point in polygon; nearest polygon within 1 km for points just outside (see rule columns)
WQS1259,,4040960200,4040025450,point in polygon,4060870190,4060025450,point in polygon,"HydroBASINS v1c standard, levels 4 and 6 (Lehner & Grill 2013)",point in polygon; nearest polygon within 1 km for points just outside (see rule columns)
WQS1260,Brahmaputra,4040960200,4040025450,point in polygon,4060870190,4060025450,point in polygon,"HydroBASINS v1c standard, levels 4 and 6 (Lehner & Grill 2013)",point in polygon; nearest polygon within 1 km for points just outside (see rule columns)
WQS1261,Brahmaputra,4040960200,4040025450,point in polygon,4060870190,4060025450,point in polygon,"HydroBASINS v1c standard, levels 4 and 6 (Lehner & Grill 2013)",point in polygon; nearest polygon within 1 km for points just outside (see rule columns)
WQS1262,Brahmaputra,4040960200,4040025450,point in polygon,4060870190,4060025450,point in polygon,"HydroBASINS v1c standard, levels 4 and 6 (Lehner & Grill 2013)",point in polygon; nearest polygon within 1 km for points just outside (see rule columns)
WQS1263,Brahmaputra,4040960200,4040025450,point in polygon,4060870190,4060025450,point in polygon,"HydroBASINS v1c standard, levels 4 and 6 (Lehner & Grill 2013)",point in polygon; nearest polygon within 1 km for points just outside (see rule columns)
WQS1264,Brahmaputra,4040960200,4040025450,point in polygon,4060870190,4060025450,point in polygon,"HydroBASINS v1c standard, levels 4 and 6 (Lehner & Grill 2013)",point in polygon; nearest polygon within 1 km for points just outside (see rule columns)
WQS1266,,4040960200,4040025450,point in polygon,4060870190,4060025450,point in polygon,"HydroBASINS v1c standard, levels 4 and 6 (Lehner & Grill 2013)",point in polygon; nearest polygon within 1 km for points just outside (see rule columns)
WQS1268,,4040960200,4040025450,point in polygon,4060870190,4060025450,point in polygon,"HydroBASINS v1c standard, levels 4 and 6 (Lehner & Grill 2013)",point in polygon; nearest polygon within 1 km for points just outside (see rule columns)
WQS1270,,4040960200,4040025450,point in polygon,4060870190,4060025450,point in polygon,"HydroBASINS v1c standard, levels 4 and 6 (Lehner & Grill 2013)",point in polygon; nearest polygon within 1 km for points just outside (see rule columns)
WQS1271,,4040960200,4040025450,point in polygon,4060870190,4060025450,point in polygon,"HydroBASINS v1c standard, levels 4 and 6 (Lehner & Grill 2013)",point in polygon; nearest polygon within 1 km for points just outside (see rule columns)
WQS1272,,4040960200,4040025450,point in polygon,4060870190,4060025450,point in polygon,"HydroBASINS v1c standard, levels 4 and 6 (Lehner & Grill 2013)",point in polygon; nearest polygon within 1 km for points just outside (see rule columns)
WQS1273,,4040960200,4040025450,point in polygon,4060870190,4060025450,point in polygon,"HydroBASINS v1c standard, levels 4 and 6 (Lehner & Grill 2013)",point in polygon; nearest polygon within 1 km for points just outside (see rule columns)
WQS1274,,4040960200,4040025450,point in polygon,4060870190,4060025450,point in polygon,"HydroBASINS v1c standard, levels 4 and 6 (Lehner & Grill 2013)",point in polygon; nearest polygon within 1 km for points just outside (see rule columns)
WQS1275,Brahmaputra,4040960200,4040025450,point in polygon,4060870190,4060025450,point in polygon,"HydroBASINS v1c standard, levels 4 and 6 (Lehner & Grill 2013)",point in polygon; nearest polygon within 1 km for points just outside (see rule columns)
WQS1276,,4040960200,4040025450,point in polygon,4060870190,4060025450,point in polygon,"HydroBASINS v1c standard, levels 4 and 6 (Lehner & Grill 2013)",point in polygon; nearest polygon within 1 km for points just outside (see rule columns)
WQS1277,,4040960200,4040025450,point in polygon,4060870190,4060025450,point in polygon,"HydroBASINS v1c standard, levels 4 and 6 (Lehner & Grill 2013)",point in polygon; nearest polygon within 1 km for points just outside (see rule columns)
WQS1278,,4040865930,4040025450,point in polygon,4060865930,4060025450,point in polygon,"HydroBASINS v1c standard, levels 4 and 6 (Lehner & Grill 2013)",point in polygon; nearest polygon within 1 km for points just outside (see rule columns)
WQS1279,,4040865930,4040025450,point in polygon,4060865930,4060025450,point in polygon,"HydroBASINS v1c standard, levels 4 and 6 (Lehner & Grill 2013)",point in polygon; nearest polygon within 1 km for points just outside (see rule columns)
WQS1280,,4040960200,4040025450,point in polygon,4060870190,4060025450,point in polygon,"HydroBASINS v1c standard, levels 4 and 6 (Lehner & Grill 2013)",point in polygon; nearest polygon within 1 km for points just outside (see rule columns)
WQS1290,,4040025460,4040025460,point in polygon,4060026830,4060026830,point in polygon,"HydroBASINS v1c standard, levels 4 and 6 (Lehner & Grill 2013)",point in polygon; nearest polygon within 1 km for points just outside (see rule columns)
WQS1351,,4040025460,4040025460,point in polygon,4060026830,4060026830,point in polygon,"HydroBASINS v1c standard, levels 4 and 6 (Lehner & Grill 2013)",point in polygon; nearest polygon within 1 km for points just outside (see rule columns)
WQS1412,Subarnarekha,4040025460,4040025460,point in polygon,4060026820,4060026820,point in polygon,"HydroBASINS v1c standard, levels 4 and 6 (Lehner & Grill 2013)",point in polygon; nearest polygon within 1 km for points just outside (see rule columns)
WQS1421,Subarnarekha,4040025460,4040025460,point in polygon,4060026830,4060026830,point in polygon,"HydroBASINS v1c standard, levels 4 and 6 (Lehner & Grill 2013)",point in polygon; nearest polygon within 1 km for points just outside (see rule columns)
WQS1424,,4040028770,4040028770,point in polygon,4060028770,4060028770,point in polygon,"HydroBASINS v1c standard, levels 4 and 6 (Lehner & Grill 2013)",point in polygon; nearest polygon within 1 km for points just outside (see rule columns)
WQS1425,Pennar,4040027950,4040027950,point in polygon,4060028560,4060028560,point in polygon,"HydroBASINS v1c standard, levels 4 and 6 (Lehner & Grill 2013)",point in polygon; nearest polygon within 1 km for points just outside (see rule columns)
WQS1426,,4040027780,4040027780,point in polygon,4060027780,4060027780,point in polygon,"HydroBASINS v1c standard, levels 4 and 6 (Lehner & Grill 2013)",point in polygon; nearest polygon within 1 km for points just outside (see rule columns)
WQS1429,Indus,4040794730,4040033640,point in polygon,4060729700,4060033640,point in polygon,"HydroBASINS v1c standard, levels 4 and 6 (Lehner & Grill 2013)",point in polygon; nearest polygon within 1 km for points just outside (see rule columns)
WQS1430,Indus,4040794730,4040033640,point in polygon,4060729700,4060033640,point in polygon,"HydroBASINS v1c standard, levels 4 and 6 (Lehner & Grill 2013)",point in polygon; nearest polygon within 1 km for points just outside (see rule columns)
WQS1432,Indus,4040794730,4040033640,point in polygon,4060729700,4060033640,point in polygon,"HydroBASINS v1c standard, levels 4 and 6 (Lehner & Grill 2013)",point in polygon; nearest polygon within 1 km for points just outside (see rule columns)
WQS1433,Indus,4040794730,4040033640,point in polygon,4060729700,4060033640,point in polygon,"HydroBASINS v1c standard, levels 4 and 6 (Lehner & Grill 2013)",point in polygon; nearest polygon within 1 km for points just outside (see rule columns)
WQS1434,Indus,4040794730,4040033640,point in polygon,4060729700,4060033640,point in polygon,"HydroBASINS v1c standard, levels 4 and 6 (Lehner & Grill 2013)",point in polygon; nearest polygon within 1 km for points just outside (see rule columns)
WQS1435,Indus,4040794730,4040033640,point in polygon,4060729700,4060033640,point in polygon,"HydroBASINS v1c standard, levels 4 and 6 (Lehner & Grill 2013)",point in polygon; nearest polygon within 1 km for points just outside (see rule columns)
WQS1436,Indus,4040794730,4040033640,point in polygon,4060729700,4060033640,point in polygon,"HydroBASINS v1c standard, levels 4 and 6 (Lehner & Grill 2013)",point in polygon; nearest polygon within 1 km for points just outside (see rule columns)
WQS1438,Indus,4040794730,4040033640,point in polygon,4060729700,4060033640,point in polygon,"HydroBASINS v1c standard, levels 4 and 6 (Lehner & Grill 2013)",point in polygon; nearest polygon within 1 km for points just outside (see rule columns)
WQS1439,Indus,4040794730,4040033640,point in polygon,4060729700,4060033640,point in polygon,"HydroBASINS v1c standard, levels 4 and 6 (Lehner & Grill 2013)",point in polygon; nearest polygon within 1 km for points just outside (see rule columns)
WQS1441,Indus,4040794730,4040033640,point in polygon,4060729700,4060033640,point in polygon,"HydroBASINS v1c standard, levels 4 and 6 (Lehner & Grill 2013)",point in polygon; nearest polygon within 1 km for points just outside (see rule columns)
WQS1442,Indus,4040794730,4040033640,point in polygon,4060729700,4060033640,point in polygon,"HydroBASINS v1c standard, levels 4 and 6 (Lehner & Grill 2013)",point in polygon; nearest polygon within 1 km for points just outside (see rule columns)
WQS1443,Indus,4040794730,4040033640,point in polygon,4060729700,4060033640,point in polygon,"HydroBASINS v1c standard, levels 4 and 6 (Lehner & Grill 2013)",point in polygon; nearest polygon within 1 km for points just outside (see rule columns)
WQS1444,,4040794730,4040033640,point in polygon,4060729890,4060033640,point in polygon,"HydroBASINS v1c standard, levels 4 and 6 (Lehner & Grill 2013)",point in polygon; nearest polygon within 1 km for points just outside (see rule columns)
WQS1445,Indus,4040794730,4040033640,point in polygon,4060729890,4060033640,point in polygon,"HydroBASINS v1c standard, levels 4 and 6 (Lehner & Grill 2013)",point in polygon; nearest polygon within 1 km for points just outside (see rule columns)
WQS1446,,4040794730,4040033640,point in polygon,4060746720,4060033640,point in polygon,"HydroBASINS v1c standard, levels 4 and 6 (Lehner & Grill 2013)",point in polygon; nearest polygon within 1 km for points just outside (see rule columns)
WQS1447,,4040794730,4040033640,point in polygon,4060746720,4060033640,point in polygon,"HydroBASINS v1c standard, levels 4 and 6 (Lehner & Grill 2013)",point in polygon; nearest polygon within 1 km for points just outside (see rule columns)
WQS1448,,4040794730,4040033640,point in polygon,4060729890,4060033640,point in polygon,"HydroBASINS v1c standard, levels 4 and 6 (Lehner & Grill 2013)",point in polygon; nearest polygon within 1 km for points just outside (see rule columns)
WQS1449,Indus,4040794730,4040033640,point in polygon,4060729890,4060033640,point in polygon,"HydroBASINS v1c standard, levels 4 and 6 (Lehner & Grill 2013)",point in polygon; nearest polygon within 1 km for points just outside (see rule columns)
WQS1450,Indus,4040794730,4040033640,point in polygon,4060729890,4060033640,point in polygon,"HydroBASINS v1c standard, levels 4 and 6 (Lehner & Grill 2013)",point in polygon; nearest polygon within 1 km for points just outside (see rule columns)
WQS1451,Indus,4040794730,4040033640,point in polygon,4060729890,4060033640,point in polygon,"HydroBASINS v1c standard, levels 4 and 6 (Lehner & Grill 2013)",point in polygon; nearest polygon within 1 km for points just outside (see rule columns)
WQS1452,Indus,4040794730,4040033640,point in polygon,4060729890,4060033640,point in polygon,"HydroBASINS v1c standard, levels 4 and 6 (Lehner & Grill 2013)",point in polygon; nearest polygon within 1 km for points just outside (see rule columns)
WQS1453,Indus,4040794730,4040033640,point in polygon,4060729890,4060033640,point in polygon,"HydroBASINS v1c standard, levels 4 and 6 (Lehner & Grill 2013)",point in polygon; nearest polygon within 1 km for points just outside (see rule columns)
WQS1454,Indus,4040794730,4040033640,point in polygon,4060784370,4060033640,point in polygon,"HydroBASINS v1c standard, levels 4 and 6 (Lehner & Grill 2013)",point in polygon; nearest polygon within 1 km for points just outside (see rule columns)
WQS1455,Indus,4040794730,4040033640,point in polygon,4060729890,4060033640,point in polygon,"HydroBASINS v1c standard, levels 4 and 6 (Lehner & Grill 2013)",point in polygon; nearest polygon within 1 km for points just outside (see rule columns)
WQS1456,Indus,4040794730,4040033640,point in polygon,4060729890,4060033640,point in polygon,"HydroBASINS v1c standard, levels 4 and 6 (Lehner & Grill 2013)",point in polygon; nearest polygon within 1 km for points just outside (see rule columns)
WQS1457,Indus,4040794730,4040033640,point in polygon,4060784370,4060033640,point in polygon,"HydroBASINS v1c standard, levels 4 and 6 (Lehner & Grill 2013)",point in polygon; nearest polygon within 1 km for points just outside (see rule columns)
WQS1458,Indus,4040794730,4040033640,point in polygon,4060729890,4060033640,point in polygon,"HydroBASINS v1c standard, levels 4 and 6 (Lehner & Grill 2013)",point in polygon; nearest polygon within 1 km for points just outside (see rule columns)
WQS1459,Indus,4040794730,4040033640,point in polygon,4060729890,4060033640,point in polygon,"HydroBASINS v1c standard, levels 4 and 6 (Lehner & Grill 2013)",point in polygon; nearest polygon within 1 km for points just outside (see rule columns)
WQS1460,Indus,4040794730,4040033640,point in polygon,4060729890,4060033640,point in polygon,"HydroBASINS v1c standard, levels 4 and 6 (Lehner & Grill 2013)",point in polygon; nearest polygon within 1 km for points just outside (see rule columns)
WQS1461,Indus,4040794730,4040033640,point in polygon,4060729890,4060033640,point in polygon,"HydroBASINS v1c standard, levels 4 and 6 (Lehner & Grill 2013)",point in polygon; nearest polygon within 1 km for points just outside (see rule columns)
WQS1462,Indus,4040794730,4040033640,point in polygon,4060729890,4060033640,point in polygon,"HydroBASINS v1c standard, levels 4 and 6 (Lehner & Grill 2013)",point in polygon; nearest polygon within 1 km for points just outside (see rule columns)
WQS1463,Indus,4040794730,4040033640,point in polygon,4060729890,4060033640,point in polygon,"HydroBASINS v1c standard, levels 4 and 6 (Lehner & Grill 2013)",point in polygon; nearest polygon within 1 km for points just outside (see rule columns)
WQS1464,Indus,4040794730,4040033640,point in polygon,4060729890,4060033640,point in polygon,"HydroBASINS v1c standard, levels 4 and 6 (Lehner & Grill 2013)",point in polygon; nearest polygon within 1 km for points just outside (see rule columns)
WQS1465,Indus,4040794730,4040033640,point in polygon,4060729890,4060033640,point in polygon,"HydroBASINS v1c standard, levels 4 and 6 (Lehner & Grill 2013)",point in polygon; nearest polygon within 1 km for points just outside (see rule columns)
WQS1466,Indus,4040794730,4040033640,point in polygon,4060729890,4060033640,point in polygon,"HydroBASINS v1c standard, levels 4 and 6 (Lehner & Grill 2013)",point in polygon; nearest polygon within 1 km for points just outside (see rule columns)
WQS1467,Indus,4040794730,4040033640,point in polygon,4060729890,4060033640,point in polygon,"HydroBASINS v1c standard, levels 4 and 6 (Lehner & Grill 2013)",point in polygon; nearest polygon within 1 km for points just outside (see rule columns)
WQS1468,Indus,4040794730,4040033640,point in polygon,4060729890,4060033640,point in polygon,"HydroBASINS v1c standard, levels 4 and 6 (Lehner & Grill 2013)",point in polygon; nearest polygon within 1 km for points just outside (see rule columns)
WQS1469,Indus,4040794730,4040033640,point in polygon,4060729890,4060033640,point in polygon,"HydroBASINS v1c standard, levels 4 and 6 (Lehner & Grill 2013)",point in polygon; nearest polygon within 1 km for points just outside (see rule columns)
WQS1470,Indus,4040794730,4040033640,point in polygon,4060784370,4060033640,point in polygon,"HydroBASINS v1c standard, levels 4 and 6 (Lehner & Grill 2013)",point in polygon; nearest polygon within 1 km for points just outside (see rule columns)
WQS1471,,4040794730,4040033640,point in polygon,4060729890,4060033640,point in polygon,"HydroBASINS v1c standard, levels 4 and 6 (Lehner & Grill 2013)",point in polygon; nearest polygon within 1 km for points just outside (see rule columns)
WQS1472,Indus,4040794730,4040033640,point in polygon,4060729890,4060033640,point in polygon,"HydroBASINS v1c standard, levels 4 and 6 (Lehner & Grill 2013)",point in polygon; nearest polygon within 1 km for points just outside (see rule columns)
WQS1473,Indus,4040794730,4040033640,point in polygon,4060729890,4060033640,point in polygon,"HydroBASINS v1c standard, levels 4 and 6 (Lehner & Grill 2013)",point in polygon; nearest polygon within 1 km for points just outside (see rule columns)
WQS1474,,4040960480,4040025450,point in polygon,4060895960,4060025450,point in polygon,"HydroBASINS v1c standard, levels 4 and 6 (Lehner & Grill 2013)",point in polygon; nearest polygon within 1 km for points just outside (see rule columns)
WQS1475,,4040032880,4040032880,point in polygon,4060032880,4060032880,point in polygon,"HydroBASINS v1c standard, levels 4 and 6 (Lehner & Grill 2013)",point in polygon; nearest polygon within 1 km for points just outside (see rule columns)
WQS1476,,4040960480,4040025450,point in polygon,4060895960,4060025450,point in polygon,"HydroBASINS v1c standard, levels 4 and 6 (Lehner & Grill 2013)",point in polygon; nearest polygon within 1 km for points just outside (see rule columns)
WQS1477,,4040960480,4040025450,point in polygon,4060895960,4060025450,point in polygon,"HydroBASINS v1c standard, levels 4 and 6 (Lehner & Grill 2013)",point in polygon; nearest polygon within 1 km for points just outside (see rule columns)
WQS1478,,4040960480,4040025450,point in polygon,4060895960,4060025450,point in polygon,"HydroBASINS v1c standard, levels 4 and 6 (Lehner & Grill 2013)",point in polygon; nearest polygon within 1 km for points just outside (see rule columns)
WQS1479,,4040960480,4040025450,point in polygon,4060895960,4060025450,point in polygon,"HydroBASINS v1c standard, levels 4 and 6 (Lehner & Grill 2013)",point in polygon; nearest polygon within 1 km for points just outside (see rule columns)
WQS1480,,4040960480,4040025450,point in polygon,4060895960,4060025450,point in polygon,"HydroBASINS v1c standard, levels 4 and 6 (Lehner & Grill 2013)",point in polygon; nearest polygon within 1 km for points just outside (see rule columns)
WQS1482,,4040960480,4040025450,point in polygon,4060908080,4060025450,point in polygon,"HydroBASINS v1c standard, levels 4 and 6 (Lehner & Grill 2013)",point in polygon; nearest polygon within 1 km for points just outside (see rule columns)
WQS1483,,4040960480,4040025450,point in polygon,4060908080,4060025450,point in polygon,"HydroBASINS v1c standard, levels 4 and 6 (Lehner & Grill 2013)",point in polygon; nearest polygon within 1 km for points just outside (see rule columns)
WQS1484,,4040960480,4040025450,point in polygon,4060908080,4060025450,point in polygon,"HydroBASINS v1c standard, levels 4 and 6 (Lehner & Grill 2013)",point in polygon; nearest polygon within 1 km for points just outside (see rule columns)
WQS1486,,4040960480,4040025450,point in polygon,4060908080,4060025450,point in polygon,"HydroBASINS v1c standard, levels 4 and 6 (Lehner & Grill 2013)",point in polygon; nearest polygon within 1 km for points just outside (see rule columns)
WQS1488,,4040960480,4040025450,point in polygon,4060876840,4060025450,point in polygon,"HydroBASINS v1c standard, levels 4 and 6 (Lehner & Grill 2013)",point in polygon; nearest polygon within 1 km for points just outside (see rule columns)
WQS1489,,4040960480,4040025450,point in polygon,4060908090,4060025450,point in polygon,"HydroBASINS v1c standard, levels 4 and 6 (Lehner & Grill 2013)",point in polygon; nearest polygon within 1 km for points just outside (see rule columns)
WQS1490,,4040960480,4040025450,point in polygon,4060895960,4060025450,point in polygon,"HydroBASINS v1c standard, levels 4 and 6 (Lehner & Grill 2013)",point in polygon; nearest polygon within 1 km for points just outside (see rule columns)
WQS1491,,4040960480,4040025450,point in polygon,4060895960,4060025450,point in polygon,"HydroBASINS v1c standard, levels 4 and 6 (Lehner & Grill 2013)",point in polygon; nearest polygon within 1 km for points just outside (see rule columns)
WQS1494,,4040960480,4040025450,point in polygon,4060908090,4060025450,point in polygon,"HydroBASINS v1c standard, levels 4 and 6 (Lehner & Grill 2013)",point in polygon; nearest polygon within 1 km for points just outside (see rule columns)
WQS1495,,4040960480,4040025450,point in polygon,4060908090,4060025450,point in polygon,"HydroBASINS v1c standard, levels 4 and 6 (Lehner & Grill 2013)",point in polygon; nearest polygon within 1 km for points just outside (see rule columns)
WQS1499,,4040960480,4040025450,point in polygon,4060895960,4060025450,point in polygon,"HydroBASINS v1c standard, levels 4 and 6 (Lehner & Grill 2013)",point in polygon; nearest polygon within 1 km for points just outside (see rule columns)
WQS1500,,4040960480,4040025450,point in polygon,4060895960,4060025450,point in polygon,"HydroBASINS v1c standard, levels 4 and 6 (Lehner & Grill 2013)",point in polygon; nearest polygon within 1 km for points just outside (see rule columns)
WQS1501,Mahi,4040029530,4040029530,point in polygon,4060971120,4060031730,point in polygon,"HydroBASINS v1c standard, levels 4 and 6 (Lehner & Grill 2013)",point in polygon; nearest polygon within 1 km for points just outside (see rule columns)
WQS1502,Mahi,4040029530,4040029530,point in polygon,4060971120,4060031730,point in polygon,"HydroBASINS v1c standard, levels 4 and 6 (Lehner & Grill 2013)",point in polygon; nearest polygon within 1 km for points just outside (see rule columns)
WQS1503,Mahi,4040029530,4040029530,point in polygon,4060965550,4060031730,point in polygon,"HydroBASINS v1c standard, levels 4 and 6 (Lehner & Grill 2013)",point in polygon; nearest polygon within 1 km for points just outside (see rule columns)
WQS1504,,4040960480,4040025450,point in polygon,4060898640,4060025450,point in polygon,"HydroBASINS v1c standard, levels 4 and 6 (Lehner & Grill 2013)",point in polygon; nearest polygon within 1 km for points just outside (see rule columns)
WQS1505,,4040960480,4040025450,point in polygon,4060908090,4060025450,point in polygon,"HydroBASINS v1c standard, levels 4 and 6 (Lehner & Grill 2013)",point in polygon; nearest polygon within 1 km for points just outside (see rule columns)
WQS1506,,4040960480,4040025450,point in polygon,4060908090,4060025450,point in polygon,"HydroBASINS v1c standard, levels 4 and 6 (Lehner & Grill 2013)",point in polygon; nearest polygon within 1 km for points just outside (see rule columns)
WQS1507,,4040960200,4040025450,point in polygon,4060956230,4060025450,point in polygon,"HydroBASINS v1c standard, levels 4 and 6 (Lehner & Grill 2013)",point in polygon; nearest polygon within 1 km for points just outside (see rule columns)
WQS1508,,4040960200,4040025450,point in polygon,4060956230,4060025450,point in polygon,"HydroBASINS v1c standard, levels 4 and 6 (Lehner & Grill 2013)",point in polygon; nearest polygon within 1 km for points just outside (see rule columns)
WQS1509,,4040960200,4040025450,point in polygon,4060956230,4060025450,point in polygon,"HydroBASINS v1c standard, levels 4 and 6 (Lehner & Grill 2013)",point in polygon; nearest polygon within 1 km for points just outside (see rule columns)
WQS1510,,4040960200,4040025450,point in polygon,4060956230,4060025450,point in polygon,"HydroBASINS v1c standard, levels 4 and 6 (Lehner & Grill 2013)",point in polygon; nearest polygon within 1 km for points just outside (see rule columns)
WQS1511,,4040960200,4040025450,point in polygon,4060956230,4060025450,point in polygon,"HydroBASINS v1c standard, levels 4 and 6 (Lehner & Grill 2013)",point in polygon; nearest polygon within 1 km for points just outside (see rule columns)
WQS1512,,4040960200,4040025450,point in polygon,4060956230,4060025450,point in polygon,"HydroBASINS v1c standard, levels 4 and 6 (Lehner & Grill 2013)",point in polygon; nearest polygon within 1 km for points just outside (see rule columns)
WQS1513,,4040960200,4040025450,point in polygon,4060956230,4060025450,point in polygon,"HydroBASINS v1c standard, levels 4 and 6 (Lehner & Grill 2013)",point in polygon; nearest polygon within 1 km for points just outside (see rule columns)
WQS1514,,4040960200,4040025450,point in polygon,4060956230,4060025450,point in polygon,"HydroBASINS v1c standard, levels 4 and 6 (Lehner & Grill 2013)",point in polygon; nearest polygon within 1 km for points just outside (see rule columns)
WQS1515,,4040960200,4040025450,point in polygon,4060956230,4060025450,point in polygon,"HydroBASINS v1c standard, levels 4 and 6 (Lehner & Grill 2013)",point in polygon; nearest polygon within 1 km for points just outside (see rule columns)
WQS1516,,4040960200,4040025450,point in polygon,4060956230,4060025450,point in polygon,"HydroBASINS v1c standard, levels 4 and 6 (Lehner & Grill 2013)",point in polygon; nearest polygon within 1 km for points just outside (see rule columns)
WQS1517,,4040960200,4040025450,point in polygon,4060956230,4060025450,point in polygon,"HydroBASINS v1c standard, levels 4 and 6 (Lehner & Grill 2013)",point in polygon; nearest polygon within 1 km for points just outside (see rule columns)
WQS1518,,4040960200,4040025450,point in polygon,4060956230,4060025450,point in polygon,"HydroBASINS v1c standard, levels 4 and 6 (Lehner & Grill 2013)",point in polygon; nearest polygon within 1 km for points just outside (see rule columns)
WQS1519,,4040960200,4040025450,point in polygon,4060956230,4060025450,point in polygon,"HydroBASINS v1c standard, levels 4 and 6 (Lehner & Grill 2013)",point in polygon; nearest polygon within 1 km for points just outside (see rule columns)
WQS1520,,4040960200,4040025450,point in polygon,4060956230,4060025450,point in polygon,"HydroBASINS v1c standard, levels 4 and 6 (Lehner & Grill 2013)",point in polygon; nearest polygon within 1 km for points just outside (see rule columns)
WQS1521,,4040960200,4040025450,point in polygon,4060956230,4060025450,point in polygon,"HydroBASINS v1c standard, levels 4 and 6 (Lehner & Grill 2013)",point in polygon; nearest polygon within 1 km for points just outside (see rule columns)
WQS1522,,4040960200,4040025450,point in polygon,4060956230,4060025450,point in polygon,"HydroBASINS v1c standard, levels 4 and 6 (Lehner & Grill 2013)",point in polygon; nearest polygon within 1 km for points just outside (see rule columns)
WQS1523,,4040960200,4040025450,point in polygon,4060956230,4060025450,point in polygon,"HydroBASINS v1c standard, levels 4 and 6 (Lehner & Grill 2013)",point in polygon; nearest polygon within 1 km for points just outside (see rule columns)
WQS1524,,4040960200,4040025450,point in polygon,4060956230,4060025450,point in polygon,"HydroBASINS v1c standard, levels 4 and 6 (Lehner & Grill 2013)",point in polygon; nearest polygon within 1 km for points just outside (see rule columns)
WQS1525,,4040960200,4040025450,point in polygon,4060956230,4060025450,point in polygon,"HydroBASINS v1c standard, levels 4 and 6 (Lehner & Grill 2013)",point in polygon; nearest polygon within 1 km for points just outside (see rule columns)
WQS1526,,4040960200,4040025450,point in polygon,4060956230,4060025450,point in polygon,"HydroBASINS v1c standard, levels 4 and 6 (Lehner & Grill 2013)",point in polygon; nearest polygon within 1 km for points just outside (see rule columns)
WQS1527,,4040960200,4040025450,point in polygon,4060956230,4060025450,point in polygon,"HydroBASINS v1c standard, levels 4 and 6 (Lehner & Grill 2013)",point in polygon; nearest polygon within 1 km for points just outside (see rule columns)
WQS1528,,4040960200,4040025450,point in polygon,4060956230,4060025450,point in polygon,"HydroBASINS v1c standard, levels 4 and 6 (Lehner & Grill 2013)",point in polygon; nearest polygon within 1 km for points just outside (see rule columns)
WQS1529,,4040960200,4040025450,point in polygon,4060956230,4060025450,point in polygon,"HydroBASINS v1c standard, levels 4 and 6 (Lehner & Grill 2013)",point in polygon; nearest polygon within 1 km for points just outside (see rule columns)
WQS1530,,4040960200,4040025450,point in polygon,4060956230,4060025450,point in polygon,"HydroBASINS v1c standard, levels 4 and 6 (Lehner & Grill 2013)",point in polygon; nearest polygon within 1 km for points just outside (see rule columns)
WQS1531,,4040960200,4040025450,point in polygon,4060956230,4060025450,point in polygon,"HydroBASINS v1c standard, levels 4 and 6 (Lehner & Grill 2013)",point in polygon; nearest polygon within 1 km for points just outside (see rule columns)
WQS1532,,4040960200,4040025450,point in polygon,4060956230,4060025450,point in polygon,"HydroBASINS v1c standard, levels 4 and 6 (Lehner & Grill 2013)",point in polygon; nearest polygon within 1 km for points just outside (see rule columns)
WQS1533,,4040960200,4040025450,point in polygon,4060956230,4060025450,point in polygon,"HydroBASINS v1c standard, levels 4 and 6 (Lehner & Grill 2013)",point in polygon; nearest polygon within 1 km for points just outside (see rule columns)
WQS1534,,4040960200,4040025450,point in polygon,4060956230,4060025450,point in polygon,"HydroBASINS v1c standard, levels 4 and 6 (Lehner & Grill 2013)",point in polygon; nearest polygon within 1 km for points just outside (see rule columns)
WQS1535,,4040028760,4040028760,point in polygon,4061148830,4060028760,point in polygon,"HydroBASINS v1c standard, levels 4 and 6 (Lehner & Grill 2013)",point in polygon; nearest polygon within 1 km for points just outside (see rule columns)
WQS1536,Cauvery,4040028760,4040028760,point in polygon,4061145720,4060028760,point in polygon,"HydroBASINS v1c standard, levels 4 and 6 (Lehner & Grill 2013)",point in polygon; nearest polygon within 1 km for points just outside (see rule columns)
WQS1537,Cauvery,4040028760,4040028760,point in polygon,4060028760,4060028760,point in polygon,"HydroBASINS v1c standard, levels 4 and 6 (Lehner & Grill 2013)",point in polygon; nearest polygon within 1 km for points just outside (see rule columns)
WQS1538,Cauvery,4040028760,4040028760,point in polygon,4061148790,4060028760,point in polygon,"HydroBASINS v1c standard, levels 4 and 6 (Lehner & Grill 2013)",point in polygon; nearest polygon within 1 km for points just outside (see rule columns)
WQS1539,Cauvery,4040028760,4040028760,point in polygon,4061148790,4060028760,point in polygon,"HydroBASINS v1c standard, levels 4 and 6 (Lehner & Grill 2013)",point in polygon; nearest polygon within 1 km for points just outside (see rule columns)
WQS1541,Cauvery,4040028770,4040028770,point in polygon,4060028770,4060028770,point in polygon,"HydroBASINS v1c standard, levels 4 and 6 (Lehner & Grill 2013)",point in polygon; nearest polygon within 1 km for points just outside (see rule columns)
WQS1542,Cauvery,4040028760,4040028760,point in polygon,4061145690,4060028760,point in polygon,"HydroBASINS v1c standard, levels 4 and 6 (Lehner & Grill 2013)",point in polygon; nearest polygon within 1 km for points just outside (see rule columns)
WQS1543,Cauvery,4040028760,4040028760,point in polygon,4061148790,4060028760,point in polygon,"HydroBASINS v1c standard, levels 4 and 6 (Lehner & Grill 2013)",point in polygon; nearest polygon within 1 km for points just outside (see rule columns)
WQS1544,Cauvery,4040028760,4040028760,point in polygon,4060028760,4060028760,point in polygon,"HydroBASINS v1c standard, levels 4 and 6 (Lehner & Grill 2013)",point in polygon; nearest polygon within 1 km for points just outside (see rule columns)
WQS1546,Cauvery,4040028760,4040028760,point in polygon,4060028760,4060028760,point in polygon,"HydroBASINS v1c standard, levels 4 and 6 (Lehner & Grill 2013)",point in polygon; nearest polygon within 1 km for points just outside (see rule columns)
WQS1547,Cauvery,4040027950,4040027950,point in polygon,4060028680,4060028680,point in polygon,"HydroBASINS v1c standard, levels 4 and 6 (Lehner & Grill 2013)",point in polygon; nearest polygon within 1 km for points just outside (see rule columns)
WQS1550,Cauvery,4040028760,4040028760,point in polygon,4060028760,4060028760,point in polygon,"HydroBASINS v1c standard, levels 4 and 6 (Lehner & Grill 2013)",point in polygon; nearest polygon within 1 km for points just outside (see rule columns)
WQS1551,Cauvery,4040028760,4040028760,point in polygon,4060028760,4060028760,point in polygon,"HydroBASINS v1c standard, levels 4 and 6 (Lehner & Grill 2013)",point in polygon; nearest polygon within 1 km for points just outside (see rule columns)
WQS1552,Cauvery,4040028760,4040028760,point in polygon,4060028760,4060028760,point in polygon,"HydroBASINS v1c standard, levels 4 and 6 (Lehner & Grill 2013)",point in polygon; nearest polygon within 1 km for points just outside (see rule columns)
WQS1553,Cauvery,4040028760,4040028760,point in polygon,4061148790,4060028760,point in polygon,"HydroBASINS v1c standard, levels 4 and 6 (Lehner & Grill 2013)",point in polygon; nearest polygon within 1 km for points just outside (see rule columns)
WQS1554,Cauvery,4040028760,4040028760,point in polygon,4061148790,4060028760,point in polygon,"HydroBASINS v1c standard, levels 4 and 6 (Lehner & Grill 2013)",point in polygon; nearest polygon within 1 km for points just outside (see rule columns)
WQS1555,Cauvery,4040028760,4040028760,point in polygon,4061148790,4060028760,point in polygon,"HydroBASINS v1c standard, levels 4 and 6 (Lehner & Grill 2013)",point in polygon; nearest polygon within 1 km for points just outside (see rule columns)
WQS1558,,4040027950,4040027950,point in polygon,4060028210,4060028210,point in polygon,"HydroBASINS v1c standard, levels 4 and 6 (Lehner & Grill 2013)",point in polygon; nearest polygon within 1 km for points just outside (see rule columns)
WQS1561,,4040027950,4040027950,point in polygon,4060028210,4060028210,point in polygon,"HydroBASINS v1c standard, levels 4 and 6 (Lehner & Grill 2013)",point in polygon; nearest polygon within 1 km for points just outside (see rule columns)
WQS1562,,4040028760,4040028760,point in polygon,4061145720,4060028760,point in polygon,"HydroBASINS v1c standard, levels 4 and 6 (Lehner & Grill 2013)",point in polygon; nearest polygon within 1 km for points just outside (see rule columns)
WQS1570,Cauvery,4040028760,4040028760,point in polygon,4061148790,4060028760,point in polygon,"HydroBASINS v1c standard, levels 4 and 6 (Lehner & Grill 2013)",point in polygon; nearest polygon within 1 km for points just outside (see rule columns)
WQS1572,Cauvery,4040028760,4040028760,point in polygon,4061148790,4060028760,point in polygon,"HydroBASINS v1c standard, levels 4 and 6 (Lehner & Grill 2013)",point in polygon; nearest polygon within 1 km for points just outside (see rule columns)
WQS1573,Cauvery,4040028770,4040028770,point in polygon,4060028770,4060028770,point in polygon,"HydroBASINS v1c standard, levels 4 and 6 (Lehner & Grill 2013)",point in polygon; nearest polygon within 1 km for points just outside (see rule columns)
WQS1575,Cauvery,4040028760,4040028760,point in polygon,4061148790,4060028760,point in polygon,"HydroBASINS v1c standard, levels 4 and 6 (Lehner & Grill 2013)",point in polygon; nearest polygon within 1 km for points just outside (see rule columns)
WQS1576,,4040027950,4040027950,point in polygon,4060028210,4060028210,point in polygon,"HydroBASINS v1c standard, levels 4 and 6 (Lehner & Grill 2013)",point in polygon; nearest polygon within 1 km for points just outside (see rule columns)
WQS1577,,4040027950,4040027950,point in polygon,4060028210,4060028210,point in polygon,"HydroBASINS v1c standard, levels 4 and 6 (Lehner & Grill 2013)",point in polygon; nearest polygon within 1 km for points just outside (see rule columns)
WQS1578,,4040027950,4040027950,point in polygon,4060028210,4060028210,point in polygon,"HydroBASINS v1c standard, levels 4 and 6 (Lehner & Grill 2013)",point in polygon; nearest polygon within 1 km for points just outside (see rule columns)
WQS1579,,4040027950,4040027950,point in polygon,4060028210,4060028210,point in polygon,"HydroBASINS v1c standard, levels 4 and 6 (Lehner & Grill 2013)",point in polygon; nearest polygon within 1 km for points just outside (see rule columns)
WQS1580,,4040027950,4040027950,point in polygon,4060028210,4060028210,point in polygon,"HydroBASINS v1c standard, levels 4 and 6 (Lehner & Grill 2013)",point in polygon; nearest polygon within 1 km for points just outside (see rule columns)
WQS1583,,4040028760,4040028760,point in polygon,4061148830,4060028760,point in polygon,"HydroBASINS v1c standard, levels 4 and 6 (Lehner & Grill 2013)",point in polygon; nearest polygon within 1 km for points just outside (see rule columns)
WQS1585,Cauvery,4040028760,4040028760,point in polygon,4061145690,4060028760,point in polygon,"HydroBASINS v1c standard, levels 4 and 6 (Lehner & Grill 2013)",point in polygon; nearest polygon within 1 km for points just outside (see rule columns)
WQS1586,,4040028760,4040028760,point in polygon,4061148790,4060028760,point in polygon,"HydroBASINS v1c standard, levels 4 and 6 (Lehner & Grill 2013)",point in polygon; nearest polygon within 1 km for points just outside (see rule columns)
WQS1587,,4040028760,4040028760,point in polygon,4061148790,4060028760,point in polygon,"HydroBASINS v1c standard, levels 4 and 6 (Lehner & Grill 2013)",point in polygon; nearest polygon within 1 km for points just outside (see rule columns)
WQS1588,,4040028770,4040028770,point in polygon,4060029250,4060029250,point in polygon,"HydroBASINS v1c standard, levels 4 and 6 (Lehner & Grill 2013)",point in polygon; nearest polygon within 1 km for points just outside (see rule columns)
WQS1589,,4040028770,4040028770,point in polygon,4060029250,4060029250,point in polygon,"HydroBASINS v1c standard, levels 4 and 6 (Lehner & Grill 2013)",point in polygon; nearest polygon within 1 km for points just outside (see rule columns)
WQS1592,,4040028760,4040028760,point in polygon,4061148790,4060028760,point in polygon,"HydroBASINS v1c standard, levels 4 and 6 (Lehner & Grill 2013)",point in polygon; nearest polygon within 1 km for points just outside (see rule columns)
WQS1655,,4040975160,4040025450,point in polygon,4060949690,4060025450,point in polygon,"HydroBASINS v1c standard, levels 4 and 6 (Lehner & Grill 2013)",point in polygon; nearest polygon within 1 km for points just outside (see rule columns)
WQS1656,,4040975160,4040025450,point in polygon,4060949690,4060025450,point in polygon,"HydroBASINS v1c standard, levels 4 and 6 (Lehner & Grill 2013)",point in polygon; nearest polygon within 1 km for points just outside (see rule columns)
WQS1657,,4040975160,4040025450,point in polygon,4060949690,4060025450,point in polygon,"HydroBASINS v1c standard, levels 4 and 6 (Lehner & Grill 2013)",point in polygon; nearest polygon within 1 km for points just outside (see rule columns)
WQS1658,,4040024190,4040024190,point in polygon,4060025270,4060025270,point in polygon,"HydroBASINS v1c standard, levels 4 and 6 (Lehner & Grill 2013)",point in polygon; nearest polygon within 1 km for points just outside (see rule columns)
WQS1659,,4040975160,4040025450,point in polygon,4060949690,4060025450,point in polygon,"HydroBASINS v1c standard, levels 4 and 6 (Lehner & Grill 2013)",point in polygon; nearest polygon within 1 km for points just outside (see rule columns)
WQS1660,Ganga,4040960480,4040025450,point in polygon,4060911460,4060025450,point in polygon,"HydroBASINS v1c standard, levels 4 and 6 (Lehner & Grill 2013)",point in polygon; nearest polygon within 1 km for points just outside (see rule columns)
WQS1661,Ganga,4040960480,4040025450,point in polygon,4060915590,4060025450,point in polygon,"HydroBASINS v1c standard, levels 4 and 6 (Lehner & Grill 2013)",point in polygon; nearest polygon within 1 km for points just outside (see rule columns)
WQS1662,Ganga,4040960480,4040025450,point in polygon,4060911460,4060025450,point in polygon,"HydroBASINS v1c standard, levels 4 and 6 (Lehner & Grill 2013)",point in polygon; nearest polygon within 1 km for points just outside (see rule columns)
WQS1663,Ganga,4040960480,4040025450,point in polygon,4060911460,4060025450,point in polygon,"HydroBASINS v1c standard, levels 4 and 6 (Lehner & Grill 2013)",point in polygon; nearest polygon within 1 km for points just outside (see rule columns)
WQS1664,Ganga,4040960480,4040025450,point in polygon,4060854010,4060025450,point in polygon,"HydroBASINS v1c standard, levels 4 and 6 (Lehner & Grill 2013)",point in polygon; nearest polygon within 1 km for points just outside (see rule columns)
WQS1665,Ganga,4040960480,4040025450,point in polygon,4060854010,4060025450,point in polygon,"HydroBASINS v1c standard, levels 4 and 6 (Lehner & Grill 2013)",point in polygon; nearest polygon within 1 km for points just outside (see rule columns)
WQS1666,Ganga,4040960480,4040025450,point in polygon,4060911460,4060025450,point in polygon,"HydroBASINS v1c standard, levels 4 and 6 (Lehner & Grill 2013)",point in polygon; nearest polygon within 1 km for points just outside (see rule columns)
WQS1667,Ganga,4040960480,4040025450,point in polygon,4060911460,4060025450,point in polygon,"HydroBASINS v1c standard, levels 4 and 6 (Lehner & Grill 2013)",point in polygon; nearest polygon within 1 km for points just outside (see rule columns)
WQS1668,Ganga,4040960480,4040025450,point in polygon,4060911460,4060025450,point in polygon,"HydroBASINS v1c standard, levels 4 and 6 (Lehner & Grill 2013)",point in polygon; nearest polygon within 1 km for points just outside (see rule columns)
WQS1669,Ganga,4040960480,4040025450,point in polygon,4060911460,4060025450,point in polygon,"HydroBASINS v1c standard, levels 4 and 6 (Lehner & Grill 2013)",point in polygon; nearest polygon within 1 km for points just outside (see rule columns)
WQS1670,Ganga,4040960480,4040025450,point in polygon,4060911460,4060025450,point in polygon,"HydroBASINS v1c standard, levels 4 and 6 (Lehner & Grill 2013)",point in polygon; nearest polygon within 1 km for points just outside (see rule columns)
WQS1671,Ganga,4040960480,4040025450,point in polygon,4060911460,4060025450,point in polygon,"HydroBASINS v1c standard, levels 4 and 6 (Lehner & Grill 2013)",point in polygon; nearest polygon within 1 km for points just outside (see rule columns)
WQS1672,Ganga,4040960480,4040025450,point in polygon,4060854010,4060025450,point in polygon,"HydroBASINS v1c standard, levels 4 and 6 (Lehner & Grill 2013)",point in polygon; nearest polygon within 1 km for points just outside (see rule columns)
WQS1674,Ganga,4040960480,4040025450,point in polygon,4060854010,4060025450,point in polygon,"HydroBASINS v1c standard, levels 4 and 6 (Lehner & Grill 2013)",point in polygon; nearest polygon within 1 km for points just outside (see rule columns)
WQS1675,Ganga,4040960480,4040025450,point in polygon,4060909110,4060025450,point in polygon,"HydroBASINS v1c standard, levels 4 and 6 (Lehner & Grill 2013)",point in polygon; nearest polygon within 1 km for points just outside (see rule columns)
WQS1676,Ganga,4040960480,4040025450,point in polygon,4060854010,4060025450,point in polygon,"HydroBASINS v1c standard, levels 4 and 6 (Lehner & Grill 2013)",point in polygon; nearest polygon within 1 km for points just outside (see rule columns)
WQS1677,Ganga,4040960480,4040025450,point in polygon,4060909110,4060025450,point in polygon,"HydroBASINS v1c standard, levels 4 and 6 (Lehner & Grill 2013)",point in polygon; nearest polygon within 1 km for points just outside (see rule columns)
WQS1678,,4040960480,4040025450,point in polygon,4060901850,4060025450,point in polygon,"HydroBASINS v1c standard, levels 4 and 6 (Lehner & Grill 2013)",point in polygon; nearest polygon within 1 km for points just outside (see rule columns)
WQS1679,,4040960480,4040025450,point in polygon,4060909020,4060025450,point in polygon,"HydroBASINS v1c standard, levels 4 and 6 (Lehner & Grill 2013)",point in polygon; nearest polygon within 1 km for points just outside (see rule columns)
WQS1680,,4040960480,4040025450,point in polygon,4060909020,4060025450,point in polygon,"HydroBASINS v1c standard, levels 4 and 6 (Lehner & Grill 2013)",point in polygon; nearest polygon within 1 km for points just outside (see rule columns)
WQS1681,,4040960480,4040025450,point in polygon,4060909020,4060025450,point in polygon,"HydroBASINS v1c standard, levels 4 and 6 (Lehner & Grill 2013)",point in polygon; nearest polygon within 1 km for points just outside (see rule columns)
WQS1682,,4040960480,4040025450,point in polygon,4060909020,4060025450,point in polygon,"HydroBASINS v1c standard, levels 4 and 6 (Lehner & Grill 2013)",point in polygon; nearest polygon within 1 km for points just outside (see rule columns)
WQS1684,,4040960480,4040025450,point in polygon,4060816250,4060025450,point in polygon,"HydroBASINS v1c standard, levels 4 and 6 (Lehner & Grill 2013)",point in polygon; nearest polygon within 1 km for points just outside (see rule columns)
WQS1685,,4040960480,4040025450,point in polygon,4060856670,4060025450,point in polygon,"HydroBASINS v1c standard, levels 4 and 6 (Lehner & Grill 2013)",point in polygon; nearest polygon within 1 km for points just outside (see rule columns)
WQS1686,,4040960480,4040025450,point in polygon,4060855780,4060025450,point in polygon,"HydroBASINS v1c standard, levels 4 and 6 (Lehner & Grill 2013)",point in polygon; nearest polygon within 1 km for points just outside (see rule columns)
WQS1687,,4040960480,4040025450,point in polygon,4060883570,4060025450,point in polygon,"HydroBASINS v1c standard, levels 4 and 6 (Lehner & Grill 2013)",point in polygon; nearest polygon within 1 km for points just outside (see rule columns)
WQS1688,,4040960480,4040025450,point in polygon,4060903120,4060025450,point in polygon,"HydroBASINS v1c standard, levels 4 and 6 (Lehner & Grill 2013)",point in polygon; nearest polygon within 1 km for points just outside (see rule columns)
WQS1689,,4040960480,4040025450,point in polygon,4060903120,4060025450,point in polygon,"HydroBASINS v1c standard, levels 4 and 6 (Lehner & Grill 2013)",point in polygon; nearest polygon within 1 km for points just outside (see rule columns)
WQS1690,,4040960480,4040025450,point in polygon,4060816480,4060025450,point in polygon,"HydroBASINS v1c standard, levels 4 and 6 (Lehner & Grill 2013)",point in polygon; nearest polygon within 1 km for points just outside (see rule columns)
WQS1691,,4040960480,4040025450,point in polygon,4060854010,4060025450,point in polygon,"HydroBASINS v1c standard, levels 4 and 6 (Lehner & Grill 2013)",point in polygon; nearest polygon within 1 km for points just outside (see rule columns)
WQS1692,,4040960480,4040025450,point in polygon,4060895600,4060025450,point in polygon,"HydroBASINS v1c standard, levels 4 and 6 (Lehner & Grill 2013)",point in polygon; nearest polygon within 1 km for points just outside (see rule columns)
WQS1693,,4040960480,4040025450,point in polygon,4060895600,4060025450,point in polygon,"HydroBASINS v1c standard, levels 4 and 6 (Lehner & Grill 2013)",point in polygon; nearest polygon within 1 km for points just outside (see rule columns)
WQS1694,,4040960480,4040025450,point in polygon,4060876840,4060025450,point in polygon,"HydroBASINS v1c standard, levels 4 and 6 (Lehner & Grill 2013)",point in polygon; nearest polygon within 1 km for points just outside (see rule columns)
WQS1695,Ganga,4040960480,4040025450,point in polygon,4060909110,4060025450,point in polygon,"HydroBASINS v1c standard, levels 4 and 6 (Lehner & Grill 2013)",point in polygon; nearest polygon within 1 km for points just outside (see rule columns)
WQS1696,Ganga,4040960480,4040025450,point in polygon,4060911460,4060025450,point in polygon,"HydroBASINS v1c standard, levels 4 and 6 (Lehner & Grill 2013)",point in polygon; nearest polygon within 1 km for points just outside (see rule columns)
WQS1697,Ganga,4040960480,4040025450,point in polygon,4060909110,4060025450,point in polygon,"HydroBASINS v1c standard, levels 4 and 6 (Lehner & Grill 2013)",point in polygon; nearest polygon within 1 km for points just outside (see rule columns)
WQS1698,Ganga,4040960480,4040025450,point in polygon,4060908790,4060025450,point in polygon,"HydroBASINS v1c standard, levels 4 and 6 (Lehner & Grill 2013)",point in polygon; nearest polygon within 1 km for points just outside (see rule columns)
WQS1699,Ganga,4040960480,4040025450,point in polygon,4060908790,4060025450,point in polygon,"HydroBASINS v1c standard, levels 4 and 6 (Lehner & Grill 2013)",point in polygon; nearest polygon within 1 km for points just outside (see rule columns)
WQS1700,Ganga,4040960480,4040025450,point in polygon,4060911460,4060025450,point in polygon,"HydroBASINS v1c standard, levels 4 and 6 (Lehner & Grill 2013)",point in polygon; nearest polygon within 1 km for points just outside (see rule columns)
WQS1701,Ganga,4040960480,4040025450,point in polygon,4060854010,4060025450,point in polygon,"HydroBASINS v1c standard, levels 4 and 6 (Lehner & Grill 2013)",point in polygon; nearest polygon within 1 km for points just outside (see rule columns)
WQS1702,Ganga,4040960480,4040025450,point in polygon,4060909110,4060025450,point in polygon,"HydroBASINS v1c standard, levels 4 and 6 (Lehner & Grill 2013)",point in polygon; nearest polygon within 1 km for points just outside (see rule columns)
WQS1703,Ganga,4040960480,4040025450,point in polygon,4060911460,4060025450,point in polygon,"HydroBASINS v1c standard, levels 4 and 6 (Lehner & Grill 2013)",point in polygon; nearest polygon within 1 km for points just outside (see rule columns)
WQS1704,Ganga,4040960480,4040025450,point in polygon,4060909110,4060025450,point in polygon,"HydroBASINS v1c standard, levels 4 and 6 (Lehner & Grill 2013)",point in polygon; nearest polygon within 1 km for points just outside (see rule columns)
WQS1705,Ganga,4040960480,4040025450,point in polygon,4060854010,4060025450,point in polygon,"HydroBASINS v1c standard, levels 4 and 6 (Lehner & Grill 2013)",point in polygon; nearest polygon within 1 km for points just outside (see rule columns)
WQS1706,Ganga,4040960480,4040025450,point in polygon,4060854010,4060025450,point in polygon,"HydroBASINS v1c standard, levels 4 and 6 (Lehner & Grill 2013)",point in polygon; nearest polygon within 1 km for points just outside (see rule columns)
WQS1707,Ganga,4040960480,4040025450,point in polygon,4060854010,4060025450,point in polygon,"HydroBASINS v1c standard, levels 4 and 6 (Lehner & Grill 2013)",point in polygon; nearest polygon within 1 km for points just outside (see rule columns)
WQS1709,Ganga,4040960480,4040025450,point in polygon,4060908790,4060025450,point in polygon,"HydroBASINS v1c standard, levels 4 and 6 (Lehner & Grill 2013)",point in polygon; nearest polygon within 1 km for points just outside (see rule columns)
WQS1710,Ganga,4040960480,4040025450,point in polygon,4060909110,4060025450,point in polygon,"HydroBASINS v1c standard, levels 4 and 6 (Lehner & Grill 2013)",point in polygon; nearest polygon within 1 km for points just outside (see rule columns)
WQS1711,Ganga,4040960480,4040025450,point in polygon,4060909110,4060025450,point in polygon,"HydroBASINS v1c standard, levels 4 and 6 (Lehner & Grill 2013)",point in polygon; nearest polygon within 1 km for points just outside (see rule columns)
WQS1712,Ganga,4040960480,4040025450,point in polygon,4060903560,4060025450,point in polygon,"HydroBASINS v1c standard, levels 4 and 6 (Lehner & Grill 2013)",point in polygon; nearest polygon within 1 km for points just outside (see rule columns)
WQS1713,Ganga,4040960480,4040025450,point in polygon,4060911460,4060025450,point in polygon,"HydroBASINS v1c standard, levels 4 and 6 (Lehner & Grill 2013)",point in polygon; nearest polygon within 1 km for points just outside (see rule columns)
WQS1714,Ganga,4040960480,4040025450,point in polygon,4060854010,4060025450,point in polygon,"HydroBASINS v1c standard, levels 4 and 6 (Lehner & Grill 2013)",point in polygon; nearest polygon within 1 km for points just outside (see rule columns)
WQS1715,Ganga,4040960480,4040025450,point in polygon,4060909110,4060025450,point in polygon,"HydroBASINS v1c standard, levels 4 and 6 (Lehner & Grill 2013)",point in polygon; nearest polygon within 1 km for points just outside (see rule columns)
WQS1716,Ganga,4040960480,4040025450,point in polygon,4060911460,4060025450,point in polygon,"HydroBASINS v1c standard, levels 4 and 6 (Lehner & Grill 2013)",point in polygon; nearest polygon within 1 km for points just outside (see rule columns)
WQS1717,Ganga,4040960480,4040025450,point in polygon,4060908790,4060025450,point in polygon,"HydroBASINS v1c standard, levels 4 and 6 (Lehner & Grill 2013)",point in polygon; nearest polygon within 1 km for points just outside (see rule columns)
WQS1718,,4040960480,4040025450,point in polygon,4060883690,4060025450,point in polygon,"HydroBASINS v1c standard, levels 4 and 6 (Lehner & Grill 2013)",point in polygon; nearest polygon within 1 km for points just outside (see rule columns)
WQS1719,,4040960480,4040025450,point in polygon,4060909020,4060025450,point in polygon,"HydroBASINS v1c standard, levels 4 and 6 (Lehner & Grill 2013)",point in polygon; nearest polygon within 1 km for points just outside (see rule columns)
WQS1720,,4040960480,4040025450,point in polygon,4060909020,4060025450,point in polygon,"HydroBASINS v1c standard, levels 4 and 6 (Lehner & Grill 2013)",point in polygon; nearest polygon within 1 km for points just outside (see rule columns)
WQS1721,,4040960480,4040025450,point in polygon,4060909020,4060025450,point in polygon,"HydroBASINS v1c standard, levels 4 and 6 (Lehner & Grill 2013)",point in polygon; nearest polygon within 1 km for points just outside (see rule columns)
WQS1722,,4040960480,4040025450,point in polygon,4060909020,4060025450,point in polygon,"HydroBASINS v1c standard, levels 4 and 6 (Lehner & Grill 2013)",point in polygon; nearest polygon within 1 km for points just outside (see rule columns)
WQS1723,,4040960480,4040025450,point in polygon,4060909020,4060025450,point in polygon,"HydroBASINS v1c standard, levels 4 and 6 (Lehner & Grill 2013)",point in polygon; nearest polygon within 1 km for points just outside (see rule columns)
WQS1724,,4040960480,4040025450,point in polygon,4060909020,4060025450,point in polygon,"HydroBASINS v1c standard, levels 4 and 6 (Lehner & Grill 2013)",point in polygon; nearest polygon within 1 km for points just outside (see rule columns)
WQS1725,,4040960480,4040025450,point in polygon,4060909020,4060025450,point in polygon,"HydroBASINS v1c standard, levels 4 and 6 (Lehner & Grill 2013)",point in polygon; nearest polygon within 1 km for points just outside (see rule columns)
WQS1726,,4040960480,4040025450,point in polygon,4060909020,4060025450,point in polygon,"HydroBASINS v1c standard, levels 4 and 6 (Lehner & Grill 2013)",point in polygon; nearest polygon within 1 km for points just outside (see rule columns)
WQS1727,,4040960480,4040025450,point in polygon,4060909020,4060025450,point in polygon,"HydroBASINS v1c standard, levels 4 and 6 (Lehner & Grill 2013)",point in polygon; nearest polygon within 1 km for points just outside (see rule columns)
WQS1728,,4040960480,4040025450,point in polygon,4060909020,4060025450,point in polygon,"HydroBASINS v1c standard, levels 4 and 6 (Lehner & Grill 2013)",point in polygon; nearest polygon within 1 km for points just outside (see rule columns)
WQS1729,,4040960480,4040025450,point in polygon,4060909020,4060025450,point in polygon,"HydroBASINS v1c standard, levels 4 and 6 (Lehner & Grill 2013)",point in polygon; nearest polygon within 1 km for points just outside (see rule columns)
WQS1730,,4040960480,4040025450,point in polygon,4060909020,4060025450,point in polygon,"HydroBASINS v1c standard, levels 4 and 6 (Lehner & Grill 2013)",point in polygon; nearest polygon within 1 km for points just outside (see rule columns)
WQS1731,,4040960480,4040025450,point in polygon,4060909020,4060025450,point in polygon,"HydroBASINS v1c standard, levels 4 and 6 (Lehner & Grill 2013)",point in polygon; nearest polygon within 1 km for points just outside (see rule columns)
WQS1732,,4040960480,4040025450,point in polygon,4060909020,4060025450,point in polygon,"HydroBASINS v1c standard, levels 4 and 6 (Lehner & Grill 2013)",point in polygon; nearest polygon within 1 km for points just outside (see rule columns)
WQS1733,,4040960480,4040025450,point in polygon,4060909020,4060025450,point in polygon,"HydroBASINS v1c standard, levels 4 and 6 (Lehner & Grill 2013)",point in polygon; nearest polygon within 1 km for points just outside (see rule columns)
WQS1734,,4040960480,4040025450,point in polygon,4060909020,4060025450,point in polygon,"HydroBASINS v1c standard, levels 4 and 6 (Lehner & Grill 2013)",point in polygon; nearest polygon within 1 km for points just outside (see rule columns)
WQS1735,,4040960480,4040025450,point in polygon,4060816250,4060025450,point in polygon,"HydroBASINS v1c standard, levels 4 and 6 (Lehner & Grill 2013)",point in polygon; nearest polygon within 1 km for points just outside (see rule columns)
WQS1736,,4040960480,4040025450,point in polygon,4060816250,4060025450,point in polygon,"HydroBASINS v1c standard, levels 4 and 6 (Lehner & Grill 2013)",point in polygon; nearest polygon within 1 km for points just outside (see rule columns)
WQS1737,,4040960480,4040025450,point in polygon,4060816250,4060025450,point in polygon,"HydroBASINS v1c standard, levels 4 and 6 (Lehner & Grill 2013)",point in polygon; nearest polygon within 1 km for points just outside (see rule columns)
WQS1738,,4040960480,4040025450,point in polygon,4060816250,4060025450,point in polygon,"HydroBASINS v1c standard, levels 4 and 6 (Lehner & Grill 2013)",point in polygon; nearest polygon within 1 km for points just outside (see rule columns)
WQS1739,,4040960480,4040025450,point in polygon,4060816250,4060025450,point in polygon,"HydroBASINS v1c standard, levels 4 and 6 (Lehner & Grill 2013)",point in polygon; nearest polygon within 1 km for points just outside (see rule columns)
WQS1741,,4040960480,4040025450,point in polygon,4060816250,4060025450,point in polygon,"HydroBASINS v1c standard, levels 4 and 6 (Lehner & Grill 2013)",point in polygon; nearest polygon within 1 km for points just outside (see rule columns)
WQS1742,,4040960480,4040025450,point in polygon,4060816250,4060025450,point in polygon,"HydroBASINS v1c standard, levels 4 and 6 (Lehner & Grill 2013)",point in polygon; nearest polygon within 1 km for points just outside (see rule columns)
WQS1743,,4040960480,4040025450,point in polygon,4060816250,4060025450,point in polygon,"HydroBASINS v1c standard, levels 4 and 6 (Lehner & Grill 2013)",point in polygon; nearest polygon within 1 km for points just outside (see rule columns)
WQS1744,,4040960480,4040025450,point in polygon,4060816250,4060025450,point in polygon,"HydroBASINS v1c standard, levels 4 and 6 (Lehner & Grill 2013)",point in polygon; nearest polygon within 1 km for points just outside (see rule columns)
WQS1745,,4040960480,4040025450,point in polygon,4060816250,4060025450,point in polygon,"HydroBASINS v1c standard, levels 4 and 6 (Lehner & Grill 2013)",point in polygon; nearest polygon within 1 km for points just outside (see rule columns)
WQS1746,,4040960480,4040025450,point in polygon,4060816250,4060025450,point in polygon,"HydroBASINS v1c standard, levels 4 and 6 (Lehner & Grill 2013)",point in polygon; nearest polygon within 1 km for points just outside (see rule columns)
WQS1747,,4040960480,4040025450,point in polygon,4060854130,4060025450,point in polygon,"HydroBASINS v1c standard, levels 4 and 6 (Lehner & Grill 2013)",point in polygon; nearest polygon within 1 km for points just outside (see rule columns)
WQS1748,,4040960480,4040025450,point in polygon,4060816250,4060025450,point in polygon,"HydroBASINS v1c standard, levels 4 and 6 (Lehner & Grill 2013)",point in polygon; nearest polygon within 1 km for points just outside (see rule columns)
WQS1749,,4040960480,4040025450,point in polygon,4060854130,4060025450,point in polygon,"HydroBASINS v1c standard, levels 4 and 6 (Lehner & Grill 2013)",point in polygon; nearest polygon within 1 km for points just outside (see rule columns)
WQS1750,,4040960480,4040025450,point in polygon,4060816250,4060025450,point in polygon,"HydroBASINS v1c standard, levels 4 and 6 (Lehner & Grill 2013)",point in polygon; nearest polygon within 1 km for points just outside (see rule columns)
WQS1752,,4040960480,4040025450,point in polygon,4060855780,4060025450,point in polygon,"HydroBASINS v1c standard, levels 4 and 6 (Lehner & Grill 2013)",point in polygon; nearest polygon within 1 km for points just outside (see rule columns)
WQS1753,,4040960480,4040025450,point in polygon,4060883570,4060025450,point in polygon,"HydroBASINS v1c standard, levels 4 and 6 (Lehner & Grill 2013)",point in polygon; nearest polygon within 1 km for points just outside (see rule columns)
WQS1754,,4040960480,4040025450,point in polygon,4060909020,4060025450,point in polygon,"HydroBASINS v1c standard, levels 4 and 6 (Lehner & Grill 2013)",point in polygon; nearest polygon within 1 km for points just outside (see rule columns)
WQS1755,,4040960480,4040025450,point in polygon,4060903120,4060025450,point in polygon,"HydroBASINS v1c standard, levels 4 and 6 (Lehner & Grill 2013)",point in polygon; nearest polygon within 1 km for points just outside (see rule columns)
WQS1756,,4040960480,4040025450,point in polygon,4060909110,4060025450,point in polygon,"HydroBASINS v1c standard, levels 4 and 6 (Lehner & Grill 2013)",point in polygon; nearest polygon within 1 km for points just outside (see rule columns)
WQS1757,,4040960480,4040025450,point in polygon,4060909110,4060025450,point in polygon,"HydroBASINS v1c standard, levels 4 and 6 (Lehner & Grill 2013)",point in polygon; nearest polygon within 1 km for points just outside (see rule columns)
WQS1758,Ganga,4040960480,4040025450,point in polygon,4060888130,4060025450,point in polygon,"HydroBASINS v1c standard, levels 4 and 6 (Lehner & Grill 2013)",point in polygon; nearest polygon within 1 km for points just outside (see rule columns)
WQS1759,Ganga,4040960480,4040025450,point in polygon,4060861710,4060025450,point in polygon,"HydroBASINS v1c standard, levels 4 and 6 (Lehner & Grill 2013)",point in polygon; nearest polygon within 1 km for points just outside (see rule columns)
WQS1760,Ganga,4040960480,4040025450,point in polygon,4060876680,4060025450,point in polygon,"HydroBASINS v1c standard, levels 4 and 6 (Lehner & Grill 2013)",point in polygon; nearest polygon within 1 km for points just outside (see rule columns)
WQS1761,Ganga,4040960480,4040025450,point in polygon,4060876680,4060025450,point in polygon,"HydroBASINS v1c standard, levels 4 and 6 (Lehner & Grill 2013)",point in polygon; nearest polygon within 1 km for points just outside (see rule columns)
WQS1762,Ganga,4040960480,4040025450,point in polygon,4060895450,4060025450,point in polygon,"HydroBASINS v1c standard, levels 4 and 6 (Lehner & Grill 2013)",point in polygon; nearest polygon within 1 km for points just outside (see rule columns)
WQS1763,Ganga,4040960480,4040025450,point in polygon,4060806680,4060025450,point in polygon,"HydroBASINS v1c standard, levels 4 and 6 (Lehner & Grill 2013)",point in polygon; nearest polygon within 1 km for points just outside (see rule columns)
WQS1764,Ganga,4040960480,4040025450,point in polygon,4060876680,4060025450,point in polygon,"HydroBASINS v1c standard, levels 4 and 6 (Lehner & Grill 2013)",point in polygon; nearest polygon within 1 km for points just outside (see rule columns)
WQS1765,,4040960480,4040025450,point in polygon,4060909020,4060025450,point in polygon,"HydroBASINS v1c standard, levels 4 and 6 (Lehner & Grill 2013)",point in polygon; nearest polygon within 1 km for points just outside (see rule columns)
WQS1767,,4040960480,4040025450,point in polygon,4060854010,4060025450,point in polygon,"HydroBASINS v1c standard, levels 4 and 6 (Lehner & Grill 2013)",point in polygon; nearest polygon within 1 km for points just outside (see rule columns)
WQS1768,Ganga,4040960480,4040025450,point in polygon,4060855310,4060025450,point in polygon,"HydroBASINS v1c standard, levels 4 and 6 (Lehner & Grill 2013)",point in polygon; nearest polygon within 1 km for points just outside (see rule columns)
WQS1769,Ganga,4040960480,4040025450,point in polygon,4060911450,4060025450,point in polygon,"HydroBASINS v1c standard, levels 4 and 6 (Lehner & Grill 2013)",point in polygon; nearest polygon within 1 km for points just outside (see rule columns)
WQS1770,Ganga,4040960480,4040025450,point in polygon,4060816480,4060025450,point in polygon,"HydroBASINS v1c standard, levels 4 and 6 (Lehner & Grill 2013)",point in polygon; nearest polygon within 1 km for points just outside (see rule columns)
WQS1771,Ganga,4040960480,4040025450,point in polygon,4060876680,4060025450,point in polygon,"HydroBASINS v1c standard, levels 4 and 6 (Lehner & Grill 2013)",point in polygon; nearest polygon within 1 km for points just outside (see rule columns)
WQS1772,Ganga,4040960480,4040025450,point in polygon,4060876680,4060025450,point in polygon,"HydroBASINS v1c standard, levels 4 and 6 (Lehner & Grill 2013)",point in polygon; nearest polygon within 1 km for points just outside (see rule columns)
WQS1773,Ganga,4040960480,4040025450,point in polygon,4060888130,4060025450,point in polygon,"HydroBASINS v1c standard, levels 4 and 6 (Lehner & Grill 2013)",point in polygon; nearest polygon within 1 km for points just outside (see rule columns)
WQS1774,Ganga,4040960480,4040025450,point in polygon,4060855310,4060025450,point in polygon,"HydroBASINS v1c standard, levels 4 and 6 (Lehner & Grill 2013)",point in polygon; nearest polygon within 1 km for points just outside (see rule columns)
WQS1775,Ganga,4040960480,4040025450,point in polygon,4060855310,4060025450,point in polygon,"HydroBASINS v1c standard, levels 4 and 6 (Lehner & Grill 2013)",point in polygon; nearest polygon within 1 km for points just outside (see rule columns)
WQS1776,Ganga,4040960480,4040025450,point in polygon,4060855310,4060025450,point in polygon,"HydroBASINS v1c standard, levels 4 and 6 (Lehner & Grill 2013)",point in polygon; nearest polygon within 1 km for points just outside (see rule columns)
WQS1778,Ganga,4040960480,4040025450,point in polygon,4060855310,4060025450,point in polygon,"HydroBASINS v1c standard, levels 4 and 6 (Lehner & Grill 2013)",point in polygon; nearest polygon within 1 km for points just outside (see rule columns)
WQS1779,Ganga,4040960480,4040025450,point in polygon,4060760960,4060025450,point in polygon,"HydroBASINS v1c standard, levels 4 and 6 (Lehner & Grill 2013)",point in polygon; nearest polygon within 1 km for points just outside (see rule columns)
WQS1780,Ganga,4040960480,4040025450,point in polygon,4060854010,4060025450,point in polygon,"HydroBASINS v1c standard, levels 4 and 6 (Lehner & Grill 2013)",point in polygon; nearest polygon within 1 km for points just outside (see rule columns)
WQS1781,Ganga,4040960480,4040025450,point in polygon,4060760960,4060025450,point in polygon,"HydroBASINS v1c standard, levels 4 and 6 (Lehner & Grill 2013)",point in polygon; nearest polygon within 1 km for points just outside (see rule columns)
WQS1782,Ganga,4040960480,4040025450,point in polygon,4060760960,4060025450,point in polygon,"HydroBASINS v1c standard, levels 4 and 6 (Lehner & Grill 2013)",point in polygon; nearest polygon within 1 km for points just outside (see rule columns)
WQS1783,Ganga,4040960480,4040025450,point in polygon,4060760950,4060025450,point in polygon,"HydroBASINS v1c standard, levels 4 and 6 (Lehner & Grill 2013)",point in polygon; nearest polygon within 1 km for points just outside (see rule columns)
WQS1784,,4040960480,4040025450,point in polygon,4060855780,4060025450,point in polygon,"HydroBASINS v1c standard, levels 4 and 6 (Lehner & Grill 2013)",point in polygon; nearest polygon within 1 km for points just outside (see rule columns)
WQS1785,,4040960480,4040025450,point in polygon,4060855780,4060025450,point in polygon,"HydroBASINS v1c standard, levels 4 and 6 (Lehner & Grill 2013)",point in polygon; nearest polygon within 1 km for points just outside (see rule columns)
WQS1786,,4040960480,4040025450,point in polygon,4060855780,4060025450,point in polygon,"HydroBASINS v1c standard, levels 4 and 6 (Lehner & Grill 2013)",point in polygon; nearest polygon within 1 km for points just outside (see rule columns)
WQS1787,,4040960480,4040025450,point in polygon,4060855780,4060025450,point in polygon,"HydroBASINS v1c standard, levels 4 and 6 (Lehner & Grill 2013)",point in polygon; nearest polygon within 1 km for points just outside (see rule columns)
WQS1788,Ganga,4040960480,4040025450,point in polygon,4060854010,4060025450,point in polygon,"HydroBASINS v1c standard, levels 4 and 6 (Lehner & Grill 2013)",point in polygon; nearest polygon within 1 km for points just outside (see rule columns)
WQS1789,,4040960480,4040025450,point in polygon,4060855780,4060025450,point in polygon,"HydroBASINS v1c standard, levels 4 and 6 (Lehner & Grill 2013)",point in polygon; nearest polygon within 1 km for points just outside (see rule columns)
WQS1790,Ganga,4040960480,4040025450,point in polygon,4060854010,4060025450,point in polygon,"HydroBASINS v1c standard, levels 4 and 6 (Lehner & Grill 2013)",point in polygon; nearest polygon within 1 km for points just outside (see rule columns)
WQS1791,,4040960480,4040025450,point in polygon,4060855780,4060025450,point in polygon,"HydroBASINS v1c standard, levels 4 and 6 (Lehner & Grill 2013)",point in polygon; nearest polygon within 1 km for points just outside (see rule columns)
WQS1794,,4040960480,4040025450,point in polygon,4060855780,4060025450,point in polygon,"HydroBASINS v1c standard, levels 4 and 6 (Lehner & Grill 2013)",point in polygon; nearest polygon within 1 km for points just outside (see rule columns)
WQS1795,Ganga,4040960480,4040025450,point in polygon,4060760960,4060025450,point in polygon,"HydroBASINS v1c standard, levels 4 and 6 (Lehner & Grill 2013)",point in polygon; nearest polygon within 1 km for points just outside (see rule columns)
WQS1797,Ganga,4040960480,4040025450,point in polygon,4060760950,4060025450,point in polygon,"HydroBASINS v1c standard, levels 4 and 6 (Lehner & Grill 2013)",point in polygon; nearest polygon within 1 km for points just outside (see rule columns)
WQS1799,Ganga,4040960480,4040025450,point in polygon,4060854010,4060025450,point in polygon,"HydroBASINS v1c standard, levels 4 and 6 (Lehner & Grill 2013)",point in polygon; nearest polygon within 1 km for points just outside (see rule columns)
WQS1800,Ganga,4040960480,4040025450,point in polygon,4060854010,4060025450,point in polygon,"HydroBASINS v1c standard, levels 4 and 6 (Lehner & Grill 2013)",point in polygon; nearest polygon within 1 km for points just outside (see rule columns)
WQS1801,Ganga,4040960480,4040025450,point in polygon,4060854010,4060025450,point in polygon,"HydroBASINS v1c standard, levels 4 and 6 (Lehner & Grill 2013)",point in polygon; nearest polygon within 1 km for points just outside (see rule columns)
WQS1802,Ganga,4040960480,4040025450,point in polygon,4060854010,4060025450,point in polygon,"HydroBASINS v1c standard, levels 4 and 6 (Lehner & Grill 2013)",point in polygon; nearest polygon within 1 km for points just outside (see rule columns)
WQS1803,Ganga,4040960480,4040025450,point in polygon,4060854010,4060025450,point in polygon,"HydroBASINS v1c standard, levels 4 and 6 (Lehner & Grill 2013)",point in polygon; nearest polygon within 1 km for points just outside (see rule columns)
WQS1804,Ganga,4040960480,4040025450,point in polygon,4060854010,4060025450,point in polygon,"HydroBASINS v1c standard, levels 4 and 6 (Lehner & Grill 2013)",point in polygon; nearest polygon within 1 km for points just outside (see rule columns)
WQS1805,Ganga,4040960480,4040025450,point in polygon,4060854010,4060025450,point in polygon,"HydroBASINS v1c standard, levels 4 and 6 (Lehner & Grill 2013)",point in polygon; nearest polygon within 1 km for points just outside (see rule columns)
WQS1806,Ganga,4040960480,4040025450,point in polygon,4060854010,4060025450,point in polygon,"HydroBASINS v1c standard, levels 4 and 6 (Lehner & Grill 2013)",point in polygon; nearest polygon within 1 km for points just outside (see rule columns)
WQS1807,Ganga,4040960480,4040025450,point in polygon,4060854010,4060025450,point in polygon,"HydroBASINS v1c standard, levels 4 and 6 (Lehner & Grill 2013)",point in polygon; nearest polygon within 1 km for points just outside (see rule columns)
WQS1808,,4040960480,4040025450,point in polygon,4060855780,4060025450,point in polygon,"HydroBASINS v1c standard, levels 4 and 6 (Lehner & Grill 2013)",point in polygon; nearest polygon within 1 km for points just outside (see rule columns)
WQS1809,,4040960480,4040025450,point in polygon,4060855780,4060025450,point in polygon,"HydroBASINS v1c standard, levels 4 and 6 (Lehner & Grill 2013)",point in polygon; nearest polygon within 1 km for points just outside (see rule columns)
WQS1810,,4040960480,4040025450,point in polygon,4060855780,4060025450,point in polygon,"HydroBASINS v1c standard, levels 4 and 6 (Lehner & Grill 2013)",point in polygon; nearest polygon within 1 km for points just outside (see rule columns)
WQS1811,,4040960480,4040025450,point in polygon,4060855780,4060025450,point in polygon,"HydroBASINS v1c standard, levels 4 and 6 (Lehner & Grill 2013)",point in polygon; nearest polygon within 1 km for points just outside (see rule columns)
WQS1812,,4040960480,4040025450,point in polygon,4060855780,4060025450,point in polygon,"HydroBASINS v1c standard, levels 4 and 6 (Lehner & Grill 2013)",point in polygon; nearest polygon within 1 km for points just outside (see rule columns)
WQS1813,Ganga,4040960480,4040025450,point in polygon,4060760960,4060025450,point in polygon,"HydroBASINS v1c standard, levels 4 and 6 (Lehner & Grill 2013)",point in polygon; nearest polygon within 1 km for points just outside (see rule columns)
WQS1814,Ganga,4040960480,4040025450,point in polygon,4060760960,4060025450,point in polygon,"HydroBASINS v1c standard, levels 4 and 6 (Lehner & Grill 2013)",point in polygon; nearest polygon within 1 km for points just outside (see rule columns)
WQS1815,,4040960480,4040025450,point in polygon,4060855780,4060025450,point in polygon,"HydroBASINS v1c standard, levels 4 and 6 (Lehner & Grill 2013)",point in polygon; nearest polygon within 1 km for points just outside (see rule columns)
WQS1816,,4040960480,4040025450,point in polygon,4060855780,4060025450,point in polygon,"HydroBASINS v1c standard, levels 4 and 6 (Lehner & Grill 2013)",point in polygon; nearest polygon within 1 km for points just outside (see rule columns)
WQS1817,,4040960480,4040025450,point in polygon,4060854010,4060025450,point in polygon,"HydroBASINS v1c standard, levels 4 and 6 (Lehner & Grill 2013)",point in polygon; nearest polygon within 1 km for points just outside (see rule columns)
WQS1818,,4040960480,4040025450,point in polygon,4060806680,4060025450,point in polygon,"HydroBASINS v1c standard, levels 4 and 6 (Lehner & Grill 2013)",point in polygon; nearest polygon within 1 km for points just outside (see rule columns)
WQS1819,Ganga,4040960480,4040025450,point in polygon,4060806680,4060025450,point in polygon,"HydroBASINS v1c standard, levels 4 and 6 (Lehner & Grill 2013)",point in polygon; nearest polygon within 1 km for points just outside (see rule columns)
WQS1820,Ganga,4040960480,4040025450,point in polygon,4060854010,4060025450,point in polygon,"HydroBASINS v1c standard, levels 4 and 6 (Lehner & Grill 2013)",point in polygon; nearest polygon within 1 km for points just outside (see rule columns)
WQS1821,Ganga,4040960480,4040025450,point in polygon,4060816250,4060025450,point in polygon,"HydroBASINS v1c standard, levels 4 and 6 (Lehner & Grill 2013)",point in polygon; nearest polygon within 1 km for points just outside (see rule columns)
WQS1822,Ganga,4040960480,4040025450,point in polygon,4060806680,4060025450,point in polygon,"HydroBASINS v1c standard, levels 4 and 6 (Lehner & Grill 2013)",point in polygon; nearest polygon within 1 km for points just outside (see rule columns)
WQS1823,Ganga,4040960480,4040025450,point in polygon,4060806680,4060025450,point in polygon,"HydroBASINS v1c standard, levels 4 and 6 (Lehner & Grill 2013)",point in polygon; nearest polygon within 1 km for points just outside (see rule columns)
WQS1824,Ganga,4040960480,4040025450,point in polygon,4060806680,4060025450,point in polygon,"HydroBASINS v1c standard, levels 4 and 6 (Lehner & Grill 2013)",point in polygon; nearest polygon within 1 km for points just outside (see rule columns)
WQS1825,Ganga,4040960480,4040025450,point in polygon,4060806680,4060025450,point in polygon,"HydroBASINS v1c standard, levels 4 and 6 (Lehner & Grill 2013)",point in polygon; nearest polygon within 1 km for points just outside (see rule columns)
WQS1827,,4040025460,4040025460,point in polygon,4060026610,4060026610,point in polygon,"HydroBASINS v1c standard, levels 4 and 6 (Lehner & Grill 2013)",point in polygon; nearest polygon within 1 km for points just outside (see rule columns)
WQS1829,Ganga,4040025460,4040025460,point in polygon,4060026610,4060026610,point in polygon,"HydroBASINS v1c standard, levels 4 and 6 (Lehner & Grill 2013)",point in polygon; nearest polygon within 1 km for points just outside (see rule columns)
WQS1832,,4040960200,4040025450,point in polygon,4060956230,4060025450,point in polygon,"HydroBASINS v1c standard, levels 4 and 6 (Lehner & Grill 2013)",point in polygon; nearest polygon within 1 km for points just outside (see rule columns)
WQS1833,,4040960480,4040025450,point in polygon,4060921230,4060025450,point in polygon,"HydroBASINS v1c standard, levels 4 and 6 (Lehner & Grill 2013)",point in polygon; nearest polygon within 1 km for points just outside (see rule columns)
WQS1834,,4040025460,4040025460,point in polygon,4060963930,4060026660,point in polygon,"HydroBASINS v1c standard, levels 4 and 6 (Lehner & Grill 2013)",point in polygon; nearest polygon within 1 km for points just outside (see rule columns)
WQS1837,,4040025460,4040025460,point in polygon,4060026610,4060026610,point in polygon,"HydroBASINS v1c standard, levels 4 and 6 (Lehner & Grill 2013)",point in polygon; nearest polygon within 1 km for points just outside (see rule columns)
WQS1838,,4040025460,4040025460,point in polygon,4060026610,4060026610,point in polygon,"HydroBASINS v1c standard, levels 4 and 6 (Lehner & Grill 2013)",point in polygon; nearest polygon within 1 km for points just outside (see rule columns)
WQS1839,,4040025460,4040025460,point in polygon,4060026260,4060026260,point in polygon,"HydroBASINS v1c standard, levels 4 and 6 (Lehner & Grill 2013)",point in polygon; nearest polygon within 1 km for points just outside (see rule columns)
WQS1840,,4040025460,4040025460,point in polygon,4060994510,4060026660,point in polygon,"HydroBASINS v1c standard, levels 4 and 6 (Lehner & Grill 2013)",point in polygon; nearest polygon within 1 km for points just outside (see rule columns)
WQS1841,,4040025460,4040025460,point in polygon,4060026660,4060026660,point in polygon,"HydroBASINS v1c standard, levels 4 and 6 (Lehner & Grill 2013)",point in polygon; nearest polygon within 1 km for points just outside (see rule columns)
WQS1842,,4040025460,4040025460,point in polygon,4060993110,4060026660,point in polygon,"HydroBASINS v1c standard, levels 4 and 6 (Lehner & Grill 2013)",point in polygon; nearest polygon within 1 km for points just outside (see rule columns)
WQS1843,,4040025460,4040025460,point in polygon,4060993020,4060026660,point in polygon,"HydroBASINS v1c standard, levels 4 and 6 (Lehner & Grill 2013)",point in polygon; nearest polygon within 1 km for points just outside (see rule columns)
WQS1844,,4040025460,4040025460,point in polygon,4060993020,4060026660,point in polygon,"HydroBASINS v1c standard, levels 4 and 6 (Lehner & Grill 2013)",point in polygon; nearest polygon within 1 km for points just outside (see rule columns)
WQS1845,,4040025460,4040025460,point in polygon,4060993020,4060026660,point in polygon,"HydroBASINS v1c standard, levels 4 and 6 (Lehner & Grill 2013)",point in polygon; nearest polygon within 1 km for points just outside (see rule columns)
WQS1846,,4040025460,4040025460,point in polygon,4060993020,4060026660,point in polygon,"HydroBASINS v1c standard, levels 4 and 6 (Lehner & Grill 2013)",point in polygon; nearest polygon within 1 km for points just outside (see rule columns)
WQS1847,,4040025460,4040025460,point in polygon,4060993020,4060026660,point in polygon,"HydroBASINS v1c standard, levels 4 and 6 (Lehner & Grill 2013)",point in polygon; nearest polygon within 1 km for points just outside (see rule columns)
WQS1848,,4040025460,4040025460,point in polygon,4060993020,4060026660,point in polygon,"HydroBASINS v1c standard, levels 4 and 6 (Lehner & Grill 2013)",point in polygon; nearest polygon within 1 km for points just outside (see rule columns)
WQS1849,,4040025460,4040025460,point in polygon,4060993020,4060026660,point in polygon,"HydroBASINS v1c standard, levels 4 and 6 (Lehner & Grill 2013)",point in polygon; nearest polygon within 1 km for points just outside (see rule columns)
WQS1850,,4040025460,4040025460,point in polygon,4060993020,4060026660,point in polygon,"HydroBASINS v1c standard, levels 4 and 6 (Lehner & Grill 2013)",point in polygon; nearest polygon within 1 km for points just outside (see rule columns)
WQS1851,,4040025460,4040025460,point in polygon,4060993020,4060026660,point in polygon,"HydroBASINS v1c standard, levels 4 and 6 (Lehner & Grill 2013)",point in polygon; nearest polygon within 1 km for points just outside (see rule columns)
WQS1852,,4040025460,4040025460,point in polygon,4060993020,4060026660,point in polygon,"HydroBASINS v1c standard, levels 4 and 6 (Lehner & Grill 2013)",point in polygon; nearest polygon within 1 km for points just outside (see rule columns)
WQS1853,,4040025460,4040025460,point in polygon,4060993110,4060026660,point in polygon,"HydroBASINS v1c standard, levels 4 and 6 (Lehner & Grill 2013)",point in polygon; nearest polygon within 1 km for points just outside (see rule columns)
WQS1854,Ganga,4040025460,4040025460,point in polygon,4060026610,4060026610,point in polygon,"HydroBASINS v1c standard, levels 4 and 6 (Lehner & Grill 2013)",point in polygon; nearest polygon within 1 km for points just outside (see rule columns)
WQS1855,Ganga,4040025460,4040025460,point in polygon,4060026610,4060026610,point in polygon,"HydroBASINS v1c standard, levels 4 and 6 (Lehner & Grill 2013)",point in polygon; nearest polygon within 1 km for points just outside (see rule columns)
WQS1856,Ganga,4040025460,4040025460,point in polygon,4060026610,4060026610,point in polygon,"HydroBASINS v1c standard, levels 4 and 6 (Lehner & Grill 2013)",point in polygon; nearest polygon within 1 km for points just outside (see rule columns)
WQS1857,Ganga,4040025460,4040025460,point in polygon,4060026610,4060026610,point in polygon,"HydroBASINS v1c standard, levels 4 and 6 (Lehner & Grill 2013)",point in polygon; nearest polygon within 1 km for points just outside (see rule columns)
WQS1858,Ganga,4040025460,4040025460,"nearest polygon, 124 m outside its edge",4060026260,4060026260,"nearest polygon, 124 m outside its edge","HydroBASINS v1c standard, levels 4 and 6 (Lehner & Grill 2013)",point in polygon; nearest polygon within 1 km for points just outside (see rule columns)
WQS1859,Ganga,4040960480,4040025450,point in polygon,4060940160,4060025450,point in polygon,"HydroBASINS v1c standard, levels 4 and 6 (Lehner & Grill 2013)",point in polygon; nearest polygon within 1 km for points just outside (see rule columns)
WQS1860,Ganga,4040025460,4040025460,point in polygon,4060026610,4060026610,point in polygon,"HydroBASINS v1c standard, levels 4 and 6 (Lehner & Grill 2013)",point in polygon; nearest polygon within 1 km for points just outside (see rule columns)
WQS1861,Ganga,4040025460,4040025460,point in polygon,4060026610,4060026610,point in polygon,"HydroBASINS v1c standard, levels 4 and 6 (Lehner & Grill 2013)",point in polygon; nearest polygon within 1 km for points just outside (see rule columns)
WQS1862,Ganga,4040025460,4040025460,point in polygon,4060026610,4060026610,point in polygon,"HydroBASINS v1c standard, levels 4 and 6 (Lehner & Grill 2013)",point in polygon; nearest polygon within 1 km for points just outside (see rule columns)
WQS1863,Ganga,4040025460,4040025460,point in polygon,4060026670,4060026670,point in polygon,"HydroBASINS v1c standard, levels 4 and 6 (Lehner & Grill 2013)",point in polygon; nearest polygon within 1 km for points just outside (see rule columns)
WQS1864,Ganga,4040025460,4040025460,point in polygon,4060026610,4060026610,point in polygon,"HydroBASINS v1c standard, levels 4 and 6 (Lehner & Grill 2013)",point in polygon; nearest polygon within 1 km for points just outside (see rule columns)
WQS1865,Ganga,4040025460,4040025460,point in polygon,4060026610,4060026610,point in polygon,"HydroBASINS v1c standard, levels 4 and 6 (Lehner & Grill 2013)",point in polygon; nearest polygon within 1 km for points just outside (see rule columns)
WQS1866,Subarnarekha,4040025460,4040025460,point in polygon,4060026670,4060026670,point in polygon,"HydroBASINS v1c standard, levels 4 and 6 (Lehner & Grill 2013)",point in polygon; nearest polygon within 1 km for points just outside (see rule columns)
WQS1867,,4040025460,4040025460,point in polygon,4060026610,4060026610,point in polygon,"HydroBASINS v1c standard, levels 4 and 6 (Lehner & Grill 2013)",point in polygon; nearest polygon within 1 km for points just outside (see rule columns)
WQS1868,,4040960200,4040025450,point in polygon,4060956230,4060025450,point in polygon,"HydroBASINS v1c standard, levels 4 and 6 (Lehner & Grill 2013)",point in polygon; nearest polygon within 1 km for points just outside (see rule columns)
WQS1869,,4040960200,4040025450,point in polygon,4060900670,4060025450,point in polygon,"HydroBASINS v1c standard, levels 4 and 6 (Lehner & Grill 2013)",point in polygon; nearest polygon within 1 km for points just outside (see rule columns)
WQS1870,,4040960200,4040025450,point in polygon,4060956230,4060025450,point in polygon,"HydroBASINS v1c standard, levels 4 and 6 (Lehner & Grill 2013)",point in polygon; nearest polygon within 1 km for points just outside (see rule columns)
WQS1871,,4040960480,4040025450,point in polygon,4060921230,4060025450,point in polygon,"HydroBASINS v1c standard, levels 4 and 6 (Lehner & Grill 2013)",point in polygon; nearest polygon within 1 km for points just outside (see rule columns)
WQS1872,,4040960480,4040025450,point in polygon,4060921230,4060025450,point in polygon,"HydroBASINS v1c standard, levels 4 and 6 (Lehner & Grill 2013)",point in polygon; nearest polygon within 1 km for points just outside (see rule columns)
WQS1873,,4040025460,4040025460,point in polygon,4060026610,4060026610,point in polygon,"HydroBASINS v1c standard, levels 4 and 6 (Lehner & Grill 2013)",point in polygon; nearest polygon within 1 km for points just outside (see rule columns)
WQS1875,Ganga,4040025460,4040025460,point in polygon,4060026610,4060026610,point in polygon,"HydroBASINS v1c standard, levels 4 and 6 (Lehner & Grill 2013)",point in polygon; nearest polygon within 1 km for points just outside (see rule columns)
WQS1876,,4040960200,4040025450,point in polygon,4060900670,4060025450,point in polygon,"HydroBASINS v1c standard, levels 4 and 6 (Lehner & Grill 2013)",point in polygon; nearest polygon within 1 km for points just outside (see rule columns)
WQS1877,Subarnarekha,4040025460,4040025460,point in polygon,4060026670,4060026670,point in polygon,"HydroBASINS v1c standard, levels 4 and 6 (Lehner & Grill 2013)",point in polygon; nearest polygon within 1 km for points just outside (see rule columns)
WQS1878,,4040025460,4040025460,"nearest polygon, 320 m outside its edge",4060026620,4060026620,"nearest polygon, 320 m outside its edge","HydroBASINS v1c standard, levels 4 and 6 (Lehner & Grill 2013)",point in polygon; nearest polygon within 1 km for points just outside (see rule columns)
WQS1879,,4040960200,4040025450,point in polygon,4060900670,4060025450,point in polygon,"HydroBASINS v1c standard, levels 4 and 6 (Lehner & Grill 2013)",point in polygon; nearest polygon within 1 km for points just outside (see rule columns)
WQS1882,,4040960200,4040025450,point in polygon,4060956230,4060025450,point in polygon,"HydroBASINS v1c standard, levels 4 and 6 (Lehner & Grill 2013)",point in polygon; nearest polygon within 1 km for points just outside (see rule columns)
WQS1883,,4040960200,4040025450,point in polygon,4060956230,4060025450,point in polygon,"HydroBASINS v1c standard, levels 4 and 6 (Lehner & Grill 2013)",point in polygon; nearest polygon within 1 km for points just outside (see rule columns)
WQS1884,,4040960200,4040025450,point in polygon,4060900670,4060025450,point in polygon,"HydroBASINS v1c standard, levels 4 and 6 (Lehner & Grill 2013)",point in polygon; nearest polygon within 1 km for points just outside (see rule columns)
WQS1885,,4040960200,4040025450,point in polygon,4060900670,4060025450,point in polygon,"HydroBASINS v1c standard, levels 4 and 6 (Lehner & Grill 2013)",point in polygon; nearest polygon within 1 km for points just outside (see rule columns)
WQS1886,Ganga,4040025460,4040025460,point in polygon,4060026610,4060026610,point in polygon,"HydroBASINS v1c standard, levels 4 and 6 (Lehner & Grill 2013)",point in polygon; nearest polygon within 1 km for points just outside (see rule columns)
WQS1887,,4040025460,4040025460,point in polygon,4060026260,4060026260,point in polygon,"HydroBASINS v1c standard, levels 4 and 6 (Lehner & Grill 2013)",point in polygon; nearest polygon within 1 km for points just outside (see rule columns)
WQS1888,,4040025460,4040025460,point in polygon,4060993020,4060026660,point in polygon,"HydroBASINS v1c standard, levels 4 and 6 (Lehner & Grill 2013)",point in polygon; nearest polygon within 1 km for points just outside (see rule columns)
WQS1889,,4040025460,4040025460,point in polygon,4060026610,4060026610,point in polygon,"HydroBASINS v1c standard, levels 4 and 6 (Lehner & Grill 2013)",point in polygon; nearest polygon within 1 km for points just outside (see rule columns)
WQS1890,,4040025460,4040025460,point in polygon,4060026610,4060026610,point in polygon,"HydroBASINS v1c standard, levels 4 and 6 (Lehner & Grill 2013)",point in polygon; nearest polygon within 1 km for points just outside (see rule columns)
WQS1891,,4040027940,4040027940,point in polygon,4061103960,4060027940,point in polygon,"HydroBASINS v1c standard, levels 4 and 6 (Lehner & Grill 2013)",point in polygon; nearest polygon within 1 km for points just outside (see rule columns)
