station_uid,snap_rule,HYRIV_ID,snap_dist_m,UPLAND_SKM,DIS_AV_CMS,ORD_STRA,HYBAS_L12,MAIN_RIV,DIST_DN_KM,n_reaches_within_1km,pop_upstream,n_units_upstream,pop_upstream_50km,n_units_50km,pop_own_unit,share_units_without_india_pop,pop_per_cms,pop_year,source
WQS0036,largest upstream area within 1 km,41253173.0,92.0,21342.5,495.726,6.0,4121570110.0,41275841.0,189.4,1.0,2420926.0,165.0,118292.0,11.0,17323.0,0.0,4883.6,2020,"HydroRIVERS v1.0 / HydroBASINS v1c level 12 (Lehner & Grill 2013); WorldPop Global2 R2025A constrained 100 m, India only"
WQS0039,largest upstream area within 1 km,40822737.0,517.0,2459.4,275.455,5.0,4121469980.0,41067217.0,1230.6,9.0,13764.0,18.0,10488.0,8.0,6501.0,0.056,50.0,2020,"HydroRIVERS v1.0 / HydroBASINS v1c level 12 (Lehner & Grill 2013); WorldPop Global2 R2025A constrained 100 m, India only"
WQS0040,largest upstream area within 1 km,40846692.0,26.0,1220.4,132.49,5.0,4120862660.0,41067217.0,952.0,5.0,345232.0,10.0,335084.0,7.0,133584.0,0.0,2605.7,2020,"HydroRIVERS v1.0 / HydroBASINS v1c level 12 (Lehner & Grill 2013); WorldPop Global2 R2025A constrained 100 m, India only"
WQS0044,largest upstream area within 1 km,40802770.0,698.0,633.3,68.299,4.0,4120836070.0,41067217.0,1190.9,4.0,41064.0,5.0,41064.0,5.0,24382.0,0.0,601.2,2020,"HydroRIVERS v1.0 / HydroBASINS v1c level 12 (Lehner & Grill 2013); WorldPop Global2 R2025A constrained 100 m, India only"
WQS0046,largest upstream area within 1 km,40799853.0,919.0,21172.2,1224.957,6.0,4120833950.0,41067217.0,1193.6,2.0,24182.0,151.0,9292.0,9.0,2271.0,0.603,19.7,2020,"HydroRIVERS v1.0 / HydroBASINS v1c level 12 (Lehner & Grill 2013); WorldPop Global2 R2025A constrained 100 m, India only"
WQS0047,largest upstream area within 1 km,40828198.0,35.0,851.3,89.756,4.0,4120848000.0,41067217.0,1195.2,3.0,34659.0,6.0,34659.0,5.0,28433.0,0.0,386.1,2020,"HydroRIVERS v1.0 / HydroBASINS v1c level 12 (Lehner & Grill 2013); WorldPop Global2 R2025A constrained 100 m, India only"
WQS0048,largest upstream area within 1 km,40813240.0,746.0,2732.1,302.383,5.0,4120840950.0,41067217.0,1183.0,6.0,58310.0,20.0,51047.0,3.0,31090.0,0.05,192.8,2020,"HydroRIVERS v1.0 / HydroBASINS v1c level 12 (Lehner & Grill 2013); WorldPop Global2 R2025A constrained 100 m, India only"
WQS0049,largest upstream area within 1 km,40848869.0,497.0,212.7,22.546,4.0,4120857140.0,41067217.0,960.9,6.0,172788.0,2.0,172788.0,2.0,87061.0,0.0,7663.8,2020,"HydroRIVERS v1.0 / HydroBASINS v1c level 12 (Lehner & Grill 2013); WorldPop Global2 R2025A constrained 100 m, India only"
WQS0052,largest upstream area within 1 km,40850339.0,358.0,137.8,14.514,4.0,4121475500.0,41067217.0,970.9,5.0,85727.0,1.0,85727.0,1.0,85727.0,0.0,5906.5,2020,"HydroRIVERS v1.0 / HydroBASINS v1c level 12 (Lehner & Grill 2013); WorldPop Global2 R2025A constrained 100 m, India only"
WQS0053,largest upstream area within 1 km,40782902.0,850.0,255327.7,4961.851,8.0,4120827200.0,41067217.0,1166.5,8.0,190648.0,1949.0,44970.0,11.0,22423.0,0.946,38.4,2020,"HydroRIVERS v1.0 / HydroBASINS v1c level 12 (Lehner & Grill 2013); WorldPop Global2 R2025A constrained 100 m, India only"
WQS0054,largest upstream area within 1 km,40821379.0,133.0,26250.1,2092.579,7.0,4121470150.0,41067217.0,999.2,6.0,155902.0,200.0,21586.0,10.0,19778.0,0.375,74.5,2020,"HydroRIVERS v1.0 / HydroBASINS v1c level 12 (Lehner & Grill 2013); WorldPop Global2 R2025A constrained 100 m, India only"
WQS0056,largest upstream area within 1 km,40984380.0,769.0,18750.4,779.44,6.0,4120930070.0,41067217.0,507.7,5.0,1313333.0,139.0,647407.0,13.0,172226.0,0.022,1685.0,2020,"HydroRIVERS v1.0 / HydroBASINS v1c level 12 (Lehner & Grill 2013); WorldPop Global2 R2025A constrained 100 m, India only"
WQS0059,largest upstream area within 1 km,40864794.0,553.0,3.6,0.351,1.0,4120865050.0,41067217.0,932.5,1.0,7259592.0,2435.0,40990.0,1.0,40990.0,0.799,20682598.3,2020,"HydroRIVERS v1.0 / HydroBASINS v1c level 12 (Lehner & Grill 2013); WorldPop Global2 R2025A constrained 100 m, India only"
WQS0060,largest upstream area within 1 km,40903509.0,118.0,413526.4,18850.434,8.0,4120888190.0,41067217.0,613.9,1.0,26233408.0,3154.0,1907154.0,21.0,340242.0,0.642,1391.7,2020,"HydroRIVERS v1.0 / HydroBASINS v1c level 12 (Lehner & Grill 2013); WorldPop Global2 R2025A constrained 100 m, India only"
WQS0061,largest upstream area within 1 km,40875907.0,275.0,2.5,0.208,1.0,4120872130.0,41067217.0,802.2,1.0,14971233.0,2828.0,7925.0,1.0,7925.0,0.715,71977081.7,2020,"HydroRIVERS v1.0 / HydroBASINS v1c level 12 (Lehner & Grill 2013); WorldPop Global2 R2025A constrained 100 m, India only"
WQS0062,largest upstream area within 1 km,40877869.0,192.0,113.7,9.409,3.0,4120872610.0,41067217.0,755.2,1.0,245755.0,1.0,245755.0,1.0,245755.0,0.0,26119.1,2020,"HydroRIVERS v1.0 / HydroBASINS v1c level 12 (Lehner & Grill 2013); WorldPop Global2 R2025A constrained 100 m, India only"
WQS0063,largest upstream area within 1 km,40904718.0,206.0,413674.2,18861.158,8.0,4120888190.0,41067217.0,602.9,1.0,26233408.0,3154.0,1382070.0,17.0,340242.0,0.642,1390.9,2020,"HydroRIVERS v1.0 / HydroBASINS v1c level 12 (Lehner & Grill 2013); WorldPop Global2 R2025A constrained 100 m, India only"
WQS0064,largest upstream area within 1 km,40836443.0,207.0,3039.8,312.789,5.0,4121472620.0,41067217.0,1144.6,3.0,371955.0,22.0,298382.0,7.0,56342.0,0.0,1189.2,2020,"HydroRIVERS v1.0 / HydroBASINS v1c level 12 (Lehner & Grill 2013); WorldPop Global2 R2025A constrained 100 m, India only"
WQS0066,largest upstream area within 1 km,40884444.0,28.0,8326.8,631.067,6.0,4120873940.0,41067217.0,903.0,5.0,2750763.0,61.0,744569.0,11.0,170326.0,0.0,4358.9,2020,"HydroRIVERS v1.0 / HydroBASINS v1c level 12 (Lehner & Grill 2013); WorldPop Global2 R2025A constrained 100 m, India only"
WQS0067,largest upstream area within 1 km,40957880.0,946.0,15.7,1.533,2.0,4121499660.0,41067217.0,935.2,3.0,1372.0,1.0,1372.0,1.0,1372.0,0.0,895.0,2020,"HydroRIVERS v1.0 / HydroBASINS v1c level 12 (Lehner & Grill 2013); WorldPop Global2 R2025A constrained 100 m, India only"
WQS0068,largest upstream area within 1 km,40865818.0,439.0,3017.6,330.649,6.0,4121477560.0,41067217.0,1011.3,5.0,374937.0,23.0,196613.0,9.0,102498.0,0.0,1133.9,2020,"HydroRIVERS v1.0 / HydroBASINS v1c level 12 (Lehner & Grill 2013); WorldPop Global2 R2025A constrained 100 m, India only"
WQS0070,largest upstream area within 1 km,40834725.0,22.0,4986.7,523.021,5.0,4121471860.0,41067217.0,1067.0,3.0,1314709.0,37.0,908610.0,9.0,90758.0,0.0,2513.7,2020,"HydroRIVERS v1.0 / HydroBASINS v1c level 12 (Lehner & Grill 2013); WorldPop Global2 R2025A constrained 100 m, India only"
WQS0071,largest upstream area within 1 km,40894184.0,227.0,2.5,0.191,1.0,4121485210.0,41067217.0,723.9,1.0,417904.0,2.0,210622.0,1.0,210622.0,0.0,2187979.1,2020,"HydroRIVERS v1.0 / HydroBASINS v1c level 12 (Lehner & Grill 2013); WorldPop Global2 R2025A constrained 100 m, India only"
WQS0074,largest upstream area within 1 km,40980185.0,497.0,25303.8,1191.968,6.0,4120928140.0,41067217.0,452.4,3.0,2848889.0,191.0,814338.0,14.0,4624.0,0.016,2390.1,2020,"HydroRIVERS v1.0 / HydroBASINS v1c level 12 (Lehner & Grill 2013); WorldPop Global2 R2025A constrained 100 m, India only"
WQS0075,nearest reach within 2 km,40889499.0,1152.0,9.2,0.6,1.0,4121484670.0,41067217.0,614.9,0.0,545811.0,4.0,215327.0,1.0,215327.0,0.0,909685.0,2020,"HydroRIVERS v1.0 / HydroBASINS v1c level 12 (Lehner & Grill 2013); WorldPop Global2 R2025A constrained 100 m, India only"
WQS0076,largest upstream area within 1 km,40894442.0,950.0,1030.4,79.203,4.0,4120883150.0,41067217.0,642.0,3.0,615149.0,8.0,615149.0,8.0,35800.0,0.0,7766.7,2020,"HydroRIVERS v1.0 / HydroBASINS v1c level 12 (Lehner & Grill 2013); WorldPop Global2 R2025A constrained 100 m, India only"
WQS0080,largest upstream area within 1 km,40885597.0,89.0,28978.3,346.228,6.0,4121485000.0,41067217.0,559.8,1.0,293563.0,212.0,259243.0,5.0,203498.0,0.873,847.9,2020,"HydroRIVERS v1.0 / HydroBASINS v1c level 12 (Lehner & Grill 2013); WorldPop Global2 R2025A constrained 100 m, India only"
WQS0081,largest upstream area within 1 km,40905619.0,335.0,36.6,2.969,2.0,4121488190.0,41067217.0,625.3,3.0,576456.0,1.0,576456.0,1.0,576456.0,0.0,194158.3,2020,"HydroRIVERS v1.0 / HydroBASINS v1c level 12 (Lehner & Grill 2013); WorldPop Global2 R2025A constrained 100 m, India only"
WQS0082,largest upstream area within 1 km,40868561.0,563.0,651.9,60.616,4.0,4121479570.0,41067217.0,924.5,7.0,417925.0,5.0,402169.0,3.0,338829.0,0.0,6894.6,2020,"HydroRIVERS v1.0 / HydroBASINS v1c level 12 (Lehner & Grill 2013); WorldPop Global2 R2025A constrained 100 m, India only"
WQS0083,largest upstream area within 1 km,40868029.0,631.0,657.3,61.122,4.0,4121479570.0,41067217.0,923.3,7.0,417925.0,5.0,402169.0,3.0,338829.0,0.0,6837.6,2020,"HydroRIVERS v1.0 / HydroBASINS v1c level 12 (Lehner & Grill 2013); WorldPop Global2 R2025A constrained 100 m, India only"
WQS0084,largest upstream area within 1 km,40832051.0,391.0,2.7,0.37,1.0,4120851000.0,41067217.0,978.0,1.0,29560.0,1.0,29560.0,1.0,29560.0,0.0,79891.9,2020,"HydroRIVERS v1.0 / HydroBASINS v1c level 12 (Lehner & Grill 2013); WorldPop Global2 R2025A constrained 100 m, India only"
WQS0086,largest upstream area within 1 km,40867812.0,42.0,21.7,2.183,3.0,4120864290.0,41067217.0,993.4,4.0,101382.0,1.0,101382.0,1.0,101382.0,0.0,46441.6,2020,"HydroRIVERS v1.0 / HydroBASINS v1c level 12 (Lehner & Grill 2013); WorldPop Global2 R2025A constrained 100 m, India only"
WQS0087,largest upstream area within 1 km,40828999.0,331.0,302532.5,8939.618,8.0,4121471670.0,41067217.0,1029.0,1.0,2199142.0,2303.0,512234.0,14.0,55050.0,0.845,246.0,2020,"HydroRIVERS v1.0 / HydroBASINS v1c level 12 (Lehner & Grill 2013); WorldPop Global2 R2025A constrained 100 m, India only"
WQS0088,largest upstream area within 1 km,40899318.0,897.0,411497.3,18695.674,8.0,4120884560.0,41067217.0,642.5,4.0,24613614.0,3138.0,1245636.0,21.0,20636.0,0.645,1316.5,2020,"HydroRIVERS v1.0 / HydroBASINS v1c level 12 (Lehner & Grill 2013); WorldPop Global2 R2025A constrained 100 m, India only"
WQS0089,largest upstream area within 1 km,40914009.0,952.0,468257.3,20335.914,8.0,4120898170.0,41067217.0,414.8,5.0,37359686.0,3564.0,988157.0,20.0,40422.0,0.624,1837.1,2020,"HydroRIVERS v1.0 / HydroBASINS v1c level 12 (Lehner & Grill 2013); WorldPop Global2 R2025A constrained 100 m, India only"
WQS0090,largest upstream area within 1 km,40902706.0,937.0,458046.2,19926.254,8.0,4120886020.0,41067217.0,486.3,2.0,33680697.0,3482.0,1157646.0,23.0,18736.0,0.637,1690.3,2020,"HydroRIVERS v1.0 / HydroBASINS v1c level 12 (Lehner & Grill 2013); WorldPop Global2 R2025A constrained 100 m, India only"
WQS0091,largest upstream area within 1 km,40903509.0,777.0,413526.4,18850.434,8.0,4120888190.0,41067217.0,613.9,1.0,26233408.0,3154.0,1907154.0,21.0,340242.0,0.642,1391.7,2020,"HydroRIVERS v1.0 / HydroBASINS v1c level 12 (Lehner & Grill 2013); WorldPop Global2 R2025A constrained 100 m, India only"
WQS0092,largest upstream area within 1 km,40803304.0,908.0,54.9,6.475,3.0,4120835750.0,41067217.0,1150.9,7.0,530560.0,204.0,13881.0,1.0,13881.0,0.451,81939.8,2020,"HydroRIVERS v1.0 / HydroBASINS v1c level 12 (Lehner & Grill 2013); WorldPop Global2 R2025A constrained 100 m, India only"
WQS0093,largest upstream area within 1 km,40902720.0,432.0,3.9,0.306,1.0,4120888190.0,41067217.0,623.5,1.0,26233408.0,3154.0,340242.0,1.0,340242.0,0.642,85730091.5,2020,"HydroRIVERS v1.0 / HydroBASINS v1c level 12 (Lehner & Grill 2013); WorldPop Global2 R2025A constrained 100 m, India only"
WQS0094,largest upstream area within 1 km,40887308.0,297.0,106.8,5.131,3.0,4120877260.0,41067217.0,601.9,3.0,79638.0,1.0,79638.0,1.0,79638.0,0.0,15521.0,2020,"HydroRIVERS v1.0 / HydroBASINS v1c level 12 (Lehner & Grill 2013); WorldPop Global2 R2025A constrained 100 m, India only"
WQS0095,largest upstream area within 1 km,40834731.0,692.0,4325.1,448.674,5.0,4120850170.0,41067217.0,1095.3,4.0,850557.0,32.0,528478.0,10.0,150002.0,0.0,1895.7,2020,"HydroRIVERS v1.0 / HydroBASINS v1c level 12 (Lehner & Grill 2013); WorldPop Global2 R2025A constrained 100 m, India only"
WQS0096,largest upstream area within 1 km,40834731.0,766.0,4325.1,448.674,5.0,4120850170.0,41067217.0,1095.3,6.0,850557.0,32.0,528478.0,10.0,150002.0,0.0,1895.7,2020,"HydroRIVERS v1.0 / HydroBASINS v1c level 12 (Lehner & Grill 2013); WorldPop Global2 R2025A constrained 100 m, India only"
WQS0097,largest upstream area within 1 km,40847021.0,762.0,296.5,33.722,4.0,4121474780.0,41067217.0,991.3,7.0,211251.0,2.0,211251.0,2.0,111561.0,0.0,6264.5,2020,"HydroRIVERS v1.0 / HydroBASINS v1c level 12 (Lehner & Grill 2013); WorldPop Global2 R2025A constrained 100 m, India only"
WQS0098,largest upstream area within 1 km,40912891.0,126.0,2489.8,146.757,6.0,4120891310.0,41067217.0,972.3,4.0,1339311.0,19.0,1297983.0,11.0,106314.0,0.0,9126.0,2020,"HydroRIVERS v1.0 / HydroBASINS v1c level 12 (Lehner & Grill 2013); WorldPop Global2 R2025A constrained 100 m, India only"
WQS0099,largest upstream area within 1 km,40879380.0,658.0,1269.8,96.048,4.0,4120872620.0,41067217.0,877.9,7.0,115233.0,10.0,107244.0,4.0,60221.0,0.0,1199.7,2020,"HydroRIVERS v1.0 / HydroBASINS v1c level 12 (Lehner & Grill 2013); WorldPop Global2 R2025A constrained 100 m, India only"
WQS0100,largest upstream area within 1 km,40874742.0,169.0,1529.7,98.514,5.0,4120874120.0,41067217.0,727.6,3.0,145849.0,10.0,140392.0,5.0,87044.0,0.3,1480.5,2020,"HydroRIVERS v1.0 / HydroBASINS v1c level 12 (Lehner & Grill 2013); WorldPop Global2 R2025A constrained 100 m, India only"
WQS0101,nearest reach within 2 km,40992083.0,1164.0,178.2,11.621,3.0,4120928650.0,41067217.0,477.1,0.0,226144.0,2.0,226144.0,2.0,98152.0,0.0,19459.9,2020,"HydroRIVERS v1.0 / HydroBASINS v1c level 12 (Lehner & Grill 2013); WorldPop Global2 R2025A constrained 100 m, India only"
WQS0102,largest upstream area within 1 km,40906808.0,776.0,1457.3,151.166,5.0,4120886220.0,41067217.0,664.1,3.0,247607.0,10.0,185594.0,7.0,107929.0,0.0,1638.0,2020,"HydroRIVERS v1.0 / HydroBASINS v1c level 12 (Lehner & Grill 2013); WorldPop Global2 R2025A constrained 100 m, India only"
WQS0103,nearest reach within 2 km,40829540.0,1149.0,4.0,0.44,1.0,4120852400.0,41067217.0,1136.2,0.0,118071.0,1.0,118071.0,1.0,118071.0,0.0,268343.2,2020,"HydroRIVERS v1.0 / HydroBASINS v1c level 12 (Lehner & Grill 2013); WorldPop Global2 R2025A constrained 100 m, India only"
WQS0104,largest upstream area within 1 km,40856374.0,174.0,3226.3,352.874,6.0,4120862920.0,41067217.0,981.6,3.0,587495.0,24.0,323136.0,3.0,212558.0,0.0,1664.9,2020,"HydroRIVERS v1.0 / HydroBASINS v1c level 12 (Lehner & Grill 2013); WorldPop Global2 R2025A constrained 100 m, India only"
WQS0105,largest upstream area within 1 km,40855880.0,65.0,3800.0,412.445,6.0,4120861250.0,41067217.0,955.5,1.0,909150.0,29.0,636712.0,7.0,28138.0,0.0,2204.3,2020,"HydroRIVERS v1.0 / HydroBASINS v1c level 12 (Lehner & Grill 2013); WorldPop Global2 R2025A constrained 100 m, India only"
WQS0106,largest upstream area within 1 km,40852751.0,437.0,1315.0,143.139,5.0,4120862660.0,41067217.0,925.7,3.0,345232.0,10.0,332636.0,6.0,133584.0,0.0,2411.9,2020,"HydroRIVERS v1.0 / HydroBASINS v1c level 12 (Lehner & Grill 2013); WorldPop Global2 R2025A constrained 100 m, India only"
WQS0107,largest upstream area within 1 km,40847312.0,3.0,1148.1,118.373,5.0,4121474130.0,41067217.0,1073.1,1.0,139556.0,10.0,139556.0,10.0,99918.0,0.0,1179.0,2020,"HydroRIVERS v1.0 / HydroBASINS v1c level 12 (Lehner & Grill 2013); WorldPop Global2 R2025A constrained 100 m, India only"
WQS0108,largest upstream area within 1 km,40851489.0,893.0,3586.7,383.418,6.0,4120859200.0,41067217.0,983.8,8.0,1046298.0,27.0,765698.0,12.0,32391.0,0.0,2728.9,2020,"HydroRIVERS v1.0 / HydroBASINS v1c level 12 (Lehner & Grill 2013); WorldPop Global2 R2025A constrained 100 m, India only"
WQS0109,largest upstream area within 1 km,40854579.0,671.0,191.1,20.42,4.0,4120860340.0,41067217.0,977.4,8.0,167781.0,2.0,167781.0,2.0,89339.0,0.0,8216.5,2020,"HydroRIVERS v1.0 / HydroBASINS v1c level 12 (Lehner & Grill 2013); WorldPop Global2 R2025A constrained 100 m, India only"
WQS0110,largest upstream area within 1 km,40869266.0,324.0,286.2,24.067,4.0,4120868860.0,41067217.0,783.0,3.0,139307.0,2.0,139307.0,2.0,69097.0,0.0,5788.3,2020,"HydroRIVERS v1.0 / HydroBASINS v1c level 12 (Lehner & Grill 2013); WorldPop Global2 R2025A constrained 100 m, India only"
WQS0111,largest upstream area within 1 km,40825474.0,582.0,1.7,0.24,1.0,4121471700.0,41067217.0,1018.7,1.0,81911.0,1.0,81911.0,1.0,81911.0,0.0,341295.8,2020,"HydroRIVERS v1.0 / HydroBASINS v1c level 12 (Lehner & Grill 2013); WorldPop Global2 R2025A constrained 100 m, India only"
WQS0113,largest upstream area within 1 km,40864053.0,184.0,953.8,95.011,5.0,4121478340.0,41067217.0,964.0,5.0,191403.0,6.0,139506.0,4.0,89537.0,0.0,2014.5,2020,"HydroRIVERS v1.0 / HydroBASINS v1c level 12 (Lehner & Grill 2013); WorldPop Global2 R2025A constrained 100 m, India only"
WQS0114,largest upstream area within 1 km,40869539.0,971.0,10444.8,747.606,6.0,4120868790.0,41067217.0,782.0,6.0,205265.0,81.0,108169.0,11.0,43295.0,0.0,274.6,2020,"HydroRIVERS v1.0 / HydroBASINS v1c level 12 (Lehner & Grill 2013); WorldPop Global2 R2025A constrained 100 m, India only"
WQS0119,nearest reach within 2 km,40904730.0,1048.0,12.5,0.995,1.0,4121487130.0,41067217.0,709.3,0.0,3564610.0,124.0,35601.0,1.0,35601.0,0.0,3582522.6,2020,"HydroRIVERS v1.0 / HydroBASINS v1c level 12 (Lehner & Grill 2013); WorldPop Global2 R2025A constrained 100 m, India only"
WQS0120,largest upstream area within 1 km,40995208.0,828.0,4574.2,257.624,5.0,4120929740.0,41067217.0,482.7,1.0,659167.0,35.0,334843.0,7.0,93289.0,0.0,2558.6,2020,"HydroRIVERS v1.0 / HydroBASINS v1c level 12 (Lehner & Grill 2013); WorldPop Global2 R2025A constrained 100 m, India only"
WQS0121,largest upstream area within 1 km,40827653.0,841.0,1357.0,141.151,5.0,4121471200.0,41067217.0,1193.2,7.0,109134.0,10.0,109134.0,9.0,58319.0,0.0,773.2,2020,"HydroRIVERS v1.0 / HydroBASINS v1c level 12 (Lehner & Grill 2013); WorldPop Global2 R2025A constrained 100 m, India only"
WQS0123,largest upstream area within 1 km,40878882.0,207.0,18.0,1.474,2.0,4120871990.0,41067217.0,823.9,1.0,35092.0,1.0,35092.0,1.0,35092.0,0.0,23807.3,2020,"HydroRIVERS v1.0 / HydroBASINS v1c level 12 (Lehner & Grill 2013); WorldPop Global2 R2025A constrained 100 m, India only"
WQS0124,largest upstream area within 1 km,40898810.0,348.0,5.2,0.409,1.0,4120883860.0,41067217.0,685.7,2.0,1027864.0,7.0,67342.0,1.0,67342.0,0.0,2513114.9,2020,"HydroRIVERS v1.0 / HydroBASINS v1c level 12 (Lehner & Grill 2013); WorldPop Global2 R2025A constrained 100 m, India only"
WQS0125,nearest reach within 2 km,40895784.0,1082.0,9.2,0.697,1.0,4120885510.0,41067217.0,748.0,0.0,546639.0,3.0,240754.0,1.0,240754.0,0.0,784274.0,2020,"HydroRIVERS v1.0 / HydroBASINS v1c level 12 (Lehner & Grill 2013); WorldPop Global2 R2025A constrained 100 m, India only"
WQS0128,largest upstream area within 1 km,40801250.0,479.0,195.1,24.619,3.0,4120835000.0,41067217.0,1157.1,3.0,68428.0,1.0,68428.0,1.0,68428.0,0.0,2779.5,2020,"HydroRIVERS v1.0 / HydroBASINS v1c level 12 (Lehner & Grill 2013); WorldPop Global2 R2025A constrained 100 m, India only"
WQS0129,largest upstream area within 1 km,40979742.0,412.0,28143.3,1387.84,6.0,4120928640.0,41067217.0,413.2,3.0,3918854.0,214.0,1188583.0,20.0,37819.0,0.014,2823.7,2020,"HydroRIVERS v1.0 / HydroBASINS v1c level 12 (Lehner & Grill 2013); WorldPop Global2 R2025A constrained 100 m, India only"
WQS0130,largest upstream area within 1 km,40981448.0,752.0,217.1,17.043,3.0,4120929050.0,41067217.0,495.5,3.0,59183.0,1.0,59183.0,1.0,59183.0,0.0,3472.6,2020,"HydroRIVERS v1.0 / HydroBASINS v1c level 12 (Lehner & Grill 2013); WorldPop Global2 R2025A constrained 100 m, India only"
WQS0132,largest upstream area within 1 km,40895755.0,781.0,6.9,0.209,1.0,4120885100.0,41067217.0,515.4,1.0,756910.0,24.0,48054.0,1.0,48054.0,0.208,3621578.9,2020,"HydroRIVERS v1.0 / HydroBASINS v1c level 12 (Lehner & Grill 2013); WorldPop Global2 R2025A constrained 100 m, India only"
WQS0133,largest upstream area within 1 km,40886596.0,78.0,1948.2,54.687,5.0,4120879440.0,41067217.0,539.6,1.0,172431.0,14.0,171299.0,9.0,66313.0,0.357,3153.1,2020,"HydroRIVERS v1.0 / HydroBASINS v1c level 12 (Lehner & Grill 2013); WorldPop Global2 R2025A constrained 100 m, India only"
WQS0134,largest upstream area within 1 km,40865276.0,549.0,9719.3,683.072,6.0,4120866440.0,41067217.0,791.5,3.0,140203.0,75.0,47980.0,9.0,29648.0,0.0,205.3,2020,"HydroRIVERS v1.0 / HydroBASINS v1c level 12 (Lehner & Grill 2013); WorldPop Global2 R2025A constrained 100 m, India only"
WQS0136,nearest reach within 2 km,40889235.0,1159.0,5.6,0.287,1.0,4121484260.0,41067217.0,614.1,0.0,351198.0,5.0,190918.0,1.0,190918.0,0.2,1223686.4,2020,"HydroRIVERS v1.0 / HydroBASINS v1c level 12 (Lehner & Grill 2013); WorldPop Global2 R2025A constrained 100 m, India only"
WQS0138,largest upstream area within 1 km,40873343.0,771.0,311.6,25.378,4.0,4120873100.0,41067217.0,728.5,1.0,124114.0,3.0,124114.0,3.0,59543.0,0.0,4890.6,2020,"HydroRIVERS v1.0 / HydroBASINS v1c level 12 (Lehner & Grill 2013); WorldPop Global2 R2025A constrained 100 m, India only"
WQS0141,largest upstream area within 1 km,40896228.0,683.0,10699.4,196.06,5.0,4121486490.0,41067217.0,447.5,1.0,540914.0,82.0,540914.0,8.0,107606.0,0.902,2758.9,2020,"HydroRIVERS v1.0 / HydroBASINS v1c level 12 (Lehner & Grill 2013); WorldPop Global2 R2025A constrained 100 m, India only"
WQS0143,largest upstream area within 1 km,40987573.0,908.0,3235.9,162.767,5.0,4120932200.0,41067217.0,525.4,3.0,464889.0,24.0,263120.0,7.0,47745.0,0.0,2856.2,2020,"HydroRIVERS v1.0 / HydroBASINS v1c level 12 (Lehner & Grill 2013); WorldPop Global2 R2025A constrained 100 m, India only"
WQS0147,largest upstream area within 1 km,40871061.0,382.0,4.4,0.407,1.0,4121479570.0,41067217.0,930.5,1.0,417925.0,5.0,338829.0,1.0,338829.0,0.0,1026842.8,2020,"HydroRIVERS v1.0 / HydroBASINS v1c level 12 (Lehner & Grill 2013); WorldPop Global2 R2025A constrained 100 m, India only"
WQS0149,largest upstream area within 1 km,40892719.0,339.0,56.7,1.863,2.0,4121485970.0,41067217.0,493.3,1.0,505380.0,8.0,166256.0,1.0,166256.0,0.125,271272.1,2020,"HydroRIVERS v1.0 / HydroBASINS v1c level 12 (Lehner & Grill 2013); WorldPop Global2 R2025A constrained 100 m, India only"
WQS0170,largest upstream area within 1 km,40912840.0,65.0,8821.3,213.363,5.0,4121490660.0,41067217.0,721.5,1.0,5868170.0,64.0,2241944.0,8.0,313260.0,0.547,27503.2,2020,"HydroRIVERS v1.0 / HydroBASINS v1c level 12 (Lehner & Grill 2013); WorldPop Global2 R2025A constrained 100 m, India only"
WQS0171,nearest reach within 2 km,40894926.0,1097.0,17.5,0.306,1.0,4120883240.0,41067217.0,793.9,0.0,1531642.0,11.0,171370.0,1.0,171370.0,0.182,5005366.0,2020,"HydroRIVERS v1.0 / HydroBASINS v1c level 12 (Lehner & Grill 2013); WorldPop Global2 R2025A constrained 100 m, India only"
WQS0172,largest upstream area within 1 km,40906265.0,110.0,8466.4,191.139,5.0,4121489090.0,41067217.0,829.8,1.0,7826884.0,62.0,1869976.0,5.0,279625.0,0.129,40948.6,2020,"HydroRIVERS v1.0 / HydroBASINS v1c level 12 (Lehner & Grill 2013); WorldPop Global2 R2025A constrained 100 m, India only"
WQS0173,largest upstream area within 1 km,40906265.0,381.0,8466.4,191.139,5.0,4121489090.0,41067217.0,829.8,1.0,7826884.0,62.0,1869976.0,5.0,279625.0,0.129,40948.6,2020,"HydroRIVERS v1.0 / HydroBASINS v1c level 12 (Lehner & Grill 2013); WorldPop Global2 R2025A constrained 100 m, India only"
WQS0174,unsnapped (> 2 km from any reach),,,,,,,,,,,,,,,,,2020,"HydroRIVERS v1.0 / HydroBASINS v1c level 12 (Lehner & Grill 2013); WorldPop Global2 R2025A constrained 100 m, India only"
WQS0175,largest upstream area within 1 km,40895198.0,861.0,516.0,7.336,3.0,4120883820.0,41067217.0,973.7,1.0,1089644.0,4.0,1089644.0,4.0,249737.0,0.0,148533.8,2020,"HydroRIVERS v1.0 / HydroBASINS v1c level 12 (Lehner & Grill 2013); WorldPop Global2 R2025A constrained 100 m, India only"
WQS0176,largest upstream area within 1 km,40914461.0,263.0,41774.9,1863.346,7.0,4121490750.0,41067217.0,854.6,1.0,5051347.0,317.0,923647.0,5.0,173407.0,0.858,2710.9,2020,"HydroRIVERS v1.0 / HydroBASINS v1c level 12 (Lehner & Grill 2013); WorldPop Global2 R2025A constrained 100 m, India only"
WQS0177,largest upstream area within 1 km,40932668.0,351.0,42520.2,1847.459,7.0,4120905060.0,41067217.0,812.3,3.0,6992874.0,322.0,2388868.0,7.0,657015.0,0.845,3785.1,2020,"HydroRIVERS v1.0 / HydroBASINS v1c level 12 (Lehner & Grill 2013); WorldPop Global2 R2025A constrained 100 m, India only"
WQS0178,largest upstream area within 1 km,40958559.0,202.0,372.1,6.276,3.0,4120915790.0,41067217.0,568.4,1.0,732686.0,3.0,732686.0,3.0,475068.0,0.0,116744.1,2020,"HydroRIVERS v1.0 / HydroBASINS v1c level 12 (Lehner & Grill 2013); WorldPop Global2 R2025A constrained 100 m, India only"
WQS0179,largest upstream area within 1 km,40937844.0,728.0,510368.1,3557.414,8.0,4120903720.0,41067217.0,964.6,4.0,310439971.0,3829.0,2067115.0,19.0,423604.0,0.006,87265.6,2020,"HydroRIVERS v1.0 / HydroBASINS v1c level 12 (Lehner & Grill 2013); WorldPop Global2 R2025A constrained 100 m, India only"
WQS0180,largest upstream area within 1 km,40937844.0,266.0,510368.1,3557.414,8.0,4120903720.0,41067217.0,964.6,4.0,310439971.0,3829.0,2067115.0,19.0,423604.0,0.006,87265.6,2020,"HydroRIVERS v1.0 / HydroBASINS v1c level 12 (Lehner & Grill 2013); WorldPop Global2 R2025A constrained 100 m, India only"
WQS0182,largest upstream area within 1 km,40956558.0,425.0,821017.1,10513.948,8.0,4120911950.0,41067217.0,536.0,1.0,470938575.0,6168.0,3848886.0,29.0,162075.0,0.127,44791.8,2020,"HydroRIVERS v1.0 / HydroBASINS v1c level 12 (Lehner & Grill 2013); WorldPop Global2 R2025A constrained 100 m, India only"
WQS0183,largest upstream area within 1 km,40939568.0,9.0,56.7,0.847,2.0,4121496420.0,41067217.0,794.8,1.0,9377611.0,75.0,567799.0,1.0,567799.0,0.013,11071559.6,2020,"HydroRIVERS v1.0 / HydroBASINS v1c level 12 (Lehner & Grill 2013); WorldPop Global2 R2025A constrained 100 m, India only"
WQS0184,largest upstream area within 1 km,40951474.0,804.0,781332.1,10061.016,8.0,4121498730.0,41067217.0,701.9,7.0,430955911.0,5866.0,1539185.0,6.0,137591.0,0.132,42834.2,2020,"HydroRIVERS v1.0 / HydroBASINS v1c level 12 (Lehner & Grill 2013); WorldPop Global2 R2025A constrained 100 m, India only"
WQS0185,largest upstream area within 1 km,40949255.0,73.0,799324.0,10269.032,8.0,4120909900.0,41067217.0,650.9,4.0,446085098.0,6006.0,1514096.0,11.0,360103.0,0.129,43439.8,2020,"HydroRIVERS v1.0 / HydroBASINS v1c level 12 (Lehner & Grill 2013); WorldPop Global2 R2025A constrained 100 m, India only"
WQS0186,largest upstream area within 1 km,40935068.0,27.0,459.7,6.42,3.0,4120905440.0,41067217.0,807.3,1.0,2364974.0,3.0,2364974.0,3.0,1469299.0,0.0,368376.0,2020,"HydroRIVERS v1.0 / HydroBASINS v1c level 12 (Lehner & Grill 2013); WorldPop Global2 R2025A constrained 100 m, India only"
WQS0187,largest upstream area within 1 km,40957048.0,149.0,813815.0,10457.521,8.0,4120913990.0,41067217.0,595.6,1.0,464629766.0,6111.0,1993009.0,13.0,123239.0,0.128,44430.2,2020,"HydroRIVERS v1.0 / HydroBASINS v1c level 12 (Lehner & Grill 2013); WorldPop Global2 R2025A constrained 100 m, India only"
WQS0188,largest upstream area within 1 km,40930243.0,668.0,655839.5,7023.048,8.0,4120902870.0,41067217.0,851.4,2.0,378959954.0,4895.0,2854805.0,21.0,118454.0,0.102,53959.5,2020,"HydroRIVERS v1.0 / HydroBASINS v1c level 12 (Lehner & Grill 2013); WorldPop Global2 R2025A constrained 100 m, India only"
WQS0190,largest upstream area within 1 km,40951475.0,28.0,18.6,0.284,1.0,4120909900.0,41067217.0,655.3,1.0,446085098.0,6006.0,360103.0,1.0,360103.0,0.129,1570722176.1,2020,"HydroRIVERS v1.0 / HydroBASINS v1c level 12 (Lehner & Grill 2013); WorldPop Global2 R2025A constrained 100 m, India only"
WQS0191,largest upstream area within 1 km,40944710.0,704.0,94.8,1.244,2.0,4121496460.0,41067217.0,745.5,1.0,426599607.0,5850.0,335727.0,1.0,335727.0,0.133,342925729.1,2020,"HydroRIVERS v1.0 / HydroBASINS v1c level 12 (Lehner & Grill 2013); WorldPop Global2 R2025A constrained 100 m, India only"
WQS0192,largest upstream area within 1 km,40941243.0,188.0,82.5,1.223,2.0,4121496420.0,41067217.0,790.7,3.0,9377611.0,75.0,567799.0,1.0,567799.0,0.013,7667711.4,2020,"HydroRIVERS v1.0 / HydroBASINS v1c level 12 (Lehner & Grill 2013); WorldPop Global2 R2025A constrained 100 m, India only"
WQS0193,largest upstream area within 1 km,40885579.0,149.0,4824.8,143.922,5.0,4120881080.0,41067217.0,822.4,1.0,514674.0,36.0,514674.0,9.0,299583.0,0.917,3576.1,2020,"HydroRIVERS v1.0 / HydroBASINS v1c level 12 (Lehner & Grill 2013); WorldPop Global2 R2025A constrained 100 m, India only"
WQS0195,largest upstream area within 1 km,40959484.0,306.0,4447.4,64.621,5.0,4121499640.0,41067217.0,871.6,3.0,4194101.0,39.0,1017713.0,9.0,120002.0,0.026,64903.1,2020,"HydroRIVERS v1.0 / HydroBASINS v1c level 12 (Lehner & Grill 2013); WorldPop Global2 R2025A constrained 100 m, India only"
WQS0196,largest upstream area within 1 km,40892416.0,225.0,7722.5,179.483,5.0,4120882840.0,41067217.0,890.4,1.0,5993542.0,56.0,975887.0,5.0,390293.0,0.143,33393.4,2020,"HydroRIVERS v1.0 / HydroBASINS v1c level 12 (Lehner & Grill 2013); WorldPop Global2 R2025A constrained 100 m, India only"
WQS0197,largest upstream area within 1 km,40943727.0,77.0,12873.8,248.223,5.0,4120909770.0,41067217.0,647.2,1.0,17328100.0,94.0,2008156.0,9.0,416338.0,0.085,69808.6,2020,"HydroRIVERS v1.0 / HydroBASINS v1c level 12 (Lehner & Grill 2013); WorldPop Global2 R2025A constrained 100 m, India only"
WQS0198,largest upstream area within 1 km,40876574.0,156.0,6157.6,152.559,5.0,4120871830.0,41067217.0,938.8,3.0,3284135.0,45.0,1383810.0,15.0,136203.0,0.178,21527.0,2020,"HydroRIVERS v1.0 / HydroBASINS v1c level 12 (Lehner & Grill 2013); WorldPop Global2 R2025A constrained 100 m, India only"
WQS0199,largest upstream area within 1 km,40921633.0,154.0,8912.8,196.632,5.0,4121491780.0,41067217.0,760.7,1.0,8864914.0,65.0,1038030.0,3.0,401453.0,0.123,45083.8,2020,"HydroRIVERS v1.0 / HydroBASINS v1c level 12 (Lehner & Grill 2013); WorldPop Global2 R2025A constrained 100 m, India only"
WQS0200,unsnapped (> 2 km from any reach),,,,,,,,,,,,,,,,,2020,"HydroRIVERS v1.0 / HydroBASINS v1c level 12 (Lehner & Grill 2013); WorldPop Global2 R2025A constrained 100 m, India only"
WQS0201,unsnapped (> 2 km from any reach),,,,,,,,,,,,,,,,,2020,"HydroRIVERS v1.0 / HydroBASINS v1c level 12 (Lehner & Grill 2013); WorldPop Global2 R2025A constrained 100 m, India only"
WQS0202,unsnapped (> 2 km from any reach),,,,,,,,,,,,,,,,,2020,"HydroRIVERS v1.0 / HydroBASINS v1c level 12 (Lehner & Grill 2013); WorldPop Global2 R2025A constrained 100 m, India only"
WQS0203,unsnapped (> 2 km from any reach),,,,,,,,,,,,,,,,,2020,"HydroRIVERS v1.0 / HydroBASINS v1c level 12 (Lehner & Grill 2013); WorldPop Global2 R2025A constrained 100 m, India only"
WQS0204,largest upstream area within 1 km,40891146.0,240.0,3145.1,79.27,5.0,4121485140.0,41067217.0,726.6,1.0,754534.0,25.0,754534.0,12.0,231356.0,0.68,9518.5,2020,"HydroRIVERS v1.0 / HydroBASINS v1c level 12 (Lehner & Grill 2013); WorldPop Global2 R2025A constrained 100 m, India only"
WQS0205,largest upstream area within 1 km,40891146.0,236.0,3145.1,79.27,5.0,4121485140.0,41067217.0,726.6,1.0,754534.0,25.0,754534.0,12.0,231356.0,0.68,9518.5,2020,"HydroRIVERS v1.0 / HydroBASINS v1c level 12 (Lehner & Grill 2013); WorldPop Global2 R2025A constrained 100 m, India only"
WQS0206,largest upstream area within 1 km,40932668.0,84.0,42520.2,1847.459,7.0,4120905060.0,41067217.0,812.3,1.0,6992874.0,322.0,2388868.0,7.0,657015.0,0.845,3785.1,2020,"HydroRIVERS v1.0 / HydroBASINS v1c level 12 (Lehner & Grill 2013); WorldPop Global2 R2025A constrained 100 m, India only"
WQS0207,largest upstream area within 1 km,40934572.0,807.0,42540.6,1845.029,7.0,4120905060.0,41067217.0,808.3,3.0,6992874.0,322.0,2114934.0,6.0,657015.0,0.845,3790.1,2020,"HydroRIVERS v1.0 / HydroBASINS v1c level 12 (Lehner & Grill 2013); WorldPop Global2 R2025A constrained 100 m, India only"
WQS0208,largest upstream area within 1 km,40893422.0,166.0,41101.7,1857.172,7.0,4121485810.0,41067217.0,916.8,1.0,4127700.0,312.0,1099015.0,7.0,192269.0,0.872,2222.6,2020,"HydroRIVERS v1.0 / HydroBASINS v1c level 12 (Lehner & Grill 2013); WorldPop Global2 R2025A constrained 100 m, India only"
WQS0209,nearest reach within 2 km,40931436.0,1412.0,21.9,0.298,1.0,4120903120.0,41067217.0,858.8,0.0,22073242.0,531.0,136127.0,1.0,136127.0,0.008,74071281.9,2020,"HydroRIVERS v1.0 / HydroBASINS v1c level 12 (Lehner & Grill 2013); WorldPop Global2 R2025A constrained 100 m, India only"
WQS0210,largest upstream area within 1 km,40934026.0,520.0,43.7,0.655,1.0,4120905440.0,41067217.0,814.9,1.0,2364974.0,3.0,1469299.0,1.0,1469299.0,0.0,3610647.3,2020,"HydroRIVERS v1.0 / HydroBASINS v1c level 12 (Lehner & Grill 2013); WorldPop Global2 R2025A constrained 100 m, India only"
WQS0211,largest upstream area within 1 km,40956064.0,462.0,33.8,0.449,1.0,4121498730.0,41067217.0,700.5,1.0,430955911.0,5866.0,137591.0,1.0,137591.0,0.132,959812719.4,2020,"HydroRIVERS v1.0 / HydroBASINS v1c level 12 (Lehner & Grill 2013); WorldPop Global2 R2025A constrained 100 m, India only"
WQS0213,largest upstream area within 1 km,40958559.0,334.0,372.1,6.276,3.0,4120915790.0,41067217.0,568.4,1.0,732686.0,3.0,732686.0,3.0,475068.0,0.0,116744.1,2020,"HydroRIVERS v1.0 / HydroBASINS v1c level 12 (Lehner & Grill 2013); WorldPop Global2 R2025A constrained 100 m, India only"
WQS0214,largest upstream area within 1 km,40955556.0,595.0,815762.8,10435.73,8.0,4120915230.0,41067217.0,559.7,1.0,466748360.0,6126.0,2044944.0,15.0,190380.0,0.128,44726.0,2020,"HydroRIVERS v1.0 / HydroBASINS v1c level 12 (Lehner & Grill 2013); WorldPop Global2 R2025A constrained 100 m, India only"
WQS0217,largest upstream area within 1 km,40935068.0,783.0,459.7,6.42,3.0,4120905440.0,41067217.0,807.3,3.0,2364974.0,3.0,2364974.0,3.0,1469299.0,0.0,368376.0,2020,"HydroRIVERS v1.0 / HydroBASINS v1c level 12 (Lehner & Grill 2013); WorldPop Global2 R2025A constrained 100 m, India only"
WQS0218,largest upstream area within 1 km,40935068.0,533.0,459.7,6.42,3.0,4120905440.0,41067217.0,807.3,1.0,2364974.0,3.0,2364974.0,3.0,1469299.0,0.0,368376.0,2020,"HydroRIVERS v1.0 / HydroBASINS v1c level 12 (Lehner & Grill 2013); WorldPop Global2 R2025A constrained 100 m, India only"
WQS0219,largest upstream area within 1 km,40935293.0,887.0,769196.1,10040.13,8.0,4120905510.0,41067217.0,806.3,3.0,414277607.0,5768.0,5495906.0,17.0,132.0,0.134,41262.2,2020,"HydroRIVERS v1.0 / HydroBASINS v1c level 12 (Lehner & Grill 2013); WorldPop Global2 R2025A constrained 100 m, India only"
WQS0220,largest upstream area within 1 km,40941750.0,438.0,9018.8,128.158,5.0,4121496420.0,41067217.0,785.1,3.0,9377611.0,75.0,1284132.0,6.0,567799.0,0.013,73172.3,2020,"HydroRIVERS v1.0 / HydroBASINS v1c level 12 (Lehner & Grill 2013); WorldPop Global2 R2025A constrained 100 m, India only"
WQS0221,largest upstream area within 1 km,40930244.0,248.0,724323.6,8268.318,8.0,4120901640.0,41067217.0,839.2,1.0,401182109.0,5427.0,2919167.0,20.0,148914.0,0.093,48520.4,2020,"HydroRIVERS v1.0 / HydroBASINS v1c level 12 (Lehner & Grill 2013); WorldPop Global2 R2025A constrained 100 m, India only"
WQS0222,largest upstream area within 1 km,40929482.0,110.0,12.2,0.158,1.0,4120901960.0,41067217.0,882.2,1.0,326728775.0,3920.0,71752.0,1.0,71752.0,0.006,2067903639.2,2020,"HydroRIVERS v1.0 / HydroBASINS v1c level 12 (Lehner & Grill 2013); WorldPop Global2 R2025A constrained 100 m, India only"
WQS0223,largest upstream area within 1 km,40948818.0,355.0,27.1,0.363,1.0,4121498390.0,41067217.0,711.5,1.0,430818320.0,5865.0,342615.0,1.0,342615.0,0.132,1186827327.8,2020,"HydroRIVERS v1.0 / HydroBASINS v1c level 12 (Lehner & Grill 2013); WorldPop Global2 R2025A constrained 100 m, India only"
WQS0224,largest upstream area within 1 km,40935734.0,582.0,769356.9,10002.825,8.0,4121495040.0,41067217.0,796.7,1.0,416307592.0,5770.0,7525891.0,19.0,597864.0,0.134,41619.0,2020,"HydroRIVERS v1.0 / HydroBASINS v1c level 12 (Lehner & Grill 2013); WorldPop Global2 R2025A constrained 100 m, India only"
WQS0225,largest upstream area within 1 km,40941750.0,399.0,9018.8,128.158,5.0,4121496420.0,41067217.0,785.1,3.0,9377611.0,75.0,1284132.0,6.0,567799.0,0.013,73172.3,2020,"HydroRIVERS v1.0 / HydroBASINS v1c level 12 (Lehner & Grill 2013); WorldPop Global2 R2025A constrained 100 m, India only"
WQS0226,largest upstream area within 1 km,40957048.0,53.0,813815.0,10457.521,8.0,4120913990.0,41067217.0,595.6,3.0,464629766.0,6111.0,1993009.0,13.0,123239.0,0.128,44430.2,2020,"HydroRIVERS v1.0 / HydroBASINS v1c level 12 (Lehner & Grill 2013); WorldPop Global2 R2025A constrained 100 m, India only"
WQS0228,largest upstream area within 1 km,40940991.0,434.0,509063.5,3540.293,8.0,4120907370.0,41067217.0,975.0,3.0,309118126.0,3818.0,2032096.0,14.0,107548.0,0.006,87314.3,2020,"HydroRIVERS v1.0 / HydroBASINS v1c level 12 (Lehner & Grill 2013); WorldPop Global2 R2025A constrained 100 m, India only"
WQS0229,largest upstream area within 1 km,40956555.0,289.0,389.4,6.574,3.0,4120915790.0,41067217.0,564.9,3.0,732686.0,3.0,732686.0,3.0,475068.0,0.0,111452.1,2020,"HydroRIVERS v1.0 / HydroBASINS v1c level 12 (Lehner & Grill 2013); WorldPop Global2 R2025A constrained 100 m, India only"
WQS0230,largest upstream area within 1 km,40955276.0,880.0,20.8,0.404,1.0,4120911950.0,41067217.0,535.8,1.0,470938575.0,6168.0,162075.0,1.0,162075.0,0.127,1165689542.1,2020,"HydroRIVERS v1.0 / HydroBASINS v1c level 12 (Lehner & Grill 2013); WorldPop Global2 R2025A constrained 100 m, India only"
WQS0231,largest upstream area within 1 km,40938595.0,69.0,681.4,8.639,3.0,4120905920.0,41067217.0,885.3,1.0,833098.0,4.0,833098.0,4.0,401280.0,0.0,96434.5,2020,"HydroRIVERS v1.0 / HydroBASINS v1c level 12 (Lehner & Grill 2013); WorldPop Global2 R2025A constrained 100 m, India only"
WQS0233,nearest reach within 2 km,40985245.0,1584.0,293.3,3.791,3.0,4120926340.0,41067217.0,834.8,0.0,503441.0,3.0,503441.0,3.0,342015.0,0.0,132799.0,2020,"HydroRIVERS v1.0 / HydroBASINS v1c level 12 (Lehner & Grill 2013); WorldPop Global2 R2025A constrained 100 m, India only"
WQS0234,largest upstream area within 1 km,40929485.0,927.0,655802.5,7022.529,8.0,4120902870.0,41067217.0,857.9,4.0,378959954.0,4895.0,2854805.0,21.0,118454.0,0.102,53963.5,2020,"HydroRIVERS v1.0 / HydroBASINS v1c level 12 (Lehner & Grill 2013); WorldPop Global2 R2025A constrained 100 m, India only"
WQS0235,largest upstream area within 1 km,40926603.0,249.0,15.9,0.21,1.0,4120901850.0,41067217.0,884.9,1.0,50383268.0,964.0,64816.0,1.0,64816.0,0.494,239920323.8,2020,"HydroRIVERS v1.0 / HydroBASINS v1c level 12 (Lehner & Grill 2013); WorldPop Global2 R2025A constrained 100 m, India only"
WQS0236,largest upstream area within 1 km,40848812.0,572.0,465.8,13.969,4.0,4120860890.0,41067217.0,1044.4,3.0,549098.0,3.0,549098.0,3.0,341719.0,0.0,39308.3,2020,"HydroRIVERS v1.0 / HydroBASINS v1c level 12 (Lehner & Grill 2013); WorldPop Global2 R2025A constrained 100 m, India only"
WQS0237,largest upstream area within 1 km,40850290.0,87.0,121.5,3.075,2.0,4120859190.0,41067217.0,1051.2,1.0,69745.0,1.0,69745.0,1.0,69745.0,0.0,22681.3,2020,"HydroRIVERS v1.0 / HydroBASINS v1c level 12 (Lehner & Grill 2013); WorldPop Global2 R2025A constrained 100 m, India only"
WQS0238,largest upstream area within 1 km,40849793.0,748.0,25.6,0.603,1.0,4120859180.0,41067217.0,1053.7,1.0,393893.0,5.0,127927.0,1.0,127927.0,0.0,653222.2,2020,"HydroRIVERS v1.0 / HydroBASINS v1c level 12 (Lehner & Grill 2013); WorldPop Global2 R2025A constrained 100 m, India only"
WQS0239,largest upstream area within 1 km,40903740.0,375.0,290.1,5.782,2.0,4121487780.0,41067217.0,720.0,1.0,785598.0,2.0,785598.0,2.0,319920.0,0.0,135869.6,2020,"HydroRIVERS v1.0 / HydroBASINS v1c level 12 (Lehner & Grill 2013); WorldPop Global2 R2025A constrained 100 m, India only"
WQS0240,largest upstream area within 1 km,40899503.0,829.0,3332.6,81.389,5.0,4120884660.0,41067217.0,707.9,1.0,956113.0,26.0,956113.0,9.0,201578.0,0.654,11747.4,2020,"HydroRIVERS v1.0 / HydroBASINS v1c level 12 (Lehner & Grill 2013); WorldPop Global2 R2025A constrained 100 m, India only"
WQS0241,largest upstream area within 1 km,40907232.0,776.0,3667.2,85.868,5.0,4120892470.0,41067217.0,687.3,3.0,1760947.0,29.0,1258223.0,6.0,190779.0,0.586,20507.6,2020,"HydroRIVERS v1.0 / HydroBASINS v1c level 12 (Lehner & Grill 2013); WorldPop Global2 R2025A constrained 100 m, India only"
WQS0242,largest upstream area within 1 km,40880335.0,159.0,2094.5,57.416,5.0,4120875090.0,41067217.0,752.6,1.0,113899.0,16.0,113899.0,5.0,113899.0,0.938,1983.8,2020,"HydroRIVERS v1.0 / HydroBASINS v1c level 12 (Lehner & Grill 2013); WorldPop Global2 R2025A constrained 100 m, India only"
WQS0243,largest upstream area within 1 km,40867523.0,606.0,16.5,0.307,1.0,4120866400.0,41067217.0,994.5,1.0,195683.0,1.0,195683.0,1.0,195683.0,0.0,637403.9,2020,"HydroRIVERS v1.0 / HydroBASINS v1c level 12 (Lehner & Grill 2013); WorldPop Global2 R2025A constrained 100 m, India only"
WQS0244,largest upstream area within 1 km,40867523.0,690.0,16.5,0.307,1.0,4120866400.0,41067217.0,994.5,1.0,195683.0,1.0,195683.0,1.0,195683.0,0.0,637403.9,2020,"HydroRIVERS v1.0 / HydroBASINS v1c level 12 (Lehner & Grill 2013); WorldPop Global2 R2025A constrained 100 m, India only"
WQS0245,nearest reach within 2 km,40950249.0,1662.0,9.7,0.182,1.0,4120915100.0,41067217.0,559.4,0.0,176411.0,1.0,176411.0,1.0,176411.0,0.0,969291.2,2020,"HydroRIVERS v1.0 / HydroBASINS v1c level 12 (Lehner & Grill 2013); WorldPop Global2 R2025A constrained 100 m, India only"
WQS0246,largest upstream area within 1 km,40947625.0,225.0,88185.1,2293.073,7.0,4120911800.0,41067217.0,521.8,3.0,28706593.0,680.0,1549079.0,12.0,50368.0,0.738,12518.8,2020,"HydroRIVERS v1.0 / HydroBASINS v1c level 12 (Lehner & Grill 2013); WorldPop Global2 R2025A constrained 100 m, India only"
WQS0247,largest upstream area within 1 km,40918285.0,80.0,260.3,5.421,3.0,4121491290.0,41067217.0,653.6,1.0,696250.0,3.0,696250.0,3.0,294455.0,0.0,128435.7,2020,"HydroRIVERS v1.0 / HydroBASINS v1c level 12 (Lehner & Grill 2013); WorldPop Global2 R2025A constrained 100 m, India only"
WQS0248,largest upstream area within 1 km,40871244.0,215.0,28.9,0.597,1.0,4121481710.0,41067217.0,845.7,1.0,182700.0,4.0,140721.0,1.0,140721.0,0.5,306030.2,2020,"HydroRIVERS v1.0 / HydroBASINS v1c level 12 (Lehner & Grill 2013); WorldPop Global2 R2025A constrained 100 m, India only"
WQS0249,largest upstream area within 1 km,40884648.0,23.0,635.3,13.72,3.0,4120877720.0,41067217.0,813.4,3.0,602857.0,5.0,602857.0,4.0,420156.0,0.4,43940.0,2020,"HydroRIVERS v1.0 / HydroBASINS v1c level 12 (Lehner & Grill 2013); WorldPop Global2 R2025A constrained 100 m, India only"
WQS0250,largest upstream area within 1 km,40892175.0,373.0,1555.8,77.246,5.0,4120885090.0,41067217.0,631.9,3.0,2283496.0,11.0,1315822.0,8.0,222440.0,0.0,29561.3,2020,"HydroRIVERS v1.0 / HydroBASINS v1c level 12 (Lehner & Grill 2013); WorldPop Global2 R2025A constrained 100 m, India only"
WQS0251,largest upstream area within 1 km,40941752.0,914.0,9076.0,128.569,5.0,4120909120.0,41067217.0,777.4,1.0,9571851.0,76.0,1478371.0,7.0,194240.0,0.013,74449.1,2020,"HydroRIVERS v1.0 / HydroBASINS v1c level 12 (Lehner & Grill 2013); WorldPop Global2 R2025A constrained 100 m, India only"
WQS0252,largest upstream area within 1 km,40876578.0,725.0,276.0,5.717,3.0,4121482360.0,41067217.0,838.4,5.0,334254.0,3.0,334254.0,3.0,145635.0,0.0,58466.7,2020,"HydroRIVERS v1.0 / HydroBASINS v1c level 12 (Lehner & Grill 2013); WorldPop Global2 R2025A constrained 100 m, India only"
WQS0253,largest upstream area within 1 km,40891644.0,205.0,415.7,13.503,3.0,4120880460.0,41067217.0,639.9,1.0,35024.0,3.0,35024.0,3.0,35024.0,0.667,2593.8,2020,"HydroRIVERS v1.0 / HydroBASINS v1c level 12 (Lehner & Grill 2013); WorldPop Global2 R2025A constrained 100 m, India only"
WQS0254,largest upstream area within 1 km,40979189.0,582.0,66986.5,1208.856,6.0,4120924030.0,41067217.0,980.2,2.0,20478568.0,521.0,759724.0,8.0,120035.0,0.008,16940.5,2020,"HydroRIVERS v1.0 / HydroBASINS v1c level 12 (Lehner & Grill 2013); WorldPop Global2 R2025A constrained 100 m, India only"
WQS0255,largest upstream area within 1 km,40850294.0,449.0,52.3,1.336,1.0,4120860890.0,41067217.0,1041.3,1.0,549098.0,3.0,341719.0,1.0,341719.0,0.0,411001.5,2020,"HydroRIVERS v1.0 / HydroBASINS v1c level 12 (Lehner & Grill 2013); WorldPop Global2 R2025A constrained 100 m, India only"
WQS0256,largest upstream area within 1 km,40850294.0,461.0,52.3,1.336,1.0,4120860890.0,41067217.0,1041.3,1.0,549098.0,3.0,341719.0,1.0,341719.0,0.0,411001.5,2020,"HydroRIVERS v1.0 / HydroBASINS v1c level 12 (Lehner & Grill 2013); WorldPop Global2 R2025A constrained 100 m, India only"
WQS0257,largest upstream area within 1 km,40857350.0,9.0,1434.5,40.496,5.0,4120862620.0,41067217.0,1014.5,1.0,1043652.0,8.0,1014058.0,6.0,256294.0,0.0,25771.7,2020,"HydroRIVERS v1.0 / HydroBASINS v1c level 12 (Lehner & Grill 2013); WorldPop Global2 R2025A constrained 100 m, India only"
WQS0258,largest upstream area within 1 km,40881536.0,7.0,6681.5,162.941,5.0,4120874720.0,41067217.0,925.7,1.0,3707534.0,49.0,1520367.0,14.0,77092.0,0.163,22753.8,2020,"HydroRIVERS v1.0 / HydroBASINS v1c level 12 (Lehner & Grill 2013); WorldPop Global2 R2025A constrained 100 m, India only"
WQS0259,largest upstream area within 1 km,40848812.0,564.0,465.8,13.969,4.0,4120860890.0,41067217.0,1044.4,3.0,549098.0,3.0,549098.0,3.0,341719.0,0.0,39308.3,2020,"HydroRIVERS v1.0 / HydroBASINS v1c level 12 (Lehner & Grill 2013); WorldPop Global2 R2025A constrained 100 m, India only"
WQS0260,nearest reach within 2 km,40864736.0,1283.0,53.2,1.161,1.0,4120868630.0,41067217.0,977.8,0.0,342477.0,5.0,269504.0,1.0,269504.0,0.4,294984.5,2020,"HydroRIVERS v1.0 / HydroBASINS v1c level 12 (Lehner & Grill 2013); WorldPop Global2 R2025A constrained 100 m, India only"
WQS0261,nearest reach within 2 km,40855584.0,1072.0,132.7,3.558,2.0,4120861720.0,41067217.0,997.1,0.0,58225.0,1.0,58225.0,1.0,58225.0,0.0,16364.5,2020,"HydroRIVERS v1.0 / HydroBASINS v1c level 12 (Lehner & Grill 2013); WorldPop Global2 R2025A constrained 100 m, India only"
WQS0262,largest upstream area within 1 km,40957297.0,834.0,67786.9,1236.027,6.0,4121498950.0,41067217.0,916.5,3.0,21366900.0,527.0,596077.0,5.0,148011.0,0.008,17286.8,2020,"HydroRIVERS v1.0 / HydroBASINS v1c level 12 (Lehner & Grill 2013); WorldPop Global2 R2025A constrained 100 m, India only"
WQS0263,largest upstream area within 1 km,40956061.0,189.0,67841.2,1236.706,6.0,4121498950.0,41067217.0,909.3,1.0,21366900.0,527.0,596077.0,5.0,148011.0,0.008,17277.3,2020,"HydroRIVERS v1.0 / HydroBASINS v1c level 12 (Lehner & Grill 2013); WorldPop Global2 R2025A constrained 100 m, India only"
WQS0264,largest upstream area within 1 km,40992785.0,562.0,66259.9,1115.91,6.0,4120934450.0,41067217.0,1024.9,1.0,19905652.0,516.0,569637.0,9.0,16213.0,0.008,17838.0,2020,"HydroRIVERS v1.0 / HydroBASINS v1c level 12 (Lehner & Grill 2013); WorldPop Global2 R2025A constrained 100 m, India only"
WQS0265,largest upstream area within 1 km,40978724.0,671.0,23.8,0.333,1.0,4120924020.0,41067217.0,985.5,1.0,292255.0,1.0,292255.0,1.0,292255.0,0.0,877642.6,2020,"HydroRIVERS v1.0 / HydroBASINS v1c level 12 (Lehner & Grill 2013); WorldPop Global2 R2025A constrained 100 m, India only"
WQS0266,largest upstream area within 1 km,40938090.0,157.0,68226.7,1241.671,6.0,4121494780.0,41067217.0,868.9,5.0,21937114.0,530.0,718225.0,4.0,226435.0,0.008,17667.4,2020,"HydroRIVERS v1.0 / HydroBASINS v1c level 12 (Lehner & Grill 2013); WorldPop Global2 R2025A constrained 100 m, India only"
WQS0267,largest upstream area within 1 km,40969751.0,602.0,67233.3,1228.901,6.0,4121502550.0,41067217.0,962.7,1.0,20934377.0,523.0,806016.0,5.0,163554.0,0.008,17035.0,2020,"HydroRIVERS v1.0 / HydroBASINS v1c level 12 (Lehner & Grill 2013); WorldPop Global2 R2025A constrained 100 m, India only"
WQS0268,largest upstream area within 1 km,40978724.0,215.0,23.8,0.333,1.0,4120924020.0,41067217.0,985.5,1.0,292255.0,1.0,292255.0,1.0,292255.0,0.0,877642.6,2020,"HydroRIVERS v1.0 / HydroBASINS v1c level 12 (Lehner & Grill 2013); WorldPop Global2 R2025A constrained 100 m, India only"
WQS0269,largest upstream area within 1 km,40979189.0,189.0,66986.5,1208.856,6.0,4120924030.0,41067217.0,980.2,2.0,20478568.0,521.0,759724.0,8.0,120035.0,0.008,16940.5,2020,"HydroRIVERS v1.0 / HydroBASINS v1c level 12 (Lehner & Grill 2013); WorldPop Global2 R2025A constrained 100 m, India only"
WQS0270,largest upstream area within 1 km,40941749.0,2.0,8920.7,126.997,5.0,4121496420.0,41067217.0,790.7,1.0,9377611.0,75.0,1814574.0,9.0,567799.0,0.013,73841.2,2020,"HydroRIVERS v1.0 / HydroBASINS v1c level 12 (Lehner & Grill 2013); WorldPop Global2 R2025A constrained 100 m, India only"
WQS0271,largest upstream area within 1 km,40906265.0,326.0,8466.4,191.139,5.0,4121489090.0,41067217.0,829.8,1.0,7826884.0,62.0,1869976.0,5.0,279625.0,0.129,40948.6,2020,"HydroRIVERS v1.0 / HydroBASINS v1c level 12 (Lehner & Grill 2013); WorldPop Global2 R2025A constrained 100 m, India only"
WQS0306,largest upstream area within 1 km,40751130.0,9.0,36950.3,277.248,6.0,4120811430.0,41067217.0,2381.3,1.0,37202487.0,287.0,18355363.0,21.0,2060808.0,0.003,134184.9,2020,"HydroRIVERS v1.0 / HydroBASINS v1c level 12 (Lehner & Grill 2013); WorldPop Global2 R2025A constrained 100 m, India only"
WQS0307,largest upstream area within 1 km,40756797.0,110.0,37225.2,276.628,6.0,4120813970.0,41067217.0,2367.2,3.0,41667687.0,289.0,16721180.0,10.0,1918739.0,0.003,150627.1,2020,"HydroRIVERS v1.0 / HydroBASINS v1c level 12 (Lehner & Grill 2013); WorldPop Global2 R2025A constrained 100 m, India only"
WQS0309,largest upstream area within 1 km,40738573.0,974.0,18043.4,239.281,5.0,4120805350.0,41067217.0,2412.7,3.0,8397232.0,138.0,2392551.0,12.0,508687.0,0.0,35093.6,2020,"HydroRIVERS v1.0 / HydroBASINS v1c level 12 (Lehner & Grill 2013); WorldPop Global2 R2025A constrained 100 m, India only"
WQS0311,largest upstream area within 1 km,40751130.0,606.0,36950.3,277.248,6.0,4120811430.0,41067217.0,2381.3,8.0,37202487.0,287.0,18355363.0,21.0,2060808.0,0.003,134184.9,2020,"HydroRIVERS v1.0 / HydroBASINS v1c level 12 (Lehner & Grill 2013); WorldPop Global2 R2025A constrained 100 m, India only"
WQS0312,largest upstream area within 1 km,40752122.0,345.0,36990.0,277.124,6.0,4120811430.0,41067217.0,2379.0,2.0,37202487.0,287.0,12570913.0,10.0,2060808.0,0.003,134244.9,2020,"HydroRIVERS v1.0 / HydroBASINS v1c level 12 (Lehner & Grill 2013); WorldPop Global2 R2025A constrained 100 m, India only"
WQS0313,largest upstream area within 1 km,40755559.0,63.0,37187.6,276.866,6.0,4120813970.0,41067217.0,2370.5,1.0,41667687.0,289.0,16844668.0,11.0,1918739.0,0.003,150497.7,2020,"HydroRIVERS v1.0 / HydroBASINS v1c level 12 (Lehner & Grill 2013); WorldPop Global2 R2025A constrained 100 m, India only"
WQS0314,largest upstream area within 1 km,41142404.0,4.0,319.5,4.929,3.0,4121014120.0,41141330.0,28.8,5.0,191488.0,2.0,191488.0,2.0,141239.0,0.0,38849.3,2020,"HydroRIVERS v1.0 / HydroBASINS v1c level 12 (Lehner & Grill 2013); WorldPop Global2 R2025A constrained 100 m, India only"
WQS0315,largest upstream area within 1 km,41148373.0,74.0,1310.0,25.371,4.0,4120031570.0,41148373.0,0.0,5.0,544235.0,10.0,342439.0,5.0,12349.0,0.0,21451.1,2020,"HydroRIVERS v1.0 / HydroBASINS v1c level 12 (Lehner & Grill 2013); WorldPop Global2 R2025A constrained 100 m, India only"
WQS0316,largest upstream area within 1 km,41115894.0,164.0,33935.6,390.375,6.0,4121000050.0,41114851.0,5.4,1.0,13055059.0,263.0,537365.0,5.0,124521.0,0.0,33442.4,2020,"HydroRIVERS v1.0 / HydroBASINS v1c level 12 (Lehner & Grill 2013); WorldPop Global2 R2025A constrained 100 m, India only"
WQS0317,largest upstream area within 1 km,41089976.0,183.0,31407.9,363.207,6.0,4120991270.0,41114851.0,104.6,3.0,11731426.0,244.0,667232.0,13.0,100646.0,0.0,32299.6,2020,"HydroRIVERS v1.0 / HydroBASINS v1c level 12 (Lehner & Grill 2013); WorldPop Global2 R2025A constrained 100 m, India only"
WQS0318,largest upstream area within 1 km,41113342.0,212.0,33497.2,387.677,6.0,4120999970.0,41114851.0,26.4,1.0,12733204.0,260.0,263386.0,4.0,122882.0,0.0,32844.9,2020,"HydroRIVERS v1.0 / HydroBASINS v1c level 12 (Lehner & Grill 2013); WorldPop Global2 R2025A constrained 100 m, India only"
WQS0319,largest upstream area within 1 km,41113342.0,50.0,33497.2,387.677,6.0,4120999970.0,41114851.0,26.4,1.0,12733204.0,260.0,263386.0,4.0,122882.0,0.0,32844.9,2020,"HydroRIVERS v1.0 / HydroBASINS v1c level 12 (Lehner & Grill 2013); WorldPop Global2 R2025A constrained 100 m, India only"
WQS0320,largest upstream area within 1 km,41107488.0,343.0,33386.5,386.62,6.0,4120999970.0,41114851.0,42.6,2.0,12733204.0,260.0,469752.0,9.0,122882.0,0.0,32934.7,2020,"HydroRIVERS v1.0 / HydroBASINS v1c level 12 (Lehner & Grill 2013); WorldPop Global2 R2025A constrained 100 m, India only"
WQS0321,largest upstream area within 1 km,41140399.0,908.0,95728.1,1528.477,7.0,4121542960.0,41141330.0,16.0,3.0,22881418.0,750.0,930760.0,12.0,461597.0,0.007,14970.1,2020,"HydroRIVERS v1.0 / HydroBASINS v1c level 12 (Lehner & Grill 2013); WorldPop Global2 R2025A constrained 100 m, India only"
WQS0322,largest upstream area within 1 km,41086811.0,267.0,542.9,6.737,3.0,4120984080.0,41114851.0,343.4,5.0,390564.0,5.0,390564.0,5.0,90145.0,0.0,57973.0,2020,"HydroRIVERS v1.0 / HydroBASINS v1c level 12 (Lehner & Grill 2013); WorldPop Global2 R2025A constrained 100 m, India only"
WQS0323,largest upstream area within 1 km,41136568.0,201.0,304.8,2.597,2.0,4121542180.0,41140716.0,25.3,1.0,135391.0,3.0,95540.0,2.0,53101.0,0.0,52133.6,2020,"HydroRIVERS v1.0 / HydroBASINS v1c level 12 (Lehner & Grill 2013); WorldPop Global2 R2025A constrained 100 m, India only"
WQS0324,largest upstream area within 1 km,41137172.0,577.0,374.9,3.184,2.0,4121542180.0,41140716.0,23.3,3.0,135391.0,3.0,95540.0,2.0,53101.0,0.0,42522.3,2020,"HydroRIVERS v1.0 / HydroBASINS v1c level 12 (Lehner & Grill 2013); WorldPop Global2 R2025A constrained 100 m, India only"
WQS0325,largest upstream area within 1 km,41137172.0,720.0,374.9,3.184,2.0,4121542180.0,41140716.0,23.3,3.0,135391.0,3.0,95540.0,2.0,53101.0,0.0,42522.3,2020,"HydroRIVERS v1.0 / HydroBASINS v1c level 12 (Lehner & Grill 2013); WorldPop Global2 R2025A constrained 100 m, India only"
WQS0326,largest upstream area within 1 km,41089975.0,929.0,206.9,1.231,2.0,4120991030.0,41109718.0,68.1,1.0,736146.0,2.0,736146.0,2.0,120856.0,0.0,598006.5,2020,"HydroRIVERS v1.0 / HydroBASINS v1c level 12 (Lehner & Grill 2013); WorldPop Global2 R2025A constrained 100 m, India only"
WQS0327,largest upstream area within 1 km,41064531.0,234.0,26056.1,300.477,6.0,4120975120.0,41114851.0,194.3,1.0,9532727.0,203.0,998928.0,17.0,44792.0,0.0,31725.3,2020,"HydroRIVERS v1.0 / HydroBASINS v1c level 12 (Lehner & Grill 2013); WorldPop Global2 R2025A constrained 100 m, India only"
WQS0328,largest upstream area within 1 km,41062818.0,420.0,754.6,9.617,4.0,4120973840.0,41114851.0,213.0,1.0,428065.0,8.0,428065.0,8.0,487.0,0.0,44511.3,2020,"HydroRIVERS v1.0 / HydroBASINS v1c level 12 (Lehner & Grill 2013); WorldPop Global2 R2025A constrained 100 m, India only"
WQS0329,largest upstream area within 1 km,41107488.0,435.0,33386.5,386.62,6.0,4120999970.0,41114851.0,42.6,1.0,12733204.0,260.0,469752.0,9.0,122882.0,0.0,32934.7,2020,"HydroRIVERS v1.0 / HydroBASINS v1c level 12 (Lehner & Grill 2013); WorldPop Global2 R2025A constrained 100 m, India only"
WQS0331,largest upstream area within 1 km,41071945.0,569.0,27253.8,314.791,6.0,4120980000.0,41114851.0,157.9,3.0,9925636.0,212.0,384544.0,9.0,22058.0,0.0,31530.9,2020,"HydroRIVERS v1.0 / HydroBASINS v1c level 12 (Lehner & Grill 2013); WorldPop Global2 R2025A constrained 100 m, India only"
WQS0332,largest upstream area within 1 km,41064531.0,49.0,26056.1,300.477,6.0,4120975120.0,41114851.0,194.3,1.0,9532727.0,203.0,998928.0,17.0,44792.0,0.0,31725.3,2020,"HydroRIVERS v1.0 / HydroBASINS v1c level 12 (Lehner & Grill 2013); WorldPop Global2 R2025A constrained 100 m, India only"
WQS0334,largest upstream area within 1 km,41141330.0,791.0,96002.1,1545.419,7.0,4120031610.0,41141330.0,0.0,5.0,22993765.0,751.0,964351.0,10.0,112346.0,0.007,14878.7,2020,"HydroRIVERS v1.0 / HydroBASINS v1c level 12 (Lehner & Grill 2013); WorldPop Global2 R2025A constrained 100 m, India only"
WQS0335,largest upstream area within 1 km,41130640.0,894.0,92572.4,1479.737,7.0,4121008890.0,41141330.0,100.6,3.0,21600009.0,725.0,504433.0,15.0,16435.0,0.007,14597.2,2020,"HydroRIVERS v1.0 / HydroBASINS v1c level 12 (Lehner & Grill 2013); WorldPop Global2 R2025A constrained 100 m, India only"
WQS0336,largest upstream area within 1 km,41132575.0,262.0,87647.6,1420.638,7.0,4121008800.0,41141330.0,134.1,1.0,20202132.0,689.0,178567.0,8.0,39597.0,0.007,14220.5,2020,"HydroRIVERS v1.0 / HydroBASINS v1c level 12 (Lehner & Grill 2013); WorldPop Global2 R2025A constrained 100 m, India only"
WQS0337,largest upstream area within 1 km,41133646.0,24.0,87464.9,1418.007,7.0,4121010130.0,41141330.0,138.1,3.0,20112274.0,687.0,98656.0,7.0,31186.0,0.007,14183.5,2020,"HydroRIVERS v1.0 / HydroBASINS v1c level 12 (Lehner & Grill 2013); WorldPop Global2 R2025A constrained 100 m, India only"
WQS0338,largest upstream area within 1 km,41129859.0,146.0,88142.2,1427.759,7.0,4121008130.0,41141330.0,119.2,5.0,20302809.0,692.0,250542.0,9.0,13252.0,0.007,14220.1,2020,"HydroRIVERS v1.0 / HydroBASINS v1c level 12 (Lehner & Grill 2013); WorldPop Global2 R2025A constrained 100 m, India only"
WQS0339,largest upstream area within 1 km,41076132.0,52.0,2370.6,30.318,4.0,4121528020.0,41114851.0,173.0,3.0,1022407.0,18.0,510132.0,8.0,30891.0,0.0,33722.8,2020,"HydroRIVERS v1.0 / HydroBASINS v1c level 12 (Lehner & Grill 2013); WorldPop Global2 R2025A constrained 100 m, India only"
WQS0340,largest upstream area within 1 km,41094029.0,16.0,9057.5,25.009,5.0,4120990950.0,41109718.0,58.1,1.0,4975333.0,67.0,2399403.0,5.0,69600.0,0.0,198941.7,2020,"HydroRIVERS v1.0 / HydroBASINS v1c level 12 (Lehner & Grill 2013); WorldPop Global2 R2025A constrained 100 m, India only"
WQS0341,largest upstream area within 1 km,41085331.0,270.0,8834.5,26.34,5.0,4121530760.0,41109718.0,82.4,1.0,4836339.0,65.0,2625416.0,4.0,367049.0,0.0,183612.0,2020,"HydroRIVERS v1.0 / HydroBASINS v1c level 12 (Lehner & Grill 2013); WorldPop Global2 R2025A constrained 100 m, India only"
WQS0342,largest upstream area within 1 km,41070994.0,121.0,8392.0,28.277,5.0,4121527490.0,41109718.0,129.3,1.0,2575930.0,62.0,632891.0,4.0,365007.0,0.0,91096.3,2020,"HydroRIVERS v1.0 / HydroBASINS v1c level 12 (Lehner & Grill 2013); WorldPop Global2 R2025A constrained 100 m, India only"
WQS0343,largest upstream area within 1 km,41028954.0,36.0,5295.4,28.344,4.0,4120958140.0,41109718.0,254.7,1.0,889025.0,41.0,484144.0,17.0,61769.0,0.0,31365.5,2020,"HydroRIVERS v1.0 / HydroBASINS v1c level 12 (Lehner & Grill 2013); WorldPop Global2 R2025A constrained 100 m, India only"
WQS0344,largest upstream area within 1 km,41070994.0,80.0,8392.0,28.277,5.0,4121527490.0,41109718.0,129.3,1.0,2575930.0,62.0,632891.0,4.0,365007.0,0.0,91096.3,2020,"HydroRIVERS v1.0 / HydroBASINS v1c level 12 (Lehner & Grill 2013); WorldPop Global2 R2025A constrained 100 m, India only"
WQS0345,largest upstream area within 1 km,41074175.0,307.0,8534.4,27.265,5.0,4121528500.0,41109718.0,116.3,1.0,3362782.0,63.0,1346835.0,4.0,786853.0,0.0,123337.0,2020,"HydroRIVERS v1.0 / HydroBASINS v1c level 12 (Lehner & Grill 2013); WorldPop Global2 R2025A constrained 100 m, India only"
WQS0346,largest upstream area within 1 km,41016796.0,34.0,3423.4,13.076,4.0,4120948240.0,41109718.0,291.4,1.0,426660.0,27.0,195969.0,13.0,14919.0,0.0,32629.2,2020,"HydroRIVERS v1.0 / HydroBASINS v1c level 12 (Lehner & Grill 2013); WorldPop Global2 R2025A constrained 100 m, India only"
WQS0347,largest upstream area within 1 km,41016796.0,63.0,3423.4,13.076,4.0,4120948240.0,41109718.0,291.4,1.0,426660.0,27.0,195969.0,13.0,14919.0,0.0,32629.2,2020,"HydroRIVERS v1.0 / HydroBASINS v1c level 12 (Lehner & Grill 2013); WorldPop Global2 R2025A constrained 100 m, India only"
WQS0348,largest upstream area within 1 km,41053312.0,199.0,7945.1,32.699,5.0,4121523770.0,41109718.0,183.5,1.0,2015947.0,59.0,685458.0,9.0,72909.0,0.0,61651.6,2020,"HydroRIVERS v1.0 / HydroBASINS v1c level 12 (Lehner & Grill 2013); WorldPop Global2 R2025A constrained 100 m, India only"
WQS0349,largest upstream area within 1 km,41076127.0,39.0,8569.1,26.773,5.0,4121528500.0,41109718.0,110.7,1.0,3362782.0,63.0,1346835.0,4.0,786853.0,0.0,125603.5,2020,"HydroRIVERS v1.0 / HydroBASINS v1c level 12 (Lehner & Grill 2013); WorldPop Global2 R2025A constrained 100 m, India only"
WQS0350,largest upstream area within 1 km,41079551.0,221.0,8634.3,26.214,5.0,4121529740.0,41109718.0,102.5,3.0,4469290.0,64.0,2366539.0,4.0,1106508.0,0.0,170492.5,2020,"HydroRIVERS v1.0 / HydroBASINS v1c level 12 (Lehner & Grill 2013); WorldPop Global2 R2025A constrained 100 m, India only"
WQS0351,largest upstream area within 1 km,41093595.0,165.0,8194.5,55.288,5.0,4120990030.0,41109718.0,65.5,3.0,4048479.0,61.0,1214903.0,16.0,32150.0,0.0,73225.3,2020,"HydroRIVERS v1.0 / HydroBASINS v1c level 12 (Lehner & Grill 2013); WorldPop Global2 R2025A constrained 100 m, India only"
WQS0352,largest upstream area within 1 km,41153010.0,498.0,83.6,0.688,1.0,4121018130.0,41159039.0,208.7,1.0,110015.0,1.0,110015.0,1.0,110015.0,0.0,159905.5,2020,"HydroRIVERS v1.0 / HydroBASINS v1c level 12 (Lehner & Grill 2013); WorldPop Global2 R2025A constrained 100 m, India only"
WQS0353,largest upstream area within 1 km,41155524.0,231.0,63068.8,457.126,6.0,4121023370.0,41159039.0,88.2,1.0,18528147.0,502.0,303095.0,9.0,82745.0,0.008,40531.8,2020,"HydroRIVERS v1.0 / HydroBASINS v1c level 12 (Lehner & Grill 2013); WorldPop Global2 R2025A constrained 100 m, India only"
WQS0354,largest upstream area within 1 km,41154349.0,9.0,64016.8,513.462,6.0,4121546320.0,41159039.0,39.6,1.0,18900965.0,509.0,379606.0,5.0,128586.0,0.008,36810.8,2020,"HydroRIVERS v1.0 / HydroBASINS v1c level 12 (Lehner & Grill 2013); WorldPop Global2 R2025A constrained 100 m, India only"
WQS0355,largest upstream area within 1 km,41080837.0,162.0,8679.0,26.449,5.0,4121529740.0,41109718.0,97.6,1.0,4469290.0,64.0,2366539.0,4.0,1106508.0,0.0,168977.7,2020,"HydroRIVERS v1.0 / HydroBASINS v1c level 12 (Lehner & Grill 2013); WorldPop Global2 R2025A constrained 100 m, India only"
WQS0356,largest upstream area within 1 km,41028954.0,92.0,5295.4,28.344,4.0,4120958140.0,41109718.0,254.7,1.0,889025.0,41.0,484144.0,17.0,61769.0,0.0,31365.5,2020,"HydroRIVERS v1.0 / HydroBASINS v1c level 12 (Lehner & Grill 2013); WorldPop Global2 R2025A constrained 100 m, India only"
WQS0358,largest upstream area within 1 km,41157586.0,25.0,64225.5,536.968,6.0,4120031520.0,41159039.0,9.9,1.0,20014692.0,511.0,1335207.0,5.0,658108.0,0.008,37273.5,2020,"HydroRIVERS v1.0 / HydroBASINS v1c level 12 (Lehner & Grill 2013); WorldPop Global2 R2025A constrained 100 m, India only"
WQS0359,largest upstream area within 1 km,41154998.0,550.0,62517.9,424.676,6.0,4121023160.0,41159039.0,117.2,5.0,18385995.0,499.0,550212.0,18.0,31153.0,0.008,43294.2,2020,"HydroRIVERS v1.0 / HydroBASINS v1c level 12 (Lehner & Grill 2013); WorldPop Global2 R2025A constrained 100 m, India only"
WQS0360,largest upstream area within 1 km,41158619.0,230.0,64283.5,541.682,6.0,4120031520.0,41159039.0,3.9,4.0,20014692.0,511.0,1242314.0,3.0,658108.0,0.008,36949.2,2020,"HydroRIVERS v1.0 / HydroBASINS v1c level 12 (Lehner & Grill 2013); WorldPop Global2 R2025A constrained 100 m, India only"
WQS0361,largest upstream area within 1 km,41156093.0,594.0,63609.9,482.049,6.0,4121022640.0,41159039.0,71.1,3.0,18738146.0,507.0,479833.0,10.0,58660.0,0.008,38871.9,2020,"HydroRIVERS v1.0 / HydroBASINS v1c level 12 (Lehner & Grill 2013); WorldPop Global2 R2025A constrained 100 m, India only"
WQS0363,largest upstream area within 1 km,41118037.0,146.0,638.6,7.036,3.0,4121001980.0,41132059.0,89.8,1.0,951540.0,4.0,951540.0,4.0,650664.0,0.0,135238.8,2020,"HydroRIVERS v1.0 / HydroBASINS v1c level 12 (Lehner & Grill 2013); WorldPop Global2 R2025A constrained 100 m, India only"
WQS0364,largest upstream area within 1 km,40679730.0,279.0,569.0,7.344,4.0,4120761730.0,41067217.0,2589.2,1.0,166144.0,5.0,166144.0,5.0,64241.0,0.0,22623.1,2020,"HydroRIVERS v1.0 / HydroBASINS v1c level 12 (Lehner & Grill 2013); WorldPop Global2 R2025A constrained 100 m, India only"
WQS0365,largest upstream area within 1 km,40795316.0,959.0,44534.0,304.253,6.0,4120832490.0,41067217.0,2263.4,3.0,58171844.0,342.0,415795.0,5.0,63980.0,0.003,191195.6,2020,"HydroRIVERS v1.0 / HydroBASINS v1c level 12 (Lehner & Grill 2013); WorldPop Global2 R2025A constrained 100 m, India only"
WQS0366,largest upstream area within 1 km,40672207.0,196.0,11373.0,209.375,5.0,4120760940.0,41067217.0,2620.1,1.0,2007719.0,90.0,878898.0,14.0,92377.0,0.0,9589.1,2020,"HydroRIVERS v1.0 / HydroBASINS v1c level 12 (Lehner & Grill 2013); WorldPop Global2 R2025A constrained 100 m, India only"
WQS0367,largest upstream area within 1 km,40672207.0,198.0,11373.0,209.375,5.0,4120760940.0,41067217.0,2620.1,1.0,2007719.0,90.0,878898.0,14.0,92377.0,0.0,9589.1,2020,"HydroRIVERS v1.0 / HydroBASINS v1c level 12 (Lehner & Grill 2013); WorldPop Global2 R2025A constrained 100 m, India only"
WQS0368,largest upstream area within 1 km,40682612.0,124.0,12737.2,229.68,5.0,4120764070.0,41067217.0,2578.1,1.0,2596938.0,102.0,737819.0,14.0,47849.0,0.0,11306.8,2020,"HydroRIVERS v1.0 / HydroBASINS v1c level 12 (Lehner & Grill 2013); WorldPop Global2 R2025A constrained 100 m, India only"
WQS0369,largest upstream area within 1 km,40718040.0,106.0,16511.1,238.858,5.0,4121447540.0,41067217.0,2467.4,1.0,6138453.0,127.0,1587188.0,9.0,133771.0,0.0,25699.2,2020,"HydroRIVERS v1.0 / HydroBASINS v1c level 12 (Lehner & Grill 2013); WorldPop Global2 R2025A constrained 100 m, India only"
WQS0370,largest upstream area within 1 km,40702882.0,464.0,13681.1,228.359,5.0,4120779070.0,41067217.0,2511.8,1.0,3258019.0,108.0,480267.0,5.0,72225.0,0.0,14267.1,2020,"HydroRIVERS v1.0 / HydroBASINS v1c level 12 (Lehner & Grill 2013); WorldPop Global2 R2025A constrained 100 m, India only"
WQS0371,largest upstream area within 1 km,40779260.0,99.0,43952.5,304.201,6.0,4120825240.0,41067217.0,2302.4,1.0,57802948.0,338.0,6108548.0,7.0,46899.0,0.003,190015.6,2020,"HydroRIVERS v1.0 / HydroBASINS v1c level 12 (Lehner & Grill 2013); WorldPop Global2 R2025A constrained 100 m, India only"
WQS0372,largest upstream area within 1 km,40738573.0,928.0,18043.4,239.281,5.0,4120805350.0,41067217.0,2412.7,3.0,8397232.0,138.0,2392551.0,12.0,508687.0,0.0,35093.6,2020,"HydroRIVERS v1.0 / HydroBASINS v1c level 12 (Lehner & Grill 2013); WorldPop Global2 R2025A constrained 100 m, India only"
WQS0373,largest upstream area within 1 km,40711978.0,645.0,15994.0,238.345,5.0,4120788490.0,41067217.0,2485.8,1.0,5356205.0,124.0,1287992.0,10.0,182383.0,0.0,22472.5,2020,"HydroRIVERS v1.0 / HydroBASINS v1c level 12 (Lehner & Grill 2013); WorldPop Global2 R2025A constrained 100 m, India only"
WQS0374,nearest reach within 2 km,40730508.0,1156.0,139.0,0.032,2.0,4120799770.0,41067217.0,2441.2,0.0,276169.0,1.0,276169.0,1.0,276169.0,0.0,8630281.2,2020,"HydroRIVERS v1.0 / HydroBASINS v1c level 12 (Lehner & Grill 2013); WorldPop Global2 R2025A constrained 100 m, India only"
WQS0375,largest upstream area within 1 km,40734555.0,232.0,17736.2,239.424,5.0,4120802730.0,41067217.0,2422.3,1.0,7300169.0,135.0,1477870.0,10.0,123488.0,0.0,30490.5,2020,"HydroRIVERS v1.0 / HydroBASINS v1c level 12 (Lehner & Grill 2013); WorldPop Global2 R2025A constrained 100 m, India only"
WQS0377,largest upstream area within 1 km,40649928.0,509.0,1373.5,20.556,4.0,4120738640.0,41067217.0,2731.5,3.0,272103.0,12.0,272103.0,12.0,1308.0,0.0,13237.2,2020,"HydroRIVERS v1.0 / HydroBASINS v1c level 12 (Lehner & Grill 2013); WorldPop Global2 R2025A constrained 100 m, India only"
WQS0378,largest upstream area within 1 km,40645345.0,982.0,116.4,1.427,2.0,4121425360.0,41067217.0,2751.0,5.0,61569.0,1.0,61569.0,1.0,61569.0,0.0,43145.8,2020,"HydroRIVERS v1.0 / HydroBASINS v1c level 12 (Lehner & Grill 2013); WorldPop Global2 R2025A constrained 100 m, India only"
WQS0379,largest upstream area within 1 km,40645921.0,73.0,143.3,1.76,2.0,4120738280.0,41067217.0,2748.7,4.0,92490.0,2.0,92490.0,2.0,30921.0,0.0,52551.1,2020,"HydroRIVERS v1.0 / HydroBASINS v1c level 12 (Lehner & Grill 2013); WorldPop Global2 R2025A constrained 100 m, India only"
WQS0380,largest upstream area within 1 km,40645921.0,46.0,143.3,1.76,2.0,4120738280.0,41067217.0,2748.7,6.0,92490.0,2.0,92490.0,2.0,30921.0,0.0,52551.1,2020,"HydroRIVERS v1.0 / HydroBASINS v1c level 12 (Lehner & Grill 2013); WorldPop Global2 R2025A constrained 100 m, India only"
WQS0381,largest upstream area within 1 km,40611964.0,4.0,706.2,27.795,4.0,4120705480.0,41023100.0,1851.9,1.0,403569.0,5.0,403569.0,5.0,35121.0,0.0,14519.5,2020,"HydroRIVERS v1.0 / HydroBASINS v1c level 12 (Lehner & Grill 2013); WorldPop Global2 R2025A constrained 100 m, India only"
WQS0382,largest upstream area within 1 km,40611100.0,155.0,618.4,24.546,4.0,4120705480.0,41023100.0,1865.3,1.0,403569.0,5.0,403569.0,5.0,35121.0,0.0,16441.3,2020,"HydroRIVERS v1.0 / HydroBASINS v1c level 12 (Lehner & Grill 2013); WorldPop Global2 R2025A constrained 100 m, India only"
WQS0383,largest upstream area within 1 km,40605250.0,233.0,17.3,0.709,1.0,4121411210.0,41023100.0,1883.8,1.0,70312.0,1.0,70312.0,1.0,70312.0,0.0,99170.7,2020,"HydroRIVERS v1.0 / HydroBASINS v1c level 12 (Lehner & Grill 2013); WorldPop Global2 R2025A constrained 100 m, India only"
WQS0385,largest upstream area within 1 km,40631848.0,512.0,786.2,11.163,3.0,4121420390.0,41023100.0,2174.9,3.0,1397.0,6.0,1397.0,6.0,957.0,0.0,125.1,2020,"HydroRIVERS v1.0 / HydroBASINS v1c level 12 (Lehner & Grill 2013); WorldPop Global2 R2025A constrained 100 m, India only"
WQS0387,largest upstream area within 1 km,40666743.0,362.0,255.6,4.103,3.0,4120752220.0,41067217.0,2638.3,3.0,86186.0,2.0,86186.0,2.0,56223.0,0.0,21005.6,2020,"HydroRIVERS v1.0 / HydroBASINS v1c level 12 (Lehner & Grill 2013); WorldPop Global2 R2025A constrained 100 m, India only"
WQS0388,largest upstream area within 1 km,40620985.0,120.0,3532.4,126.083,5.0,4120712390.0,41023100.0,2007.9,1.0,310291.0,24.0,255397.0,12.0,17520.0,0.0,2461.0,2020,"HydroRIVERS v1.0 / HydroBASINS v1c level 12 (Lehner & Grill 2013); WorldPop Global2 R2025A constrained 100 m, India only"
WQS0389,largest upstream area within 1 km,40615421.0,340.0,4.0,0.124,1.0,4120707690.0,41023100.0,1920.1,1.0,1350424.0,62.0,33241.0,1.0,33241.0,0.0,10890516.1,2020,"HydroRIVERS v1.0 / HydroBASINS v1c level 12 (Lehner & Grill 2013); WorldPop Global2 R2025A constrained 100 m, India only"
WQS0390,largest upstream area within 1 km,40613969.0,392.0,1346.8,47.808,4.0,4120707370.0,41023100.0,2034.4,3.0,199535.0,10.0,199535.0,10.0,53884.0,0.0,4173.7,2020,"HydroRIVERS v1.0 / HydroBASINS v1c level 12 (Lehner & Grill 2013); WorldPop Global2 R2025A constrained 100 m, India only"
WQS0391,largest upstream area within 1 km,40604025.0,312.0,351.2,13.023,3.0,4120696900.0,41023100.0,2073.0,3.0,30947.0,3.0,30947.0,3.0,14944.0,0.0,2376.3,2020,"HydroRIVERS v1.0 / HydroBASINS v1c level 12 (Lehner & Grill 2013); WorldPop Global2 R2025A constrained 100 m, India only"
WQS0392,largest upstream area within 1 km,40621132.0,295.0,6918.9,218.034,5.0,4120709380.0,41023100.0,1967.3,5.0,920111.0,52.0,633198.0,21.0,69657.0,0.0,4220.0,2020,"HydroRIVERS v1.0 / HydroBASINS v1c level 12 (Lehner & Grill 2013); WorldPop Global2 R2025A constrained 100 m, India only"
WQS0393,largest upstream area within 1 km,40622414.0,89.0,5638.7,180.994,5.0,4120712380.0,41023100.0,1983.9,1.0,516618.0,41.0,361173.0,20.0,19892.0,0.0,2854.3,2020,"HydroRIVERS v1.0 / HydroBASINS v1c level 12 (Lehner & Grill 2013); WorldPop Global2 R2025A constrained 100 m, India only"
WQS0394,largest upstream area within 1 km,40631055.0,30.0,50076.0,719.692,6.0,4120723650.0,41023100.0,1963.8,1.0,657582.0,386.0,217190.0,6.0,111847.0,0.728,913.7,2020,"HydroRIVERS v1.0 / HydroBASINS v1c level 12 (Lehner & Grill 2013); WorldPop Global2 R2025A constrained 100 m, India only"
WQS0395,largest upstream area within 1 km,40613969.0,112.0,1346.8,47.808,4.0,4120707370.0,41023100.0,2034.4,3.0,199535.0,10.0,199535.0,10.0,53884.0,0.0,4173.7,2020,"HydroRIVERS v1.0 / HydroBASINS v1c level 12 (Lehner & Grill 2013); WorldPop Global2 R2025A constrained 100 m, India only"
WQS0396,largest upstream area within 1 km,40622554.0,752.0,5583.0,179.543,5.0,4120712380.0,41023100.0,1990.0,4.0,516618.0,41.0,408090.0,21.0,19892.0,0.0,2877.4,2020,"HydroRIVERS v1.0 / HydroBASINS v1c level 12 (Lehner & Grill 2013); WorldPop Global2 R2025A constrained 100 m, India only"
WQS0397,largest upstream area within 1 km,40621411.0,362.0,6893.9,216.922,5.0,4120709380.0,41023100.0,1972.9,4.0,920111.0,52.0,655978.0,22.0,69657.0,0.0,4241.7,2020,"HydroRIVERS v1.0 / HydroBASINS v1c level 12 (Lehner & Grill 2013); WorldPop Global2 R2025A constrained 100 m, India only"
WQS0398,largest upstream area within 1 km,40610135.0,331.0,176.2,5.813,3.0,4121413130.0,41023100.0,1953.2,3.0,105832.0,2.0,105832.0,2.0,83686.0,0.0,18206.1,2020,"HydroRIVERS v1.0 / HydroBASINS v1c level 12 (Lehner & Grill 2013); WorldPop Global2 R2025A constrained 100 m, India only"
WQS0399,largest upstream area within 1 km,40602122.0,638.0,653.8,16.894,4.0,4120700790.0,41023100.0,1821.3,3.0,344111.0,5.0,344111.0,5.0,189493.0,0.0,20368.8,2020,"HydroRIVERS v1.0 / HydroBASINS v1c level 12 (Lehner & Grill 2013); WorldPop Global2 R2025A constrained 100 m, India only"
WQS0400,largest upstream area within 1 km,40605668.0,163.0,16.9,0.701,1.0,4120700900.0,41023100.0,1892.4,1.0,163663.0,1.0,163663.0,1.0,163663.0,0.0,233470.8,2020,"HydroRIVERS v1.0 / HydroBASINS v1c level 12 (Lehner & Grill 2013); WorldPop Global2 R2025A constrained 100 m, India only"
WQS0402,largest upstream area within 1 km,40627843.0,566.0,23.8,0.367,1.0,4121419430.0,41023100.0,1911.1,1.0,386473.0,5.0,96921.0,1.0,96921.0,0.0,1053059.9,2020,"HydroRIVERS v1.0 / HydroBASINS v1c level 12 (Lehner & Grill 2013); WorldPop Global2 R2025A constrained 100 m, India only"
WQS0403,largest upstream area within 1 km,40605250.0,110.0,17.3,0.709,1.0,4121411210.0,41023100.0,1883.8,1.0,70312.0,1.0,70312.0,1.0,70312.0,0.0,99170.7,2020,"HydroRIVERS v1.0 / HydroBASINS v1c level 12 (Lehner & Grill 2013); WorldPop Global2 R2025A constrained 100 m, India only"
WQS0404,largest upstream area within 1 km,40652316.0,620.0,1565.0,23.305,4.0,4120742660.0,41067217.0,2721.5,5.0,336858.0,14.0,299709.0,13.0,17466.0,0.0,14454.3,2020,"HydroRIVERS v1.0 / HydroBASINS v1c level 12 (Lehner & Grill 2013); WorldPop Global2 R2025A constrained 100 m, India only"
WQS0405,largest upstream area within 1 km,40664092.0,502.0,2580.4,40.63,4.0,4120751460.0,41067217.0,2655.2,1.0,440980.0,23.0,95737.0,7.0,30577.0,0.0,10853.6,2020,"HydroRIVERS v1.0 / HydroBASINS v1c level 12 (Lehner & Grill 2013); WorldPop Global2 R2025A constrained 100 m, India only"
WQS0406,largest upstream area within 1 km,40662883.0,931.0,2560.8,40.276,4.0,4120751460.0,41067217.0,2659.2,3.0,440980.0,23.0,121588.0,10.0,30577.0,0.0,10949.0,2020,"HydroRIVERS v1.0 / HydroBASINS v1c level 12 (Lehner & Grill 2013); WorldPop Global2 R2025A constrained 100 m, India only"
WQS0411,largest upstream area within 1 km,40607045.0,87.0,83.5,3.465,2.0,4120700900.0,41023100.0,1883.5,1.0,163663.0,1.0,163663.0,1.0,163663.0,0.0,47233.2,2020,"HydroRIVERS v1.0 / HydroBASINS v1c level 12 (Lehner & Grill 2013); WorldPop Global2 R2025A constrained 100 m, India only"
WQS0412,largest upstream area within 1 km,40605669.0,136.0,42.7,1.769,2.0,4120700900.0,41023100.0,1892.4,1.0,163663.0,1.0,163663.0,1.0,163663.0,0.0,92517.2,2020,"HydroRIVERS v1.0 / HydroBASINS v1c level 12 (Lehner & Grill 2013); WorldPop Global2 R2025A constrained 100 m, India only"
WQS0413,nearest reach within 2 km,40607576.0,1052.0,77.6,2.789,2.0,4121412590.0,41023100.0,1943.4,0.0,55766.0,1.0,55766.0,1.0,55766.0,0.0,19995.0,2020,"HydroRIVERS v1.0 / HydroBASINS v1c level 12 (Lehner & Grill 2013); WorldPop Global2 R2025A constrained 100 m, India only"
WQS0414,largest upstream area within 1 km,40607576.0,975.0,77.6,2.789,2.0,4121412590.0,41023100.0,1943.4,1.0,55766.0,1.0,55766.0,1.0,55766.0,0.0,19995.0,2020,"HydroRIVERS v1.0 / HydroBASINS v1c level 12 (Lehner & Grill 2013); WorldPop Global2 R2025A constrained 100 m, India only"
WQS0415,largest upstream area within 1 km,40615417.0,26.0,287.4,10.379,3.0,4120708780.0,41023100.0,1912.0,1.0,220382.0,3.0,220382.0,3.0,90494.0,0.0,21233.5,2020,"HydroRIVERS v1.0 / HydroBASINS v1c level 12 (Lehner & Grill 2013); WorldPop Global2 R2025A constrained 100 m, India only"
WQS0417,largest upstream area within 1 km,40611109.0,83.0,1309.8,50.079,5.0,4120703760.0,41023100.0,2055.5,1.0,8790.0,9.0,8790.0,9.0,3239.0,0.0,175.5,2020,"HydroRIVERS v1.0 / HydroBASINS v1c level 12 (Lehner & Grill 2013); WorldPop Global2 R2025A constrained 100 m, India only"
WQS0418,largest upstream area within 1 km,40611109.0,49.0,1309.8,50.079,5.0,4120703760.0,41023100.0,2055.5,3.0,8790.0,9.0,8790.0,9.0,3239.0,0.0,175.5,2020,"HydroRIVERS v1.0 / HydroBASINS v1c level 12 (Lehner & Grill 2013); WorldPop Global2 R2025A constrained 100 m, India only"
WQS0419,largest upstream area within 1 km,40615423.0,188.0,1761.0,65.578,5.0,4120707380.0,41023100.0,2028.7,2.0,31747.0,11.0,31368.0,8.0,22154.0,0.0,484.1,2020,"HydroRIVERS v1.0 / HydroBASINS v1c level 12 (Lehner & Grill 2013); WorldPop Global2 R2025A constrained 100 m, India only"
WQS0420,largest upstream area within 1 km,40591673.0,60.0,3243.1,112.654,5.0,4120685940.0,41023100.0,1898.7,1.0,132240.0,25.0,115034.0,7.0,33769.0,0.12,1173.9,2020,"HydroRIVERS v1.0 / HydroBASINS v1c level 12 (Lehner & Grill 2013); WorldPop Global2 R2025A constrained 100 m, India only"
WQS0421,largest upstream area within 1 km,40592873.0,97.0,3140.3,111.396,5.0,4120685940.0,41023100.0,1910.7,3.0,132240.0,25.0,124368.0,10.0,33769.0,0.12,1187.1,2020,"HydroRIVERS v1.0 / HydroBASINS v1c level 12 (Lehner & Grill 2013); WorldPop Global2 R2025A constrained 100 m, India only"
WQS0422,largest upstream area within 1 km,40593113.0,618.0,3118.3,111.195,5.0,4120685940.0,41023100.0,1914.5,6.0,132240.0,25.0,126204.0,11.0,33769.0,0.12,1189.3,2020,"HydroRIVERS v1.0 / HydroBASINS v1c level 12 (Lehner & Grill 2013); WorldPop Global2 R2025A constrained 100 m, India only"
WQS0423,unsnapped (> 2 km from any reach),,,,,,,,,,,,,,,,,2020,"HydroRIVERS v1.0 / HydroBASINS v1c level 12 (Lehner & Grill 2013); WorldPop Global2 R2025A constrained 100 m, India only"
WQS0426,largest upstream area within 1 km,40669251.0,795.0,11258.1,206.087,5.0,4120760940.0,41067217.0,2630.7,5.0,2007719.0,90.0,1085306.0,17.0,92377.0,0.0,9742.1,2020,"HydroRIVERS v1.0 / HydroBASINS v1c level 12 (Lehner & Grill 2013); WorldPop Global2 R2025A constrained 100 m, India only"
WQS0427,largest upstream area within 1 km,40617287.0,305.0,8995.4,289.735,5.0,4120709970.0,41023100.0,1903.4,5.0,1694371.0,68.0,754829.0,15.0,63197.0,0.0,5848.0,2020,"HydroRIVERS v1.0 / HydroBASINS v1c level 12 (Lehner & Grill 2013); WorldPop Global2 R2025A constrained 100 m, India only"
WQS0428,largest upstream area within 1 km,40615573.0,613.0,10273.0,328.1,5.0,4120705590.0,41023100.0,1861.1,3.0,2293270.0,77.0,639772.0,11.0,83269.0,0.0,6989.5,2020,"HydroRIVERS v1.0 / HydroBASINS v1c level 12 (Lehner & Grill 2013); WorldPop Global2 R2025A constrained 100 m, India only"
WQS0429,largest upstream area within 1 km,40615005.0,366.0,19.9,0.504,1.0,4120705470.0,41023100.0,1844.4,2.0,2709227.0,83.0,12387.0,1.0,12387.0,0.0,5375450.4,2020,"HydroRIVERS v1.0 / HydroBASINS v1c level 12 (Lehner & Grill 2013); WorldPop Global2 R2025A constrained 100 m, India only"
WQS0430,largest upstream area within 1 km,40621903.0,608.0,5068.0,168.43,5.0,4120713640.0,41023100.0,1998.8,3.0,415042.0,36.0,322884.0,18.0,22781.0,0.0,2464.2,2020,"HydroRIVERS v1.0 / HydroBASINS v1c level 12 (Lehner & Grill 2013); WorldPop Global2 R2025A constrained 100 m, India only"
WQS0431,largest upstream area within 1 km,40610663.0,33.0,1068.6,38.831,4.0,4120705130.0,41023100.0,2047.0,3.0,129388.0,8.0,129388.0,8.0,46917.0,0.0,3332.1,2020,"HydroRIVERS v1.0 / HydroBASINS v1c level 12 (Lehner & Grill 2013); WorldPop Global2 R2025A constrained 100 m, India only"
WQS0432,largest upstream area within 1 km,40613133.0,341.0,739.3,28.867,4.0,4120705480.0,41023100.0,1845.3,3.0,403569.0,5.0,403569.0,5.0,35121.0,0.0,13980.3,2020,"HydroRIVERS v1.0 / HydroBASINS v1c level 12 (Lehner & Grill 2013); WorldPop Global2 R2025A constrained 100 m, India only"
WQS0433,largest upstream area within 1 km,40604025.0,92.0,351.2,13.023,3.0,4120696900.0,41023100.0,2073.0,1.0,30947.0,3.0,30947.0,3.0,14944.0,0.0,2376.3,2020,"HydroRIVERS v1.0 / HydroBASINS v1c level 12 (Lehner & Grill 2013); WorldPop Global2 R2025A constrained 100 m, India only"
WQS0434,largest upstream area within 1 km,40604025.0,687.0,351.2,13.023,3.0,4120696900.0,41023100.0,2073.0,3.0,30947.0,3.0,30947.0,3.0,14944.0,0.0,2376.3,2020,"HydroRIVERS v1.0 / HydroBASINS v1c level 12 (Lehner & Grill 2013); WorldPop Global2 R2025A constrained 100 m, India only"
WQS0435,largest upstream area within 1 km,40618993.0,204.0,9645.3,309.134,5.0,4120710590.0,41023100.0,1883.2,1.0,1952342.0,73.0,641014.0,13.0,15366.0,0.0,6315.5,2020,"HydroRIVERS v1.0 / HydroBASINS v1c level 12 (Lehner & Grill 2013); WorldPop Global2 R2025A constrained 100 m, India only"
WQS0436,largest upstream area within 1 km,40619117.0,444.0,9881.1,315.277,5.0,4120708430.0,41023100.0,1877.1,3.0,2137028.0,75.0,800572.0,14.0,99571.0,0.0,6778.3,2020,"HydroRIVERS v1.0 / HydroBASINS v1c level 12 (Lehner & Grill 2013); WorldPop Global2 R2025A constrained 100 m, India only"
WQS0437,largest upstream area within 1 km,40616852.0,973.0,3210.9,116.51,5.0,4120709750.0,41023100.0,2023.6,4.0,276230.0,22.0,242549.0,12.0,44948.0,0.0,2370.9,2020,"HydroRIVERS v1.0 / HydroBASINS v1c level 12 (Lehner & Grill 2013); WorldPop Global2 R2025A constrained 100 m, India only"
WQS0438,largest upstream area within 1 km,40613969.0,35.0,1346.8,47.808,4.0,4120707370.0,41023100.0,2034.4,3.0,199535.0,10.0,199535.0,10.0,53884.0,0.0,4173.7,2020,"HydroRIVERS v1.0 / HydroBASINS v1c level 12 (Lehner & Grill 2013); WorldPop Global2 R2025A constrained 100 m, India only"
WQS0439,largest upstream area within 1 km,40604025.0,131.0,351.2,13.023,3.0,4120696900.0,41023100.0,2073.0,1.0,30947.0,3.0,30947.0,3.0,14944.0,0.0,2376.3,2020,"HydroRIVERS v1.0 / HydroBASINS v1c level 12 (Lehner & Grill 2013); WorldPop Global2 R2025A constrained 100 m, India only"
WQS0440,largest upstream area within 1 km,40617287.0,745.0,8995.4,289.735,5.0,4120709970.0,41023100.0,1903.4,5.0,1694371.0,68.0,754829.0,15.0,63197.0,0.0,5848.0,2020,"HydroRIVERS v1.0 / HydroBASINS v1c level 12 (Lehner & Grill 2013); WorldPop Global2 R2025A constrained 100 m, India only"
WQS0441,largest upstream area within 1 km,40604025.0,383.0,351.2,13.023,3.0,4120696900.0,41023100.0,2073.0,3.0,30947.0,3.0,30947.0,3.0,14944.0,0.0,2376.3,2020,"HydroRIVERS v1.0 / HydroBASINS v1c level 12 (Lehner & Grill 2013); WorldPop Global2 R2025A constrained 100 m, India only"
WQS0442,largest upstream area within 1 km,40619118.0,475.0,9839.7,313.917,5.0,4120708430.0,41023100.0,1880.8,3.0,2137028.0,75.0,800572.0,14.0,99571.0,0.0,6807.6,2020,"HydroRIVERS v1.0 / HydroBASINS v1c level 12 (Lehner & Grill 2013); WorldPop Global2 R2025A constrained 100 m, India only"
WQS0443,largest upstream area within 1 km,40617287.0,153.0,8995.4,289.735,5.0,4120709970.0,41023100.0,1903.4,3.0,1694371.0,68.0,754829.0,15.0,63197.0,0.0,5848.0,2020,"HydroRIVERS v1.0 / HydroBASINS v1c level 12 (Lehner & Grill 2013); WorldPop Global2 R2025A constrained 100 m, India only"
WQS0444,largest upstream area within 1 km,40593240.0,995.0,2438.1,123.482,4.0,4120687220.0,41023100.0,2128.3,3.0,5432.0,18.0,5071.0,6.0,1359.0,0.389,44.0,2020,"HydroRIVERS v1.0 / HydroBASINS v1c level 12 (Lehner & Grill 2013); WorldPop Global2 R2025A constrained 100 m, India only"
WQS0445,largest upstream area within 1 km,40605002.0,877.0,526.6,19.698,4.0,4121411350.0,41023100.0,2069.2,6.0,53180.0,5.0,53180.0,5.0,20468.0,0.0,2699.8,2020,"HydroRIVERS v1.0 / HydroBASINS v1c level 12 (Lehner & Grill 2013); WorldPop Global2 R2025A constrained 100 m, India only"
WQS0446,largest upstream area within 1 km,40593239.0,595.0,5.8,0.216,1.0,4121405860.0,41023100.0,2127.5,1.0,13694.0,33.0,2469.0,1.0,2469.0,0.333,63398.1,2020,"HydroRIVERS v1.0 / HydroBASINS v1c level 12 (Lehner & Grill 2013); WorldPop Global2 R2025A constrained 100 m, India only"
WQS0447,largest upstream area within 1 km,40593240.0,270.0,2438.1,123.482,4.0,4120687220.0,41023100.0,2128.3,3.0,5432.0,18.0,5071.0,6.0,1359.0,0.389,44.0,2020,"HydroRIVERS v1.0 / HydroBASINS v1c level 12 (Lehner & Grill 2013); WorldPop Global2 R2025A constrained 100 m, India only"
WQS0448,largest upstream area within 1 km,40649928.0,432.0,1373.5,20.556,4.0,4120738640.0,41067217.0,2731.5,3.0,272103.0,12.0,272103.0,12.0,1308.0,0.0,13237.2,2020,"HydroRIVERS v1.0 / HydroBASINS v1c level 12 (Lehner & Grill 2013); WorldPop Global2 R2025A constrained 100 m, India only"
WQS0449,largest upstream area within 1 km,40656706.0,54.0,1812.3,27.589,4.0,4120744230.0,41067217.0,2701.2,1.0,345242.0,16.0,222102.0,11.0,2174.0,0.0,12513.8,2020,"HydroRIVERS v1.0 / HydroBASINS v1c level 12 (Lehner & Grill 2013); WorldPop Global2 R2025A constrained 100 m, India only"
WQS0450,largest upstream area within 1 km,40644415.0,40.0,29.4,0.347,1.0,4121425360.0,41067217.0,2754.1,1.0,61569.0,1.0,61569.0,1.0,61569.0,0.0,177432.3,2020,"HydroRIVERS v1.0 / HydroBASINS v1c level 12 (Lehner & Grill 2013); WorldPop Global2 R2025A constrained 100 m, India only"
WQS0451,largest upstream area within 1 km,40664092.0,412.0,2580.4,40.63,4.0,4120751460.0,41067217.0,2655.2,3.0,440980.0,23.0,95737.0,7.0,30577.0,0.0,10853.6,2020,"HydroRIVERS v1.0 / HydroBASINS v1c level 12 (Lehner & Grill 2013); WorldPop Global2 R2025A constrained 100 m, India only"
WQS0452,largest upstream area within 1 km,40654764.0,189.0,1663.1,25.012,4.0,4120742660.0,41067217.0,2710.5,3.0,336858.0,14.0,228033.0,10.0,17466.0,0.0,13467.9,2020,"HydroRIVERS v1.0 / HydroBASINS v1c level 12 (Lehner & Grill 2013); WorldPop Global2 R2025A constrained 100 m, India only"
WQS0453,largest upstream area within 1 km,40619416.0,28.0,669.7,20.244,4.0,4120712300.0,41023100.0,2020.4,5.0,24487.0,5.0,24487.0,5.0,16939.0,0.0,1209.6,2020,"HydroRIVERS v1.0 / HydroBASINS v1c level 12 (Lehner & Grill 2013); WorldPop Global2 R2025A constrained 100 m, India only"
WQS0454,largest upstream area within 1 km,40660679.0,797.0,2402.6,37.551,4.0,4121430730.0,41067217.0,2680.0,3.0,410403.0,22.0,142513.0,12.0,15033.0,0.0,10929.2,2020,"HydroRIVERS v1.0 / HydroBASINS v1c level 12 (Lehner & Grill 2013); WorldPop Global2 R2025A constrained 100 m, India only"
WQS0455,largest upstream area within 1 km,40660679.0,631.0,2402.6,37.551,4.0,4121430730.0,41067217.0,2680.0,3.0,410403.0,22.0,142513.0,12.0,15033.0,0.0,10929.2,2020,"HydroRIVERS v1.0 / HydroBASINS v1c level 12 (Lehner & Grill 2013); WorldPop Global2 R2025A constrained 100 m, India only"
WQS0456,largest upstream area within 1 km,40653977.0,140.0,1636.3,24.539,4.0,4120742660.0,41067217.0,2713.5,1.0,336858.0,14.0,269613.0,11.0,17466.0,0.0,13727.5,2020,"HydroRIVERS v1.0 / HydroBASINS v1c level 12 (Lehner & Grill 2013); WorldPop Global2 R2025A constrained 100 m, India only"
WQS0457,largest upstream area within 1 km,40649181.0,35.0,996.7,15.449,4.0,4120738150.0,41067217.0,2736.3,1.0,160205.0,7.0,160205.0,7.0,15762.0,0.0,10369.9,2020,"HydroRIVERS v1.0 / HydroBASINS v1c level 12 (Lehner & Grill 2013); WorldPop Global2 R2025A constrained 100 m, India only"
WQS0458,largest upstream area within 1 km,40619415.0,40.0,694.0,20.915,4.0,4120712300.0,41023100.0,2017.0,3.0,24487.0,5.0,24487.0,5.0,16939.0,0.0,1170.8,2020,"HydroRIVERS v1.0 / HydroBASINS v1c level 12 (Lehner & Grill 2013); WorldPop Global2 R2025A constrained 100 m, India only"
WQS0459,largest upstream area within 1 km,40660267.0,31.0,2160.7,33.73,4.0,4120747370.0,41067217.0,2687.8,3.0,373024.0,20.0,136056.0,11.0,749.0,0.0,11059.1,2020,"HydroRIVERS v1.0 / HydroBASINS v1c level 12 (Lehner & Grill 2013); WorldPop Global2 R2025A constrained 100 m, India only"
WQS0466,largest upstream area within 1 km,40641535.0,407.0,1043.0,19.529,4.0,4120733000.0,41067217.0,2764.6,5.0,154102.0,8.0,154102.0,8.0,49145.0,0.0,7890.9,2020,"HydroRIVERS v1.0 / HydroBASINS v1c level 12 (Lehner & Grill 2013); WorldPop Global2 R2025A constrained 100 m, India only"
WQS0467,largest upstream area within 1 km,40641535.0,807.0,1043.0,19.529,4.0,4120733000.0,41067217.0,2764.6,5.0,154102.0,8.0,154102.0,8.0,49145.0,0.0,7890.9,2020,"HydroRIVERS v1.0 / HydroBASINS v1c level 12 (Lehner & Grill 2013); WorldPop Global2 R2025A constrained 100 m, India only"
WQS0468,largest upstream area within 1 km,40639104.0,563.0,806.1,15.154,4.0,4120729480.0,41067217.0,2774.1,5.0,82627.0,6.0,82627.0,6.0,14150.0,0.0,5452.5,2020,"HydroRIVERS v1.0 / HydroBASINS v1c level 12 (Lehner & Grill 2013); WorldPop Global2 R2025A constrained 100 m, India only"
WQS0469,largest upstream area within 1 km,40642748.0,120.0,1170.4,21.925,4.0,4120733000.0,41067217.0,2758.2,3.0,154102.0,8.0,153249.0,7.0,49145.0,0.0,7028.6,2020,"HydroRIVERS v1.0 / HydroBASINS v1c level 12 (Lehner & Grill 2013); WorldPop Global2 R2025A constrained 100 m, India only"
WQS0470,largest upstream area within 1 km,40641535.0,567.0,1043.0,19.529,4.0,4120733000.0,41067217.0,2764.6,5.0,154102.0,8.0,154102.0,8.0,49145.0,0.0,7890.9,2020,"HydroRIVERS v1.0 / HydroBASINS v1c level 12 (Lehner & Grill 2013); WorldPop Global2 R2025A constrained 100 m, India only"
WQS0472,largest upstream area within 1 km,40595372.0,144.0,2735.0,100.512,5.0,4120687440.0,41023100.0,1924.7,3.0,72423.0,22.0,69202.0,11.0,24986.0,0.136,720.5,2020,"HydroRIVERS v1.0 / HydroBASINS v1c level 12 (Lehner & Grill 2013); WorldPop Global2 R2025A constrained 100 m, India only"
WQS0473,largest upstream area within 1 km,40592109.0,288.0,4928.9,154.242,5.0,4120685740.0,41023100.0,1894.7,1.0,259153.0,41.0,239588.0,22.0,22280.0,0.073,1680.2,2020,"HydroRIVERS v1.0 / HydroBASINS v1c level 12 (Lehner & Grill 2013); WorldPop Global2 R2025A constrained 100 m, India only"
WQS0474,largest upstream area within 1 km,40592994.0,731.0,10.7,0.329,1.0,4120687450.0,41023100.0,1921.4,1.0,26048.0,2.0,21112.0,1.0,21112.0,0.0,79173.3,2020,"HydroRIVERS v1.0 / HydroBASINS v1c level 12 (Lehner & Grill 2013); WorldPop Global2 R2025A constrained 100 m, India only"
WQS0475,largest upstream area within 1 km,40586480.0,199.0,45.8,1.361,2.0,4120682290.0,41023100.0,1944.3,3.0,535.0,1.0,535.0,1.0,535.0,0.0,393.1,2020,"HydroRIVERS v1.0 / HydroBASINS v1c level 12 (Lehner & Grill 2013); WorldPop Global2 R2025A constrained 100 m, India only"
WQS0476,largest upstream area within 1 km,40621663.0,700.0,5017.8,167.187,5.0,4120713640.0,41023100.0,2001.5,4.0,415042.0,36.0,326217.0,20.0,22781.0,0.0,2482.5,2020,"HydroRIVERS v1.0 / HydroBASINS v1c level 12 (Lehner & Grill 2013); WorldPop Global2 R2025A constrained 100 m, India only"
WQS0479,largest upstream area within 1 km,40648576.0,90.0,304.4,2.717,3.0,4120733940.0,41023100.0,1862.3,1.0,360397.0,3.0,360397.0,3.0,179094.0,0.0,132645.2,2020,"HydroRIVERS v1.0 / HydroBASINS v1c level 12 (Lehner & Grill 2013); WorldPop Global2 R2025A constrained 100 m, India only"
WQS0481,largest upstream area within 1 km,40631842.0,72.0,47050.8,695.596,6.0,4120722140.0,41023100.0,2081.4,3.0,142911.0,362.0,70310.0,8.0,36021.0,0.776,205.5,2020,"HydroRIVERS v1.0 / HydroBASINS v1c level 12 (Lehner & Grill 2013); WorldPop Global2 R2025A constrained 100 m, India only"
WQS0482,largest upstream area within 1 km,40628430.0,131.0,45272.2,663.769,6.0,4121419130.0,41023100.0,2153.3,3.0,66606.0,351.0,53196.0,15.0,8820.0,0.801,100.3,2020,"HydroRIVERS v1.0 / HydroBASINS v1c level 12 (Lehner & Grill 2013); WorldPop Global2 R2025A constrained 100 m, India only"
WQS0483,largest upstream area within 1 km,40628430.0,97.0,45272.2,663.769,6.0,4121419130.0,41023100.0,2153.3,3.0,66606.0,351.0,53196.0,15.0,8820.0,0.801,100.3,2020,"HydroRIVERS v1.0 / HydroBASINS v1c level 12 (Lehner & Grill 2013); WorldPop Global2 R2025A constrained 100 m, India only"
WQS0484,largest upstream area within 1 km,40631842.0,33.0,47050.8,695.596,6.0,4120722140.0,41023100.0,2081.4,1.0,142911.0,362.0,70310.0,8.0,36021.0,0.776,205.5,2020,"HydroRIVERS v1.0 / HydroBASINS v1c level 12 (Lehner & Grill 2013); WorldPop Global2 R2025A constrained 100 m, India only"
WQS0485,largest upstream area within 1 km,40631415.0,134.0,52669.6,732.372,6.0,4120726490.0,41023100.0,1888.7,3.0,1695990.0,404.0,268749.0,5.0,126828.0,0.696,2315.7,2020,"HydroRIVERS v1.0 / HydroBASINS v1c level 12 (Lehner & Grill 2013); WorldPop Global2 R2025A constrained 100 m, India only"
WQS0486,largest upstream area within 1 km,40631842.0,114.0,47050.8,695.596,6.0,4120722140.0,41023100.0,2081.4,3.0,142911.0,362.0,70310.0,8.0,36021.0,0.776,205.5,2020,"HydroRIVERS v1.0 / HydroBASINS v1c level 12 (Lehner & Grill 2013); WorldPop Global2 R2025A constrained 100 m, India only"
WQS0487,largest upstream area within 1 km,40637568.0,50.0,49177.3,722.583,6.0,4120726500.0,41023100.0,2005.5,1.0,412091.0,379.0,210657.0,10.0,14970.0,0.741,570.3,2020,"HydroRIVERS v1.0 / HydroBASINS v1c level 12 (Lehner & Grill 2013); WorldPop Global2 R2025A constrained 100 m, India only"
WQS0488,largest upstream area within 1 km,40616714.0,832.0,3206.7,116.384,5.0,4120709750.0,41023100.0,2024.3,3.0,276230.0,22.0,244798.0,14.0,44948.0,0.0,2373.4,2020,"HydroRIVERS v1.0 / HydroBASINS v1c level 12 (Lehner & Grill 2013); WorldPop Global2 R2025A constrained 100 m, India only"
WQS0489,largest upstream area within 1 km,40618407.0,204.0,10140.9,234.46,5.0,4120709980.0,41023100.0,2229.2,3.0,9381.0,78.0,2749.0,9.0,544.0,0.474,40.0,2020,"HydroRIVERS v1.0 / HydroBASINS v1c level 12 (Lehner & Grill 2013); WorldPop Global2 R2025A constrained 100 m, India only"
WQS0490,largest upstream area within 1 km,40635093.0,39.0,50471.1,715.364,6.0,4120725320.0,41023100.0,1941.3,3.0,817644.0,388.0,308206.0,5.0,56745.0,0.724,1143.0,2020,"HydroRIVERS v1.0 / HydroBASINS v1c level 12 (Lehner & Grill 2013); WorldPop Global2 R2025A constrained 100 m, India only"
WQS0491,nearest reach within 2 km,40631296.0,1320.0,52643.1,732.01,6.0,4120726490.0,41023100.0,1891.5,0.0,1695990.0,404.0,325494.0,6.0,126828.0,0.696,2316.9,2020,"HydroRIVERS v1.0 / HydroBASINS v1c level 12 (Lehner & Grill 2013); WorldPop Global2 R2025A constrained 100 m, India only"
WQS0492,largest upstream area within 1 km,40627720.0,677.0,46696.1,687.59,6.0,4120718250.0,41023100.0,2104.6,5.0,99556.0,360.0,41747.0,9.0,9926.0,0.781,144.8,2020,"HydroRIVERS v1.0 / HydroBASINS v1c level 12 (Lehner & Grill 2013); WorldPop Global2 R2025A constrained 100 m, India only"
WQS0493,largest upstream area within 1 km,40625679.0,99.0,43687.7,648.669,6.0,4120715880.0,41023100.0,2186.0,1.0,23915.0,340.0,15069.0,24.0,4536.0,0.826,36.9,2020,"HydroRIVERS v1.0 / HydroBASINS v1c level 12 (Lehner & Grill 2013); WorldPop Global2 R2025A constrained 100 m, India only"
WQS0494,largest upstream area within 1 km,40631299.0,266.0,49998.9,719.847,6.0,4120723650.0,41023100.0,1967.0,3.0,657582.0,386.0,272234.0,9.0,111847.0,0.728,913.5,2020,"HydroRIVERS v1.0 / HydroBASINS v1c level 12 (Lehner & Grill 2013); WorldPop Global2 R2025A constrained 100 m, India only"
WQS0495,largest upstream area within 1 km,40631296.0,6.0,52643.1,732.01,6.0,4120726490.0,41023100.0,1891.5,1.0,1695990.0,404.0,325494.0,6.0,126828.0,0.696,2316.9,2020,"HydroRIVERS v1.0 / HydroBASINS v1c level 12 (Lehner & Grill 2013); WorldPop Global2 R2025A constrained 100 m, India only"
WQS0496,largest upstream area within 1 km,40625535.0,151.0,43934.5,650.774,6.0,4120719010.0,41023100.0,2172.8,3.0,46672.0,342.0,37045.0,20.0,22568.0,0.822,71.7,2020,"HydroRIVERS v1.0 / HydroBASINS v1c level 12 (Lehner & Grill 2013); WorldPop Global2 R2025A constrained 100 m, India only"
WQS0497,largest upstream area within 1 km,40625679.0,843.0,43687.7,648.669,6.0,4120715880.0,41023100.0,2186.0,3.0,23915.0,340.0,15069.0,24.0,4536.0,0.826,36.9,2020,"HydroRIVERS v1.0 / HydroBASINS v1c level 12 (Lehner & Grill 2013); WorldPop Global2 R2025A constrained 100 m, India only"
WQS0498,largest upstream area within 1 km,40631967.0,155.0,47336.5,701.955,6.0,4120722130.0,41023100.0,2075.6,1.0,164453.0,365.0,91852.0,11.0,6110.0,0.77,234.3,2020,"HydroRIVERS v1.0 / HydroBASINS v1c level 12 (Lehner & Grill 2013); WorldPop Global2 R2025A constrained 100 m, India only"
WQS0499,largest upstream area within 1 km,40633367.0,442.0,235.0,2.8,2.0,4120723660.0,41023100.0,1947.8,1.0,103316.0,1.0,103316.0,1.0,103316.0,0.0,36898.6,2020,"HydroRIVERS v1.0 / HydroBASINS v1c level 12 (Lehner & Grill 2013); WorldPop Global2 R2025A constrained 100 m, India only"
WQS0500,largest upstream area within 1 km,40631416.0,7.0,52652.2,732.145,6.0,4120726490.0,41023100.0,1890.1,3.0,1695990.0,404.0,325494.0,6.0,126828.0,0.696,2316.5,2020,"HydroRIVERS v1.0 / HydroBASINS v1c level 12 (Lehner & Grill 2013); WorldPop Global2 R2025A constrained 100 m, India only"
WQS0501,largest upstream area within 1 km,40627006.0,8.0,46551.1,684.372,6.0,4120717480.0,41023100.0,2107.9,1.0,86416.0,358.0,36186.0,8.0,4272.0,0.785,126.3,2020,"HydroRIVERS v1.0 / HydroBASINS v1c level 12 (Lehner & Grill 2013); WorldPop Global2 R2025A constrained 100 m, India only"
WQS0502,largest upstream area within 1 km,40628431.0,86.0,44160.5,648.436,6.0,4120719010.0,41023100.0,2154.9,1.0,46672.0,342.0,33479.0,13.0,22568.0,0.822,72.0,2020,"HydroRIVERS v1.0 / HydroBASINS v1c level 12 (Lehner & Grill 2013); WorldPop Global2 R2025A constrained 100 m, India only"
WQS0503,largest upstream area within 1 km,40625537.0,210.0,42948.5,639.361,6.0,4120716210.0,41023100.0,2190.2,1.0,18332.0,334.0,10136.0,19.0,2758.0,0.838,28.7,2020,"HydroRIVERS v1.0 / HydroBASINS v1c level 12 (Lehner & Grill 2013); WorldPop Global2 R2025A constrained 100 m, India only"
WQS0504,largest upstream area within 1 km,40631842.0,655.0,47050.8,695.596,6.0,4120722140.0,41023100.0,2081.4,3.0,142911.0,362.0,70310.0,8.0,36021.0,0.776,205.5,2020,"HydroRIVERS v1.0 / HydroBASINS v1c level 12 (Lehner & Grill 2013); WorldPop Global2 R2025A constrained 100 m, India only"
WQS0505,largest upstream area within 1 km,40631055.0,653.0,50076.0,719.692,6.0,4120723650.0,41023100.0,1963.8,3.0,657582.0,386.0,217190.0,6.0,111847.0,0.728,913.7,2020,"HydroRIVERS v1.0 / HydroBASINS v1c level 12 (Lehner & Grill 2013); WorldPop Global2 R2025A constrained 100 m, India only"
WQS0506,largest upstream area within 1 km,40626865.0,927.0,577.7,12.189,3.0,4121419430.0,41023100.0,1914.2,3.0,386473.0,5.0,386473.0,5.0,96921.0,0.0,31706.7,2020,"HydroRIVERS v1.0 / HydroBASINS v1c level 12 (Lehner & Grill 2013); WorldPop Global2 R2025A constrained 100 m, India only"
WQS0507,largest upstream area within 1 km,40625939.0,990.0,540.8,11.536,3.0,4121419430.0,41023100.0,1919.1,7.0,386473.0,5.0,386473.0,5.0,96921.0,0.0,33501.5,2020,"HydroRIVERS v1.0 / HydroBASINS v1c level 12 (Lehner & Grill 2013); WorldPop Global2 R2025A constrained 100 m, India only"
WQS0508,largest upstream area within 1 km,40633077.0,512.0,1079.1,20.257,3.0,4121421610.0,41023100.0,1887.6,4.0,728618.0,9.0,652397.0,8.0,120196.0,0.0,35968.7,2020,"HydroRIVERS v1.0 / HydroBASINS v1c level 12 (Lehner & Grill 2013); WorldPop Global2 R2025A constrained 100 m, India only"
WQS0509,largest upstream area within 1 km,40629844.0,924.0,847.1,16.841,3.0,4121420090.0,41023100.0,1901.6,6.0,536820.0,7.0,536820.0,7.0,86102.0,0.0,31875.8,2020,"HydroRIVERS v1.0 / HydroBASINS v1c level 12 (Lehner & Grill 2013); WorldPop Global2 R2025A constrained 100 m, India only"
WQS0510,largest upstream area within 1 km,40633920.0,60.0,1112.8,20.687,3.0,4121421610.0,41023100.0,1884.7,5.0,728618.0,9.0,652397.0,8.0,120196.0,0.0,35221.1,2020,"HydroRIVERS v1.0 / HydroBASINS v1c level 12 (Lehner & Grill 2013); WorldPop Global2 R2025A constrained 100 m, India only"
WQS0511,largest upstream area within 1 km,40621782.0,86.0,667.9,16.873,3.0,4120712410.0,41023100.0,2012.7,2.0,57406.0,5.0,57406.0,5.0,17854.0,0.0,3402.2,2020,"HydroRIVERS v1.0 / HydroBASINS v1c level 12 (Lehner & Grill 2013); WorldPop Global2 R2025A constrained 100 m, India only"
WQS0512,largest upstream area within 1 km,40663624.0,19.0,5127.6,91.434,5.0,4120749550.0,41067217.0,2665.2,1.0,355569.0,39.0,100669.0,10.0,23453.0,0.0,3888.8,2020,"HydroRIVERS v1.0 / HydroBASINS v1c level 12 (Lehner & Grill 2013); WorldPop Global2 R2025A constrained 100 m, India only"
WQS0513,largest upstream area within 1 km,40619124.0,3.0,72.6,2.045,2.0,4120712370.0,41023100.0,1990.0,1.0,43427.0,5.0,20771.0,1.0,20771.0,0.0,21235.7,2020,"HydroRIVERS v1.0 / HydroBASINS v1c level 12 (Lehner & Grill 2013); WorldPop Global2 R2025A constrained 100 m, India only"
WQS0514,largest upstream area within 1 km,40667075.0,98.0,10964.6,200.5,5.0,4120752230.0,41067217.0,2637.4,1.0,1829156.0,87.0,943168.0,18.0,48739.0,0.0,9123.0,2020,"HydroRIVERS v1.0 / HydroBASINS v1c level 12 (Lehner & Grill 2013); WorldPop Global2 R2025A constrained 100 m, India only"
WQS0515,nearest reach within 2 km,40666398.0,1312.0,19.8,0.35,1.0,4120752230.0,41067217.0,2645.3,0.0,1829156.0,87.0,48739.0,1.0,48739.0,0.0,5226160.0,2020,"HydroRIVERS v1.0 / HydroBASINS v1c level 12 (Lehner & Grill 2013); WorldPop Global2 R2025A constrained 100 m, India only"
WQS0516,largest upstream area within 1 km,40667075.0,35.0,10964.6,200.5,5.0,4120752230.0,41067217.0,2637.4,1.0,1829156.0,87.0,943168.0,18.0,48739.0,0.0,9123.0,2020,"HydroRIVERS v1.0 / HydroBASINS v1c level 12 (Lehner & Grill 2013); WorldPop Global2 R2025A constrained 100 m, India only"
WQS0517,largest upstream area within 1 km,40669251.0,763.0,11258.1,206.087,5.0,4120760940.0,41067217.0,2630.7,1.0,2007719.0,90.0,1085306.0,17.0,92377.0,0.0,9742.1,2020,"HydroRIVERS v1.0 / HydroBASINS v1c level 12 (Lehner & Grill 2013); WorldPop Global2 R2025A constrained 100 m, India only"
WQS0518,largest upstream area within 1 km,40669251.0,896.0,11258.1,206.087,5.0,4120760940.0,41067217.0,2630.7,3.0,2007719.0,90.0,1085306.0,17.0,92377.0,0.0,9742.1,2020,"HydroRIVERS v1.0 / HydroBASINS v1c level 12 (Lehner & Grill 2013); WorldPop Global2 R2025A constrained 100 m, India only"
WQS0521,largest upstream area within 1 km,40628961.0,154.0,333.1,7.499,3.0,4120722550.0,41023100.0,1970.3,1.0,241122.0,3.0,241122.0,3.0,92338.0,0.0,32153.9,2020,"HydroRIVERS v1.0 / HydroBASINS v1c level 12 (Lehner & Grill 2013); WorldPop Global2 R2025A constrained 100 m, India only"
WQS0522,largest upstream area within 1 km,40639104.0,624.0,806.1,15.154,4.0,4120729480.0,41067217.0,2774.1,5.0,82627.0,6.0,82627.0,6.0,14150.0,0.0,5452.5,2020,"HydroRIVERS v1.0 / HydroBASINS v1c level 12 (Lehner & Grill 2013); WorldPop Global2 R2025A constrained 100 m, India only"
WQS0523,largest upstream area within 1 km,40648576.0,622.0,304.4,2.717,3.0,4120733940.0,41023100.0,1862.3,3.0,360397.0,3.0,360397.0,3.0,179094.0,0.0,132645.2,2020,"HydroRIVERS v1.0 / HydroBASINS v1c level 12 (Lehner & Grill 2013); WorldPop Global2 R2025A constrained 100 m, India only"
WQS0524,largest upstream area within 1 km,40645474.0,385.0,31.3,0.259,1.0,4120733940.0,41023100.0,1857.7,1.0,360397.0,3.0,179094.0,1.0,179094.0,0.0,1391494.2,2020,"HydroRIVERS v1.0 / HydroBASINS v1c level 12 (Lehner & Grill 2013); WorldPop Global2 R2025A constrained 100 m, India only"
WQS0525,largest upstream area within 1 km,40589025.0,853.0,1532.8,39.605,4.0,4121404910.0,41023100.0,1911.2,3.0,78312.0,14.0,78312.0,14.0,18470.0,0.0,1977.3,2020,"HydroRIVERS v1.0 / HydroBASINS v1c level 12 (Lehner & Grill 2013); WorldPop Global2 R2025A constrained 100 m, India only"
WQS0526,largest upstream area within 1 km,40618407.0,173.0,10140.9,234.46,5.0,4120709980.0,41023100.0,2229.2,3.0,9381.0,78.0,2749.0,9.0,544.0,0.474,40.0,2020,"HydroRIVERS v1.0 / HydroBASINS v1c level 12 (Lehner & Grill 2013); WorldPop Global2 R2025A constrained 100 m, India only"
WQS0527,largest upstream area within 1 km,40619668.0,549.0,6937.9,218.806,5.0,4120709380.0,41023100.0,1964.0,3.0,920111.0,52.0,575917.0,19.0,69657.0,0.0,4205.1,2020,"HydroRIVERS v1.0 / HydroBASINS v1c level 12 (Lehner & Grill 2013); WorldPop Global2 R2025A constrained 100 m, India only"
WQS0528,largest upstream area within 1 km,40626727.0,322.0,74.3,1.435,3.0,4121418240.0,41023100.0,1995.2,3.0,113954.0,1.0,113954.0,1.0,113954.0,0.0,79410.5,2020,"HydroRIVERS v1.0 / HydroBASINS v1c level 12 (Lehner & Grill 2013); WorldPop Global2 R2025A constrained 100 m, India only"
WQS0531,largest upstream area within 1 km,40619673.0,924.0,41137.0,620.364,6.0,4120711780.0,41023100.0,2224.6,4.0,11722.0,319.0,4964.0,16.0,2130.0,0.859,18.9,2020,"HydroRIVERS v1.0 / HydroBASINS v1c level 12 (Lehner & Grill 2013); WorldPop Global2 R2025A constrained 100 m, India only"
WQS0534,largest upstream area within 1 km,40622851.0,682.0,212.1,4.585,3.0,4121417720.0,41023100.0,1933.1,2.0,161852.0,2.0,161852.0,2.0,85632.0,0.0,35300.3,2020,"HydroRIVERS v1.0 / HydroBASINS v1c level 12 (Lehner & Grill 2013); WorldPop Global2 R2025A constrained 100 m, India only"
WQS0535,largest upstream area within 1 km,40622851.0,415.0,212.1,4.585,3.0,4121417720.0,41023100.0,1933.1,5.0,161852.0,2.0,161852.0,2.0,85632.0,0.0,35300.3,2020,"HydroRIVERS v1.0 / HydroBASINS v1c level 12 (Lehner & Grill 2013); WorldPop Global2 R2025A constrained 100 m, India only"
WQS0536,largest upstream area within 1 km,40629259.0,334.0,791.6,15.94,3.0,4121419820.0,41023100.0,1904.6,4.0,450718.0,6.0,450718.0,6.0,64244.0,0.0,28275.9,2020,"HydroRIVERS v1.0 / HydroBASINS v1c level 12 (Lehner & Grill 2013); WorldPop Global2 R2025A constrained 100 m, India only"
WQS0537,largest upstream area within 1 km,40644415.0,7.0,29.4,0.347,1.0,4121425360.0,41067217.0,2754.1,1.0,61569.0,1.0,61569.0,1.0,61569.0,0.0,177432.3,2020,"HydroRIVERS v1.0 / HydroBASINS v1c level 12 (Lehner & Grill 2013); WorldPop Global2 R2025A constrained 100 m, India only"
WQS0542,largest upstream area within 1 km,40579336.0,37.0,25.9,0.665,1.0,4121401680.0,41023100.0,1773.5,1.0,1201334.0,173.0,62043.0,1.0,62043.0,0.098,1806517.3,2020,"HydroRIVERS v1.0 / HydroBASINS v1c level 12 (Lehner & Grill 2013); WorldPop Global2 R2025A constrained 100 m, India only"
WQS0543,largest upstream area within 1 km,40576380.0,11.0,135.4,4.147,2.0,4120672040.0,41023100.0,1780.8,3.0,38932.0,1.0,38932.0,1.0,38932.0,0.0,9388.0,2020,"HydroRIVERS v1.0 / HydroBASINS v1c level 12 (Lehner & Grill 2013); WorldPop Global2 R2025A constrained 100 m, India only"
WQS0544,largest upstream area within 1 km,40592503.0,908.0,48.4,0.616,1.0,4120689550.0,41023100.0,1796.0,1.0,170612.0,3.0,82940.0,1.0,82940.0,0.0,276967.5,2020,"HydroRIVERS v1.0 / HydroBASINS v1c level 12 (Lehner & Grill 2013); WorldPop Global2 R2025A constrained 100 m, India only"
WQS0545,nearest reach within 2 km,40590954.0,1559.0,19.7,0.272,1.0,4121406100.0,41023100.0,1804.0,0.0,87672.0,2.0,43221.0,1.0,43221.0,0.0,322323.5,2020,"HydroRIVERS v1.0 / HydroBASINS v1c level 12 (Lehner & Grill 2013); WorldPop Global2 R2025A constrained 100 m, India only"
WQS0546,largest upstream area within 1 km,40582142.0,118.0,51.7,1.251,2.0,4120679760.0,41023100.0,1796.3,3.0,122162.0,1.0,122162.0,1.0,122162.0,0.0,97651.5,2020,"HydroRIVERS v1.0 / HydroBASINS v1c level 12 (Lehner & Grill 2013); WorldPop Global2 R2025A constrained 100 m, India only"
WQS0547,nearest reach within 2 km,40577835.0,1811.0,5.2,0.131,1.0,4120673320.0,41023100.0,1776.8,0.0,60042.0,1.0,60042.0,1.0,60042.0,0.0,458335.9,2020,"HydroRIVERS v1.0 / HydroBASINS v1c level 12 (Lehner & Grill 2013); WorldPop Global2 R2025A constrained 100 m, India only"
WQS0548,largest upstream area within 1 km,40583012.0,69.0,22570.5,828.541,6.0,4121402750.0,41023100.0,1746.9,1.0,1351549.0,174.0,453217.0,10.0,150214.0,0.098,1631.2,2020,"HydroRIVERS v1.0 / HydroBASINS v1c level 12 (Lehner & Grill 2013); WorldPop Global2 R2025A constrained 100 m, India only"
WQS0550,largest upstream area within 1 km,40573945.0,155.0,20394.8,729.35,6.0,4120668870.0,41023100.0,1804.3,1.0,819091.0,158.0,198462.0,9.0,31048.0,0.108,1123.0,2020,"HydroRIVERS v1.0 / HydroBASINS v1c level 12 (Lehner & Grill 2013); WorldPop Global2 R2025A constrained 100 m, India only"
WQS0551,largest upstream area within 1 km,40544270.0,115.0,345.5,7.598,3.0,4120643160.0,41023100.0,2108.4,1.0,394219.0,2.0,394219.0,2.0,380632.0,0.0,51884.6,2020,"HydroRIVERS v1.0 / HydroBASINS v1c level 12 (Lehner & Grill 2013); WorldPop Global2 R2025A constrained 100 m, India only"
WQS0552,largest upstream area within 1 km,40583441.0,979.0,128.6,3.096,3.0,4120678800.0,41023100.0,1814.3,1.0,170760.0,1.0,170760.0,1.0,170760.0,0.0,55155.0,2020,"HydroRIVERS v1.0 / HydroBASINS v1c level 12 (Lehner & Grill 2013); WorldPop Global2 R2025A constrained 100 m, India only"
WQS0553,largest upstream area within 1 km,40582731.0,457.0,640.6,15.203,3.0,4120679560.0,41023100.0,1813.8,3.0,290001.0,5.0,283857.0,4.0,163595.0,0.0,19075.2,2020,"HydroRIVERS v1.0 / HydroBASINS v1c level 12 (Lehner & Grill 2013); WorldPop Global2 R2025A constrained 100 m, India only"
WQS0554,nearest reach within 2 km,40581310.0,1519.0,6.8,0.158,1.0,4120678800.0,41023100.0,1821.9,0.0,170760.0,1.0,170760.0,1.0,170760.0,0.0,1080759.5,2020,"HydroRIVERS v1.0 / HydroBASINS v1c level 12 (Lehner & Grill 2013); WorldPop Global2 R2025A constrained 100 m, India only"
WQS0555,largest upstream area within 1 km,40595942.0,445.0,454.7,5.857,3.0,4120689550.0,41023100.0,1778.3,1.0,170612.0,3.0,170612.0,3.0,82940.0,0.0,29129.6,2020,"HydroRIVERS v1.0 / HydroBASINS v1c level 12 (Lehner & Grill 2013); WorldPop Global2 R2025A constrained 100 m, India only"
WQS0556,largest upstream area within 1 km,40581310.0,942.0,6.8,0.158,1.0,4120678800.0,41023100.0,1821.9,1.0,170760.0,1.0,170760.0,1.0,170760.0,0.0,1080759.5,2020,"HydroRIVERS v1.0 / HydroBASINS v1c level 12 (Lehner & Grill 2013); WorldPop Global2 R2025A constrained 100 m, India only"
WQS0557,largest upstream area within 1 km,40544269.0,493.0,5863.6,130.251,5.0,4120642880.0,41023100.0,2106.4,3.0,2954855.0,49.0,1679746.0,16.0,60794.0,0.0,22685.9,2020,"HydroRIVERS v1.0 / HydroBASINS v1c level 12 (Lehner & Grill 2013); WorldPop Global2 R2025A constrained 100 m, India only"
WQS0558,largest upstream area within 1 km,40544043.0,633.0,6309.9,137.73,5.0,4120641540.0,41023100.0,2103.6,1.0,3672495.0,53.0,2351555.0,19.0,308637.0,0.0,26664.5,2020,"HydroRIVERS v1.0 / HydroBASINS v1c level 12 (Lehner & Grill 2013); WorldPop Global2 R2025A constrained 100 m, India only"
WQS0559,nearest reach within 2 km,40544270.0,1336.0,345.5,7.598,3.0,4120643160.0,41023100.0,2108.4,0.0,394219.0,2.0,394219.0,2.0,380632.0,0.0,51884.6,2020,"HydroRIVERS v1.0 / HydroBASINS v1c level 12 (Lehner & Grill 2013); WorldPop Global2 R2025A constrained 100 m, India only"
WQS0560,largest upstream area within 1 km,40549168.0,974.0,4599.3,107.654,5.0,4120646580.0,41023100.0,2135.2,3.0,1724378.0,39.0,1572564.0,23.0,122471.0,0.0,16017.8,2020,"HydroRIVERS v1.0 / HydroBASINS v1c level 12 (Lehner & Grill 2013); WorldPop Global2 R2025A constrained 100 m, India only"
WQS0561,largest upstream area within 1 km,40540666.0,180.0,12568.3,249.616,5.0,4121387000.0,41023100.0,2021.5,1.0,6157332.0,105.0,1173935.0,20.0,109703.0,0.0,24667.2,2020,"HydroRIVERS v1.0 / HydroBASINS v1c level 12 (Lehner & Grill 2013); WorldPop Global2 R2025A constrained 100 m, India only"
WQS0562,largest upstream area within 1 km,40553758.0,890.0,12.5,0.287,1.0,4120651620.0,41023100.0,2159.0,1.0,1033138.0,28.0,32186.0,1.0,32186.0,0.0,3599784.0,2020,"HydroRIVERS v1.0 / HydroBASINS v1c level 12 (Lehner & Grill 2013); WorldPop Global2 R2025A constrained 100 m, India only"
WQS0563,largest upstream area within 1 km,40546776.0,873.0,25.8,0.553,2.0,4120645070.0,41023100.0,2121.7,1.0,2078476.0,44.0,126601.0,1.0,126601.0,0.0,3758546.1,2020,"HydroRIVERS v1.0 / HydroBASINS v1c level 12 (Lehner & Grill 2013); WorldPop Global2 R2025A constrained 100 m, India only"
WQS0564,largest upstream area within 1 km,40545630.0,367.0,19.4,0.407,1.0,4120643270.0,41023100.0,2117.1,1.0,2499841.0,46.0,308887.0,1.0,308887.0,0.0,6142115.5,2020,"HydroRIVERS v1.0 / HydroBASINS v1c level 12 (Lehner & Grill 2013); WorldPop Global2 R2025A constrained 100 m, India only"
WQS0565,largest upstream area within 1 km,40539942.0,764.0,111.7,3.017,3.0,4121386380.0,41023100.0,2199.2,5.0,46.0,1.0,46.0,1.0,46.0,0.0,15.2,2020,"HydroRIVERS v1.0 / HydroBASINS v1c level 12 (Lehner & Grill 2013); WorldPop Global2 R2025A constrained 100 m, India only"
WQS0566,largest upstream area within 1 km,40540666.0,300.0,12568.3,249.616,5.0,4121387000.0,41023100.0,2021.5,1.0,6157332.0,105.0,1173935.0,20.0,109703.0,0.0,24667.2,2020,"HydroRIVERS v1.0 / HydroBASINS v1c level 12 (Lehner & Grill 2013); WorldPop Global2 R2025A constrained 100 m, India only"
WQS0567,largest upstream area within 1 km,40560931.0,810.0,231.2,6.869,3.0,4120654660.0,41023100.0,2182.9,3.0,85932.0,2.0,85932.0,2.0,75717.0,0.0,12510.1,2020,"HydroRIVERS v1.0 / HydroBASINS v1c level 12 (Lehner & Grill 2013); WorldPop Global2 R2025A constrained 100 m, India only"
WQS0568,largest upstream area within 1 km,40539397.0,12.0,1372.7,34.445,4.0,4120641420.0,41023100.0,2113.7,1.0,277154.0,10.0,272727.0,6.0,182069.0,0.0,8046.3,2020,"HydroRIVERS v1.0 / HydroBASINS v1c level 12 (Lehner & Grill 2013); WorldPop Global2 R2025A constrained 100 m, India only"
WQS0569,largest upstream area within 1 km,40546290.0,426.0,627.2,17.237,4.0,4121389650.0,41023100.0,2205.9,3.0,26575.0,5.0,26575.0,5.0,14736.0,0.0,1541.7,2020,"HydroRIVERS v1.0 / HydroBASINS v1c level 12 (Lehner & Grill 2013); WorldPop Global2 R2025A constrained 100 m, India only"
WQS0570,largest upstream area within 1 km,40546021.0,118.0,228.3,6.219,3.0,4120644760.0,41023100.0,2206.9,1.0,8080.0,1.0,8080.0,1.0,8080.0,0.0,1299.2,2020,"HydroRIVERS v1.0 / HydroBASINS v1c level 12 (Lehner & Grill 2013); WorldPop Global2 R2025A constrained 100 m, India only"
WQS0571,largest upstream area within 1 km,40547046.0,94.0,650.3,17.807,4.0,4121389650.0,41023100.0,2202.6,5.0,26575.0,5.0,26575.0,5.0,14736.0,0.0,1492.4,2020,"HydroRIVERS v1.0 / HydroBASINS v1c level 12 (Lehner & Grill 2013); WorldPop Global2 R2025A constrained 100 m, India only"
WQS0572,largest upstream area within 1 km,40547046.0,770.0,650.3,17.807,4.0,4121389650.0,41023100.0,2202.6,7.0,26575.0,5.0,26575.0,5.0,14736.0,0.0,1492.4,2020,"HydroRIVERS v1.0 / HydroBASINS v1c level 12 (Lehner & Grill 2013); WorldPop Global2 R2025A constrained 100 m, India only"
WQS0573,largest upstream area within 1 km,40546414.0,836.0,636.4,17.48,4.0,4121389650.0,41023100.0,2205.4,5.0,26575.0,5.0,26575.0,5.0,14736.0,0.0,1520.3,2020,"HydroRIVERS v1.0 / HydroBASINS v1c level 12 (Lehner & Grill 2013); WorldPop Global2 R2025A constrained 100 m, India only"
WQS0574,largest upstream area within 1 km,40556930.0,77.0,13.8,0.327,1.0,4120652490.0,41023100.0,2166.3,1.0,772203.0,19.0,81720.0,1.0,81720.0,0.0,2361477.1,2020,"HydroRIVERS v1.0 / HydroBASINS v1c level 12 (Lehner & Grill 2013); WorldPop Global2 R2025A constrained 100 m, India only"
WQS0576,largest upstream area within 1 km,40598419.0,352.0,76.1,1.21,2.0,4121408550.0,41023100.0,1845.4,3.0,513434.0,50.0,54314.0,1.0,54314.0,0.06,424325.6,2020,"HydroRIVERS v1.0 / HydroBASINS v1c level 12 (Lehner & Grill 2013); WorldPop Global2 R2025A constrained 100 m, India only"
WQS0577,largest upstream area within 1 km,40599161.0,190.0,6325.0,172.908,5.0,4120696530.0,41023100.0,1833.7,3.0,632951.0,51.0,331807.0,6.0,119517.0,0.059,3660.6,2020,"HydroRIVERS v1.0 / HydroBASINS v1c level 12 (Lehner & Grill 2013); WorldPop Global2 R2025A constrained 100 m, India only"
WQS0578,largest upstream area within 1 km,40599161.0,106.0,6325.0,172.908,5.0,4120696530.0,41023100.0,1833.7,3.0,632951.0,51.0,331807.0,6.0,119517.0,0.059,3660.6,2020,"HydroRIVERS v1.0 / HydroBASINS v1c level 12 (Lehner & Grill 2013); WorldPop Global2 R2025A constrained 100 m, India only"
WQS0579,largest upstream area within 1 km,40595521.0,64.0,5822.5,164.302,5.0,4120690100.0,41023100.0,1864.9,1.0,407007.0,48.0,269817.0,11.0,43231.0,0.062,2477.2,2020,"HydroRIVERS v1.0 / HydroBASINS v1c level 12 (Lehner & Grill 2013); WorldPop Global2 R2025A constrained 100 m, India only"
WQS0580,largest upstream area within 1 km,40540398.0,100.0,1393.1,34.793,4.0,4120641420.0,41023100.0,2109.7,1.0,277154.0,10.0,272727.0,6.0,182069.0,0.0,7965.8,2020,"HydroRIVERS v1.0 / HydroBASINS v1c level 12 (Lehner & Grill 2013); WorldPop Global2 R2025A constrained 100 m, India only"
WQS0581,nearest reach within 2 km,40540398.0,1084.0,1393.1,34.793,4.0,4120641420.0,41023100.0,2109.7,0.0,277154.0,10.0,272727.0,6.0,182069.0,0.0,7965.8,2020,"HydroRIVERS v1.0 / HydroBASINS v1c level 12 (Lehner & Grill 2013); WorldPop Global2 R2025A constrained 100 m, India only"
WQS0582,largest upstream area within 1 km,40536803.0,11.0,400.9,11.171,3.0,4121385550.0,41023100.0,2173.5,1.0,4427.0,4.0,4427.0,4.0,2385.0,0.0,396.3,2020,"HydroRIVERS v1.0 / HydroBASINS v1c level 12 (Lehner & Grill 2013); WorldPop Global2 R2025A constrained 100 m, India only"
WQS0583,largest upstream area within 1 km,40536803.0,54.0,400.9,11.171,3.0,4121385550.0,41023100.0,2173.5,3.0,4427.0,4.0,4427.0,4.0,2385.0,0.0,396.3,2020,"HydroRIVERS v1.0 / HydroBASINS v1c level 12 (Lehner & Grill 2013); WorldPop Global2 R2025A constrained 100 m, India only"
WQS0584,largest upstream area within 1 km,40540398.0,962.0,1393.1,34.793,4.0,4120641420.0,41023100.0,2109.7,3.0,277154.0,10.0,272727.0,6.0,182069.0,0.0,7965.8,2020,"HydroRIVERS v1.0 / HydroBASINS v1c level 12 (Lehner & Grill 2013); WorldPop Global2 R2025A constrained 100 m, India only"
WQS0585,largest upstream area within 1 km,40589857.0,704.0,2197.2,44.149,5.0,4120684210.0,41023100.0,1741.9,1.0,1228556.0,21.0,748737.0,12.0,238474.0,0.0,27827.5,2020,"HydroRIVERS v1.0 / HydroBASINS v1c level 12 (Lehner & Grill 2013); WorldPop Global2 R2025A constrained 100 m, India only"
WQS0586,largest upstream area within 1 km,40589857.0,390.0,2197.2,44.149,5.0,4120684210.0,41023100.0,1741.9,1.0,1228556.0,21.0,748737.0,12.0,238474.0,0.0,27827.5,2020,"HydroRIVERS v1.0 / HydroBASINS v1c level 12 (Lehner & Grill 2013); WorldPop Global2 R2025A constrained 100 m, India only"
WQS0587,largest upstream area within 1 km,40590345.0,336.0,156.8,1.76,2.0,4120684520.0,41023100.0,1741.9,3.0,628298.0,1.0,628298.0,1.0,628298.0,0.0,356987.5,2020,"HydroRIVERS v1.0 / HydroBASINS v1c level 12 (Lehner & Grill 2013); WorldPop Global2 R2025A constrained 100 m, India only"
WQS0588,largest upstream area within 1 km,40589857.0,499.0,2197.2,44.149,5.0,4120684210.0,41023100.0,1741.9,1.0,1228556.0,21.0,748737.0,12.0,238474.0,0.0,27827.5,2020,"HydroRIVERS v1.0 / HydroBASINS v1c level 12 (Lehner & Grill 2013); WorldPop Global2 R2025A constrained 100 m, India only"
WQS0589,largest upstream area within 1 km,40589857.0,150.0,2197.2,44.149,5.0,4120684210.0,41023100.0,1741.9,1.0,1228556.0,21.0,748737.0,12.0,238474.0,0.0,27827.5,2020,"HydroRIVERS v1.0 / HydroBASINS v1c level 12 (Lehner & Grill 2013); WorldPop Global2 R2025A constrained 100 m, India only"
WQS0590,largest upstream area within 1 km,40585932.0,129.0,99.3,1.847,2.0,4121403890.0,41023100.0,1767.3,3.0,990082.0,20.0,50462.0,1.0,50462.0,0.0,536048.7,2020,"HydroRIVERS v1.0 / HydroBASINS v1c level 12 (Lehner & Grill 2013); WorldPop Global2 R2025A constrained 100 m, India only"
WQS0591,largest upstream area within 1 km,40586191.0,572.0,1867.1,39.073,5.0,4121403900.0,41023100.0,1771.6,1.0,939620.0,19.0,813214.0,15.0,29252.0,0.0,24047.8,2020,"HydroRIVERS v1.0 / HydroBASINS v1c level 12 (Lehner & Grill 2013); WorldPop Global2 R2025A constrained 100 m, India only"
WQS0592,largest upstream area within 1 km,40589857.0,55.0,2197.2,44.149,5.0,4120684210.0,41023100.0,1741.9,1.0,1228556.0,21.0,748737.0,12.0,238474.0,0.0,27827.5,2020,"HydroRIVERS v1.0 / HydroBASINS v1c level 12 (Lehner & Grill 2013); WorldPop Global2 R2025A constrained 100 m, India only"
WQS0593,largest upstream area within 1 km,40590471.0,312.0,352.5,6.156,3.0,4121406170.0,41023100.0,1863.8,1.0,61775.0,3.0,61775.0,3.0,35934.0,0.0,10034.9,2020,"HydroRIVERS v1.0 / HydroBASINS v1c level 12 (Lehner & Grill 2013); WorldPop Global2 R2025A constrained 100 m, India only"
WQS0594,largest upstream area within 1 km,40554183.0,63.0,1178.7,16.257,5.0,4120652160.0,41023100.0,1849.1,1.0,251117.0,7.0,251117.0,7.0,75334.0,0.0,15446.7,2020,"HydroRIVERS v1.0 / HydroBASINS v1c level 12 (Lehner & Grill 2013); WorldPop Global2 R2025A constrained 100 m, India only"
WQS0595,nearest reach within 2 km,40589857.0,1028.0,2197.2,44.149,5.0,4120684210.0,41023100.0,1741.9,0.0,1228556.0,21.0,748737.0,12.0,238474.0,0.0,27827.5,2020,"HydroRIVERS v1.0 / HydroBASINS v1c level 12 (Lehner & Grill 2013); WorldPop Global2 R2025A constrained 100 m, India only"
WQS0596,largest upstream area within 1 km,41043801.0,273.0,11325.1,203.361,5.0,4120964080.0,41107126.0,255.2,3.0,9572661.0,83.0,2137545.0,13.0,33285.0,0.0,47072.3,2020,"HydroRIVERS v1.0 / HydroBASINS v1c level 12 (Lehner & Grill 2013); WorldPop Global2 R2025A constrained 100 m, India only"
WQS0597,largest upstream area within 1 km,41039327.0,457.0,6967.1,118.858,5.0,4120962740.0,41107126.0,345.9,3.0,4825682.0,51.0,1367956.0,13.0,411767.0,0.0,40600.4,2020,"HydroRIVERS v1.0 / HydroBASINS v1c level 12 (Lehner & Grill 2013); WorldPop Global2 R2025A constrained 100 m, India only"
WQS0598,largest upstream area within 1 km,41045741.0,144.0,3526.1,59.582,5.0,4121520910.0,41107126.0,415.7,3.0,1953963.0,27.0,922508.0,8.0,289287.0,0.0,32794.5,2020,"HydroRIVERS v1.0 / HydroBASINS v1c level 12 (Lehner & Grill 2013); WorldPop Global2 R2025A constrained 100 m, India only"
WQS0599,largest upstream area within 1 km,41045935.0,560.0,4163.5,71.254,5.0,4120963520.0,41107126.0,387.1,3.0,2517049.0,32.0,1116756.0,9.0,91379.0,0.0,35325.0,2020,"HydroRIVERS v1.0 / HydroBASINS v1c level 12 (Lehner & Grill 2013); WorldPop Global2 R2025A constrained 100 m, India only"
WQS0600,nearest reach within 2 km,40970920.0,1051.0,223.0,5.452,3.0,4120922200.0,41067217.0,436.0,0.0,132401.0,1.0,132401.0,1.0,132401.0,0.0,24284.8,2020,"HydroRIVERS v1.0 / HydroBASINS v1c level 12 (Lehner & Grill 2013); WorldPop Global2 R2025A constrained 100 m, India only"
WQS0601,largest upstream area within 1 km,41056118.0,891.0,139.0,3.025,2.0,4121523460.0,41144113.0,442.4,3.0,554572.0,1.0,554572.0,1.0,554572.0,0.0,183329.6,2020,"HydroRIVERS v1.0 / HydroBASINS v1c level 12 (Lehner & Grill 2013); WorldPop Global2 R2025A constrained 100 m, India only"
WQS0602,largest upstream area within 1 km,41034732.0,81.0,1014.3,16.555,3.0,4120959400.0,41107126.0,381.3,1.0,921966.0,7.0,568781.0,6.0,30824.0,0.0,55691.1,2020,"HydroRIVERS v1.0 / HydroBASINS v1c level 12 (Lehner & Grill 2013); WorldPop Global2 R2025A constrained 100 m, India only"
WQS0603,largest upstream area within 1 km,41039535.0,119.0,1984.4,33.387,4.0,4120961540.0,41107126.0,361.2,3.0,1465364.0,14.0,547211.0,9.0,50175.0,0.0,43890.3,2020,"HydroRIVERS v1.0 / HydroBASINS v1c level 12 (Lehner & Grill 2013); WorldPop Global2 R2025A constrained 100 m, India only"
WQS0604,largest upstream area within 1 km,41010582.0,138.0,970.7,14.701,4.0,4120944080.0,41107126.0,461.8,5.0,614468.0,9.0,614468.0,9.0,56528.0,0.0,41797.7,2020,"HydroRIVERS v1.0 / HydroBASINS v1c level 12 (Lehner & Grill 2013); WorldPop Global2 R2025A constrained 100 m, India only"
WQS0605,largest upstream area within 1 km,41045085.0,443.0,260.7,5.04,3.0,4120964300.0,41107126.0,443.1,3.0,222321.0,2.0,222321.0,2.0,142303.0,0.0,44111.3,2020,"HydroRIVERS v1.0 / HydroBASINS v1c level 12 (Lehner & Grill 2013); WorldPop Global2 R2025A constrained 100 m, India only"
WQS0606,largest upstream area within 1 km,41023161.0,457.0,1891.5,46.073,4.0,4120952700.0,41113806.0,412.1,1.0,983112.0,15.0,705609.0,11.0,15693.0,0.0,21338.1,2020,"HydroRIVERS v1.0 / HydroBASINS v1c level 12 (Lehner & Grill 2013); WorldPop Global2 R2025A constrained 100 m, India only"
WQS0607,largest upstream area within 1 km,41038725.0,97.0,6401.5,105.626,4.0,4120963430.0,41107126.0,265.6,1.0,4370271.0,51.0,836850.0,7.0,351484.0,0.0,41375.0,2020,"HydroRIVERS v1.0 / HydroBASINS v1c level 12 (Lehner & Grill 2013); WorldPop Global2 R2025A constrained 100 m, India only"
WQS0608,largest upstream area within 1 km,41039535.0,74.0,1984.4,33.387,4.0,4120961540.0,41107126.0,361.2,1.0,1465364.0,14.0,547211.0,9.0,50175.0,0.0,43890.3,2020,"HydroRIVERS v1.0 / HydroBASINS v1c level 12 (Lehner & Grill 2013); WorldPop Global2 R2025A constrained 100 m, India only"
WQS0609,largest upstream area within 1 km,41041063.0,352.0,4562.9,78.156,5.0,4120961650.0,41107126.0,365.6,1.0,2709487.0,34.0,1044811.0,8.0,140458.0,0.0,34667.7,2020,"HydroRIVERS v1.0 / HydroBASINS v1c level 12 (Lehner & Grill 2013); WorldPop Global2 R2025A constrained 100 m, India only"
WQS0610,largest upstream area within 1 km,41045744.0,55.0,9143.8,159.721,5.0,4120965120.0,41107126.0,290.2,3.0,8123514.0,66.0,3061835.0,9.0,1043219.0,0.0,50860.7,2020,"HydroRIVERS v1.0 / HydroBASINS v1c level 12 (Lehner & Grill 2013); WorldPop Global2 R2025A constrained 100 m, India only"
WQS0611,largest upstream area within 1 km,41045299.0,144.0,9057.7,158.016,5.0,4120965120.0,41107126.0,292.3,1.0,8123514.0,66.0,3304317.0,11.0,1043219.0,0.0,51409.4,2020,"HydroRIVERS v1.0 / HydroBASINS v1c level 12 (Lehner & Grill 2013); WorldPop Global2 R2025A constrained 100 m, India only"
WQS0612,largest upstream area within 1 km,41040218.0,532.0,6997.8,119.423,5.0,4120962740.0,41107126.0,343.6,5.0,4825682.0,51.0,1279769.0,12.0,411767.0,0.0,40408.3,2020,"HydroRIVERS v1.0 / HydroBASINS v1c level 12 (Lehner & Grill 2013); WorldPop Global2 R2025A constrained 100 m, India only"
WQS0613,largest upstream area within 1 km,41043592.0,13.0,929.6,15.491,4.0,4120963220.0,41107126.0,484.7,3.0,390336.0,8.0,390336.0,8.0,102845.0,0.0,25197.6,2020,"HydroRIVERS v1.0 / HydroBASINS v1c level 12 (Lehner & Grill 2013); WorldPop Global2 R2025A constrained 100 m, India only"
WQS0614,largest upstream area within 1 km,41042158.0,68.0,8456.3,146.527,5.0,4120963420.0,41107126.0,320.8,3.0,6363330.0,62.0,2311522.0,15.0,78965.0,0.0,43427.7,2020,"HydroRIVERS v1.0 / HydroBASINS v1c level 12 (Lehner & Grill 2013); WorldPop Global2 R2025A constrained 100 m, India only"
WQS0615,largest upstream area within 1 km,41039535.0,580.0,1984.4,33.387,4.0,4120961540.0,41107126.0,361.2,1.0,1465364.0,14.0,547211.0,9.0,50175.0,0.0,43890.3,2020,"HydroRIVERS v1.0 / HydroBASINS v1c level 12 (Lehner & Grill 2013); WorldPop Global2 R2025A constrained 100 m, India only"
WQS0616,largest upstream area within 1 km,41044038.0,887.0,9016.4,157.31,5.0,4120965120.0,41107126.0,301.1,5.0,8123514.0,66.0,3518887.0,13.0,1043219.0,0.0,51640.2,2020,"HydroRIVERS v1.0 / HydroBASINS v1c level 12 (Lehner & Grill 2013); WorldPop Global2 R2025A constrained 100 m, India only"
WQS0617,largest upstream area within 1 km,41098038.0,55.0,14100.0,344.333,6.0,4121534060.0,41144113.0,225.5,3.0,8630425.0,114.0,2339498.0,14.0,68116.0,0.0,25064.2,2020,"HydroRIVERS v1.0 / HydroBASINS v1c level 12 (Lehner & Grill 2013); WorldPop Global2 R2025A constrained 100 m, India only"
WQS0618,largest upstream area within 1 km,40968236.0,896.0,339.4,8.217,4.0,4120921850.0,41067217.0,432.4,2.0,181264.0,3.0,181264.0,3.0,2000.0,0.0,22059.6,2020,"HydroRIVERS v1.0 / HydroBASINS v1c level 12 (Lehner & Grill 2013); WorldPop Global2 R2025A constrained 100 m, India only"
WQS0619,nearest reach within 2 km,40961968.0,1492.0,14.4,0.339,1.0,4120921220.0,41067217.0,448.2,0.0,505051335.0,6876.0,50356.0,1.0,50356.0,0.187,1489826946.9,2020,"HydroRIVERS v1.0 / HydroBASINS v1c level 12 (Lehner & Grill 2013); WorldPop Global2 R2025A constrained 100 m, India only"
WQS0620,nearest reach within 2 km,40956068.0,1292.0,151.0,3.313,2.0,4120914710.0,41067217.0,475.1,0.0,156422.0,1.0,156422.0,1.0,156422.0,0.0,47214.6,2020,"HydroRIVERS v1.0 / HydroBASINS v1c level 12 (Lehner & Grill 2013); WorldPop Global2 R2025A constrained 100 m, India only"
WQS0621,largest upstream area within 1 km,41042158.0,665.0,8456.3,146.527,5.0,4120963420.0,41107126.0,320.8,3.0,6363330.0,62.0,2311522.0,15.0,78965.0,0.0,43427.7,2020,"HydroRIVERS v1.0 / HydroBASINS v1c level 12 (Lehner & Grill 2013); WorldPop Global2 R2025A constrained 100 m, India only"
WQS0624,largest upstream area within 1 km,41040219.0,106.0,946.9,17.112,4.0,4120962620.0,41107126.0,330.6,1.0,690608.0,7.0,690608.0,7.0,170329.0,0.0,40358.1,2020,"HydroRIVERS v1.0 / HydroBASINS v1c level 12 (Lehner & Grill 2013); WorldPop Global2 R2025A constrained 100 m, India only"
WQS0625,largest upstream area within 1 km,41057744.0,160.0,284.2,6.458,3.0,4120971970.0,41144113.0,432.5,1.0,672118.0,2.0,672118.0,2.0,117546.0,0.0,104075.3,2020,"HydroRIVERS v1.0 / HydroBASINS v1c level 12 (Lehner & Grill 2013); WorldPop Global2 R2025A constrained 100 m, India only"
WQS0627,largest upstream area within 1 km,41042162.0,603.0,375.6,7.363,3.0,4120963250.0,41107126.0,311.7,3.0,716966.0,3.0,716966.0,3.0,247779.0,0.0,97374.2,2020,"HydroRIVERS v1.0 / HydroBASINS v1c level 12 (Lehner & Grill 2013); WorldPop Global2 R2025A constrained 100 m, India only"
WQS0628,largest upstream area within 1 km,41087568.0,911.0,12684.8,309.682,6.0,4120987580.0,41144113.0,270.2,3.0,7604537.0,103.0,2109285.0,18.0,499989.0,0.0,24556.0,2020,"HydroRIVERS v1.0 / HydroBASINS v1c level 12 (Lehner & Grill 2013); WorldPop Global2 R2025A constrained 100 m, India only"
WQS0631,largest upstream area within 1 km,41110597.0,53.0,550.4,15.378,3.0,4120998220.0,41169770.0,522.8,2.0,57738.0,3.0,57738.0,3.0,32586.0,0.0,3754.6,2020,"HydroRIVERS v1.0 / HydroBASINS v1c level 12 (Lehner & Grill 2013); WorldPop Global2 R2025A constrained 100 m, India only"
WQS0632,largest upstream area within 1 km,41038298.0,128.0,1339.3,22.291,3.0,4120960800.0,41107126.0,369.0,3.0,1052555.0,9.0,250340.0,5.0,90600.0,0.0,47218.8,2020,"HydroRIVERS v1.0 / HydroBASINS v1c level 12 (Lehner & Grill 2013); WorldPop Global2 R2025A constrained 100 m, India only"
WQS0633,largest upstream area within 1 km,41013422.0,179.0,1432.0,33.498,4.0,4120948060.0,41113806.0,438.9,3.0,862415.0,11.0,862415.0,11.0,264920.0,0.0,25745.3,2020,"HydroRIVERS v1.0 / HydroBASINS v1c level 12 (Lehner & Grill 2013); WorldPop Global2 R2025A constrained 100 m, India only"
WQS0661,largest upstream area within 1 km,41280873.0,412.0,21517.8,533.785,6.0,4121576620.0,41297283.0,976.2,3.0,11611808.0,155.0,981461.0,11.0,127626.0,0.0,21753.7,2020,"HydroRIVERS v1.0 / HydroBASINS v1c level 12 (Lehner & Grill 2013); WorldPop Global2 R2025A constrained 100 m, India only"
WQS0662,largest upstream area within 1 km,41276019.0,178.0,69847.5,448.661,6.0,4121575750.0,41297283.0,686.0,1.0,34415237.0,532.0,350220.0,15.0,76670.0,0.002,76706.5,2020,"HydroRIVERS v1.0 / HydroBASINS v1c level 12 (Lehner & Grill 2013); WorldPop Global2 R2025A constrained 100 m, India only"
WQS0663,largest upstream area within 1 km,41264055.0,222.0,54772.7,384.888,6.0,4121087720.0,41297283.0,844.7,3.0,31101694.0,409.0,235204.0,11.0,24415.0,0.002,80807.1,2020,"HydroRIVERS v1.0 / HydroBASINS v1c level 12 (Lehner & Grill 2013); WorldPop Global2 R2025A constrained 100 m, India only"
WQS0664,largest upstream area within 1 km,41266994.0,84.0,57803.1,393.856,6.0,4121088290.0,41297283.0,768.4,1.0,31847555.0,432.0,535684.0,10.0,14688.0,0.002,80860.9,2020,"HydroRIVERS v1.0 / HydroBASINS v1c level 12 (Lehner & Grill 2013); WorldPop Global2 R2025A constrained 100 m, India only"
WQS0665,largest upstream area within 1 km,41267399.0,450.0,58051.1,394.523,6.0,4121088300.0,41297283.0,760.3,3.0,31897671.0,434.0,557073.0,10.0,5356.0,0.002,80851.2,2020,"HydroRIVERS v1.0 / HydroBASINS v1c level 12 (Lehner & Grill 2013); WorldPop Global2 R2025A constrained 100 m, India only"
WQS0668,largest upstream area within 1 km,41362541.0,104.0,22109.9,185.931,6.0,4121139430.0,41376077.0,510.8,3.0,8955511.0,168.0,531624.0,10.0,64629.0,0.0,48165.8,2020,"HydroRIVERS v1.0 / HydroBASINS v1c level 12 (Lehner & Grill 2013); WorldPop Global2 R2025A constrained 100 m, India only"
WQS0669,largest upstream area within 1 km,41360001.0,490.0,8256.1,4.803,5.0,4121139200.0,41376077.0,516.1,3.0,4077512.0,64.0,1022273.0,14.0,17263.0,0.0,848951.1,2020,"HydroRIVERS v1.0 / HydroBASINS v1c level 12 (Lehner & Grill 2013); WorldPop Global2 R2025A constrained 100 m, India only"
WQS0672,nearest reach within 2 km,41343603.0,1076.0,70.4,0.12,1.0,4121131000.0,41358663.0,358.6,0.0,49223.0,1.0,49223.0,1.0,49223.0,0.0,410191.7,2020,"HydroRIVERS v1.0 / HydroBASINS v1c level 12 (Lehner & Grill 2013); WorldPop Global2 R2025A constrained 100 m, India only"
WQS0674,largest upstream area within 1 km,41366558.0,359.0,119.3,0.201,2.0,4121593930.0,41376077.0,542.1,1.0,17260.0,1.0,17260.0,1.0,17260.0,0.0,85870.6,2020,"HydroRIVERS v1.0 / HydroBASINS v1c level 12 (Lehner & Grill 2013); WorldPop Global2 R2025A constrained 100 m, India only"
WQS0675,largest upstream area within 1 km,41266779.0,681.0,9611.0,45.691,5.0,4121088210.0,41297283.0,758.3,3.0,2079936.0,79.0,313240.0,12.0,51945.0,0.0,45521.8,2020,"HydroRIVERS v1.0 / HydroBASINS v1c level 12 (Lehner & Grill 2013); WorldPop Global2 R2025A constrained 100 m, India only"
WQS0677,largest upstream area within 1 km,41285252.0,221.0,33687.3,713.822,6.0,4121097610.0,41297283.0,840.7,1.0,16259355.0,246.0,635544.0,16.0,56612.0,0.0,22777.9,2020,"HydroRIVERS v1.0 / HydroBASINS v1c level 12 (Lehner & Grill 2013); WorldPop Global2 R2025A constrained 100 m, India only"
WQS0678,largest upstream area within 1 km,41287677.0,312.0,47655.2,787.354,6.0,4121098200.0,41297283.0,772.0,1.0,19466721.0,353.0,385990.0,16.0,33169.0,0.003,24724.2,2020,"HydroRIVERS v1.0 / HydroBASINS v1c level 12 (Lehner & Grill 2013); WorldPop Global2 R2025A constrained 100 m, India only"
WQS0679,largest upstream area within 1 km,41284880.0,319.0,52177.4,804.726,6.0,4121096300.0,41297283.0,734.2,1.0,20179568.0,385.0,404808.0,16.0,36706.0,0.003,25076.3,2020,"HydroRIVERS v1.0 / HydroBASINS v1c level 12 (Lehner & Grill 2013); WorldPop Global2 R2025A constrained 100 m, India only"
WQS0681,largest upstream area within 1 km,41295281.0,68.0,9903.8,69.909,5.0,4121102480.0,41297283.0,888.8,2.0,2370541.0,78.0,458032.0,22.0,5291.0,0.013,33909.0,2020,"HydroRIVERS v1.0 / HydroBASINS v1c level 12 (Lehner & Grill 2013); WorldPop Global2 R2025A constrained 100 m, India only"
WQS0682,largest upstream area within 1 km,41292023.0,585.0,10594.9,69.735,5.0,4121100470.0,41297283.0,859.0,3.0,2537139.0,83.0,257406.0,12.0,20144.0,0.012,36382.6,2020,"HydroRIVERS v1.0 / HydroBASINS v1c level 12 (Lehner & Grill 2013); WorldPop Global2 R2025A constrained 100 m, India only"
WQS0688,largest upstream area within 1 km,41334292.0,31.0,3017.1,55.465,4.0,4121124680.0,41297283.0,1079.6,1.0,636735.0,23.0,410198.0,12.0,147988.0,0.0,11479.9,2020,"HydroRIVERS v1.0 / HydroBASINS v1c level 12 (Lehner & Grill 2013); WorldPop Global2 R2025A constrained 100 m, India only"
WQS0691,largest upstream area within 1 km,41345309.0,234.0,84.2,5.42,3.0,4121590110.0,41297283.0,1215.0,3.0,9061.0,1.0,9061.0,1.0,9061.0,0.0,1671.8,2020,"HydroRIVERS v1.0 / HydroBASINS v1c level 12 (Lehner & Grill 2013); WorldPop Global2 R2025A constrained 100 m, India only"
WQS0692,largest upstream area within 1 km,41334292.0,187.0,3017.1,55.465,4.0,4121124680.0,41297283.0,1079.6,3.0,636735.0,23.0,410198.0,12.0,147988.0,0.0,11479.9,2020,"HydroRIVERS v1.0 / HydroBASINS v1c level 12 (Lehner & Grill 2013); WorldPop Global2 R2025A constrained 100 m, India only"
WQS0693,largest upstream area within 1 km,41333528.0,165.0,3035.2,55.503,4.0,4121124680.0,41297283.0,1077.4,3.0,636735.0,23.0,410198.0,12.0,147988.0,0.0,11472.1,2020,"HydroRIVERS v1.0 / HydroBASINS v1c level 12 (Lehner & Grill 2013); WorldPop Global2 R2025A constrained 100 m, India only"
WQS0694,nearest reach within 2 km,41265544.0,1191.0,158.7,0.658,2.0,4121087230.0,41297283.0,764.7,0.0,66027.0,1.0,66027.0,1.0,66027.0,0.0,100345.0,2020,"HydroRIVERS v1.0 / HydroBASINS v1c level 12 (Lehner & Grill 2013); WorldPop Global2 R2025A constrained 100 m, India only"
WQS0696,largest upstream area within 1 km,41363353.0,85.0,35650.4,192.735,6.0,4121140420.0,41376077.0,463.9,1.0,18158371.0,274.0,507666.0,18.0,4339.0,0.0,94214.2,2020,"HydroRIVERS v1.0 / HydroBASINS v1c level 12 (Lehner & Grill 2013); WorldPop Global2 R2025A constrained 100 m, India only"
WQS0699,largest upstream area within 1 km,41359533.0,984.0,11177.5,107.257,5.0,4121138830.0,41376077.0,602.7,1.0,4867842.0,84.0,667801.0,9.0,234950.0,0.0,45384.8,2020,"HydroRIVERS v1.0 / HydroBASINS v1c level 12 (Lehner & Grill 2013); WorldPop Global2 R2025A constrained 100 m, India only"
WQS0705,largest upstream area within 1 km,41359458.0,689.0,11151.9,109.379,5.0,4121138830.0,41376077.0,606.5,3.0,4867842.0,84.0,919669.0,13.0,234950.0,0.0,44504.4,2020,"HydroRIVERS v1.0 / HydroBASINS v1c level 12 (Lehner & Grill 2013); WorldPop Global2 R2025A constrained 100 m, India only"
WQS0706,largest upstream area within 1 km,41359533.0,268.0,11177.5,107.257,5.0,4121138830.0,41376077.0,602.7,1.0,4867842.0,84.0,667801.0,9.0,234950.0,0.0,45384.8,2020,"HydroRIVERS v1.0 / HydroBASINS v1c level 12 (Lehner & Grill 2013); WorldPop Global2 R2025A constrained 100 m, India only"
WQS0707,largest upstream area within 1 km,41362541.0,323.0,22109.9,185.931,6.0,4121139430.0,41376077.0,510.8,3.0,8955511.0,168.0,531624.0,10.0,64629.0,0.0,48165.8,2020,"HydroRIVERS v1.0 / HydroBASINS v1c level 12 (Lehner & Grill 2013); WorldPop Global2 R2025A constrained 100 m, India only"
WQS0708,largest upstream area within 1 km,41359533.0,513.0,11177.5,107.257,5.0,4121138830.0,41376077.0,602.7,3.0,4867842.0,84.0,667801.0,9.0,234950.0,0.0,45384.8,2020,"HydroRIVERS v1.0 / HydroBASINS v1c level 12 (Lehner & Grill 2013); WorldPop Global2 R2025A constrained 100 m, India only"
WQS0711,largest upstream area within 1 km,41359872.0,594.0,11768.9,105.757,5.0,4121593020.0,41376077.0,597.0,4.0,5355565.0,89.0,1080264.0,13.0,295318.0,0.0,50640.3,2020,"HydroRIVERS v1.0 / HydroBASINS v1c level 12 (Lehner & Grill 2013); WorldPop Global2 R2025A constrained 100 m, India only"
WQS0715,largest upstream area within 1 km,41362620.0,190.0,35.2,0.059,1.0,4121139430.0,41376077.0,508.4,1.0,8955511.0,168.0,64629.0,1.0,64629.0,0.0,151788322.0,2020,"HydroRIVERS v1.0 / HydroBASINS v1c level 12 (Lehner & Grill 2013); WorldPop Global2 R2025A constrained 100 m, India only"
WQS0721,nearest reach within 2 km,41356248.0,1343.0,143.3,0.188,2.0,4121137180.0,41376077.0,555.1,0.0,88660.0,1.0,88660.0,1.0,88660.0,0.0,471595.7,2020,"HydroRIVERS v1.0 / HydroBASINS v1c level 12 (Lehner & Grill 2013); WorldPop Global2 R2025A constrained 100 m, India only"
WQS0723,largest upstream area within 1 km,41285739.0,112.0,6762.9,167.655,5.0,4121097750.0,41297283.0,948.0,1.0,2915903.0,49.0,1014411.0,15.0,85619.0,0.0,17392.3,2020,"HydroRIVERS v1.0 / HydroBASINS v1c level 12 (Lehner & Grill 2013); WorldPop Global2 R2025A constrained 100 m, India only"
WQS0724,largest upstream area within 1 km,41285739.0,285.0,6762.9,167.655,5.0,4121097750.0,41297283.0,948.0,3.0,2915903.0,49.0,1014411.0,15.0,85619.0,0.0,17392.3,2020,"HydroRIVERS v1.0 / HydroBASINS v1c level 12 (Lehner & Grill 2013); WorldPop Global2 R2025A constrained 100 m, India only"
WQS0726,largest upstream area within 1 km,41352519.0,80.0,3285.3,49.425,5.0,4121135250.0,41376077.0,725.4,1.0,1645677.0,24.0,950342.0,13.0,91978.0,0.0,33296.4,2020,"HydroRIVERS v1.0 / HydroBASINS v1c level 12 (Lehner & Grill 2013); WorldPop Global2 R2025A constrained 100 m, India only"
WQS0733,largest upstream area within 1 km,41262984.0,259.0,5071.1,26.079,5.0,4121086090.0,41297283.0,806.7,2.0,1159150.0,39.0,633988.0,17.0,13179.0,0.0,44447.6,2020,"HydroRIVERS v1.0 / HydroBASINS v1c level 12 (Lehner & Grill 2013); WorldPop Global2 R2025A constrained 100 m, India only"
WQS0734,largest upstream area within 1 km,41265545.0,916.0,9385.2,44.771,5.0,4121087240.0,41297283.0,764.7,3.0,1961963.0,77.0,253893.0,11.0,29310.0,0.0,43822.2,2020,"HydroRIVERS v1.0 / HydroBASINS v1c level 12 (Lehner & Grill 2013); WorldPop Global2 R2025A constrained 100 m, India only"
WQS0737,largest upstream area within 1 km,41284094.0,537.0,126458.8,1271.67,7.0,4121096630.0,41297283.0,625.6,1.0,55361041.0,952.0,276809.0,15.0,46642.0,0.002,43534.1,2020,"HydroRIVERS v1.0 / HydroBASINS v1c level 12 (Lehner & Grill 2013); WorldPop Global2 R2025A constrained 100 m, India only"
WQS0738,nearest reach within 2 km,41282570.0,1118.0,31.5,0.125,1.0,4121094550.0,41297283.0,697.3,0.0,20546447.0,402.0,40262.0,1.0,40262.0,0.002,164371576.0,2020,"HydroRIVERS v1.0 / HydroBASINS v1c level 12 (Lehner & Grill 2013); WorldPop Global2 R2025A constrained 100 m, India only"
WQS0743,nearest reach within 2 km,41243862.0,1598.0,44.3,0.207,1.0,4121567580.0,41275841.0,1108.6,0.0,4755723.0,109.0,58768.0,1.0,58768.0,0.0,22974507.2,2020,"HydroRIVERS v1.0 / HydroBASINS v1c level 12 (Lehner & Grill 2013); WorldPop Global2 R2025A constrained 100 m, India only"
WQS0745,largest upstream area within 1 km,41359733.0,17.0,109.4,0.182,2.0,4121138870.0,41376077.0,519.0,1.0,52694.0,1.0,52694.0,1.0,52694.0,0.0,289527.5,2020,"HydroRIVERS v1.0 / HydroBASINS v1c level 12 (Lehner & Grill 2013); WorldPop Global2 R2025A constrained 100 m, India only"
WQS0747,largest upstream area within 1 km,41357148.0,702.0,6573.5,2.509,4.0,4121138210.0,41376077.0,548.6,1.0,3121312.0,51.0,562796.0,13.0,84953.0,0.0,1244046.2,2020,"HydroRIVERS v1.0 / HydroBASINS v1c level 12 (Lehner & Grill 2013); WorldPop Global2 R2025A constrained 100 m, India only"
WQS0750,largest upstream area within 1 km,41331760.0,854.0,2756.1,112.074,5.0,4121124220.0,41297283.0,1073.3,5.0,818385.0,21.0,396599.0,10.0,183700.0,0.0,7302.2,2020,"HydroRIVERS v1.0 / HydroBASINS v1c level 12 (Lehner & Grill 2013); WorldPop Global2 R2025A constrained 100 m, India only"
WQS0751,largest upstream area within 1 km,41336179.0,373.0,1924.2,92.251,5.0,4121126560.0,41297283.0,1111.2,1.0,510896.0,15.0,359726.0,10.0,2663.0,0.0,5538.1,2020,"HydroRIVERS v1.0 / HydroBASINS v1c level 12 (Lehner & Grill 2013); WorldPop Global2 R2025A constrained 100 m, India only"
WQS0754,largest upstream area within 1 km,41330175.0,45.0,6431.7,170.034,5.0,4121122750.0,41297283.0,1053.6,3.0,1782089.0,49.0,851258.0,17.0,25007.0,0.0,10480.8,2020,"HydroRIVERS v1.0 / HydroBASINS v1c level 12 (Lehner & Grill 2013); WorldPop Global2 R2025A constrained 100 m, India only"
WQS0755,largest upstream area within 1 km,41303892.0,395.0,29950.1,239.566,6.0,4121107280.0,41297283.0,746.8,3.0,8003706.0,222.0,580772.0,10.0,47409.0,0.0,33409.2,2020,"HydroRIVERS v1.0 / HydroBASINS v1c level 12 (Lehner & Grill 2013); WorldPop Global2 R2025A constrained 100 m, India only"
WQS0757,largest upstream area within 1 km,41298663.0,720.0,33935.3,244.577,6.0,4121103960.0,41297283.0,687.6,5.0,8933363.0,253.0,339050.0,11.0,53546.0,0.0,36525.8,2020,"HydroRIVERS v1.0 / HydroBASINS v1c level 12 (Lehner & Grill 2013); WorldPop Global2 R2025A constrained 100 m, India only"
WQS0760,nearest reach within 2 km,41297190.0,1713.0,16.7,0.028,1.0,4121103100.0,41297283.0,680.9,0.0,14543225.0,437.0,25817.0,1.0,25817.0,0.0,519400892.9,2020,"HydroRIVERS v1.0 / HydroBASINS v1c level 12 (Lehner & Grill 2013); WorldPop Global2 R2025A constrained 100 m, India only"
WQS0770,nearest reach within 2 km,41356248.0,1515.0,143.3,0.188,2.0,4121137180.0,41376077.0,555.1,0.0,88660.0,1.0,88660.0,1.0,88660.0,0.0,471595.7,2020,"HydroRIVERS v1.0 / HydroBASINS v1c level 12 (Lehner & Grill 2013); WorldPop Global2 R2025A constrained 100 m, India only"
WQS0771,largest upstream area within 1 km,41369433.0,66.0,377.9,0.863,3.0,4121143040.0,41376077.0,587.9,1.0,17879.0,3.0,17879.0,3.0,6688.0,0.0,20717.3,2020,"HydroRIVERS v1.0 / HydroBASINS v1c level 12 (Lehner & Grill 2013); WorldPop Global2 R2025A constrained 100 m, India only"
WQS0773,nearest reach within 2 km,41302547.0,1521.0,709.8,1.113,3.0,4121106880.0,41297283.0,733.2,0.0,152604.0,5.0,93824.0,3.0,25520.0,0.0,137110.5,2020,"HydroRIVERS v1.0 / HydroBASINS v1c level 12 (Lehner & Grill 2013); WorldPop Global2 R2025A constrained 100 m, India only"
WQS0774,largest upstream area within 1 km,41349019.0,983.0,38.5,0.372,1.0,4121133450.0,41376077.0,778.6,1.0,257906.0,1.0,257906.0,1.0,257906.0,0.0,693295.7,2020,"HydroRIVERS v1.0 / HydroBASINS v1c level 12 (Lehner & Grill 2013); WorldPop Global2 R2025A constrained 100 m, India only"
WQS0781,largest upstream area within 1 km,41092507.0,55.0,461.9,5.863,3.0,4120988630.0,41114851.0,368.2,1.0,202161.0,3.0,202161.0,3.0,74732.0,0.0,34480.8,2020,"HydroRIVERS v1.0 / HydroBASINS v1c level 12 (Lehner & Grill 2013); WorldPop Global2 R2025A constrained 100 m, India only"
WQS0783,largest upstream area within 1 km,41007550.0,438.0,23196.5,345.278,6.0,4120942390.0,41067217.0,1325.8,3.0,6276854.0,183.0,641540.0,12.0,76557.0,0.0,18179.1,2020,"HydroRIVERS v1.0 / HydroBASINS v1c level 12 (Lehner & Grill 2013); WorldPop Global2 R2025A constrained 100 m, India only"
WQS0784,largest upstream area within 1 km,41050303.0,794.0,3899.2,68.547,5.0,4120966200.0,41067217.0,2165.7,3.0,3381698.0,32.0,511625.0,15.0,51770.0,0.0,49334.0,2020,"HydroRIVERS v1.0 / HydroBASINS v1c level 12 (Lehner & Grill 2013); WorldPop Global2 R2025A constrained 100 m, India only"
WQS0785,largest upstream area within 1 km,41050303.0,383.0,3899.2,68.547,5.0,4120966200.0,41067217.0,2165.7,3.0,3381698.0,32.0,511625.0,15.0,51770.0,0.0,49334.0,2020,"HydroRIVERS v1.0 / HydroBASINS v1c level 12 (Lehner & Grill 2013); WorldPop Global2 R2025A constrained 100 m, India only"
WQS0788,largest upstream area within 1 km,41000161.0,165.0,1195.9,17.242,4.0,4121508460.0,41067217.0,1489.3,3.0,1073416.0,9.0,1073416.0,9.0,459864.0,0.0,62255.9,2020,"HydroRIVERS v1.0 / HydroBASINS v1c level 12 (Lehner & Grill 2013); WorldPop Global2 R2025A constrained 100 m, India only"
WQS0789,nearest reach within 2 km,41042114.0,1335.0,28.5,0.219,1.0,4121519870.0,41067217.0,2615.5,0.0,1814582.0,31.0,45586.0,1.0,45586.0,0.0,8285762.6,2020,"HydroRIVERS v1.0 / HydroBASINS v1c level 12 (Lehner & Grill 2013); WorldPop Global2 R2025A constrained 100 m, India only"
WQS0790,largest upstream area within 1 km,41075689.0,500.0,916.6,7.181,3.0,4120978760.0,41067217.0,2698.8,4.0,339318.0,7.0,303215.0,6.0,83601.0,0.0,47252.2,2020,"HydroRIVERS v1.0 / HydroBASINS v1c level 12 (Lehner & Grill 2013); WorldPop Global2 R2025A constrained 100 m, India only"
WQS0793,largest upstream area within 1 km,40888931.0,226.0,1373.5,5.163,4.0,4120879870.0,41067217.0,1909.5,3.0,1462679.0,12.0,1462679.0,12.0,99192.0,0.0,283300.2,2020,"HydroRIVERS v1.0 / HydroBASINS v1c level 12 (Lehner & Grill 2013); WorldPop Global2 R2025A constrained 100 m, India only"
WQS0794,nearest reach within 2 km,41025245.0,1574.0,140.7,1.985,2.0,4120953150.0,41067217.0,1237.8,0.0,413438.0,1.0,413438.0,1.0,413438.0,0.0,208281.1,2020,"HydroRIVERS v1.0 / HydroBASINS v1c level 12 (Lehner & Grill 2013); WorldPop Global2 R2025A constrained 100 m, India only"
WQS0799,largest upstream area within 1 km,41080202.0,204.0,913.5,8.131,3.0,4121528390.0,41067217.0,2717.2,4.0,838534.0,8.0,838534.0,8.0,46086.0,0.0,103128.0,2020,"HydroRIVERS v1.0 / HydroBASINS v1c level 12 (Lehner & Grill 2013); WorldPop Global2 R2025A constrained 100 m, India only"
WQS0800,largest upstream area within 1 km,41054821.0,997.0,4454.9,36.772,4.0,4121522830.0,41067217.0,2635.9,2.0,4992848.0,32.0,910241.0,10.0,59571.0,0.0,135778.5,2020,"HydroRIVERS v1.0 / HydroBASINS v1c level 12 (Lehner & Grill 2013); WorldPop Global2 R2025A constrained 100 m, India only"
WQS0801,nearest reach within 2 km,41081262.0,1813.0,24.7,0.228,1.0,4121529750.0,41067217.0,2735.6,0.0,743208.0,6.0,320689.0,1.0,320689.0,0.0,3259684.2,2020,"HydroRIVERS v1.0 / HydroBASINS v1c level 12 (Lehner & Grill 2013); WorldPop Global2 R2025A constrained 100 m, India only"
WQS0802,largest upstream area within 1 km,41070327.0,691.0,363.7,3.953,3.0,4120978080.0,41114851.0,475.0,3.0,318277.0,3.0,318277.0,3.0,4729.0,0.0,80515.3,2020,"HydroRIVERS v1.0 / HydroBASINS v1c level 12 (Lehner & Grill 2013); WorldPop Global2 R2025A constrained 100 m, India only"
WQS0816,largest upstream area within 1 km,41028967.0,122.0,3931.5,39.508,5.0,4121514630.0,41067217.0,2515.6,1.0,1259859.0,30.0,281762.0,10.0,54526.0,0.0,31888.7,2020,"HydroRIVERS v1.0 / HydroBASINS v1c level 12 (Lehner & Grill 2013); WorldPop Global2 R2025A constrained 100 m, India only"
WQS0817,largest upstream area within 1 km,41052850.0,327.0,2818.9,42.076,4.0,4120967200.0,41067217.0,2553.4,5.0,1156058.0,20.0,661355.0,11.0,52701.0,0.0,27475.5,2020,"HydroRIVERS v1.0 / HydroBASINS v1c level 12 (Lehner & Grill 2013); WorldPop Global2 R2025A constrained 100 m, India only"
WQS0818,largest upstream area within 1 km,40997618.0,66.0,6976.3,81.722,4.0,4120935280.0,41067217.0,2409.9,1.0,2067599.0,50.0,433405.0,14.0,32143.0,0.0,25300.4,2020,"HydroRIVERS v1.0 / HydroBASINS v1c level 12 (Lehner & Grill 2013); WorldPop Global2 R2025A constrained 100 m, India only"
WQS0819,nearest reach within 2 km,40992483.0,1887.0,14.2,0.129,1.0,4121506630.0,41067217.0,2439.1,0.0,194950.0,1.0,194950.0,1.0,194950.0,0.0,1511240.3,2020,"HydroRIVERS v1.0 / HydroBASINS v1c level 12 (Lehner & Grill 2013); WorldPop Global2 R2025A constrained 100 m, India only"
WQS0820,largest upstream area within 1 km,41078937.0,653.0,140.7,1.788,2.0,4120980550.0,41114851.0,474.1,1.0,103906.0,1.0,103906.0,1.0,103906.0,0.0,58113.0,2020,"HydroRIVERS v1.0 / HydroBASINS v1c level 12 (Lehner & Grill 2013); WorldPop Global2 R2025A constrained 100 m, India only"
WQS0822,largest upstream area within 1 km,41041691.0,368.0,510.1,9.148,3.0,4121519470.0,41067217.0,2042.7,1.0,90224.0,4.0,90224.0,4.0,27701.0,0.0,9862.7,2020,"HydroRIVERS v1.0 / HydroBASINS v1c level 12 (Lehner & Grill 2013); WorldPop Global2 R2025A constrained 100 m, India only"
WQS0823,largest upstream area within 1 km,40998500.0,559.0,1237.9,17.845,4.0,4121508460.0,41067217.0,1487.4,5.0,1073416.0,9.0,1073416.0,9.0,459864.0,0.0,60152.2,2020,"HydroRIVERS v1.0 / HydroBASINS v1c level 12 (Lehner & Grill 2013); WorldPop Global2 R2025A constrained 100 m, India only"
WQS0824,largest upstream area within 1 km,41006723.0,14.0,14177.0,216.509,5.0,4120942060.0,41067217.0,2038.7,1.0,5363757.0,112.0,413144.0,16.0,57527.0,0.0,24773.8,2020,"HydroRIVERS v1.0 / HydroBASINS v1c level 12 (Lehner & Grill 2013); WorldPop Global2 R2025A constrained 100 m, India only"
WQS0825,unsnapped (> 2 km from any reach),,,,,,,,,,,,,,,,,2020,"HydroRIVERS v1.0 / HydroBASINS v1c level 12 (Lehner & Grill 2013); WorldPop Global2 R2025A constrained 100 m, India only"
WQS0826,largest upstream area within 1 km,41075274.0,212.0,118.1,2.28,2.0,4120980900.0,41067217.0,2235.8,1.0,81143.0,1.0,81143.0,1.0,81143.0,0.0,35589.0,2020,"HydroRIVERS v1.0 / HydroBASINS v1c level 12 (Lehner & Grill 2013); WorldPop Global2 R2025A constrained 100 m, India only"
WQS0828,largest upstream area within 1 km,40949237.0,449.0,26188.0,333.874,5.0,4120911410.0,41067217.0,1877.9,1.0,9553431.0,200.0,1196457.0,12.0,456145.0,0.005,28613.9,2020,"HydroRIVERS v1.0 / HydroBASINS v1c level 12 (Lehner & Grill 2013); WorldPop Global2 R2025A constrained 100 m, India only"
WQS0829,largest upstream area within 1 km,41071012.0,667.0,1500.9,28.762,4.0,4120978290.0,41067217.0,2222.9,5.0,1663013.0,11.0,1599698.0,10.0,26961.0,0.0,57819.8,2020,"HydroRIVERS v1.0 / HydroBASINS v1c level 12 (Lehner & Grill 2013); WorldPop Global2 R2025A constrained 100 m, India only"
WQS0830,largest upstream area within 1 km,41062429.0,856.0,14.8,0.254,1.0,4120974210.0,41067217.0,2203.5,1.0,68683.0,1.0,68683.0,1.0,68683.0,0.0,270405.5,2020,"HydroRIVERS v1.0 / HydroBASINS v1c level 12 (Lehner & Grill 2013); WorldPop Global2 R2025A constrained 100 m, India only"
WQS0831,largest upstream area within 1 km,41050303.0,733.0,3899.2,68.547,5.0,4120966200.0,41067217.0,2165.7,3.0,3381698.0,32.0,511625.0,15.0,51770.0,0.0,49334.0,2020,"HydroRIVERS v1.0 / HydroBASINS v1c level 12 (Lehner & Grill 2013); WorldPop Global2 R2025A constrained 100 m, India only"
WQS0832,largest upstream area within 1 km,40992988.0,43.0,22840.8,176.027,5.0,4120932040.0,41067217.0,2448.3,1.0,11322468.0,169.0,292560.0,13.0,6355.0,0.012,64322.3,2020,"HydroRIVERS v1.0 / HydroBASINS v1c level 12 (Lehner & Grill 2013); WorldPop Global2 R2025A constrained 100 m, India only"
WQS0833,largest upstream area within 1 km,40875849.0,132.0,134288.7,549.951,7.0,4120870740.0,41067217.0,2017.2,1.0,42296533.0,995.0,128789.0,4.0,75916.0,0.007,76909.6,2020,"HydroRIVERS v1.0 / HydroBASINS v1c level 12 (Lehner & Grill 2013); WorldPop Global2 R2025A constrained 100 m, India only"
WQS0834,largest upstream area within 1 km,40992988.0,106.0,22840.8,176.027,5.0,4120932040.0,41067217.0,2448.3,1.0,11322468.0,169.0,292560.0,13.0,6355.0,0.012,64322.3,2020,"HydroRIVERS v1.0 / HydroBASINS v1c level 12 (Lehner & Grill 2013); WorldPop Global2 R2025A constrained 100 m, India only"
WQS0835,largest upstream area within 1 km,40992988.0,233.0,22840.8,176.027,5.0,4120932040.0,41067217.0,2448.3,1.0,11322468.0,169.0,292560.0,13.0,6355.0,0.012,64322.3,2020,"HydroRIVERS v1.0 / HydroBASINS v1c level 12 (Lehner & Grill 2013); WorldPop Global2 R2025A constrained 100 m, India only"
WQS0836,largest upstream area within 1 km,40874909.0,64.0,135964.5,690.499,7.0,4121482400.0,41067217.0,1861.1,1.0,42858801.0,1008.0,249012.0,5.0,27752.0,0.007,62069.3,2020,"HydroRIVERS v1.0 / HydroBASINS v1c level 12 (Lehner & Grill 2013); WorldPop Global2 R2025A constrained 100 m, India only"
WQS0837,largest upstream area within 1 km,41108858.0,217.0,198.2,1.522,2.0,4120997770.0,41141330.0,391.5,1.0,84131.0,1.0,84131.0,1.0,84131.0,0.0,55276.6,2020,"HydroRIVERS v1.0 / HydroBASINS v1c level 12 (Lehner & Grill 2013); WorldPop Global2 R2025A constrained 100 m, India only"
WQS0840,largest upstream area within 1 km,40922151.0,22.0,76833.3,514.182,6.0,4120897490.0,41067217.0,2210.2,1.0,24206771.0,566.0,422781.0,20.0,4276.0,0.009,47078.2,2020,"HydroRIVERS v1.0 / HydroBASINS v1c level 12 (Lehner & Grill 2013); WorldPop Global2 R2025A constrained 100 m, India only"
WQS0841,largest upstream area within 1 km,41058143.0,263.0,126.1,1.161,2.0,4121523520.0,41067217.0,2557.6,3.0,91975.0,1.0,91975.0,1.0,91975.0,0.0,79220.5,2020,"HydroRIVERS v1.0 / HydroBASINS v1c level 12 (Lehner & Grill 2013); WorldPop Global2 R2025A constrained 100 m, India only"
WQS0842,largest upstream area within 1 km,41000142.0,167.0,398.4,3.684,2.0,4120937350.0,41067217.0,2423.6,1.0,102555.0,3.0,102555.0,3.0,49893.0,0.0,27837.9,2020,"HydroRIVERS v1.0 / HydroBASINS v1c level 12 (Lehner & Grill 2013); WorldPop Global2 R2025A constrained 100 m, India only"
WQS0843,largest upstream area within 1 km,41000142.0,195.0,398.4,3.684,2.0,4120937350.0,41067217.0,2423.6,1.0,102555.0,3.0,102555.0,3.0,49893.0,0.0,27837.9,2020,"HydroRIVERS v1.0 / HydroBASINS v1c level 12 (Lehner & Grill 2013); WorldPop Global2 R2025A constrained 100 m, India only"
WQS0844,largest upstream area within 1 km,41068463.0,41.0,1302.7,10.429,3.0,4121526250.0,41067217.0,2679.1,1.0,893179.0,9.0,338528.0,6.0,38481.0,0.0,85643.8,2020,"HydroRIVERS v1.0 / HydroBASINS v1c level 12 (Lehner & Grill 2013); WorldPop Global2 R2025A constrained 100 m, India only"
WQS0845,largest upstream area within 1 km,41115726.0,260.0,845.7,8.502,3.0,4121001790.0,41141330.0,287.0,1.0,356361.0,6.0,356361.0,6.0,56025.0,0.0,41915.0,2020,"HydroRIVERS v1.0 / HydroBASINS v1c level 12 (Lehner & Grill 2013); WorldPop Global2 R2025A constrained 100 m, India only"
WQS0848,nearest reach within 2 km,41064963.0,1687.0,49.1,0.529,1.0,4120977190.0,41114851.0,491.9,0.0,264837.0,1.0,264837.0,1.0,264837.0,0.0,500637.1,2020,"HydroRIVERS v1.0 / HydroBASINS v1c level 12 (Lehner & Grill 2013); WorldPop Global2 R2025A constrained 100 m, India only"
WQS0849,unsnapped (> 2 km from any reach),,,,,,,,,,,,,,,,,2020,"HydroRIVERS v1.0 / HydroBASINS v1c level 12 (Lehner & Grill 2013); WorldPop Global2 R2025A constrained 100 m, India only"
WQS0850,largest upstream area within 1 km,41058598.0,850.0,1691.9,28.261,4.0,4120970880.0,41067217.0,1552.2,7.0,338051.0,13.0,133760.0,5.0,53414.0,0.0,11961.7,2020,"HydroRIVERS v1.0 / HydroBASINS v1c level 12 (Lehner & Grill 2013); WorldPop Global2 R2025A constrained 100 m, India only"
WQS0851,largest upstream area within 1 km,41068689.0,211.0,382.0,7.061,3.0,4120978890.0,41067217.0,2257.0,1.0,813834.0,3.0,813834.0,3.0,588854.0,0.0,115257.6,2020,"HydroRIVERS v1.0 / HydroBASINS v1c level 12 (Lehner & Grill 2013); WorldPop Global2 R2025A constrained 100 m, India only"
WQS0852,largest upstream area within 1 km,41072761.0,503.0,677.1,12.857,3.0,4120980400.0,41067217.0,2240.3,4.0,1432440.0,5.0,1432440.0,5.0,502253.0,0.0,111413.2,2020,"HydroRIVERS v1.0 / HydroBASINS v1c level 12 (Lehner & Grill 2013); WorldPop Global2 R2025A constrained 100 m, India only"
WQS0855,largest upstream area within 1 km,40999637.0,392.0,52.9,0.748,2.0,4120934020.0,41067217.0,1490.2,1.0,143753.0,1.0,143753.0,1.0,143753.0,0.0,192183.2,2020,"HydroRIVERS v1.0 / HydroBASINS v1c level 12 (Lehner & Grill 2013); WorldPop Global2 R2025A constrained 100 m, India only"
WQS0856,unsnapped (> 2 km from any reach),,,,,,,,,,,,,,,,,2020,"HydroRIVERS v1.0 / HydroBASINS v1c level 12 (Lehner & Grill 2013); WorldPop Global2 R2025A constrained 100 m, India only"
WQS0857,largest upstream area within 1 km,40988646.0,77.0,20549.7,323.564,6.0,4120932050.0,41067217.0,1774.5,1.0,3186976.0,158.0,90456.0,8.0,21467.0,0.006,9849.6,2020,"HydroRIVERS v1.0 / HydroBASINS v1c level 12 (Lehner & Grill 2013); WorldPop Global2 R2025A constrained 100 m, India only"
WQS0858,largest upstream area within 1 km,41097333.0,208.0,48.1,0.418,1.0,4121532420.0,41067217.0,2756.8,1.0,993426.0,1.0,993426.0,1.0,993426.0,0.0,2376617.2,2020,"HydroRIVERS v1.0 / HydroBASINS v1c level 12 (Lehner & Grill 2013); WorldPop Global2 R2025A constrained 100 m, India only"
WQS0859,largest upstream area within 1 km,41097333.0,224.0,48.1,0.418,1.0,4121532420.0,41067217.0,2756.8,1.0,993426.0,1.0,993426.0,1.0,993426.0,0.0,2376617.2,2020,"HydroRIVERS v1.0 / HydroBASINS v1c level 12 (Lehner & Grill 2013); WorldPop Global2 R2025A constrained 100 m, India only"
WQS0860,largest upstream area within 1 km,41086816.0,66.0,410.5,3.42,3.0,4120983380.0,41067217.0,2720.0,1.0,2132384.0,3.0,2132384.0,3.0,270287.0,0.0,623504.1,2020,"HydroRIVERS v1.0 / HydroBASINS v1c level 12 (Lehner & Grill 2013); WorldPop Global2 R2025A constrained 100 m, India only"
WQS0861,largest upstream area within 1 km,41068463.0,160.0,1302.7,10.429,3.0,4121526250.0,41067217.0,2679.1,1.0,893179.0,9.0,338528.0,6.0,38481.0,0.0,85643.8,2020,"HydroRIVERS v1.0 / HydroBASINS v1c level 12 (Lehner & Grill 2013); WorldPop Global2 R2025A constrained 100 m, India only"
WQS0862,largest upstream area within 1 km,41068680.0,695.0,2103.6,18.05,4.0,4121526160.0,41067217.0,2685.8,3.0,3807950.0,16.0,2474998.0,11.0,241188.0,0.0,210966.8,2020,"HydroRIVERS v1.0 / HydroBASINS v1c level 12 (Lehner & Grill 2013); WorldPop Global2 R2025A constrained 100 m, India only"
WQS0863,largest upstream area within 1 km,41068680.0,793.0,2103.6,18.05,4.0,4121526160.0,41067217.0,2685.8,1.0,3807950.0,16.0,2474998.0,11.0,241188.0,0.0,210966.8,2020,"HydroRIVERS v1.0 / HydroBASINS v1c level 12 (Lehner & Grill 2013); WorldPop Global2 R2025A constrained 100 m, India only"
WQS0864,largest upstream area within 1 km,41080202.0,211.0,913.5,8.131,3.0,4121528390.0,41067217.0,2717.2,4.0,838534.0,8.0,838534.0,8.0,46086.0,0.0,103128.0,2020,"HydroRIVERS v1.0 / HydroBASINS v1c level 12 (Lehner & Grill 2013); WorldPop Global2 R2025A constrained 100 m, India only"
WQS0867,largest upstream area within 1 km,41078045.0,21.0,43.1,0.388,1.0,4121529030.0,41114851.0,512.4,1.0,89032.0,1.0,89032.0,1.0,89032.0,0.0,229463.9,2020,"HydroRIVERS v1.0 / HydroBASINS v1c level 12 (Lehner & Grill 2013); WorldPop Global2 R2025A constrained 100 m, India only"
WQS0868,largest upstream area within 1 km,41062821.0,14.0,32.9,0.455,1.0,4120971540.0,41114851.0,408.6,1.0,86106.0,2.0,42959.0,1.0,42959.0,0.0,189244.0,2020,"HydroRIVERS v1.0 / HydroBASINS v1c level 12 (Lehner & Grill 2013); WorldPop Global2 R2025A constrained 100 m, India only"
WQS0869,largest upstream area within 1 km,41061999.0,348.0,3746.1,44.774,4.0,4120973390.0,41114851.0,419.5,1.0,1432516.0,29.0,500774.0,10.0,18930.0,0.0,31994.4,2020,"HydroRIVERS v1.0 / HydroBASINS v1c level 12 (Lehner & Grill 2013); WorldPop Global2 R2025A constrained 100 m, India only"
WQS0870,largest upstream area within 1 km,41045464.0,454.0,96.2,0.931,2.0,4121520790.0,41067217.0,2616.4,3.0,648608.0,10.0,92276.0,1.0,92276.0,0.0,696678.8,2020,"HydroRIVERS v1.0 / HydroBASINS v1c level 12 (Lehner & Grill 2013); WorldPop Global2 R2025A constrained 100 m, India only"
WQS0871,largest upstream area within 1 km,40961707.0,116.0,619.9,6.678,3.0,4121499720.0,41067217.0,1510.3,3.0,284383.0,5.0,284383.0,5.0,224532.0,0.0,42585.1,2020,"HydroRIVERS v1.0 / HydroBASINS v1c level 12 (Lehner & Grill 2013); WorldPop Global2 R2025A constrained 100 m, India only"
WQS0872,largest upstream area within 1 km,40961707.0,544.0,619.9,6.678,3.0,4121499720.0,41067217.0,1510.3,5.0,284383.0,5.0,284383.0,5.0,224532.0,0.0,42585.1,2020,"HydroRIVERS v1.0 / HydroBASINS v1c level 12 (Lehner & Grill 2013); WorldPop Global2 R2025A constrained 100 m, India only"
WQS0911,largest upstream area within 1 km,41058582.0,428.0,261.3,3.066,3.0,4120971770.0,41067217.0,2627.3,1.0,134664.0,3.0,134664.0,3.0,40742.0,0.0,43921.7,2020,"HydroRIVERS v1.0 / HydroBASINS v1c level 12 (Lehner & Grill 2013); WorldPop Global2 R2025A constrained 100 m, India only"
WQS0915,largest upstream area within 1 km,40997633.0,621.0,24815.4,363.675,6.0,4120937400.0,41067217.0,1235.8,3.0,7264057.0,199.0,288039.0,6.0,750.0,0.0,19974.0,2020,"HydroRIVERS v1.0 / HydroBASINS v1c level 12 (Lehner & Grill 2013); WorldPop Global2 R2025A constrained 100 m, India only"
WQS0916,largest upstream area within 1 km,40900429.0,647.0,428.1,1.611,2.0,4121485830.0,41067217.0,1995.7,5.0,53995.0,4.0,53995.0,4.0,24310.0,0.0,33516.4,2020,"HydroRIVERS v1.0 / HydroBASINS v1c level 12 (Lehner & Grill 2013); WorldPop Global2 R2025A constrained 100 m, India only"
WQS0917,largest upstream area within 1 km,40919944.0,624.0,113.7,0.498,2.0,4120895590.0,41067217.0,1968.2,1.0,133377.0,1.0,133377.0,1.0,133377.0,0.0,267825.3,2020,"HydroRIVERS v1.0 / HydroBASINS v1c level 12 (Lehner & Grill 2013); WorldPop Global2 R2025A constrained 100 m, India only"
WQS0918,largest upstream area within 1 km,41060128.0,162.0,4668.4,78.673,5.0,4120972100.0,41067217.0,1558.0,3.0,1760439.0,38.0,639304.0,12.0,40907.0,0.0,22376.7,2020,"HydroRIVERS v1.0 / HydroBASINS v1c level 12 (Lehner & Grill 2013); WorldPop Global2 R2025A constrained 100 m, India only"
WQS0919,nearest reach within 2 km,41069072.0,1965.0,69.5,1.139,2.0,4120976360.0,41067217.0,1592.7,0.0,157328.0,1.0,157328.0,1.0,157328.0,0.0,138128.2,2020,"HydroRIVERS v1.0 / HydroBASINS v1c level 12 (Lehner & Grill 2013); WorldPop Global2 R2025A constrained 100 m, India only"
WQS0920,largest upstream area within 1 km,41070583.0,429.0,58.6,0.974,2.0,4120977500.0,41067217.0,1604.0,1.0,1159923.0,27.0,56291.0,1.0,56291.0,0.0,1190886.0,2020,"HydroRIVERS v1.0 / HydroBASINS v1c level 12 (Lehner & Grill 2013); WorldPop Global2 R2025A constrained 100 m, India only"
WQS0921,nearest reach within 2 km,40999426.0,1173.0,24686.5,362.355,6.0,4120937390.0,41067217.0,1237.9,0.0,7208037.0,197.0,561531.0,8.0,57249.0,0.0,19892.2,2020,"HydroRIVERS v1.0 / HydroBASINS v1c level 12 (Lehner & Grill 2013); WorldPop Global2 R2025A constrained 100 m, India only"
WQS0922,nearest reach within 2 km,41006523.0,1892.0,23383.6,347.908,6.0,4120941400.0,41067217.0,1309.0,0.0,6395382.0,185.0,632703.0,10.0,43529.0,0.0,18382.4,2020,"HydroRIVERS v1.0 / HydroBASINS v1c level 12 (Lehner & Grill 2013); WorldPop Global2 R2025A constrained 100 m, India only"
WQS0923,largest upstream area within 1 km,41017745.0,253.0,18748.7,283.8,6.0,4120948870.0,41067217.0,1371.1,3.0,5081270.0,149.0,284168.0,9.0,32094.0,0.0,17904.4,2020,"HydroRIVERS v1.0 / HydroBASINS v1c level 12 (Lehner & Grill 2013); WorldPop Global2 R2025A constrained 100 m, India only"
WQS0924,largest upstream area within 1 km,41062843.0,72.0,32.7,0.491,1.0,4120972100.0,41067217.0,1563.7,1.0,1760439.0,38.0,40907.0,1.0,40907.0,0.0,3585415.5,2020,"HydroRIVERS v1.0 / HydroBASINS v1c level 12 (Lehner & Grill 2013); WorldPop Global2 R2025A constrained 100 m, India only"
WQS0925,unsnapped (> 2 km from any reach),,,,,,,,,,,,,,,,,2020,"HydroRIVERS v1.0 / HydroBASINS v1c level 12 (Lehner & Grill 2013); WorldPop Global2 R2025A constrained 100 m, India only"
WQS0926,largest upstream area within 1 km,41001626.0,909.0,24262.7,360.272,6.0,4120939290.0,41067217.0,1279.4,3.0,6978337.0,194.0,778040.0,12.0,2319.0,0.0,19369.6,2020,"HydroRIVERS v1.0 / HydroBASINS v1c level 12 (Lehner & Grill 2013); WorldPop Global2 R2025A constrained 100 m, India only"
WQS0927,nearest reach within 2 km,41022711.0,1010.0,75.2,1.068,1.0,4120949540.0,41067217.0,1309.7,0.0,78069.0,1.0,78069.0,1.0,78069.0,0.0,73098.3,2020,"HydroRIVERS v1.0 / HydroBASINS v1c level 12 (Lehner & Grill 2013); WorldPop Global2 R2025A constrained 100 m, India only"
WQS0928,largest upstream area within 1 km,40995600.0,212.0,31397.4,458.88,6.0,4121508470.0,41067217.0,1192.6,3.0,8800064.0,250.0,224538.0,7.0,27652.0,0.0,19177.3,2020,"HydroRIVERS v1.0 / HydroBASINS v1c level 12 (Lehner & Grill 2013); WorldPop Global2 R2025A constrained 100 m, India only"
WQS0931,largest upstream area within 1 km,40982602.0,326.0,7197.1,99.093,5.0,4120927260.0,41067217.0,1441.5,1.0,3721508.0,55.0,1470856.0,17.0,20751.0,0.0,37555.7,2020,"HydroRIVERS v1.0 / HydroBASINS v1c level 12 (Lehner & Grill 2013); WorldPop Global2 R2025A constrained 100 m, India only"
WQS0932,nearest reach within 2 km,40970198.0,1027.0,10587.4,138.699,5.0,4120922980.0,41067217.0,1379.2,0.0,5172345.0,79.0,691638.0,11.0,62522.0,0.0,37291.9,2020,"HydroRIVERS v1.0 / HydroBASINS v1c level 12 (Lehner & Grill 2013); WorldPop Global2 R2025A constrained 100 m, India only"
WQS0933,largest upstream area within 1 km,40970198.0,987.0,10587.4,138.699,5.0,4120922980.0,41067217.0,1379.2,1.0,5172345.0,79.0,691638.0,11.0,62522.0,0.0,37291.9,2020,"HydroRIVERS v1.0 / HydroBASINS v1c level 12 (Lehner & Grill 2013); WorldPop Global2 R2025A constrained 100 m, India only"
WQS0934,largest upstream area within 1 km,40997217.0,491.0,3134.6,43.027,4.0,4120936560.0,41067217.0,1509.3,4.0,1545412.0,25.0,1199403.0,16.0,211282.0,0.0,35917.3,2020,"HydroRIVERS v1.0 / HydroBASINS v1c level 12 (Lehner & Grill 2013); WorldPop Global2 R2025A constrained 100 m, India only"
WQS0935,largest upstream area within 1 km,40997218.0,885.0,3160.2,43.416,4.0,4120936560.0,41067217.0,1506.2,7.0,1545412.0,25.0,1146687.0,15.0,211282.0,0.0,35595.4,2020,"HydroRIVERS v1.0 / HydroBASINS v1c level 12 (Lehner & Grill 2013); WorldPop Global2 R2025A constrained 100 m, India only"
WQS0940,largest upstream area within 1 km,40998500.0,850.0,1237.9,17.845,4.0,4121508460.0,41067217.0,1487.4,5.0,1073416.0,9.0,1073416.0,9.0,459864.0,0.0,60152.2,2020,"HydroRIVERS v1.0 / HydroBASINS v1c level 12 (Lehner & Grill 2013); WorldPop Global2 R2025A constrained 100 m, India only"
WQS0941,largest upstream area within 1 km,41049889.0,50.0,2758.3,27.805,4.0,4121521690.0,41067217.0,2549.6,1.0,891048.0,20.0,257230.0,7.0,68935.0,0.0,32046.3,2020,"HydroRIVERS v1.0 / HydroBASINS v1c level 12 (Lehner & Grill 2013); WorldPop Global2 R2025A constrained 100 m, India only"
WQS0942,largest upstream area within 1 km,41024550.0,50.0,1190.2,13.169,4.0,4120951800.0,41067217.0,2562.6,1.0,522204.0,9.0,443511.0,7.0,124135.0,0.0,39654.0,2020,"HydroRIVERS v1.0 / HydroBASINS v1c level 12 (Lehner & Grill 2013); WorldPop Global2 R2025A constrained 100 m, India only"
WQS0950,largest upstream area within 1 km,41153011.0,5.0,487.0,2.67,3.0,4121020470.0,41159039.0,262.3,3.0,167313.0,5.0,167313.0,5.0,46967.0,0.0,62664.0,2020,"HydroRIVERS v1.0 / HydroBASINS v1c level 12 (Lehner & Grill 2013); WorldPop Global2 R2025A constrained 100 m, India only"
WQS0951,largest upstream area within 1 km,41230842.0,256.0,11417.0,222.577,6.0,4121565100.0,41297283.0,1320.1,1.0,12311865.0,81.0,1213469.0,12.0,152362.0,0.0,55315.1,2020,"HydroRIVERS v1.0 / HydroBASINS v1c level 12 (Lehner & Grill 2013); WorldPop Global2 R2025A constrained 100 m, India only"
WQS0952,largest upstream area within 1 km,41229327.0,40.0,2048.0,94.866,5.0,4121564390.0,41297283.0,1424.2,1.0,4950571.0,17.0,4880649.0,15.0,1119333.0,0.0,52184.9,2020,"HydroRIVERS v1.0 / HydroBASINS v1c level 12 (Lehner & Grill 2013); WorldPop Global2 R2025A constrained 100 m, India only"
WQS0953,largest upstream area within 1 km,41258965.0,64.0,33562.8,296.025,6.0,4121083880.0,41297283.0,970.5,1.0,22929554.0,250.0,529929.0,13.0,81328.0,0.004,77458.2,2020,"HydroRIVERS v1.0 / HydroBASINS v1c level 12 (Lehner & Grill 2013); WorldPop Global2 R2025A constrained 100 m, India only"
WQS0954,largest upstream area within 1 km,41226350.0,580.0,2223.7,75.727,5.0,4121066780.0,41297283.0,1407.8,3.0,2197682.0,17.0,1506504.0,9.0,281019.0,0.0,29021.1,2020,"HydroRIVERS v1.0 / HydroBASINS v1c level 12 (Lehner & Grill 2013); WorldPop Global2 R2025A constrained 100 m, India only"
WQS0955,nearest reach within 2 km,41235853.0,1499.0,483.0,1.848,3.0,4121071600.0,41297283.0,1260.1,0.0,248565.0,4.0,248565.0,4.0,1365.0,0.0,134504.9,2020,"HydroRIVERS v1.0 / HydroBASINS v1c level 12 (Lehner & Grill 2013); WorldPop Global2 R2025A constrained 100 m, India only"
WQS0956,largest upstream area within 1 km,41218536.0,255.0,235.6,1.253,3.0,4121562190.0,41275841.0,1177.1,3.0,78640.0,2.0,78640.0,2.0,35630.0,0.0,62761.4,2020,"HydroRIVERS v1.0 / HydroBASINS v1c level 12 (Lehner & Grill 2013); WorldPop Global2 R2025A constrained 100 m, India only"
WQS0957,largest upstream area within 1 km,41161049.0,971.0,1769.2,4.686,3.0,4121025590.0,41159039.0,331.9,3.0,548106.0,12.0,257166.0,6.0,101150.0,0.0,116966.7,2020,"HydroRIVERS v1.0 / HydroBASINS v1c level 12 (Lehner & Grill 2013); WorldPop Global2 R2025A constrained 100 m, India only"
WQS0958,largest upstream area within 1 km,41251595.0,95.0,24323.0,270.515,6.0,4121079550.0,41297283.0,1089.5,4.0,19383606.0,183.0,1051789.0,12.0,206384.0,0.0,71654.5,2020,"HydroRIVERS v1.0 / HydroBASINS v1c level 12 (Lehner & Grill 2013); WorldPop Global2 R2025A constrained 100 m, India only"
WQS0959,largest upstream area within 1 km,41250836.0,209.0,24118.7,271.126,6.0,4121079400.0,41297283.0,1097.2,1.0,19073656.0,181.0,881094.0,12.0,122076.0,0.0,70349.8,2020,"HydroRIVERS v1.0 / HydroBASINS v1c level 12 (Lehner & Grill 2013); WorldPop Global2 R2025A constrained 100 m, India only"
WQS0960,largest upstream area within 1 km,41193620.0,745.0,960.2,35.806,4.0,4121045610.0,41275841.0,1450.2,3.0,580905.0,7.0,580905.0,7.0,213993.0,0.0,16223.7,2020,"HydroRIVERS v1.0 / HydroBASINS v1c level 12 (Lehner & Grill 2013); WorldPop Global2 R2025A constrained 100 m, India only"
WQS0961,largest upstream area within 1 km,41192064.0,765.0,1196.0,43.47,4.0,4121044860.0,41275841.0,1441.3,5.0,1046614.0,9.0,979855.0,8.0,209586.0,0.0,24076.7,2020,"HydroRIVERS v1.0 / HydroBASINS v1c level 12 (Lehner & Grill 2013); WorldPop Global2 R2025A constrained 100 m, India only"
WQS0962,largest upstream area within 1 km,41193619.0,20.0,947.7,35.454,4.0,4121045610.0,41275841.0,1452.0,5.0,580905.0,7.0,580905.0,7.0,213993.0,0.0,16384.8,2020,"HydroRIVERS v1.0 / HydroBASINS v1c level 12 (Lehner & Grill 2013); WorldPop Global2 R2025A constrained 100 m, India only"
WQS0963,largest upstream area within 1 km,41192603.0,517.0,1017.3,37.421,4.0,4121045610.0,41275841.0,1443.0,5.0,580905.0,7.0,514146.0,6.0,213993.0,0.0,15523.5,2020,"HydroRIVERS v1.0 / HydroBASINS v1c level 12 (Lehner & Grill 2013); WorldPop Global2 R2025A constrained 100 m, India only"
WQS0964,largest upstream area within 1 km,41195339.0,692.0,583.2,23.794,4.0,4121047520.0,41275841.0,1469.6,4.0,285958.0,5.0,285958.0,5.0,23249.0,0.0,12018.1,2020,"HydroRIVERS v1.0 / HydroBASINS v1c level 12 (Lehner & Grill 2013); WorldPop Global2 R2025A constrained 100 m, India only"
WQS0965,largest upstream area within 1 km,41221171.0,261.0,3242.1,38.072,4.0,4121063550.0,41297283.0,1383.3,3.0,2391072.0,22.0,1021318.0,9.0,163350.0,0.0,62804.0,2020,"HydroRIVERS v1.0 / HydroBASINS v1c level 12 (Lehner & Grill 2013); WorldPop Global2 R2025A constrained 100 m, India only"
WQS0966,largest upstream area within 1 km,41163970.0,114.0,9067.2,44.905,5.0,4121548250.0,41159039.0,403.5,1.0,4794919.0,70.0,317609.0,8.0,118201.0,0.0,106779.2,2020,"HydroRIVERS v1.0 / HydroBASINS v1c level 12 (Lehner & Grill 2013); WorldPop Global2 R2025A constrained 100 m, India only"
WQS0967,largest upstream area within 1 km,41210588.0,36.0,30738.3,228.745,6.0,4121561360.0,41275841.0,1066.2,1.0,18417973.0,244.0,434100.0,15.0,53496.0,0.008,80517.5,2020,"HydroRIVERS v1.0 / HydroBASINS v1c level 12 (Lehner & Grill 2013); WorldPop Global2 R2025A constrained 100 m, India only"
WQS0968,largest upstream area within 1 km,41203975.0,250.0,22233.2,182.68,6.0,4121053330.0,41275841.0,1217.8,3.0,15965966.0,175.0,1227124.0,24.0,37069.0,0.011,87398.5,2020,"HydroRIVERS v1.0 / HydroBASINS v1c level 12 (Lehner & Grill 2013); WorldPop Global2 R2025A constrained 100 m, India only"
WQS0969,largest upstream area within 1 km,41212563.0,953.0,51849.2,289.91,7.0,4121058170.0,41275841.0,871.5,5.0,25481706.0,417.0,635982.0,8.0,416840.0,0.005,87895.2,2020,"HydroRIVERS v1.0 / HydroBASINS v1c level 12 (Lehner & Grill 2013); WorldPop Global2 R2025A constrained 100 m, India only"
WQS0970,largest upstream area within 1 km,41190063.0,957.0,4351.1,100.12,5.0,4121044670.0,41275841.0,1402.4,3.0,4488921.0,33.0,3347796.0,18.0,86923.0,0.0,44835.4,2020,"HydroRIVERS v1.0 / HydroBASINS v1c level 12 (Lehner & Grill 2013); WorldPop Global2 R2025A constrained 100 m, India only"
WQS0972,largest upstream area within 1 km,41190681.0,246.0,738.1,22.776,4.0,4121044780.0,41275841.0,1443.3,3.0,1627282.0,6.0,1627282.0,6.0,279002.0,0.0,71447.2,2020,"HydroRIVERS v1.0 / HydroBASINS v1c level 12 (Lehner & Grill 2013); WorldPop Global2 R2025A constrained 100 m, India only"
WQS0973,largest upstream area within 1 km,41146002.0,156.0,1046.0,5.513,4.0,4121018150.0,41159039.0,237.4,1.0,354606.0,8.0,354606.0,8.0,101967.0,0.0,64321.8,2020,"HydroRIVERS v1.0 / HydroBASINS v1c level 12 (Lehner & Grill 2013); WorldPop Global2 R2025A constrained 100 m, India only"
WQS0974,largest upstream area within 1 km,41174818.0,83.0,255.3,0.775,2.0,4121033700.0,41159039.0,444.2,1.0,106346.0,2.0,106346.0,2.0,78132.0,0.0,137220.6,2020,"HydroRIVERS v1.0 / HydroBASINS v1c level 12 (Lehner & Grill 2013); WorldPop Global2 R2025A constrained 100 m, India only"
WQS0975,largest upstream area within 1 km,41225211.0,23.0,831.8,38.3,4.0,4121066000.0,41297283.0,1440.0,5.0,1243384.0,7.0,1093065.0,5.0,186387.0,0.0,32464.3,2020,"HydroRIVERS v1.0 / HydroBASINS v1c level 12 (Lehner & Grill 2013); WorldPop Global2 R2025A constrained 100 m, India only"
WQS0976,largest upstream area within 1 km,41155547.0,0.0,1030.5,9.985,3.0,4121023570.0,41275841.0,895.7,1.0,515337.0,6.0,515337.0,6.0,203761.0,0.0,51611.1,2020,"HydroRIVERS v1.0 / HydroBASINS v1c level 12 (Lehner & Grill 2013); WorldPop Global2 R2025A constrained 100 m, India only"
WQS0977,largest upstream area within 1 km,41261414.0,14.0,5421.5,209.971,5.0,4121086460.0,41297283.0,1225.3,3.0,2481303.0,39.0,1197039.0,19.0,195097.0,0.0,11817.4,2020,"HydroRIVERS v1.0 / HydroBASINS v1c level 12 (Lehner & Grill 2013); WorldPop Global2 R2025A constrained 100 m, India only"
WQS0978,largest upstream area within 1 km,41251252.0,691.0,1294.0,51.845,4.0,4121080050.0,41297283.0,1297.3,5.0,919864.0,9.0,873743.0,8.0,120481.0,0.0,17742.6,2020,"HydroRIVERS v1.0 / HydroBASINS v1c level 12 (Lehner & Grill 2013); WorldPop Global2 R2025A constrained 100 m, India only"
WQS0979,largest upstream area within 1 km,41251144.0,345.0,1283.0,51.536,4.0,4121080050.0,41297283.0,1297.9,3.0,919864.0,9.0,873743.0,8.0,120481.0,0.0,17849.0,2020,"HydroRIVERS v1.0 / HydroBASINS v1c level 12 (Lehner & Grill 2013); WorldPop Global2 R2025A constrained 100 m, India only"
WQS0981,largest upstream area within 1 km,41244595.0,218.0,12.3,0.552,1.0,4121568140.0,41297283.0,1344.1,1.0,126014.0,2.0,79893.0,1.0,79893.0,0.0,228286.2,2020,"HydroRIVERS v1.0 / HydroBASINS v1c level 12 (Lehner & Grill 2013); WorldPop Global2 R2025A constrained 100 m, India only"
WQS0982,largest upstream area within 1 km,41272382.0,147.0,10116.2,250.909,5.0,4121090230.0,41297283.0,1122.8,3.0,5153370.0,73.0,1282639.0,15.0,293258.0,0.0,20538.8,2020,"HydroRIVERS v1.0 / HydroBASINS v1c level 12 (Lehner & Grill 2013); WorldPop Global2 R2025A constrained 100 m, India only"
WQS0984,largest upstream area within 1 km,41232543.0,139.0,4669.4,19.31,4.0,4121070630.0,41275841.0,1298.2,1.0,1694775.0,36.0,666510.0,14.0,43810.0,0.0,87766.7,2020,"HydroRIVERS v1.0 / HydroBASINS v1c level 12 (Lehner & Grill 2013); WorldPop Global2 R2025A constrained 100 m, India only"
WQS0985,largest upstream area within 1 km,41232543.0,99.0,4669.4,19.31,4.0,4121070630.0,41275841.0,1298.2,1.0,1694775.0,36.0,666510.0,14.0,43810.0,0.0,87766.7,2020,"HydroRIVERS v1.0 / HydroBASINS v1c level 12 (Lehner & Grill 2013); WorldPop Global2 R2025A constrained 100 m, India only"
WQS0986,largest upstream area within 1 km,41160580.0,626.0,377.8,1.684,2.0,4121026570.0,41159039.0,413.4,1.0,119716.0,3.0,119716.0,3.0,49752.0,0.0,71090.3,2020,"HydroRIVERS v1.0 / HydroBASINS v1c level 12 (Lehner & Grill 2013); WorldPop Global2 R2025A constrained 100 m, India only"
WQS0987,largest upstream area within 1 km,41228279.0,138.0,720.4,38.623,4.0,4121067310.0,41297283.0,1439.5,1.0,1018288.0,5.0,1018288.0,5.0,774352.0,0.0,26364.8,2020,"HydroRIVERS v1.0 / HydroBASINS v1c level 12 (Lehner & Grill 2013); WorldPop Global2 R2025A constrained 100 m, India only"
WQS0988,largest upstream area within 1 km,41232263.0,606.0,552.4,26.347,4.0,4121565090.0,41297283.0,1443.3,1.0,138965.0,5.0,138965.0,5.0,83334.0,0.0,5274.4,2020,"HydroRIVERS v1.0 / HydroBASINS v1c level 12 (Lehner & Grill 2013); WorldPop Global2 R2025A constrained 100 m, India only"
WQS0989,largest upstream area within 1 km,41229895.0,24.0,730.0,30.769,4.0,4121068280.0,41297283.0,1429.4,1.0,1254267.0,6.0,1254267.0,6.0,1115302.0,0.0,40764.0,2020,"HydroRIVERS v1.0 / HydroBASINS v1c level 12 (Lehner & Grill 2013); WorldPop Global2 R2025A constrained 100 m, India only"
WQS0991,largest upstream area within 1 km,41241034.0,162.0,2320.4,58.682,5.0,4121074420.0,41297283.0,1300.4,3.0,855425.0,18.0,571205.0,10.0,51563.0,0.0,14577.3,2020,"HydroRIVERS v1.0 / HydroBASINS v1c level 12 (Lehner & Grill 2013); WorldPop Global2 R2025A constrained 100 m, India only"
WQS0992,largest upstream area within 1 km,41241978.0,89.0,3516.7,61.739,5.0,4121567340.0,41297283.0,1267.6,1.0,1651926.0,28.0,1075266.0,14.0,110221.0,0.0,26756.6,2020,"HydroRIVERS v1.0 / HydroBASINS v1c level 12 (Lehner & Grill 2013); WorldPop Global2 R2025A constrained 100 m, India only"
WQS0993,largest upstream area within 1 km,41239220.0,863.0,1413.2,48.724,5.0,4121073930.0,41297283.0,1334.8,3.0,535325.0,13.0,535325.0,13.0,90065.0,0.0,10986.9,2020,"HydroRIVERS v1.0 / HydroBASINS v1c level 12 (Lehner & Grill 2013); WorldPop Global2 R2025A constrained 100 m, India only"
WQS0994,largest upstream area within 1 km,41240626.0,697.0,2215.4,58.626,5.0,4121074420.0,41297283.0,1305.8,5.0,855425.0,18.0,733094.0,12.0,51563.0,0.0,14591.2,2020,"HydroRIVERS v1.0 / HydroBASINS v1c level 12 (Lehner & Grill 2013); WorldPop Global2 R2025A constrained 100 m, India only"
WQS0995,largest upstream area within 1 km,41277180.0,137.0,2313.4,120.783,5.0,4121575800.0,41297283.0,1100.0,1.0,1738870.0,17.0,1278063.0,5.0,199292.0,0.0,14396.6,2020,"HydroRIVERS v1.0 / HydroBASINS v1c level 12 (Lehner & Grill 2013); WorldPop Global2 R2025A constrained 100 m, India only"
WQS0996,largest upstream area within 1 km,41275711.0,324.0,1896.6,112.829,5.0,4121575540.0,41297283.0,1127.3,3.0,1152728.0,14.0,1042083.0,9.0,268223.0,0.0,10216.6,2020,"HydroRIVERS v1.0 / HydroBASINS v1c level 12 (Lehner & Grill 2013); WorldPop Global2 R2025A constrained 100 m, India only"
WQS0997,largest upstream area within 1 km,41276235.0,495.0,39.9,0.552,2.0,4121092460.0,41297283.0,1084.8,3.0,1862771.0,18.0,123901.0,1.0,123901.0,0.0,3374585.1,2020,"HydroRIVERS v1.0 / HydroBASINS v1c level 12 (Lehner & Grill 2013); WorldPop Global2 R2025A constrained 100 m, India only"
WQS0998,largest upstream area within 1 km,41276143.0,612.0,1083.7,66.938,5.0,4121091880.0,41297283.0,1156.6,4.0,323632.0,8.0,300600.0,7.0,63691.0,0.0,4834.8,2020,"HydroRIVERS v1.0 / HydroBASINS v1c level 12 (Lehner & Grill 2013); WorldPop Global2 R2025A constrained 100 m, India only"
WQS0999,largest upstream area within 1 km,41164348.0,475.0,758.1,8.371,3.0,4121028730.0,41159039.0,418.4,3.0,277302.0,5.0,277302.0,5.0,54657.0,0.0,33126.5,2020,"HydroRIVERS v1.0 / HydroBASINS v1c level 12 (Lehner & Grill 2013); WorldPop Global2 R2025A constrained 100 m, India only"
WQS1000,largest upstream area within 1 km,41226806.0,20.0,437.2,22.854,3.0,4121067250.0,41297283.0,1450.6,1.0,1173096.0,4.0,1173096.0,4.0,876439.0,0.0,51330.0,2020,"HydroRIVERS v1.0 / HydroBASINS v1c level 12 (Lehner & Grill 2013); WorldPop Global2 R2025A constrained 100 m, India only"
WQS1001,largest upstream area within 1 km,41227584.0,71.0,486.5,24.213,3.0,4121067250.0,41297283.0,1443.2,3.0,1173096.0,4.0,1173096.0,4.0,876439.0,0.0,48449.0,2020,"HydroRIVERS v1.0 / HydroBASINS v1c level 12 (Lehner & Grill 2013); WorldPop Global2 R2025A constrained 100 m, India only"
WQS1002,largest upstream area within 1 km,41227272.0,48.0,466.7,23.69,3.0,4121067250.0,41297283.0,1446.2,4.0,1173096.0,4.0,1173096.0,4.0,876439.0,0.0,49518.6,2020,"HydroRIVERS v1.0 / HydroBASINS v1c level 12 (Lehner & Grill 2013); WorldPop Global2 R2025A constrained 100 m, India only"
WQS1004,largest upstream area within 1 km,41164817.0,0.0,47.1,0.395,1.0,4121029290.0,41159039.0,608.5,1.0,65234.0,3.0,7757.0,1.0,7757.0,0.0,165149.4,2020,"HydroRIVERS v1.0 / HydroBASINS v1c level 12 (Lehner & Grill 2013); WorldPop Global2 R2025A constrained 100 m, India only"
WQS1005,largest upstream area within 1 km,41160931.0,279.0,218.6,4.599,3.0,4121546780.0,41159039.0,149.0,1.0,126687.0,2.0,126687.0,2.0,96398.0,0.0,27546.6,2020,"HydroRIVERS v1.0 / HydroBASINS v1c level 12 (Lehner & Grill 2013); WorldPop Global2 R2025A constrained 100 m, India only"
WQS1006,largest upstream area within 1 km,41254431.0,106.0,348.0,14.428,3.0,4121082270.0,41297283.0,1269.2,1.0,175216.0,3.0,175216.0,3.0,76394.0,0.0,12144.2,2020,"HydroRIVERS v1.0 / HydroBASINS v1c level 12 (Lehner & Grill 2013); WorldPop Global2 R2025A constrained 100 m, India only"
WQS1007,largest upstream area within 1 km,41228152.0,93.0,6164.7,181.758,6.0,4121068080.0,41297283.0,1350.7,3.0,8729094.0,46.0,1460418.0,11.0,101463.0,0.0,48025.9,2020,"HydroRIVERS v1.0 / HydroBASINS v1c level 12 (Lehner & Grill 2013); WorldPop Global2 R2025A constrained 100 m, India only"
WQS1008,largest upstream area within 1 km,41256807.0,630.0,22.3,0.087,1.0,4121570650.0,41297283.0,1052.2,1.0,94100.0,1.0,94100.0,1.0,94100.0,0.0,1081609.2,2020,"HydroRIVERS v1.0 / HydroBASINS v1c level 12 (Lehner & Grill 2013); WorldPop Global2 R2025A constrained 100 m, India only"
WQS1009,largest upstream area within 1 km,41230653.0,53.0,669.3,29.242,4.0,4121068280.0,41297283.0,1434.6,3.0,1254267.0,6.0,1254267.0,6.0,1115302.0,0.0,42892.7,2020,"HydroRIVERS v1.0 / HydroBASINS v1c level 12 (Lehner & Grill 2013); WorldPop Global2 R2025A constrained 100 m, India only"
WQS1011,largest upstream area within 1 km,41159202.0,440.0,131.6,0.589,1.0,4121025740.0,41159039.0,425.0,1.0,27007.0,1.0,27007.0,1.0,27007.0,0.0,45852.3,2020,"HydroRIVERS v1.0 / HydroBASINS v1c level 12 (Lehner & Grill 2013); WorldPop Global2 R2025A constrained 100 m, India only"
WQS1012,largest upstream area within 1 km,41176866.0,692.0,3479.2,35.153,4.0,4121036800.0,41159039.0,560.5,3.0,2705905.0,29.0,2115397.0,19.0,253929.0,0.0,76975.1,2020,"HydroRIVERS v1.0 / HydroBASINS v1c level 12 (Lehner & Grill 2013); WorldPop Global2 R2025A constrained 100 m, India only"
WQS1014,largest upstream area within 1 km,41190369.0,486.0,631.4,19.36,4.0,4121555490.0,41275841.0,1447.1,3.0,1348280.0,5.0,1348280.0,5.0,1120602.0,0.0,69642.6,2020,"HydroRIVERS v1.0 / HydroBASINS v1c level 12 (Lehner & Grill 2013); WorldPop Global2 R2025A constrained 100 m, India only"
WQS1015,largest upstream area within 1 km,41203476.0,724.0,68.2,0.338,2.0,4121053260.0,41275841.0,1220.4,1.0,43151.0,1.0,43151.0,1.0,43151.0,0.0,127665.7,2020,"HydroRIVERS v1.0 / HydroBASINS v1c level 12 (Lehner & Grill 2013); WorldPop Global2 R2025A constrained 100 m, India only"
WQS1016,largest upstream area within 1 km,41190272.0,143.0,600.7,18.808,4.0,4121555490.0,41275841.0,1448.4,1.0,1348280.0,5.0,1348280.0,5.0,1120602.0,0.0,71686.5,2020,"HydroRIVERS v1.0 / HydroBASINS v1c level 12 (Lehner & Grill 2013); WorldPop Global2 R2025A constrained 100 m, India only"
WQS1017,largest upstream area within 1 km,41206668.0,31.0,23820.9,191.194,6.0,4121054800.0,41275841.0,1170.8,1.0,16391796.0,191.0,392177.0,15.0,19298.0,0.01,85733.8,2020,"HydroRIVERS v1.0 / HydroBASINS v1c level 12 (Lehner & Grill 2013); WorldPop Global2 R2025A constrained 100 m, India only"
WQS1018,largest upstream area within 1 km,41190681.0,257.0,738.1,22.776,4.0,4121044780.0,41275841.0,1443.3,3.0,1627282.0,6.0,1627282.0,6.0,279002.0,0.0,71447.2,2020,"HydroRIVERS v1.0 / HydroBASINS v1c level 12 (Lehner & Grill 2013); WorldPop Global2 R2025A constrained 100 m, India only"
WQS1019,largest upstream area within 1 km,41228538.0,762.0,2468.5,11.76,4.0,4121067330.0,41275841.0,1366.8,1.0,766945.0,18.0,458153.0,11.0,52377.0,0.0,65216.4,2020,"HydroRIVERS v1.0 / HydroBASINS v1c level 12 (Lehner & Grill 2013); WorldPop Global2 R2025A constrained 100 m, India only"
WQS1020,largest upstream area within 1 km,41219226.0,171.0,54876.0,294.343,7.0,4121062450.0,41275841.0,804.2,1.0,26329482.0,440.0,350783.0,10.0,17328.0,0.005,89451.7,2020,"HydroRIVERS v1.0 / HydroBASINS v1c level 12 (Lehner & Grill 2013); WorldPop Global2 R2025A constrained 100 m, India only"
WQS1021,largest upstream area within 1 km,41190272.0,30.0,600.7,18.808,4.0,4121555490.0,41275841.0,1448.4,2.0,1348280.0,5.0,1348280.0,5.0,1120602.0,0.0,71686.5,2020,"HydroRIVERS v1.0 / HydroBASINS v1c level 12 (Lehner & Grill 2013); WorldPop Global2 R2025A constrained 100 m, India only"
WQS1022,largest upstream area within 1 km,41189941.0,300.0,2301.1,73.721,5.0,4121043980.0,41275841.0,1419.4,5.0,2860793.0,16.0,2553691.0,11.0,186897.0,0.0,38805.7,2020,"HydroRIVERS v1.0 / HydroBASINS v1c level 12 (Lehner & Grill 2013); WorldPop Global2 R2025A constrained 100 m, India only"
WQS1024,largest upstream area within 1 km,41189436.0,542.0,370.5,13.47,4.0,4121043970.0,41275841.0,1459.0,5.0,163014.0,3.0,163014.0,3.0,22800.0,0.0,12102.0,2020,"HydroRIVERS v1.0 / HydroBASINS v1c level 12 (Lehner & Grill 2013); WorldPop Global2 R2025A constrained 100 m, India only"
WQS1025,unsnapped (> 2 km from any reach),,,,,,,,,,,,,,,,,2020,"HydroRIVERS v1.0 / HydroBASINS v1c level 12 (Lehner & Grill 2013); WorldPop Global2 R2025A constrained 100 m, India only"
WQS1026,largest upstream area within 1 km,41189848.0,148.0,542.5,17.931,4.0,4121555490.0,41275841.0,1454.2,1.0,1348280.0,5.0,1348280.0,5.0,1120602.0,0.0,75192.7,2020,"HydroRIVERS v1.0 / HydroBASINS v1c level 12 (Lehner & Grill 2013); WorldPop Global2 R2025A constrained 100 m, India only"
WQS1027,largest upstream area within 1 km,41225871.0,914.0,873.7,39.133,4.0,4121066000.0,41297283.0,1435.7,5.0,1243384.0,7.0,1044732.0,4.0,186387.0,0.0,31773.3,2020,"HydroRIVERS v1.0 / HydroBASINS v1c level 12 (Lehner & Grill 2013); WorldPop Global2 R2025A constrained 100 m, India only"
WQS1028,largest upstream area within 1 km,41225095.0,80.0,797.4,37.599,4.0,4121563560.0,41297283.0,1444.7,3.0,1056997.0,6.0,906678.0,4.0,441538.0,0.0,28112.4,2020,"HydroRIVERS v1.0 / HydroBASINS v1c level 12 (Lehner & Grill 2013); WorldPop Global2 R2025A constrained 100 m, India only"
WQS1029,largest upstream area within 1 km,41156983.0,35.0,11204.9,133.787,6.0,4121024790.0,41275841.0,885.6,3.0,3422089.0,81.0,963723.0,14.0,244574.0,0.0,25578.6,2020,"HydroRIVERS v1.0 / HydroBASINS v1c level 12 (Lehner & Grill 2013); WorldPop Global2 R2025A constrained 100 m, India only"
WQS1030,largest upstream area within 1 km,41156983.0,98.0,11204.9,133.787,6.0,4121024790.0,41275841.0,885.6,3.0,3422089.0,81.0,963723.0,14.0,244574.0,0.0,25578.6,2020,"HydroRIVERS v1.0 / HydroBASINS v1c level 12 (Lehner & Grill 2013); WorldPop Global2 R2025A constrained 100 m, India only"
WQS1031,largest upstream area within 1 km,41156729.0,620.0,43.2,0.526,1.0,4121024790.0,41275841.0,887.5,1.0,3422089.0,81.0,244574.0,1.0,244574.0,0.0,6505872.6,2020,"HydroRIVERS v1.0 / HydroBASINS v1c level 12 (Lehner & Grill 2013); WorldPop Global2 R2025A constrained 100 m, India only"
WQS1032,largest upstream area within 1 km,41261872.0,139.0,1891.1,103.946,4.0,4121085090.0,41297283.0,1230.0,1.0,432192.0,14.0,352785.0,8.0,69476.0,0.0,4157.9,2020,"HydroRIVERS v1.0 / HydroBASINS v1c level 12 (Lehner & Grill 2013); WorldPop Global2 R2025A constrained 100 m, India only"
WQS1033,largest upstream area within 1 km,41278988.0,864.0,15398.7,446.794,6.0,4121093850.0,41297283.0,1060.1,3.0,8621117.0,111.0,1446822.0,9.0,80140.0,0.0,19295.5,2020,"HydroRIVERS v1.0 / HydroBASINS v1c level 12 (Lehner & Grill 2013); WorldPop Global2 R2025A constrained 100 m, India only"
WQS1034,nearest reach within 2 km,41268937.0,1523.0,11.7,0.227,1.0,4121088520.0,41297283.0,1167.7,0.0,72720.0,1.0,72720.0,1.0,72720.0,0.0,320352.4,2020,"HydroRIVERS v1.0 / HydroBASINS v1c level 12 (Lehner & Grill 2013); WorldPop Global2 R2025A constrained 100 m, India only"
WQS1035,largest upstream area within 1 km,41186674.0,651.0,45.5,0.314,1.0,4121554030.0,41275841.0,935.9,1.0,53071.0,3.0,27711.0,1.0,27711.0,0.0,169015.9,2020,"HydroRIVERS v1.0 / HydroBASINS v1c level 12 (Lehner & Grill 2013); WorldPop Global2 R2025A constrained 100 m, India only"
WQS1036,largest upstream area within 1 km,41228033.0,438.0,1231.3,63.181,4.0,4121068170.0,41297283.0,1436.9,3.0,2576972.0,10.0,2507050.0,8.0,385588.0,0.0,40787.1,2020,"HydroRIVERS v1.0 / HydroBASINS v1c level 12 (Lehner & Grill 2013); WorldPop Global2 R2025A constrained 100 m, India only"
WQS1037,nearest reach within 2 km,41228781.0,1653.0,17.9,0.104,1.0,4121068080.0,41297283.0,1356.6,0.0,8729094.0,46.0,101463.0,1.0,101463.0,0.0,83933596.2,2020,"HydroRIVERS v1.0 / HydroBASINS v1c level 12 (Lehner & Grill 2013); WorldPop Global2 R2025A constrained 100 m, India only"
WQS1038,largest upstream area within 1 km,41229191.0,241.0,2144.1,96.423,5.0,4121564390.0,41297283.0,1418.2,3.0,4950571.0,17.0,4757942.0,13.0,1119333.0,0.0,51342.2,2020,"HydroRIVERS v1.0 / HydroBASINS v1c level 12 (Lehner & Grill 2013); WorldPop Global2 R2025A constrained 100 m, India only"
WQS1039,largest upstream area within 1 km,41229895.0,21.0,730.0,30.769,4.0,4121068280.0,41297283.0,1429.4,3.0,1254267.0,6.0,1254267.0,6.0,1115302.0,0.0,40764.0,2020,"HydroRIVERS v1.0 / HydroBASINS v1c level 12 (Lehner & Grill 2013); WorldPop Global2 R2025A constrained 100 m, India only"
WQS1040,largest upstream area within 1 km,41229327.0,126.0,2048.0,94.866,5.0,4121564390.0,41297283.0,1424.2,5.0,4950571.0,17.0,4880649.0,15.0,1119333.0,0.0,52184.9,2020,"HydroRIVERS v1.0 / HydroBASINS v1c level 12 (Lehner & Grill 2013); WorldPop Global2 R2025A constrained 100 m, India only"
WQS1041,largest upstream area within 1 km,41239114.0,157.0,1279.3,45.033,5.0,4121073460.0,41297283.0,1336.5,1.0,389827.0,11.0,389827.0,11.0,54617.0,0.0,8656.5,2020,"HydroRIVERS v1.0 / HydroBASINS v1c level 12 (Lehner & Grill 2013); WorldPop Global2 R2025A constrained 100 m, India only"
WQS1042,largest upstream area within 1 km,41228033.0,813.0,1231.3,63.181,4.0,4121068170.0,41297283.0,1436.9,3.0,2576972.0,10.0,2507050.0,8.0,385588.0,0.0,40787.1,2020,"HydroRIVERS v1.0 / HydroBASINS v1c level 12 (Lehner & Grill 2013); WorldPop Global2 R2025A constrained 100 m, India only"
WQS1043,largest upstream area within 1 km,41226806.0,447.0,437.2,22.854,3.0,4121067250.0,41297283.0,1450.6,5.0,1173096.0,4.0,1173096.0,4.0,876439.0,0.0,51330.0,2020,"HydroRIVERS v1.0 / HydroBASINS v1c level 12 (Lehner & Grill 2013); WorldPop Global2 R2025A constrained 100 m, India only"
WQS1044,largest upstream area within 1 km,41228279.0,754.0,720.4,38.623,4.0,4121067310.0,41297283.0,1439.5,2.0,1018288.0,5.0,1018288.0,5.0,774352.0,0.0,26364.8,2020,"HydroRIVERS v1.0 / HydroBASINS v1c level 12 (Lehner & Grill 2013); WorldPop Global2 R2025A constrained 100 m, India only"
WQS1045,largest upstream area within 1 km,41168430.0,169.0,1450.5,9.95,4.0,4121031300.0,41159039.0,650.5,1.0,959314.0,13.0,882465.0,11.0,10817.0,0.0,96413.5,2020,"HydroRIVERS v1.0 / HydroBASINS v1c level 12 (Lehner & Grill 2013); WorldPop Global2 R2025A constrained 100 m, India only"
WQS1046,largest upstream area within 1 km,41187210.0,0.0,1331.5,4.462,4.0,4121042620.0,41275841.0,1275.0,3.0,505468.0,9.0,217105.0,6.0,55478.0,0.0,113282.8,2020,"HydroRIVERS v1.0 / HydroBASINS v1c level 12 (Lehner & Grill 2013); WorldPop Global2 R2025A constrained 100 m, India only"
WQS1048,largest upstream area within 1 km,41166286.0,318.0,10006.7,74.785,5.0,4121030120.0,41159039.0,554.3,3.0,3159252.0,81.0,857526.0,20.0,3522.0,0.0,42244.5,2020,"HydroRIVERS v1.0 / HydroBASINS v1c level 12 (Lehner & Grill 2013); WorldPop Global2 R2025A constrained 100 m, India only"
WQS1049,largest upstream area within 1 km,41167653.0,212.0,1172.3,8.263,4.0,4121031400.0,41159039.0,655.0,1.0,760958.0,10.0,760958.0,10.0,22127.0,0.0,92092.2,2020,"HydroRIVERS v1.0 / HydroBASINS v1c level 12 (Lehner & Grill 2013); WorldPop Global2 R2025A constrained 100 m, India only"
WQS1050,largest upstream area within 1 km,41156859.0,134.0,9875.6,138.477,5.0,4121024210.0,41159039.0,466.8,3.0,1221112.0,76.0,446452.0,16.0,39406.0,0.013,8818.2,2020,"HydroRIVERS v1.0 / HydroBASINS v1c level 12 (Lehner & Grill 2013); WorldPop Global2 R2025A constrained 100 m, India only"
WQS1051,largest upstream area within 1 km,41157229.0,282.0,48854.6,334.011,6.0,4121024010.0,41159039.0,314.5,3.0,14146913.0,388.0,635135.0,26.0,16299.0,0.008,42354.6,2020,"HydroRIVERS v1.0 / HydroBASINS v1c level 12 (Lehner & Grill 2013); WorldPop Global2 R2025A constrained 100 m, India only"
WQS1052,largest upstream area within 1 km,41146869.0,125.0,57552.8,341.23,6.0,4121017850.0,41159039.0,226.1,1.0,17090329.0,459.0,758519.0,24.0,20726.0,0.009,50084.5,2020,"HydroRIVERS v1.0 / HydroBASINS v1c level 12 (Lehner & Grill 2013); WorldPop Global2 R2025A constrained 100 m, India only"
WQS1053,largest upstream area within 1 km,41161184.0,362.0,30186.2,262.23,6.0,4121026730.0,41159039.0,414.2,1.0,6801813.0,240.0,637083.0,15.0,234332.0,0.008,25938.3,2020,"HydroRIVERS v1.0 / HydroBASINS v1c level 12 (Lehner & Grill 2013); WorldPop Global2 R2025A constrained 100 m, India only"
WQS1054,largest upstream area within 1 km,41146731.0,561.0,57996.5,344.446,6.0,4121018080.0,41159039.0,217.4,5.0,17160852.0,463.0,707027.0,24.0,1405.0,0.009,49821.6,2020,"HydroRIVERS v1.0 / HydroBASINS v1c level 12 (Lehner & Grill 2013); WorldPop Global2 R2025A constrained 100 m, India only"
WQS1055,largest upstream area within 1 km,41155399.0,676.0,10075.2,123.904,6.0,4121023440.0,41275841.0,895.9,3.0,2662179.0,74.0,235871.0,9.0,2056.0,0.0,21485.8,2020,"HydroRIVERS v1.0 / HydroBASINS v1c level 12 (Lehner & Grill 2013); WorldPop Global2 R2025A constrained 100 m, India only"
WQS1057,nearest reach within 2 km,41146421.0,1368.0,2165.0,28.127,5.0,4121017980.0,41275841.0,902.8,0.0,316720.0,17.0,197775.0,8.0,66845.0,0.0,11260.4,2020,"HydroRIVERS v1.0 / HydroBASINS v1c level 12 (Lehner & Grill 2013); WorldPop Global2 R2025A constrained 100 m, India only"
WQS1058,largest upstream area within 1 km,41152486.0,168.0,19365.1,309.426,6.0,4121022420.0,41275841.0,873.7,3.0,5390532.0,148.0,632273.0,14.0,43408.0,0.007,17421.1,2020,"HydroRIVERS v1.0 / HydroBASINS v1c level 12 (Lehner & Grill 2013); WorldPop Global2 R2025A constrained 100 m, India only"
WQS1059,largest upstream area within 1 km,41152486.0,114.0,19365.1,309.426,6.0,4121022420.0,41275841.0,873.7,3.0,5390532.0,148.0,632273.0,14.0,43408.0,0.007,17421.1,2020,"HydroRIVERS v1.0 / HydroBASINS v1c level 12 (Lehner & Grill 2013); WorldPop Global2 R2025A constrained 100 m, India only"
WQS1060,largest upstream area within 1 km,41192908.0,387.0,44480.2,379.927,6.0,4121046500.0,41275841.0,690.8,4.0,9514586.0,346.0,722588.0,21.0,24998.0,0.003,25043.2,2020,"HydroRIVERS v1.0 / HydroBASINS v1c level 12 (Lehner & Grill 2013); WorldPop Global2 R2025A constrained 100 m, India only"
WQS1061,largest upstream area within 1 km,41192802.0,152.0,20477.9,189.606,6.0,4121045970.0,41275841.0,697.7,1.0,4940942.0,163.0,579972.0,13.0,50771.0,0.006,26059.0,2020,"HydroRIVERS v1.0 / HydroBASINS v1c level 12 (Lehner & Grill 2013); WorldPop Global2 R2025A constrained 100 m, India only"
WQS1062,largest upstream area within 1 km,41190994.0,207.0,1060.7,14.776,3.0,4121555970.0,41275841.0,691.1,1.0,555654.0,9.0,514424.0,7.0,422708.0,0.0,37605.2,2020,"HydroRIVERS v1.0 / HydroBASINS v1c level 12 (Lehner & Grill 2013); WorldPop Global2 R2025A constrained 100 m, India only"
WQS1063,largest upstream area within 1 km,41177228.0,623.0,16.5,0.137,1.0,4121036500.0,41275841.0,848.4,1.0,2111259.0,86.0,23386.0,1.0,23386.0,0.012,15410649.6,2020,"HydroRIVERS v1.0 / HydroBASINS v1c level 12 (Lehner & Grill 2013); WorldPop Global2 R2025A constrained 100 m, India only"
WQS1064,largest upstream area within 1 km,41192802.0,71.0,20477.9,189.606,6.0,4121045970.0,41275841.0,697.7,1.0,4940942.0,163.0,579972.0,13.0,50771.0,0.006,26059.0,2020,"HydroRIVERS v1.0 / HydroBASINS v1c level 12 (Lehner & Grill 2013); WorldPop Global2 R2025A constrained 100 m, India only"
WQS1065,largest upstream area within 1 km,41190890.0,491.0,19844.0,182.828,6.0,4121045630.0,41275841.0,710.9,1.0,4768605.0,158.0,480615.0,10.0,35873.0,0.006,26082.5,2020,"HydroRIVERS v1.0 / HydroBASINS v1c level 12 (Lehner & Grill 2013); WorldPop Global2 R2025A constrained 100 m, India only"
WQS1066,largest upstream area within 1 km,41249058.0,84.0,10612.9,48.065,5.0,4121079060.0,41297283.0,1041.4,1.0,4521774.0,84.0,740912.0,19.0,98925.0,0.0,94076.2,2020,"HydroRIVERS v1.0 / HydroBASINS v1c level 12 (Lehner & Grill 2013); WorldPop Global2 R2025A constrained 100 m, India only"
WQS1067,largest upstream area within 1 km,41178370.0,89.0,244.3,0.604,3.0,4121037250.0,41159039.0,492.6,1.0,200462.0,2.0,200462.0,2.0,157537.0,0.0,331890.7,2020,"HydroRIVERS v1.0 / HydroBASINS v1c level 12 (Lehner & Grill 2013); WorldPop Global2 R2025A constrained 100 m, India only"
WQS1068,largest upstream area within 1 km,41254431.0,103.0,348.0,14.428,3.0,4121082270.0,41297283.0,1269.2,1.0,175216.0,3.0,175216.0,3.0,76394.0,0.0,12144.2,2020,"HydroRIVERS v1.0 / HydroBASINS v1c level 12 (Lehner & Grill 2013); WorldPop Global2 R2025A constrained 100 m, India only"
WQS1069,largest upstream area within 1 km,41226809.0,22.0,319.6,5.05,3.0,4121066690.0,41297283.0,1393.6,3.0,235993.0,2.0,235993.0,2.0,140956.0,0.0,46731.3,2020,"HydroRIVERS v1.0 / HydroBASINS v1c level 12 (Lehner & Grill 2013); WorldPop Global2 R2025A constrained 100 m, India only"
WQS1070,largest upstream area within 1 km,41246246.0,288.0,36.2,1.971,1.0,4121569280.0,41297283.0,1342.6,1.0,58259.0,1.0,58259.0,1.0,58259.0,0.0,29558.1,2020,"HydroRIVERS v1.0 / HydroBASINS v1c level 12 (Lehner & Grill 2013); WorldPop Global2 R2025A constrained 100 m, India only"
WQS1071,largest upstream area within 1 km,41251252.0,854.0,1294.0,51.845,4.0,4121080050.0,41297283.0,1297.3,5.0,919864.0,9.0,873743.0,8.0,120481.0,0.0,17742.6,2020,"HydroRIVERS v1.0 / HydroBASINS v1c level 12 (Lehner & Grill 2013); WorldPop Global2 R2025A constrained 100 m, India only"
WQS1072,largest upstream area within 1 km,41250133.0,149.0,274.1,13.036,3.0,4121079540.0,41297283.0,1307.0,3.0,313700.0,2.0,313700.0,2.0,255441.0,0.0,24064.1,2020,"HydroRIVERS v1.0 / HydroBASINS v1c level 12 (Lehner & Grill 2013); WorldPop Global2 R2025A constrained 100 m, India only"
WQS1073,largest upstream area within 1 km,41160195.0,66.0,33116.3,273.479,6.0,4121025960.0,41159039.0,400.1,3.0,7486692.0,263.0,763479.0,18.0,4750.0,0.008,27375.7,2020,"HydroRIVERS v1.0 / HydroBASINS v1c level 12 (Lehner & Grill 2013); WorldPop Global2 R2025A constrained 100 m, India only"
WQS1074,largest upstream area within 1 km,41175179.0,14.0,39118.4,573.557,7.0,4121036210.0,41275841.0,742.9,3.0,13916459.0,298.0,464848.0,10.0,79283.0,0.003,24263.4,2020,"HydroRIVERS v1.0 / HydroBASINS v1c level 12 (Lehner & Grill 2013); WorldPop Global2 R2025A constrained 100 m, India only"
WQS1075,nearest reach within 2 km,41174831.0,1279.0,313.8,5.045,3.0,4121036200.0,41275841.0,748.7,0.0,196194.0,3.0,196194.0,3.0,69647.0,0.0,38888.8,2020,"HydroRIVERS v1.0 / HydroBASINS v1c level 12 (Lehner & Grill 2013); WorldPop Global2 R2025A constrained 100 m, India only"
WQS1076,largest upstream area within 1 km,41195747.0,935.0,13.1,0.179,1.0,4121047620.0,41275841.0,671.5,1.0,58529.0,1.0,58529.0,1.0,58529.0,0.0,326977.7,2020,"HydroRIVERS v1.0 / HydroBASINS v1c level 12 (Lehner & Grill 2013); WorldPop Global2 R2025A constrained 100 m, India only"
WQS1077,largest upstream area within 1 km,41177411.0,161.0,4555.6,53.074,5.0,4121037330.0,41275841.0,802.8,3.0,1477062.0,35.0,568674.0,12.0,46818.0,0.0,27830.2,2020,"HydroRIVERS v1.0 / HydroBASINS v1c level 12 (Lehner & Grill 2013); WorldPop Global2 R2025A constrained 100 m, India only"
WQS1078,unsnapped (> 2 km from any reach),,,,,,,,,,,,,,,,,2020,"HydroRIVERS v1.0 / HydroBASINS v1c level 12 (Lehner & Grill 2013); WorldPop Global2 R2025A constrained 100 m, India only"
WQS1079,largest upstream area within 1 km,40971761.0,900.0,2933.2,140.54,4.0,4121503930.0,41067217.0,763.4,9.0,156125.0,23.0,46419.0,6.0,20474.0,0.043,1110.9,2020,"HydroRIVERS v1.0 / HydroBASINS v1c level 12 (Lehner & Grill 2013); WorldPop Global2 R2025A constrained 100 m, India only"
WQS1080,largest upstream area within 1 km,40953855.0,936.0,517.1,21.368,4.0,4121497480.0,41067217.0,875.3,2.0,82572.0,5.0,82572.0,5.0,9441.0,0.0,3864.3,2020,"HydroRIVERS v1.0 / HydroBASINS v1c level 12 (Lehner & Grill 2013); WorldPop Global2 R2025A constrained 100 m, India only"
WQS1097,nearest reach within 2 km,40985314.0,1076.0,1791.8,64.634,5.0,4120935490.0,41284417.0,1476.6,0.0,1202460.0,13.0,1198867.0,12.0,669166.0,0.0,18604.1,2020,"HydroRIVERS v1.0 / HydroBASINS v1c level 12 (Lehner & Grill 2013); WorldPop Global2 R2025A constrained 100 m, India only"
WQS1098,largest upstream area within 1 km,40985314.0,980.0,1791.8,64.634,5.0,4120935490.0,41284417.0,1476.6,2.0,1202460.0,13.0,1198867.0,12.0,669166.0,0.0,18604.1,2020,"HydroRIVERS v1.0 / HydroBASINS v1c level 12 (Lehner & Grill 2013); WorldPop Global2 R2025A constrained 100 m, India only"
WQS1099,nearest reach within 2 km,40987797.0,1102.0,30.4,1.24,2.0,4120935480.0,41284417.0,1469.1,0.0,268018.0,2.0,147370.0,1.0,147370.0,0.0,216143.5,2020,"HydroRIVERS v1.0 / HydroBASINS v1c level 12 (Lehner & Grill 2013); WorldPop Global2 R2025A constrained 100 m, India only"
WQS1103,largest upstream area within 1 km,41005039.0,143.0,14.1,0.536,1.0,4121509820.0,41067217.0,805.1,1.0,1445.0,1.0,1445.0,1.0,1445.0,0.0,2695.9,2020,"HydroRIVERS v1.0 / HydroBASINS v1c level 12 (Lehner & Grill 2013); WorldPop Global2 R2025A constrained 100 m, India only"
WQS1109,largest upstream area within 1 km,40981211.0,574.0,469.8,20.263,4.0,4120930300.0,41067217.0,751.7,3.0,32769.0,4.0,32769.0,4.0,11068.0,0.0,1617.2,2020,"HydroRIVERS v1.0 / HydroBASINS v1c level 12 (Lehner & Grill 2013); WorldPop Global2 R2025A constrained 100 m, India only"
WQS1111,nearest reach within 2 km,40997278.0,1919.0,37.7,1.5,2.0,4120940760.0,41284417.0,1446.5,0.0,128065.0,1.0,128065.0,1.0,128065.0,0.0,85376.7,2020,"HydroRIVERS v1.0 / HydroBASINS v1c level 12 (Lehner & Grill 2013); WorldPop Global2 R2025A constrained 100 m, India only"
WQS1120,largest upstream area within 1 km,40985311.0,104.0,95.9,4.015,2.0,4120928770.0,41067217.0,766.5,3.0,15667.0,2.0,12399.0,1.0,12399.0,0.0,3902.1,2020,"HydroRIVERS v1.0 / HydroBASINS v1c level 12 (Lehner & Grill 2013); WorldPop Global2 R2025A constrained 100 m, India only"
WQS1121,largest upstream area within 1 km,40934322.0,608.0,16.1,0.879,1.0,4120906560.0,41067217.0,407.8,2.0,31238.0,1.0,31238.0,1.0,31238.0,0.0,35538.1,2020,"HydroRIVERS v1.0 / HydroBASINS v1c level 12 (Lehner & Grill 2013); WorldPop Global2 R2025A constrained 100 m, India only"
WQS1122,largest upstream area within 1 km,40924280.0,21.0,245.0,10.728,3.0,4121492080.0,41067217.0,548.2,1.0,24770.0,2.0,24770.0,2.0,8009.0,0.0,2308.9,2020,"HydroRIVERS v1.0 / HydroBASINS v1c level 12 (Lehner & Grill 2013); WorldPop Global2 R2025A constrained 100 m, India only"
WQS1124,largest upstream area within 1 km,40951751.0,531.0,14.0,0.817,2.0,4120913870.0,41067217.0,390.5,3.0,9687.0,1.0,9687.0,1.0,9687.0,0.0,11856.8,2020,"HydroRIVERS v1.0 / HydroBASINS v1c level 12 (Lehner & Grill 2013); WorldPop Global2 R2025A constrained 100 m, India only"
WQS1125,largest upstream area within 1 km,40918809.0,675.0,14.1,0.463,1.0,4120890410.0,41067217.0,533.9,1.0,176388.0,6.0,81208.0,1.0,81208.0,0.0,380967.6,2020,"HydroRIVERS v1.0 / HydroBASINS v1c level 12 (Lehner & Grill 2013); WorldPop Global2 R2025A constrained 100 m, India only"
WQS1126,largest upstream area within 1 km,40933809.0,85.0,51.7,2.112,2.0,4121493830.0,41067217.0,573.0,1.0,16742.0,1.0,16742.0,1.0,16742.0,0.0,7927.1,2020,"HydroRIVERS v1.0 / HydroBASINS v1c level 12 (Lehner & Grill 2013); WorldPop Global2 R2025A constrained 100 m, India only"
WQS1129,largest upstream area within 1 km,40954799.0,199.0,69.1,7.271,3.0,4120917440.0,41067217.0,460.4,2.0,27333.0,1.0,27333.0,1.0,27333.0,0.0,3759.2,2020,"HydroRIVERS v1.0 / HydroBASINS v1c level 12 (Lehner & Grill 2013); WorldPop Global2 R2025A constrained 100 m, India only"
WQS1130,largest upstream area within 1 km,40954799.0,94.0,69.1,7.271,3.0,4120917440.0,41067217.0,460.4,3.0,27333.0,1.0,27333.0,1.0,27333.0,0.0,3759.2,2020,"HydroRIVERS v1.0 / HydroBASINS v1c level 12 (Lehner & Grill 2013); WorldPop Global2 R2025A constrained 100 m, India only"
WQS1131,largest upstream area within 1 km,40941796.0,230.0,1245.9,151.327,5.0,4120906960.0,41067217.0,857.7,1.0,117209.0,9.0,115776.0,7.0,7616.0,0.0,774.5,2020,"HydroRIVERS v1.0 / HydroBASINS v1c level 12 (Lehner & Grill 2013); WorldPop Global2 R2025A constrained 100 m, India only"
WQS1132,largest upstream area within 1 km,40943530.0,587.0,1191.1,146.008,5.0,4120906960.0,41067217.0,866.6,1.0,117209.0,9.0,117209.0,9.0,7616.0,0.0,802.8,2020,"HydroRIVERS v1.0 / HydroBASINS v1c level 12 (Lehner & Grill 2013); WorldPop Global2 R2025A constrained 100 m, India only"
WQS1133,largest upstream area within 1 km,40951008.0,161.0,50.2,5.112,3.0,4121497910.0,41067217.0,896.0,3.0,40954.0,1.0,40954.0,1.0,40954.0,0.0,8011.3,2020,"HydroRIVERS v1.0 / HydroBASINS v1c level 12 (Lehner & Grill 2013); WorldPop Global2 R2025A constrained 100 m, India only"
WQS1134,largest upstream area within 1 km,40944241.0,651.0,2.1,0.274,1.0,4120910800.0,41067217.0,382.2,1.0,103863.0,3.0,19305.0,1.0,19305.0,0.0,379062.0,2020,"HydroRIVERS v1.0 / HydroBASINS v1c level 12 (Lehner & Grill 2013); WorldPop Global2 R2025A constrained 100 m, India only"
WQS1135,largest upstream area within 1 km,40959779.0,900.0,2484.0,310.135,5.0,4121501420.0,41067217.0,323.4,8.0,271631.0,18.0,102033.0,12.0,17181.0,0.0,875.8,2020,"HydroRIVERS v1.0 / HydroBASINS v1c level 12 (Lehner & Grill 2013); WorldPop Global2 R2025A constrained 100 m, India only"
WQS1136,largest upstream area within 1 km,40944485.0,197.0,15.3,2.33,1.0,4121497670.0,41067217.0,401.9,1.0,31526.0,1.0,31526.0,1.0,31526.0,0.0,13530.5,2020,"HydroRIVERS v1.0 / HydroBASINS v1c level 12 (Lehner & Grill 2013); WorldPop Global2 R2025A constrained 100 m, India only"
WQS1137,largest upstream area within 1 km,40951008.0,185.0,50.2,5.112,3.0,4121497910.0,41067217.0,896.0,1.0,40954.0,1.0,40954.0,1.0,40954.0,0.0,8011.3,2020,"HydroRIVERS v1.0 / HydroBASINS v1c level 12 (Lehner & Grill 2013); WorldPop Global2 R2025A constrained 100 m, India only"
WQS1138,nearest reach within 2 km,40953822.0,1179.0,6.2,1.075,1.0,4121500240.0,41067217.0,400.4,0.0,118724.0,3.0,14072.0,1.0,14072.0,0.0,110440.9,2020,"HydroRIVERS v1.0 / HydroBASINS v1c level 12 (Lehner & Grill 2013); WorldPop Global2 R2025A constrained 100 m, India only"
WQS1139,largest upstream area within 1 km,40957865.0,549.0,336.3,37.488,3.0,4120917590.0,41067217.0,451.8,5.0,91381.0,2.0,91381.0,2.0,17884.0,0.0,2437.6,2020,"HydroRIVERS v1.0 / HydroBASINS v1c level 12 (Lehner & Grill 2013); WorldPop Global2 R2025A constrained 100 m, India only"
WQS1140,largest upstream area within 1 km,40959544.0,56.0,187.5,19.162,4.0,4120919110.0,41067217.0,488.2,4.0,63343.0,2.0,63343.0,2.0,25634.0,0.0,3305.7,2020,"HydroRIVERS v1.0 / HydroBASINS v1c level 12 (Lehner & Grill 2013); WorldPop Global2 R2025A constrained 100 m, India only"
WQS1142,largest upstream area within 1 km,40955334.0,247.0,61.7,6.317,3.0,4121499890.0,41067217.0,499.1,1.0,37709.0,1.0,37709.0,1.0,37709.0,0.0,5969.4,2020,"HydroRIVERS v1.0 / HydroBASINS v1c level 12 (Lehner & Grill 2013); WorldPop Global2 R2025A constrained 100 m, India only"
WQS1143,largest upstream area within 1 km,40958861.0,19.0,128.3,13.551,3.0,4120917440.0,41067217.0,448.0,3.0,27333.0,1.0,27333.0,1.0,27333.0,0.0,2017.0,2020,"HydroRIVERS v1.0 / HydroBASINS v1c level 12 (Lehner & Grill 2013); WorldPop Global2 R2025A constrained 100 m, India only"
WQS1144,nearest reach within 2 km,40941049.0,1124.0,1.7,0.182,1.0,4121495870.0,41067217.0,907.1,0.0,70228.0,2.0,20220.0,1.0,20220.0,0.0,385868.1,2020,"HydroRIVERS v1.0 / HydroBASINS v1c level 12 (Lehner & Grill 2013); WorldPop Global2 R2025A constrained 100 m, India only"
WQS1145,largest upstream area within 1 km,40938894.0,78.0,95.1,10.457,3.0,4121495940.0,41067217.0,917.4,1.0,50008.0,1.0,50008.0,1.0,50008.0,0.0,4782.3,2020,"HydroRIVERS v1.0 / HydroBASINS v1c level 12 (Lehner & Grill 2013); WorldPop Global2 R2025A constrained 100 m, India only"
WQS1146,largest upstream area within 1 km,40957865.0,586.0,336.3,37.488,3.0,4120917590.0,41067217.0,451.8,5.0,91381.0,2.0,91381.0,2.0,17884.0,0.0,2437.6,2020,"HydroRIVERS v1.0 / HydroBASINS v1c level 12 (Lehner & Grill 2013); WorldPop Global2 R2025A constrained 100 m, India only"
WQS1147,largest upstream area within 1 km,40946227.0,994.0,59.9,6.749,3.0,4121498350.0,41067217.0,487.5,3.0,73497.0,1.0,73497.0,1.0,73497.0,0.0,10890.1,2020,"HydroRIVERS v1.0 / HydroBASINS v1c level 12 (Lehner & Grill 2013); WorldPop Global2 R2025A constrained 100 m, India only"
WQS1148,largest upstream area within 1 km,40945975.0,38.0,65.5,7.364,3.0,4121498350.0,41067217.0,485.8,8.0,73497.0,1.0,73497.0,1.0,73497.0,0.0,9980.6,2020,"HydroRIVERS v1.0 / HydroBASINS v1c level 12 (Lehner & Grill 2013); WorldPop Global2 R2025A constrained 100 m, India only"
WQS1149,largest upstream area within 1 km,40942252.0,980.0,70.7,8.002,3.0,4120910600.0,41067217.0,385.5,5.0,42439.0,1.0,42439.0,1.0,42439.0,0.0,5303.5,2020,"HydroRIVERS v1.0 / HydroBASINS v1c level 12 (Lehner & Grill 2013); WorldPop Global2 R2025A constrained 100 m, India only"
WQS1150,largest upstream area within 1 km,40941277.0,775.0,14.7,1.734,2.0,4120910600.0,41067217.0,387.7,5.0,42439.0,1.0,42439.0,1.0,42439.0,0.0,24474.6,2020,"HydroRIVERS v1.0 / HydroBASINS v1c level 12 (Lehner & Grill 2013); WorldPop Global2 R2025A constrained 100 m, India only"
WQS1151,largest upstream area within 1 km,40944996.0,667.0,704.2,36.734,4.0,4120910230.0,41067217.0,379.4,3.0,132731.0,6.0,132731.0,6.0,14738.0,0.0,3613.3,2020,"HydroRIVERS v1.0 / HydroBASINS v1c level 12 (Lehner & Grill 2013); WorldPop Global2 R2025A constrained 100 m, India only"
WQS1152,largest upstream area within 1 km,40950010.0,657.0,115.8,18.224,3.0,4121498530.0,41067217.0,359.9,6.0,39457.0,1.0,39457.0,1.0,39457.0,0.0,2165.1,2020,"HydroRIVERS v1.0 / HydroBASINS v1c level 12 (Lehner & Grill 2013); WorldPop Global2 R2025A constrained 100 m, India only"
WQS1153,largest upstream area within 1 km,40936708.0,230.0,132.0,12.556,3.0,4121495690.0,41067217.0,403.7,2.0,11107.0,1.0,11107.0,1.0,11107.0,0.0,884.6,2020,"HydroRIVERS v1.0 / HydroBASINS v1c level 12 (Lehner & Grill 2013); WorldPop Global2 R2025A constrained 100 m, India only"
WQS1154,largest upstream area within 1 km,40956615.0,320.0,3.1,0.544,1.0,4121500240.0,41067217.0,393.5,2.0,118724.0,3.0,14072.0,1.0,14072.0,0.0,218242.6,2020,"HydroRIVERS v1.0 / HydroBASINS v1c level 12 (Lehner & Grill 2013); WorldPop Global2 R2025A constrained 100 m, India only"
WQS1155,largest upstream area within 1 km,40944996.0,496.0,704.2,36.734,4.0,4120910230.0,41067217.0,379.4,3.0,132731.0,6.0,132731.0,6.0,14738.0,0.0,3613.3,2020,"HydroRIVERS v1.0 / HydroBASINS v1c level 12 (Lehner & Grill 2013); WorldPop Global2 R2025A constrained 100 m, India only"
WQS1156,largest upstream area within 1 km,40943993.0,122.0,7.2,0.463,1.0,4120910340.0,41067217.0,378.7,1.0,82280.0,5.0,5664.0,1.0,5664.0,0.0,177710.6,2020,"HydroRIVERS v1.0 / HydroBASINS v1c level 12 (Lehner & Grill 2013); WorldPop Global2 R2025A constrained 100 m, India only"
WQS1157,largest upstream area within 1 km,40943508.0,863.0,49.0,2.861,3.0,4121497100.0,41067217.0,394.6,3.0,117992.0,5.0,21075.0,1.0,21075.0,0.0,41241.5,2020,"HydroRIVERS v1.0 / HydroBASINS v1c level 12 (Lehner & Grill 2013); WorldPop Global2 R2025A constrained 100 m, India only"
WQS1158,largest upstream area within 1 km,40951264.0,136.0,11.3,1.333,2.0,4120917590.0,41067217.0,468.0,1.0,91381.0,2.0,17884.0,1.0,17884.0,0.0,68552.9,2020,"HydroRIVERS v1.0 / HydroBASINS v1c level 12 (Lehner & Grill 2013); WorldPop Global2 R2025A constrained 100 m, India only"
WQS1163,largest upstream area within 1 km,40933135.0,716.0,2.3,0.289,1.0,4121494080.0,41067217.0,788.6,1.0,383338.0,2.0,73092.0,1.0,73092.0,0.0,1326429.1,2020,"HydroRIVERS v1.0 / HydroBASINS v1c level 12 (Lehner & Grill 2013); WorldPop Global2 R2025A constrained 100 m, India only"
WQS1164,nearest reach within 2 km,40937903.0,1061.0,94.1,12.088,3.0,4121495300.0,41067217.0,851.0,0.0,77336.0,1.0,77336.0,1.0,77336.0,0.0,6397.7,2020,"HydroRIVERS v1.0 / HydroBASINS v1c level 12 (Lehner & Grill 2013); WorldPop Global2 R2025A constrained 100 m, India only"
WQS1165,largest upstream area within 1 km,40938354.0,984.0,74.9,9.755,3.0,4121495300.0,41067217.0,855.8,1.0,77336.0,1.0,77336.0,1.0,77336.0,0.0,7927.8,2020,"HydroRIVERS v1.0 / HydroBASINS v1c level 12 (Lehner & Grill 2013); WorldPop Global2 R2025A constrained 100 m, India only"
WQS1166,largest upstream area within 1 km,40936514.0,851.0,145.8,18.405,4.0,4121495300.0,41067217.0,847.7,5.0,77336.0,1.0,77336.0,1.0,77336.0,0.0,4201.9,2020,"HydroRIVERS v1.0 / HydroBASINS v1c level 12 (Lehner & Grill 2013); WorldPop Global2 R2025A constrained 100 m, India only"
WQS1167,largest upstream area within 1 km,40938351.0,980.0,1.7,0.234,1.0,4121495340.0,41067217.0,806.4,1.0,310245.0,1.0,310245.0,1.0,310245.0,0.0,1325833.3,2020,"HydroRIVERS v1.0 / HydroBASINS v1c level 12 (Lehner & Grill 2013); WorldPop Global2 R2025A constrained 100 m, India only"
WQS1168,largest upstream area within 1 km,40936721.0,868.0,190.8,27.063,4.0,4121494080.0,41067217.0,793.6,2.0,383338.0,2.0,383338.0,2.0,73092.0,0.0,14164.7,2020,"HydroRIVERS v1.0 / HydroBASINS v1c level 12 (Lehner & Grill 2013); WorldPop Global2 R2025A constrained 100 m, India only"
WQS1169,largest upstream area within 1 km,40937224.0,963.0,1.4,0.17,1.0,4121495300.0,41067217.0,859.3,1.0,77336.0,1.0,77336.0,1.0,77336.0,0.0,454917.6,2020,"HydroRIVERS v1.0 / HydroBASINS v1c level 12 (Lehner & Grill 2013); WorldPop Global2 R2025A constrained 100 m, India only"
WQS1170,largest upstream area within 1 km,40937686.0,608.0,15.9,2.116,2.0,4121495340.0,41067217.0,805.1,8.0,310245.0,1.0,310245.0,1.0,310245.0,0.0,146618.6,2020,"HydroRIVERS v1.0 / HydroBASINS v1c level 12 (Lehner & Grill 2013); WorldPop Global2 R2025A constrained 100 m, India only"
WQS1171,largest upstream area within 1 km,40949061.0,771.0,3.9,0.63,1.0,4121499440.0,41067217.0,377.5,2.0,44199.0,2.0,12672.0,1.0,12672.0,0.0,70157.1,2020,"HydroRIVERS v1.0 / HydroBASINS v1c level 12 (Lehner & Grill 2013); WorldPop Global2 R2025A constrained 100 m, India only"
WQS1172,largest upstream area within 1 km,40962482.0,53.0,544.5,92.185,4.0,4120921610.0,41067217.0,328.3,3.0,67652.0,4.0,36126.0,3.0,13087.0,0.0,733.9,2020,"HydroRIVERS v1.0 / HydroBASINS v1c level 12 (Lehner & Grill 2013); WorldPop Global2 R2025A constrained 100 m, India only"
WQS1173,largest upstream area within 1 km,40960999.0,548.0,825.1,111.953,5.0,4121500790.0,41067217.0,405.1,3.0,97985.0,6.0,58958.0,5.0,18655.0,0.0,875.2,2020,"HydroRIVERS v1.0 / HydroBASINS v1c level 12 (Lehner & Grill 2013); WorldPop Global2 R2025A constrained 100 m, India only"
WQS1174,largest upstream area within 1 km,40943760.0,134.0,26.7,3.842,2.0,4121497740.0,41067217.0,435.7,1.0,86976.0,1.0,86976.0,1.0,86976.0,0.0,22638.2,2020,"HydroRIVERS v1.0 / HydroBASINS v1c level 12 (Lehner & Grill 2013); WorldPop Global2 R2025A constrained 100 m, India only"
WQS1175,largest upstream area within 1 km,40939135.0,256.0,4.3,0.581,1.0,4121495340.0,41067217.0,805.1,3.0,310245.0,1.0,310245.0,1.0,310245.0,0.0,533984.5,2020,"HydroRIVERS v1.0 / HydroBASINS v1c level 12 (Lehner & Grill 2013); WorldPop Global2 R2025A constrained 100 m, India only"
WQS1176,largest upstream area within 1 km,40939135.0,38.0,4.3,0.581,1.0,4121495340.0,41067217.0,805.1,2.0,310245.0,1.0,310245.0,1.0,310245.0,0.0,533984.5,2020,"HydroRIVERS v1.0 / HydroBASINS v1c level 12 (Lehner & Grill 2013); WorldPop Global2 R2025A constrained 100 m, India only"
WQS1177,largest upstream area within 1 km,40938627.0,891.0,9.7,1.355,2.0,4121495340.0,41067217.0,803.4,6.0,310245.0,1.0,310245.0,1.0,310245.0,0.0,228963.1,2020,"HydroRIVERS v1.0 / HydroBASINS v1c level 12 (Lehner & Grill 2013); WorldPop Global2 R2025A constrained 100 m, India only"
WQS1180,largest upstream area within 1 km,40932913.0,353.0,8.3,0.555,1.0,4120909070.0,41067217.0,422.3,1.0,19313.0,1.0,19313.0,1.0,19313.0,0.0,34798.2,2020,"HydroRIVERS v1.0 / HydroBASINS v1c level 12 (Lehner & Grill 2013); WorldPop Global2 R2025A constrained 100 m, India only"
WQS1181,largest upstream area within 1 km,40935323.0,254.0,43.3,3.022,2.0,4121496110.0,41067217.0,401.3,3.0,12188.0,1.0,12188.0,1.0,12188.0,0.0,4033.1,2020,"HydroRIVERS v1.0 / HydroBASINS v1c level 12 (Lehner & Grill 2013); WorldPop Global2 R2025A constrained 100 m, India only"
WQS1182,largest upstream area within 1 km,40957857.0,276.0,4.5,0.783,2.0,4120921410.0,41067217.0,396.2,3.0,44582.0,3.0,13193.0,1.0,13193.0,0.0,56937.4,2020,"HydroRIVERS v1.0 / HydroBASINS v1c level 12 (Lehner & Grill 2013); WorldPop Global2 R2025A constrained 100 m, India only"
WQS1183,largest upstream area within 1 km,40961497.0,862.0,340.0,57.673,4.0,4120921410.0,41067217.0,383.9,3.0,44582.0,3.0,44582.0,3.0,13193.0,0.0,773.0,2020,"HydroRIVERS v1.0 / HydroBASINS v1c level 12 (Lehner & Grill 2013); WorldPop Global2 R2025A constrained 100 m, India only"
WQS1184,largest upstream area within 1 km,40952832.0,883.0,14.2,1.449,2.0,4121499890.0,41067217.0,506.7,3.0,37709.0,1.0,37709.0,1.0,37709.0,0.0,26024.2,2020,"HydroRIVERS v1.0 / HydroBASINS v1c level 12 (Lehner & Grill 2013); WorldPop Global2 R2025A constrained 100 m, India only"
WQS1186,largest upstream area within 1 km,41036615.0,49.0,1315.5,86.259,4.0,4121517910.0,41067217.0,616.9,1.0,243145.0,10.0,181188.0,5.0,69250.0,0.0,2818.8,2020,"HydroRIVERS v1.0 / HydroBASINS v1c level 12 (Lehner & Grill 2013); WorldPop Global2 R2025A constrained 100 m, India only"
WQS1187,largest upstream area within 1 km,41110444.0,761.0,12608.7,685.361,6.0,4120998250.0,41173390.0,257.4,3.0,280171.0,97.0,54559.0,5.0,15000.0,0.443,408.8,2020,"HydroRIVERS v1.0 / HydroBASINS v1c level 12 (Lehner & Grill 2013); WorldPop Global2 R2025A constrained 100 m, India only"
WQS1188,largest upstream area within 1 km,41006158.0,955.0,16.6,0.91,1.0,4121509810.0,41067217.0,566.5,1.0,73628.0,4.0,33606.0,1.0,33606.0,0.0,80909.9,2020,"HydroRIVERS v1.0 / HydroBASINS v1c level 12 (Lehner & Grill 2013); WorldPop Global2 R2025A constrained 100 m, India only"
WQS1193,nearest reach within 2 km,41023198.0,1737.0,4.9,0.234,1.0,4120949430.0,41067217.0,568.1,0.0,30707.0,5.0,7522.0,1.0,7522.0,0.0,131226.5,2020,"HydroRIVERS v1.0 / HydroBASINS v1c level 12 (Lehner & Grill 2013); WorldPop Global2 R2025A constrained 100 m, India only"
WQS1199,largest upstream area within 1 km,41043047.0,458.0,19.3,0.954,1.0,4121519740.0,41067217.0,689.3,1.0,90470.0,3.0,73858.0,1.0,73858.0,0.0,94832.3,2020,"HydroRIVERS v1.0 / HydroBASINS v1c level 12 (Lehner & Grill 2013); WorldPop Global2 R2025A constrained 100 m, India only"
WQS1201,nearest reach within 2 km,41087116.0,1435.0,2.8,0.198,1.0,4121532720.0,41173390.0,306.1,0.0,11047.0,1.0,11047.0,1.0,11047.0,0.0,55792.9,2020,"HydroRIVERS v1.0 / HydroBASINS v1c level 12 (Lehner & Grill 2013); WorldPop Global2 R2025A constrained 100 m, India only"
WQS1205,largest upstream area within 1 km,41043047.0,980.0,19.3,0.954,1.0,4121519740.0,41067217.0,689.3,1.0,90470.0,3.0,73858.0,1.0,73858.0,0.0,94832.3,2020,"HydroRIVERS v1.0 / HydroBASINS v1c level 12 (Lehner & Grill 2013); WorldPop Global2 R2025A constrained 100 m, India only"
WQS1206,largest upstream area within 1 km,41084777.0,440.0,3850.1,260.363,6.0,4120985730.0,41115117.0,171.5,1.0,146175.0,28.0,48795.0,14.0,9123.0,0.0,561.4,2020,"HydroRIVERS v1.0 / HydroBASINS v1c level 12 (Lehner & Grill 2013); WorldPop Global2 R2025A constrained 100 m, India only"
WQS1207,largest upstream area within 1 km,41107555.0,215.0,482.6,34.481,4.0,4120997690.0,41173390.0,249.2,3.0,25926.0,4.0,25926.0,4.0,475.0,0.0,751.9,2020,"HydroRIVERS v1.0 / HydroBASINS v1c level 12 (Lehner & Grill 2013); WorldPop Global2 R2025A constrained 100 m, India only"
WQS1208,largest upstream area within 1 km,41030765.0,970.0,808.7,47.099,3.0,4120953430.0,41067217.0,582.7,5.0,20228.0,7.0,15917.0,4.0,5986.0,0.0,429.5,2020,"HydroRIVERS v1.0 / HydroBASINS v1c level 12 (Lehner & Grill 2013); WorldPop Global2 R2025A constrained 100 m, India only"
WQS1210,largest upstream area within 1 km,41009726.0,132.0,524.7,25.518,3.0,4121509810.0,41067217.0,576.0,3.0,73628.0,4.0,73628.0,4.0,33606.0,0.0,2885.3,2020,"HydroRIVERS v1.0 / HydroBASINS v1c level 12 (Lehner & Grill 2013); WorldPop Global2 R2025A constrained 100 m, India only"
WQS1211,largest upstream area within 1 km,41030127.0,138.0,21.4,1.009,2.0,4121516520.0,41067217.0,585.8,5.0,18060.0,3.0,9368.0,1.0,9368.0,0.0,17898.9,2020,"HydroRIVERS v1.0 / HydroBASINS v1c level 12 (Lehner & Grill 2013); WorldPop Global2 R2025A constrained 100 m, India only"
WQS1212,largest upstream area within 1 km,41029271.0,693.0,423.0,20.381,3.0,4121516520.0,41067217.0,584.3,5.0,18060.0,3.0,18060.0,3.0,9368.0,0.0,886.1,2020,"HydroRIVERS v1.0 / HydroBASINS v1c level 12 (Lehner & Grill 2013); WorldPop Global2 R2025A constrained 100 m, India only"
WQS1213,largest upstream area within 1 km,41054057.0,754.0,5.5,0.249,1.0,4121523080.0,41173390.0,464.2,1.0,11101.0,2.0,10620.0,1.0,10620.0,0.0,44582.3,2020,"HydroRIVERS v1.0 / HydroBASINS v1c level 12 (Lehner & Grill 2013); WorldPop Global2 R2025A constrained 100 m, India only"
WQS1215,largest upstream area within 1 km,41018610.0,21.0,3528.8,199.642,5.0,4121512440.0,41067217.0,552.0,1.0,346112.0,29.0,76230.0,12.0,21788.0,0.0,1733.7,2020,"HydroRIVERS v1.0 / HydroBASINS v1c level 12 (Lehner & Grill 2013); WorldPop Global2 R2025A constrained 100 m, India only"
WQS1216,largest upstream area within 1 km,41041992.0,384.0,1068.0,74.859,4.0,4121519810.0,41067217.0,637.8,7.0,155022.0,8.0,94079.0,4.0,78271.0,0.0,2070.9,2020,"HydroRIVERS v1.0 / HydroBASINS v1c level 12 (Lehner & Grill 2013); WorldPop Global2 R2025A constrained 100 m, India only"
WQS1217,largest upstream area within 1 km,41052937.0,389.0,762.3,59.105,4.0,4121522380.0,41067217.0,669.7,5.0,69155.0,6.0,46734.0,5.0,7198.0,0.0,1170.0,2020,"HydroRIVERS v1.0 / HydroBASINS v1c level 12 (Lehner & Grill 2013); WorldPop Global2 R2025A constrained 100 m, India only"
WQS1218,nearest reach within 2 km,41087117.0,1606.0,4.7,0.338,1.0,4121532720.0,41173390.0,305.9,0.0,11047.0,1.0,11047.0,1.0,11047.0,0.0,32683.4,2020,"HydroRIVERS v1.0 / HydroBASINS v1c level 12 (Lehner & Grill 2013); WorldPop Global2 R2025A constrained 100 m, India only"
WQS1219,largest upstream area within 1 km,41086276.0,979.0,19.0,1.341,1.0,4121529460.0,41067217.0,751.5,1.0,22421.0,1.0,22421.0,1.0,22421.0,0.0,16719.6,2020,"HydroRIVERS v1.0 / HydroBASINS v1c level 12 (Lehner & Grill 2013); WorldPop Global2 R2025A constrained 100 m, India only"
WQS1220,largest upstream area within 1 km,41036615.0,740.0,1315.5,86.259,4.0,4121517910.0,41067217.0,616.9,5.0,243145.0,10.0,181188.0,5.0,69250.0,0.0,2818.8,2020,"HydroRIVERS v1.0 / HydroBASINS v1c level 12 (Lehner & Grill 2013); WorldPop Global2 R2025A constrained 100 m, India only"
WQS1221,largest upstream area within 1 km,41041992.0,278.0,1068.0,74.859,4.0,4121519810.0,41067217.0,637.8,7.0,155022.0,8.0,94079.0,4.0,78271.0,0.0,2070.9,2020,"HydroRIVERS v1.0 / HydroBASINS v1c level 12 (Lehner & Grill 2013); WorldPop Global2 R2025A constrained 100 m, India only"
WQS1222,unsnapped (> 2 km from any reach),,,,,,,,,,,,,,,,,2020,"HydroRIVERS v1.0 / HydroBASINS v1c level 12 (Lehner & Grill 2013); WorldPop Global2 R2025A constrained 100 m, India only"
WQS1223,nearest reach within 2 km,41042193.0,1152.0,3.5,0.176,1.0,4121519810.0,41067217.0,641.6,0.0,155022.0,8.0,78271.0,1.0,78271.0,0.0,880806.8,2020,"HydroRIVERS v1.0 / HydroBASINS v1c level 12 (Lehner & Grill 2013); WorldPop Global2 R2025A constrained 100 m, India only"
WQS1224,largest upstream area within 1 km,41056184.0,642.0,42.5,1.775,2.0,4121523580.0,41173390.0,481.5,5.0,43117.0,4.0,39819.0,1.0,39819.0,0.25,24291.3,2020,"HydroRIVERS v1.0 / HydroBASINS v1c level 12 (Lehner & Grill 2013); WorldPop Global2 R2025A constrained 100 m, India only"
WQS1225,largest upstream area within 1 km,41086904.0,28.0,10945.9,552.417,6.0,4120988460.0,41173390.0,318.6,1.0,185717.0,86.0,31110.0,12.0,7155.0,0.5,336.2,2020,"HydroRIVERS v1.0 / HydroBASINS v1c level 12 (Lehner & Grill 2013); WorldPop Global2 R2025A constrained 100 m, India only"
WQS1226,largest upstream area within 1 km,41008803.0,67.0,1798.0,85.596,5.0,4121509930.0,41067217.0,584.1,3.0,166579.0,15.0,21081.0,6.0,4832.0,0.0,1946.1,2020,"HydroRIVERS v1.0 / HydroBASINS v1c level 12 (Lehner & Grill 2013); WorldPop Global2 R2025A constrained 100 m, India only"
WQS1228,largest upstream area within 1 km,41041539.0,304.0,423.5,22.642,4.0,4120959300.0,41067217.0,669.5,5.0,115680.0,4.0,115680.0,4.0,25210.0,0.0,5109.1,2020,"HydroRIVERS v1.0 / HydroBASINS v1c level 12 (Lehner & Grill 2013); WorldPop Global2 R2025A constrained 100 m, India only"
WQS1230,largest upstream area within 1 km,41044909.0,18.0,372.8,20.23,4.0,4121519740.0,41067217.0,675.3,1.0,90470.0,3.0,90470.0,3.0,73858.0,0.0,4472.1,2020,"HydroRIVERS v1.0 / HydroBASINS v1c level 12 (Lehner & Grill 2013); WorldPop Global2 R2025A constrained 100 m, India only"
WQS1233,largest upstream area within 1 km,41038984.0,402.0,664.2,40.589,3.0,4121517420.0,41067217.0,602.5,3.0,14242.0,6.0,12086.0,5.0,4305.0,0.0,350.9,2020,"HydroRIVERS v1.0 / HydroBASINS v1c level 12 (Lehner & Grill 2013); WorldPop Global2 R2025A constrained 100 m, India only"
WQS1235,nearest reach within 2 km,41087117.0,1494.0,4.7,0.338,1.0,4121532720.0,41173390.0,305.9,0.0,11047.0,1.0,11047.0,1.0,11047.0,0.0,32683.4,2020,"HydroRIVERS v1.0 / HydroBASINS v1c level 12 (Lehner & Grill 2013); WorldPop Global2 R2025A constrained 100 m, India only"
WQS1236,largest upstream area within 1 km,41043846.0,296.0,18.3,0.938,2.0,4121519810.0,41067217.0,641.2,1.0,155022.0,8.0,78271.0,1.0,78271.0,0.0,165268.7,2020,"HydroRIVERS v1.0 / HydroBASINS v1c level 12 (Lehner & Grill 2013); WorldPop Global2 R2025A constrained 100 m, India only"
WQS1237,largest upstream area within 1 km,41084782.0,364.0,10927.5,549.668,6.0,4120988460.0,41173390.0,324.1,5.0,185717.0,86.0,31110.0,12.0,7155.0,0.5,337.9,2020,"HydroRIVERS v1.0 / HydroBASINS v1c level 12 (Lehner & Grill 2013); WorldPop Global2 R2025A constrained 100 m, India only"
WQS1238,largest upstream area within 1 km,41041539.0,313.0,423.5,22.642,4.0,4120959300.0,41067217.0,669.5,5.0,115680.0,4.0,115680.0,4.0,25210.0,0.0,5109.1,2020,"HydroRIVERS v1.0 / HydroBASINS v1c level 12 (Lehner & Grill 2013); WorldPop Global2 R2025A constrained 100 m, India only"
WQS1244,nearest reach within 2 km,41102832.0,1102.0,14.9,1.018,1.0,4121535140.0,41173390.0,275.1,0.0,25451.0,3.0,12061.0,1.0,12061.0,0.0,25001.0,2020,"HydroRIVERS v1.0 / HydroBASINS v1c level 12 (Lehner & Grill 2013); WorldPop Global2 R2025A constrained 100 m, India only"
WQS1245,nearest reach within 2 km,41055120.0,1394.0,4.3,0.182,1.0,4121523580.0,41173390.0,486.4,0.0,43117.0,4.0,39819.0,1.0,39819.0,0.25,236906.6,2020,"HydroRIVERS v1.0 / HydroBASINS v1c level 12 (Lehner & Grill 2013); WorldPop Global2 R2025A constrained 100 m, India only"
WQS1246,nearest reach within 2 km,41062283.0,1194.0,7.5,0.495,1.0,4121524850.0,41173390.0,391.3,0.0,14892.0,1.0,14892.0,1.0,14892.0,0.0,30084.8,2020,"HydroRIVERS v1.0 / HydroBASINS v1c level 12 (Lehner & Grill 2013); WorldPop Global2 R2025A constrained 100 m, India only"
WQS1247,nearest reach within 2 km,41043047.0,1909.0,19.3,0.954,1.0,4121519740.0,41067217.0,689.3,0.0,90470.0,3.0,73858.0,1.0,73858.0,0.0,94832.3,2020,"HydroRIVERS v1.0 / HydroBASINS v1c level 12 (Lehner & Grill 2013); WorldPop Global2 R2025A constrained 100 m, India only"
WQS1248,largest upstream area within 1 km,41061395.0,997.0,126.1,8.207,3.0,4121524850.0,41173390.0,391.5,1.0,14892.0,1.0,14892.0,1.0,14892.0,0.0,1814.5,2020,"HydroRIVERS v1.0 / HydroBASINS v1c level 12 (Lehner & Grill 2013); WorldPop Global2 R2025A constrained 100 m, India only"
WQS1249,largest upstream area within 1 km,41042388.0,470.0,384.2,20.779,4.0,4121519740.0,41067217.0,673.5,3.0,90470.0,3.0,90470.0,3.0,73858.0,0.0,4353.9,2020,"HydroRIVERS v1.0 / HydroBASINS v1c level 12 (Lehner & Grill 2013); WorldPop Global2 R2025A constrained 100 m, India only"
WQS1250,largest upstream area within 1 km,41046825.0,868.0,209.2,11.937,4.0,4121520980.0,41067217.0,684.7,5.0,16612.0,2.0,16612.0,2.0,8544.0,0.0,1391.6,2020,"HydroRIVERS v1.0 / HydroBASINS v1c level 12 (Lehner & Grill 2013); WorldPop Global2 R2025A constrained 100 m, India only"
WQS1251,nearest reach within 2 km,41041767.0,1438.0,5.1,0.245,1.0,4121519740.0,41067217.0,675.6,0.0,90470.0,3.0,73858.0,1.0,73858.0,0.0,369265.3,2020,"HydroRIVERS v1.0 / HydroBASINS v1c level 12 (Lehner & Grill 2013); WorldPop Global2 R2025A constrained 100 m, India only"
WQS1252,nearest reach within 2 km,41044077.0,1722.0,8.1,0.375,1.0,4121519930.0,41067217.0,684.2,0.0,15562.0,2.0,10953.0,1.0,10953.0,0.0,41498.7,2020,"HydroRIVERS v1.0 / HydroBASINS v1c level 12 (Lehner & Grill 2013); WorldPop Global2 R2025A constrained 100 m, India only"
WQS1257,largest upstream area within 1 km,41042189.0,456.0,3.3,0.17,1.0,4121519810.0,41067217.0,637.8,1.0,155022.0,8.0,78271.0,1.0,78271.0,0.0,911894.1,2020,"HydroRIVERS v1.0 / HydroBASINS v1c level 12 (Lehner & Grill 2013); WorldPop Global2 R2025A constrained 100 m, India only"
WQS1258,largest upstream area within 1 km,40926911.0,615.0,390.5,24.665,5.0,4120895990.0,41067217.0,1006.6,5.0,209636.0,3.0,209636.0,3.0,134517.0,0.0,8499.3,2020,"HydroRIVERS v1.0 / HydroBASINS v1c level 12 (Lehner & Grill 2013); WorldPop Global2 R2025A constrained 100 m, India only"
WQS1259,largest upstream area within 1 km,40921685.0,24.0,435.1,27.512,5.0,4120895990.0,41067217.0,992.0,4.0,209636.0,3.0,209636.0,3.0,134517.0,0.0,7619.8,2020,"HydroRIVERS v1.0 / HydroBASINS v1c level 12 (Lehner & Grill 2013); WorldPop Global2 R2025A constrained 100 m, India only"
WQS1260,largest upstream area within 1 km,40919797.0,73.0,1706.6,96.197,5.0,4120894360.0,41067217.0,986.6,1.0,919448.0,13.0,912164.0,9.0,560933.0,0.0,9558.0,2020,"HydroRIVERS v1.0 / HydroBASINS v1c level 12 (Lehner & Grill 2013); WorldPop Global2 R2025A constrained 100 m, India only"
WQS1261,largest upstream area within 1 km,40919797.0,837.0,1706.6,96.197,5.0,4120894360.0,41067217.0,986.6,5.0,919448.0,13.0,912164.0,9.0,560933.0,0.0,9558.0,2020,"HydroRIVERS v1.0 / HydroBASINS v1c level 12 (Lehner & Grill 2013); WorldPop Global2 R2025A constrained 100 m, India only"
WQS1262,largest upstream area within 1 km,40924989.0,307.0,21.1,1.279,2.0,4120898530.0,41067217.0,1009.7,1.0,224452.0,11.0,77328.0,1.0,77328.0,0.0,175490.2,2020,"HydroRIVERS v1.0 / HydroBASINS v1c level 12 (Lehner & Grill 2013); WorldPop Global2 R2025A constrained 100 m, India only"
WQS1263,largest upstream area within 1 km,40917374.0,845.0,1790.8,101.641,5.0,4120894360.0,41067217.0,984.5,5.0,919448.0,13.0,910910.0,8.0,560933.0,0.0,9046.0,2020,"HydroRIVERS v1.0 / HydroBASINS v1c level 12 (Lehner & Grill 2013); WorldPop Global2 R2025A constrained 100 m, India only"
WQS1264,largest upstream area within 1 km,40918082.0,280.0,63.1,4.068,3.0,4120894360.0,41067217.0,987.2,5.0,919448.0,13.0,560933.0,1.0,560933.0,0.0,226019.7,2020,"HydroRIVERS v1.0 / HydroBASINS v1c level 12 (Lehner & Grill 2013); WorldPop Global2 R2025A constrained 100 m, India only"
WQS1266,nearest reach within 2 km,40932254.0,1203.0,3.1,0.21,1.0,4121493290.0,41067217.0,1023.2,0.0,81624.0,1.0,81624.0,1.0,81624.0,0.0,388685.7,2020,"HydroRIVERS v1.0 / HydroBASINS v1c level 12 (Lehner & Grill 2013); WorldPop Global2 R2025A constrained 100 m, India only"
WQS1268,nearest reach within 2 km,40932254.0,1196.0,3.1,0.21,1.0,4121493290.0,41067217.0,1023.2,0.0,81624.0,1.0,81624.0,1.0,81624.0,0.0,388685.7,2020,"HydroRIVERS v1.0 / HydroBASINS v1c level 12 (Lehner & Grill 2013); WorldPop Global2 R2025A constrained 100 m, India only"
WQS1270,largest upstream area within 1 km,40934374.0,587.0,36.4,2.483,2.0,4121494810.0,41067217.0,1105.2,4.0,81722.0,1.0,81722.0,1.0,81722.0,0.0,32912.6,2020,"HydroRIVERS v1.0 / HydroBASINS v1c level 12 (Lehner & Grill 2013); WorldPop Global2 R2025A constrained 100 m, India only"
WQS1271,largest upstream area within 1 km,40927929.0,41.0,1097.9,59.527,5.0,4120899870.0,41067217.0,1016.3,6.0,93435.0,9.0,89543.0,8.0,52108.0,0.0,1569.6,2020,"HydroRIVERS v1.0 / HydroBASINS v1c level 12 (Lehner & Grill 2013); WorldPop Global2 R2025A constrained 100 m, India only"
WQS1272,largest upstream area within 1 km,40917374.0,813.0,1790.8,101.641,5.0,4120894360.0,41067217.0,984.5,5.0,919448.0,13.0,910910.0,8.0,560933.0,0.0,9046.0,2020,"HydroRIVERS v1.0 / HydroBASINS v1c level 12 (Lehner & Grill 2013); WorldPop Global2 R2025A constrained 100 m, India only"
WQS1273,largest upstream area within 1 km,40919797.0,315.0,1706.6,96.197,5.0,4120894360.0,41067217.0,986.6,1.0,919448.0,13.0,912164.0,9.0,560933.0,0.0,9558.0,2020,"HydroRIVERS v1.0 / HydroBASINS v1c level 12 (Lehner & Grill 2013); WorldPop Global2 R2025A constrained 100 m, India only"
WQS1274,largest upstream area within 1 km,40919797.0,896.0,1706.6,96.197,5.0,4120894360.0,41067217.0,986.6,5.0,919448.0,13.0,912164.0,9.0,560933.0,0.0,9558.0,2020,"HydroRIVERS v1.0 / HydroBASINS v1c level 12 (Lehner & Grill 2013); WorldPop Global2 R2025A constrained 100 m, India only"
WQS1275,largest upstream area within 1 km,40919300.0,219.0,25.5,1.626,2.0,4120894360.0,41067217.0,994.3,4.0,919448.0,13.0,560933.0,1.0,560933.0,0.0,565466.2,2020,"HydroRIVERS v1.0 / HydroBASINS v1c level 12 (Lehner & Grill 2013); WorldPop Global2 R2025A constrained 100 m, India only"
WQS1276,nearest reach within 2 km,40932254.0,1382.0,3.1,0.21,1.0,4121493290.0,41067217.0,1023.2,0.0,81624.0,1.0,81624.0,1.0,81624.0,0.0,388685.7,2020,"HydroRIVERS v1.0 / HydroBASINS v1c level 12 (Lehner & Grill 2013); WorldPop Global2 R2025A constrained 100 m, India only"
WQS1277,largest upstream area within 1 km,40934374.0,559.0,36.4,2.483,2.0,4121494810.0,41067217.0,1105.2,4.0,81722.0,1.0,81722.0,1.0,81722.0,0.0,32912.6,2020,"HydroRIVERS v1.0 / HydroBASINS v1c level 12 (Lehner & Grill 2013); WorldPop Global2 R2025A constrained 100 m, India only"
WQS1278,nearest reach within 2 km,40874556.0,1115.0,16.9,1.693,2.0,4120869510.0,41067217.0,999.3,0.0,93904.0,4.0,32030.0,1.0,32030.0,0.0,55466.0,2020,"HydroRIVERS v1.0 / HydroBASINS v1c level 12 (Lehner & Grill 2013); WorldPop Global2 R2025A constrained 100 m, India only"
WQS1279,largest upstream area within 1 km,40871565.0,263.0,637.7,64.068,4.0,4120869510.0,41067217.0,989.6,3.0,93904.0,4.0,93904.0,4.0,32030.0,0.0,1465.7,2020,"HydroRIVERS v1.0 / HydroBASINS v1c level 12 (Lehner & Grill 2013); WorldPop Global2 R2025A constrained 100 m, India only"
WQS1280,largest upstream area within 1 km,40930050.0,403.0,11.2,0.798,1.0,4121493140.0,41067217.0,1098.0,1.0,130345.0,2.0,48623.0,1.0,48623.0,0.0,163339.6,2020,"HydroRIVERS v1.0 / HydroBASINS v1c level 12 (Lehner & Grill 2013); WorldPop Global2 R2025A constrained 100 m, India only"
WQS1290,largest upstream area within 1 km,41153856.0,823.0,45.2,1.166,2.0,4121023720.0,41156760.0,49.5,4.0,41636.0,1.0,41636.0,1.0,41636.0,0.0,35708.4,2020,"HydroRIVERS v1.0 / HydroBASINS v1c level 12 (Lehner & Grill 2013); WorldPop Global2 R2025A constrained 100 m, India only"
WQS1351,largest upstream area within 1 km,41148158.0,348.0,4625.0,125.168,5.0,4120026900.0,41147878.0,1.7,3.0,1775681.0,36.0,792203.0,9.0,72882.0,0.028,14186.4,2020,"HydroRIVERS v1.0 / HydroBASINS v1c level 12 (Lehner & Grill 2013); WorldPop Global2 R2025A constrained 100 m, India only"
WQS1412,largest upstream area within 1 km,41134158.0,410.0,18384.0,457.284,6.0,4121541480.0,41144113.0,52.5,6.0,10441054.0,148.0,435022.0,6.0,68932.0,0.0,22832.8,2020,"HydroRIVERS v1.0 / HydroBASINS v1c level 12 (Lehner & Grill 2013); WorldPop Global2 R2025A constrained 100 m, India only"
WQS1421,largest upstream area within 1 km,41145281.0,152.0,1667.3,43.644,5.0,4121017170.0,41147878.0,30.5,1.0,468074.0,13.0,419094.0,11.0,85984.0,0.0,10724.8,2020,"HydroRIVERS v1.0 / HydroBASINS v1c level 12 (Lehner & Grill 2013); WorldPop Global2 R2025A constrained 100 m, India only"
WQS1424,largest upstream area within 1 km,41381644.0,362.0,8.4,0.133,1.0,4120028860.0,41381690.0,2.7,1.0,859961.0,7.0,209566.0,1.0,209566.0,0.0,6465872.2,2020,"HydroRIVERS v1.0 / HydroBASINS v1c level 12 (Lehner & Grill 2013); WorldPop Global2 R2025A constrained 100 m, India only"
WQS1425,largest upstream area within 1 km,41368558.0,6.0,2649.0,26.087,4.0,4120028650.0,41368558.0,0.0,3.0,1624782.0,24.0,886952.0,10.0,26426.0,0.0,62283.2,2020,"HydroRIVERS v1.0 / HydroBASINS v1c level 12 (Lehner & Grill 2013); WorldPop Global2 R2025A constrained 100 m, India only"
WQS1426,nearest reach within 2 km,41275841.0,1704.0,310379.7,3372.786,8.0,4120027780.0,41275841.0,0.0,0.0,86513973.0,2410.0,555133.0,8.0,43569.0,0.003,25650.6,2020,"HydroRIVERS v1.0 / HydroBASINS v1c level 12 (Lehner & Grill 2013); WorldPop Global2 R2025A constrained 100 m, India only"
WQS1429,largest upstream area within 1 km,40628425.0,502.0,16041.8,497.569,5.0,4121419810.0,41023100.0,1701.3,1.0,4570835.0,121.0,506283.0,9.0,89172.0,0.008,9186.3,2020,"HydroRIVERS v1.0 / HydroBASINS v1c level 12 (Lehner & Grill 2013); WorldPop Global2 R2025A constrained 100 m, India only"
WQS1430,largest upstream area within 1 km,40612666.0,62.0,12937.5,430.182,5.0,4120702210.0,41023100.0,1816.3,1.0,3274478.0,96.0,810784.0,17.0,124497.0,0.01,7611.8,2020,"HydroRIVERS v1.0 / HydroBASINS v1c level 12 (Lehner & Grill 2013); WorldPop Global2 R2025A constrained 100 m, India only"
WQS1432,largest upstream area within 1 km,40633221.0,178.0,16252.5,505.794,5.0,4121421240.0,41023100.0,1679.6,1.0,4637147.0,122.0,350365.0,5.0,66312.0,0.008,9168.1,2020,"HydroRIVERS v1.0 / HydroBASINS v1c level 12 (Lehner & Grill 2013); WorldPop Global2 R2025A constrained 100 m, India only"
WQS1433,largest upstream area within 1 km,40615003.0,202.0,14855.0,473.593,5.0,4121414750.0,41023100.0,1763.8,1.0,4023570.0,111.0,718972.0,12.0,112664.0,0.009,8495.8,2020,"HydroRIVERS v1.0 / HydroBASINS v1c level 12 (Lehner & Grill 2013); WorldPop Global2 R2025A constrained 100 m, India only"
WQS1434,largest upstream area within 1 km,40640084.0,100.0,17156.5,518.611,5.0,4120729700.0,41023100.0,1643.1,3.0,5097706.0,129.0,431193.0,7.0,12503.0,0.008,9829.5,2020,"HydroRIVERS v1.0 / HydroBASINS v1c level 12 (Lehner & Grill 2013); WorldPop Global2 R2025A constrained 100 m, India only"
WQS1435,largest upstream area within 1 km,40612666.0,625.0,12937.5,430.182,5.0,4120702210.0,41023100.0,1816.3,3.0,3274478.0,96.0,810784.0,17.0,124497.0,0.01,7611.8,2020,"HydroRIVERS v1.0 / HydroBASINS v1c level 12 (Lehner & Grill 2013); WorldPop Global2 R2025A constrained 100 m, India only"
WQS1436,largest upstream area within 1 km,40628425.0,225.0,16041.8,497.569,5.0,4121419810.0,41023100.0,1701.3,1.0,4570835.0,121.0,506283.0,9.0,89172.0,0.008,9186.3,2020,"HydroRIVERS v1.0 / HydroBASINS v1c level 12 (Lehner & Grill 2013); WorldPop Global2 R2025A constrained 100 m, India only"
WQS1438,largest upstream area within 1 km,40638668.0,447.0,16518.8,516.02,5.0,4120728740.0,41023100.0,1651.9,5.0,4714407.0,124.0,232743.0,4.0,27756.0,0.008,9136.1,2020,"HydroRIVERS v1.0 / HydroBASINS v1c level 12 (Lehner & Grill 2013); WorldPop Global2 R2025A constrained 100 m, India only"
WQS1439,largest upstream area within 1 km,40608407.0,470.0,13647.4,443.689,5.0,4120700890.0,41023100.0,1788.5,3.0,3453057.0,102.0,413318.0,11.0,12432.0,0.01,7782.6,2020,"HydroRIVERS v1.0 / HydroBASINS v1c level 12 (Lehner & Grill 2013); WorldPop Global2 R2025A constrained 100 m, India only"
WQS1441,largest upstream area within 1 km,40608407.0,41.0,13647.4,443.689,5.0,4120700890.0,41023100.0,1788.5,3.0,3453057.0,102.0,413318.0,11.0,12432.0,0.01,7782.6,2020,"HydroRIVERS v1.0 / HydroBASINS v1c level 12 (Lehner & Grill 2013); WorldPop Global2 R2025A constrained 100 m, India only"
WQS1442,largest upstream area within 1 km,40615003.0,223.0,14855.0,473.593,5.0,4121414750.0,41023100.0,1763.8,1.0,4023570.0,111.0,718972.0,12.0,112664.0,0.009,8495.8,2020,"HydroRIVERS v1.0 / HydroBASINS v1c level 12 (Lehner & Grill 2013); WorldPop Global2 R2025A constrained 100 m, India only"
WQS1443,largest upstream area within 1 km,40633221.0,566.0,16252.5,505.794,5.0,4121421240.0,41023100.0,1679.6,1.0,4637147.0,122.0,350365.0,5.0,66312.0,0.008,9168.1,2020,"HydroRIVERS v1.0 / HydroBASINS v1c level 12 (Lehner & Grill 2013); WorldPop Global2 R2025A constrained 100 m, India only"
WQS1444,largest upstream area within 1 km,40644034.0,167.0,55532.3,757.228,6.0,4121425220.0,41023100.0,1832.7,3.0,3342058.0,425.0,1164474.0,14.0,50719.0,0.661,4413.5,2020,"HydroRIVERS v1.0 / HydroBASINS v1c level 12 (Lehner & Grill 2013); WorldPop Global2 R2025A constrained 100 m, India only"
WQS1445,largest upstream area within 1 km,40640360.0,995.0,64077.5,829.41,6.0,4120729900.0,41023100.0,1645.4,2.0,10389151.0,491.0,421568.0,7.0,65995.0,0.572,12526.0,2020,"HydroRIVERS v1.0 / HydroBASINS v1c level 12 (Lehner & Grill 2013); WorldPop Global2 R2025A constrained 100 m, India only"
WQS1446,largest upstream area within 1 km,40599161.0,439.0,6325.0,172.908,5.0,4120696530.0,41023100.0,1833.7,3.0,632951.0,51.0,331807.0,6.0,119517.0,0.059,3660.6,2020,"HydroRIVERS v1.0 / HydroBASINS v1c level 12 (Lehner & Grill 2013); WorldPop Global2 R2025A constrained 100 m, India only"
WQS1447,largest upstream area within 1 km,40599161.0,594.0,6325.0,172.908,5.0,4120696530.0,41023100.0,1833.7,3.0,632951.0,51.0,331807.0,6.0,119517.0,0.059,3660.6,2020,"HydroRIVERS v1.0 / HydroBASINS v1c level 12 (Lehner & Grill 2013); WorldPop Global2 R2025A constrained 100 m, India only"
WQS1448,largest upstream area within 1 km,40643594.0,218.0,716.9,5.969,3.0,4120732730.0,41023100.0,1837.3,1.0,466617.0,5.0,466617.0,5.0,64120.0,0.0,78173.4,2020,"HydroRIVERS v1.0 / HydroBASINS v1c level 12 (Lehner & Grill 2013); WorldPop Global2 R2025A constrained 100 m, India only"
WQS1449,largest upstream area within 1 km,40636285.0,856.0,52761.5,733.479,6.0,4120726490.0,41023100.0,1870.0,1.0,1695990.0,404.0,266829.0,4.0,126828.0,0.696,2312.3,2020,"HydroRIVERS v1.0 / HydroBASINS v1c level 12 (Lehner & Grill 2013); WorldPop Global2 R2025A constrained 100 m, India only"
WQS1450,largest upstream area within 1 km,40636285.0,70.0,52761.5,733.479,6.0,4120726490.0,41023100.0,1870.0,1.0,1695990.0,404.0,266829.0,4.0,126828.0,0.696,2312.3,2020,"HydroRIVERS v1.0 / HydroBASINS v1c level 12 (Lehner & Grill 2013); WorldPop Global2 R2025A constrained 100 m, India only"
WQS1451,largest upstream area within 1 km,40636285.0,79.0,52761.5,733.479,6.0,4120726490.0,41023100.0,1870.0,1.0,1695990.0,404.0,266829.0,4.0,126828.0,0.696,2312.3,2020,"HydroRIVERS v1.0 / HydroBASINS v1c level 12 (Lehner & Grill 2013); WorldPop Global2 R2025A constrained 100 m, India only"
WQS1452,largest upstream area within 1 km,40638410.0,457.0,64.4,0.621,2.0,4121423040.0,41023100.0,1856.8,1.0,2680204.0,416.0,107674.0,1.0,107674.0,0.675,4315948.5,2020,"HydroRIVERS v1.0 / HydroBASINS v1c level 12 (Lehner & Grill 2013); WorldPop Global2 R2025A constrained 100 m, India only"
WQS1453,largest upstream area within 1 km,40646038.0,18.0,59605.3,769.527,6.0,4120733520.0,41023100.0,1690.8,1.0,7094575.0,456.0,1402096.0,8.0,65055.0,0.616,9219.4,2020,"HydroRIVERS v1.0 / HydroBASINS v1c level 12 (Lehner & Grill 2013); WorldPop Global2 R2025A constrained 100 m, India only"
WQS1454,largest upstream area within 1 km,40640636.0,653.0,84010.4,1369.421,6.0,4120730440.0,41023100.0,1631.7,3.0,17112900.0,643.0,939058.0,20.0,22719.0,0.44,12496.4,2020,"HydroRIVERS v1.0 / HydroBASINS v1c level 12 (Lehner & Grill 2013); WorldPop Global2 R2025A constrained 100 m, India only"
WQS1455,largest upstream area within 1 km,40645469.0,179.0,56144.2,752.418,6.0,4121425410.0,41023100.0,1781.4,1.0,3642509.0,430.0,457170.0,8.0,62307.0,0.653,4841.1,2020,"HydroRIVERS v1.0 / HydroBASINS v1c level 12 (Lehner & Grill 2013); WorldPop Global2 R2025A constrained 100 m, India only"
WQS1456,largest upstream area within 1 km,40645622.0,298.0,56653.8,758.096,6.0,4121425390.0,41023100.0,1733.4,1.0,3847795.0,433.0,267593.0,4.0,73272.0,0.649,5075.6,2020,"HydroRIVERS v1.0 / HydroBASINS v1c level 12 (Lehner & Grill 2013); WorldPop Global2 R2025A constrained 100 m, India only"
WQS1457,largest upstream area within 1 km,40646186.0,402.0,85500.7,1371.594,6.0,4121425580.0,41023100.0,1588.0,1.0,17855012.0,653.0,408566.0,7.0,123473.0,0.433,13017.7,2020,"HydroRIVERS v1.0 / HydroBASINS v1c level 12 (Lehner & Grill 2013); WorldPop Global2 R2025A constrained 100 m, India only"
WQS1458,nearest reach within 2 km,40639524.0,1024.0,58.4,0.527,2.0,4121423290.0,41023100.0,1850.4,0.0,2736616.0,417.0,56412.0,1.0,56412.0,0.674,5192819.7,2020,"HydroRIVERS v1.0 / HydroBASINS v1c level 12 (Lehner & Grill 2013); WorldPop Global2 R2025A constrained 100 m, India only"
WQS1459,largest upstream area within 1 km,40636285.0,7.0,52761.5,733.479,6.0,4120726490.0,41023100.0,1870.0,1.0,1695990.0,404.0,266829.0,4.0,126828.0,0.696,2312.3,2020,"HydroRIVERS v1.0 / HydroBASINS v1c level 12 (Lehner & Grill 2013); WorldPop Global2 R2025A constrained 100 m, India only"
WQS1460,largest upstream area within 1 km,40633758.0,770.0,1848.2,18.682,4.0,4120723920.0,41023100.0,1694.5,1.0,1005307.0,13.0,866034.0,11.0,202132.0,0.0,53811.5,2020,"HydroRIVERS v1.0 / HydroBASINS v1c level 12 (Lehner & Grill 2013); WorldPop Global2 R2025A constrained 100 m, India only"
WQS1461,largest upstream area within 1 km,40638670.0,151.0,3102.0,22.028,4.0,4120728750.0,41023100.0,1707.9,1.0,2369638.0,26.0,1732876.0,19.0,38843.0,0.0,107573.9,2020,"HydroRIVERS v1.0 / HydroBASINS v1c level 12 (Lehner & Grill 2013); WorldPop Global2 R2025A constrained 100 m, India only"
WQS1462,largest upstream area within 1 km,40645771.0,318.0,56603.6,757.116,6.0,4121425390.0,41023100.0,1739.9,1.0,3847795.0,433.0,267593.0,4.0,73272.0,0.649,5082.2,2020,"HydroRIVERS v1.0 / HydroBASINS v1c level 12 (Lehner & Grill 2013); WorldPop Global2 R2025A constrained 100 m, India only"
WQS1463,largest upstream area within 1 km,40645771.0,23.0,56603.6,757.116,6.0,4121425390.0,41023100.0,1739.9,1.0,3847795.0,433.0,267593.0,4.0,73272.0,0.649,5082.2,2020,"HydroRIVERS v1.0 / HydroBASINS v1c level 12 (Lehner & Grill 2013); WorldPop Global2 R2025A constrained 100 m, India only"
WQS1464,largest upstream area within 1 km,40645185.0,57.0,55572.8,755.628,6.0,4121425220.0,41023100.0,1828.2,3.0,3342058.0,425.0,1044278.0,13.0,50719.0,0.661,4422.9,2020,"HydroRIVERS v1.0 / HydroBASINS v1c level 12 (Lehner & Grill 2013); WorldPop Global2 R2025A constrained 100 m, India only"
WQS1465,largest upstream area within 1 km,40638670.0,429.0,3102.0,22.028,4.0,4120728750.0,41023100.0,1707.9,3.0,2369638.0,26.0,1732876.0,19.0,38843.0,0.0,107573.9,2020,"HydroRIVERS v1.0 / HydroBASINS v1c level 12 (Lehner & Grill 2013); WorldPop Global2 R2025A constrained 100 m, India only"
WQS1466,largest upstream area within 1 km,40636842.0,68.0,2381.6,19.056,4.0,4120726750.0,41023100.0,1729.9,1.0,1421157.0,19.0,1339968.0,18.0,16837.0,0.0,74577.9,2020,"HydroRIVERS v1.0 / HydroBASINS v1c level 12 (Lehner & Grill 2013); WorldPop Global2 R2025A constrained 100 m, India only"
WQS1467,largest upstream area within 1 km,40645771.0,353.0,56603.6,757.116,6.0,4121425390.0,41023100.0,1739.9,1.0,3847795.0,433.0,267593.0,4.0,73272.0,0.649,5082.2,2020,"HydroRIVERS v1.0 / HydroBASINS v1c level 12 (Lehner & Grill 2013); WorldPop Global2 R2025A constrained 100 m, India only"
WQS1468,largest upstream area within 1 km,40648220.0,60.0,1307.2,6.75,4.0,4120737480.0,41023100.0,1757.8,1.0,909121.0,11.0,679156.0,7.0,163946.0,0.0,134684.6,2020,"HydroRIVERS v1.0 / HydroBASINS v1c level 12 (Lehner & Grill 2013); WorldPop Global2 R2025A constrained 100 m, India only"
WQS1469,largest upstream area within 1 km,40636285.0,399.0,52761.5,733.479,6.0,4120726490.0,41023100.0,1870.0,1.0,1695990.0,404.0,266829.0,4.0,126828.0,0.696,2312.3,2020,"HydroRIVERS v1.0 / HydroBASINS v1c level 12 (Lehner & Grill 2013); WorldPop Global2 R2025A constrained 100 m, India only"
WQS1470,largest upstream area within 1 km,40646186.0,81.0,85500.7,1371.594,6.0,4121425580.0,41023100.0,1588.0,3.0,17855012.0,653.0,408566.0,7.0,123473.0,0.433,13017.7,2020,"HydroRIVERS v1.0 / HydroBASINS v1c level 12 (Lehner & Grill 2013); WorldPop Global2 R2025A constrained 100 m, India only"
WQS1471,largest upstream area within 1 km,40633920.0,209.0,1112.8,20.687,3.0,4121421610.0,41023100.0,1884.7,1.0,728618.0,9.0,652397.0,8.0,120196.0,0.0,35221.1,2020,"HydroRIVERS v1.0 / HydroBASINS v1c level 12 (Lehner & Grill 2013); WorldPop Global2 R2025A constrained 100 m, India only"
WQS1472,largest upstream area within 1 km,40646045.0,406.0,55668.8,750.167,6.0,4121425350.0,41023100.0,1817.6,1.0,3443206.0,426.0,1070352.0,13.0,101148.0,0.66,4589.9,2020,"HydroRIVERS v1.0 / HydroBASINS v1c level 12 (Lehner & Grill 2013); WorldPop Global2 R2025A constrained 100 m, India only"
WQS1473,largest upstream area within 1 km,40646349.0,231.0,56742.3,758.281,6.0,4120735710.0,41023100.0,1718.5,1.0,3883634.0,434.0,303432.0,5.0,35839.0,0.647,5121.6,2020,"HydroRIVERS v1.0 / HydroBASINS v1c level 12 (Lehner & Grill 2013); WorldPop Global2 R2025A constrained 100 m, India only"
WQS1474,largest upstream area within 1 km,40919938.0,71.0,27672.8,15.87,6.0,4120897310.0,41067217.0,2408.2,1.0,7923009.0,208.0,512751.0,22.0,17557.0,0.0,499244.4,2020,"HydroRIVERS v1.0 / HydroBASINS v1c level 12 (Lehner & Grill 2013); WorldPop Global2 R2025A constrained 100 m, India only"
WQS1475,largest upstream area within 1 km,40992477.0,263.0,524.6,2.925,3.0,4121507800.0,41072957.0,363.4,1.0,176676.0,3.0,176676.0,3.0,54540.0,0.0,60402.1,2020,"HydroRIVERS v1.0 / HydroBASINS v1c level 12 (Lehner & Grill 2013); WorldPop Global2 R2025A constrained 100 m, India only"
WQS1476,largest upstream area within 1 km,40863730.0,991.0,426.7,1.085,3.0,4120868240.0,41067217.0,2384.5,3.0,861368.0,3.0,861368.0,3.0,571090.0,0.0,793887.6,2020,"HydroRIVERS v1.0 / HydroBASINS v1c level 12 (Lehner & Grill 2013); WorldPop Global2 R2025A constrained 100 m, India only"
WQS1477,largest upstream area within 1 km,40957552.0,204.0,13818.0,19.173,5.0,4120915320.0,41067217.0,2509.8,3.0,4850035.0,103.0,388293.0,17.0,12548.0,0.0,252961.7,2020,"HydroRIVERS v1.0 / HydroBASINS v1c level 12 (Lehner & Grill 2013); WorldPop Global2 R2025A constrained 100 m, India only"
WQS1478,largest upstream area within 1 km,40981114.0,105.0,1427.3,6.322,4.0,4120926700.0,41067217.0,2578.5,1.0,607743.0,9.0,607743.0,9.0,109221.0,0.0,96131.4,2020,"HydroRIVERS v1.0 / HydroBASINS v1c level 12 (Lehner & Grill 2013); WorldPop Global2 R2025A constrained 100 m, India only"
WQS1479,largest upstream area within 1 km,40976278.0,44.0,6825.9,16.023,5.0,4120925500.0,41067217.0,2572.5,1.0,2905569.0,49.0,915014.0,20.0,30663.0,0.0,181337.4,2020,"HydroRIVERS v1.0 / HydroBASINS v1c level 12 (Lehner & Grill 2013); WorldPop Global2 R2025A constrained 100 m, India only"
WQS1480,largest upstream area within 1 km,40977985.0,101.0,5324.2,10.504,5.0,4120926690.0,41067217.0,2578.5,3.0,2267163.0,39.0,449109.0,15.0,136462.0,0.0,215838.1,2020,"HydroRIVERS v1.0 / HydroBASINS v1c level 12 (Lehner & Grill 2013); WorldPop Global2 R2025A constrained 100 m, India only"
WQS1482,largest upstream area within 1 km,40958317.0,292.0,27509.9,190.145,5.0,4120917060.0,41067217.0,2340.7,3.0,12417207.0,203.0,608684.0,3.0,191220.0,0.02,65303.9,2020,"HydroRIVERS v1.0 / HydroBASINS v1c level 12 (Lehner & Grill 2013); WorldPop Global2 R2025A constrained 100 m, India only"
WQS1483,largest upstream area within 1 km,40958319.0,196.0,28317.7,193.995,5.0,4121499520.0,41067217.0,2333.8,1.0,12937080.0,209.0,1128557.0,9.0,44586.0,0.019,66687.7,2020,"HydroRIVERS v1.0 / HydroBASINS v1c level 12 (Lehner & Grill 2013); WorldPop Global2 R2025A constrained 100 m, India only"
WQS1484,largest upstream area within 1 km,40963649.0,117.0,27258.8,190.579,5.0,4121500320.0,41067217.0,2366.6,3.0,12225986.0,202.0,543231.0,8.0,404145.0,0.02,64151.8,2020,"HydroRIVERS v1.0 / HydroBASINS v1c level 12 (Lehner & Grill 2013); WorldPop Global2 R2025A constrained 100 m, India only"
WQS1486,largest upstream area within 1 km,40957555.0,279.0,27462.1,190.458,5.0,4120917060.0,41067217.0,2349.5,1.0,12417207.0,203.0,625682.0,4.0,191220.0,0.02,65196.6,2020,"HydroRIVERS v1.0 / HydroBASINS v1c level 12 (Lehner & Grill 2013); WorldPop Global2 R2025A constrained 100 m, India only"
WQS1488,largest upstream area within 1 km,40875849.0,8.0,134288.7,549.951,7.0,4120870740.0,41067217.0,2017.2,1.0,42296533.0,995.0,128789.0,4.0,75916.0,0.007,76909.6,2020,"HydroRIVERS v1.0 / HydroBASINS v1c level 12 (Lehner & Grill 2013); WorldPop Global2 R2025A constrained 100 m, India only"
WQS1489,unsnapped (> 2 km from any reach),,,,,,,,,,,,,,,,,2020,"HydroRIVERS v1.0 / HydroBASINS v1c level 12 (Lehner & Grill 2013); WorldPop Global2 R2025A constrained 100 m, India only"
WQS1490,largest upstream area within 1 km,40990050.0,142.0,1077.8,5.659,4.0,4120930440.0,41067217.0,2599.2,1.0,392453.0,7.0,392453.0,7.0,31394.0,0.0,69350.2,2020,"HydroRIVERS v1.0 / HydroBASINS v1c level 12 (Lehner & Grill 2013); WorldPop Global2 R2025A constrained 100 m, India only"
WQS1491,largest upstream area within 1 km,40981114.0,128.0,1427.3,6.322,4.0,4120926700.0,41067217.0,2578.5,1.0,607743.0,9.0,607743.0,9.0,109221.0,0.0,96131.4,2020,"HydroRIVERS v1.0 / HydroBASINS v1c level 12 (Lehner & Grill 2013); WorldPop Global2 R2025A constrained 100 m, India only"
WQS1494,largest upstream area within 1 km,40964424.0,196.0,24028.0,192.44,6.0,4121500010.0,41067217.0,2320.2,1.0,5904635.0,172.0,380334.0,17.0,28711.0,0.0,30683.0,2020,"HydroRIVERS v1.0 / HydroBASINS v1c level 12 (Lehner & Grill 2013); WorldPop Global2 R2025A constrained 100 m, India only"
WQS1495,largest upstream area within 1 km,40948798.0,2.0,24861.9,194.406,6.0,4120908880.0,41067217.0,2278.8,3.0,6057238.0,177.0,207046.0,8.0,10224.0,0.0,31157.7,2020,"HydroRIVERS v1.0 / HydroBASINS v1c level 12 (Lehner & Grill 2013); WorldPop Global2 R2025A constrained 100 m, India only"
WQS1499,largest upstream area within 1 km,40954215.0,89.0,2236.1,3.56,4.0,4120914090.0,41067217.0,2513.9,1.0,703623.0,17.0,508477.0,9.0,27234.0,0.0,197646.9,2020,"HydroRIVERS v1.0 / HydroBASINS v1c level 12 (Lehner & Grill 2013); WorldPop Global2 R2025A constrained 100 m, India only"
WQS1500,largest upstream area within 1 km,40950202.0,47.0,1985.3,3.274,4.0,4121498500.0,41067217.0,2552.1,3.0,676389.0,16.0,481243.0,8.0,57706.0,0.0,206594.1,2020,"HydroRIVERS v1.0 / HydroBASINS v1c level 12 (Lehner & Grill 2013); WorldPop Global2 R2025A constrained 100 m, India only"
WQS1501,largest upstream area within 1 km,41045896.0,38.0,16588.8,177.0,6.0,4120965920.0,41114851.0,261.7,1.0,4934637.0,134.0,481037.0,10.0,85674.0,0.0,27879.3,2020,"HydroRIVERS v1.0 / HydroBASINS v1c level 12 (Lehner & Grill 2013); WorldPop Global2 R2025A constrained 100 m, India only"
WQS1502,largest upstream area within 1 km,41052230.0,126.0,56.1,0.709,1.0,4120965770.0,41114851.0,299.1,1.0,150962.0,1.0,150962.0,1.0,150962.0,0.0,212922.4,2020,"HydroRIVERS v1.0 / HydroBASINS v1c level 12 (Lehner & Grill 2013); WorldPop Global2 R2025A constrained 100 m, India only"
WQS1503,nearest reach within 2 km,41047579.0,1288.0,4756.3,60.851,4.0,4120965550.0,41114851.0,371.4,0.0,1698515.0,36.0,176381.0,6.0,22810.0,0.0,27912.7,2020,"HydroRIVERS v1.0 / HydroBASINS v1c level 12 (Lehner & Grill 2013); WorldPop Global2 R2025A constrained 100 m, India only"
WQS1504,largest upstream area within 1 km,40932404.0,28.0,15189.1,135.389,5.0,4120898640.0,41067217.0,2237.0,1.0,3553485.0,114.0,306051.0,15.0,38736.0,0.0,26246.5,2020,"HydroRIVERS v1.0 / HydroBASINS v1c level 12 (Lehner & Grill 2013); WorldPop Global2 R2025A constrained 100 m, India only"
WQS1505,largest upstream area within 1 km,41006939.0,626.0,163.8,1.184,2.0,4120942370.0,41067217.0,2451.7,1.0,80632.0,1.0,80632.0,1.0,80632.0,0.0,68101.4,2020,"HydroRIVERS v1.0 / HydroBASINS v1c level 12 (Lehner & Grill 2013); WorldPop Global2 R2025A constrained 100 m, India only"
WQS1506,nearest reach within 2 km,40996477.0,1515.0,8039.7,67.569,4.0,4120935570.0,41067217.0,2396.7,0.0,2207198.0,56.0,319752.0,7.0,86867.0,0.0,32665.8,2020,"HydroRIVERS v1.0 / HydroBASINS v1c level 12 (Lehner & Grill 2013); WorldPop Global2 R2025A constrained 100 m, India only"
WQS1507,largest upstream area within 1 km,40837437.0,491.0,172.8,6.29,3.0,4120854150.0,41067217.0,644.0,5.0,141619.0,2.0,141619.0,2.0,44949.0,0.0,22514.9,2020,"HydroRIVERS v1.0 / HydroBASINS v1c level 12 (Lehner & Grill 2013); WorldPop Global2 R2025A constrained 100 m, India only"
WQS1508,largest upstream area within 1 km,40829477.0,81.0,4228.6,89.489,5.0,4121472360.0,41067217.0,657.4,3.0,78700.0,32.0,75578.0,15.0,23398.0,0.125,879.4,2020,"HydroRIVERS v1.0 / HydroBASINS v1c level 12 (Lehner & Grill 2013); WorldPop Global2 R2025A constrained 100 m, India only"
WQS1509,largest upstream area within 1 km,40836118.0,212.0,66.6,2.438,3.0,4121472580.0,41067217.0,646.7,3.0,96670.0,1.0,96670.0,1.0,96670.0,0.0,39651.4,2020,"HydroRIVERS v1.0 / HydroBASINS v1c level 12 (Lehner & Grill 2013); WorldPop Global2 R2025A constrained 100 m, India only"
WQS1510,largest upstream area within 1 km,40829478.0,167.0,78.5,2.539,2.0,4120848280.0,41067217.0,667.4,1.0,13438.0,2.0,9669.0,1.0,9669.0,0.0,5292.6,2020,"HydroRIVERS v1.0 / HydroBASINS v1c level 12 (Lehner & Grill 2013); WorldPop Global2 R2025A constrained 100 m, India only"
WQS1511,largest upstream area within 1 km,40836899.0,205.0,1042.2,39.214,5.0,4120852480.0,41067217.0,645.9,3.0,48585.0,9.0,48585.0,9.0,2572.0,0.0,1239.0,2020,"HydroRIVERS v1.0 / HydroBASINS v1c level 12 (Lehner & Grill 2013); WorldPop Global2 R2025A constrained 100 m, India only"
WQS1512,largest upstream area within 1 km,40847789.0,187.0,2024.8,79.37,5.0,4120858840.0,41067217.0,617.7,3.0,430085.0,17.0,429907.0,15.0,108633.0,0.0,5418.7,2020,"HydroRIVERS v1.0 / HydroBASINS v1c level 12 (Lehner & Grill 2013); WorldPop Global2 R2025A constrained 100 m, India only"
WQS1513,largest upstream area within 1 km,40850316.0,493.0,7765.0,227.531,6.0,4120861140.0,41067217.0,603.3,3.0,1024715.0,60.0,936607.0,22.0,41568.0,0.067,4503.6,2020,"HydroRIVERS v1.0 / HydroBASINS v1c level 12 (Lehner & Grill 2013); WorldPop Global2 R2025A constrained 100 m, India only"
WQS1514,largest upstream area within 1 km,40838293.0,366.0,1260.9,47.928,5.0,4120857240.0,41067217.0,642.6,3.0,154792.0,11.0,154792.0,11.0,60208.0,0.0,3229.7,2020,"HydroRIVERS v1.0 / HydroBASINS v1c level 12 (Lehner & Grill 2013); WorldPop Global2 R2025A constrained 100 m, India only"
WQS1515,largest upstream area within 1 km,40849807.0,82.0,2209.1,87.156,5.0,4120858840.0,41067217.0,604.2,3.0,430085.0,17.0,410357.0,11.0,108633.0,0.0,4934.7,2020,"HydroRIVERS v1.0 / HydroBASINS v1c level 12 (Lehner & Grill 2013); WorldPop Global2 R2025A constrained 100 m, India only"
WQS1516,largest upstream area within 1 km,40841463.0,113.0,1352.3,51.573,5.0,4120857240.0,41067217.0,635.3,3.0,154792.0,11.0,154792.0,11.0,60208.0,0.0,3001.4,2020,"HydroRIVERS v1.0 / HydroBASINS v1c level 12 (Lehner & Grill 2013); WorldPop Global2 R2025A constrained 100 m, India only"
WQS1517,largest upstream area within 1 km,40850316.0,394.0,7765.0,227.531,6.0,4120861140.0,41067217.0,603.3,3.0,1024715.0,60.0,936607.0,22.0,41568.0,0.067,4503.6,2020,"HydroRIVERS v1.0 / HydroBASINS v1c level 12 (Lehner & Grill 2013); WorldPop Global2 R2025A constrained 100 m, India only"
WQS1518,largest upstream area within 1 km,40836899.0,312.0,1042.2,39.214,5.0,4120852480.0,41067217.0,645.9,3.0,48585.0,9.0,48585.0,9.0,2572.0,0.0,1239.0,2020,"HydroRIVERS v1.0 / HydroBASINS v1c level 12 (Lehner & Grill 2013); WorldPop Global2 R2025A constrained 100 m, India only"
WQS1519,largest upstream area within 1 km,40843974.0,205.0,572.9,21.845,4.0,4120856130.0,41067217.0,622.4,3.0,147237.0,5.0,147237.0,5.0,22359.0,0.0,6740.1,2020,"HydroRIVERS v1.0 / HydroBASINS v1c level 12 (Lehner & Grill 2013); WorldPop Global2 R2025A constrained 100 m, India only"
WQS1520,largest upstream area within 1 km,40843974.0,57.0,572.9,21.845,4.0,4120856130.0,41067217.0,622.4,1.0,147237.0,5.0,147237.0,5.0,22359.0,0.0,6740.1,2020,"HydroRIVERS v1.0 / HydroBASINS v1c level 12 (Lehner & Grill 2013); WorldPop Global2 R2025A constrained 100 m, India only"
WQS1521,largest upstream area within 1 km,40842588.0,278.0,400.8,14.754,4.0,4120855500.0,41067217.0,630.5,3.0,64980.0,3.0,64980.0,3.0,36262.0,0.0,4404.2,2020,"HydroRIVERS v1.0 / HydroBASINS v1c level 12 (Lehner & Grill 2013); WorldPop Global2 R2025A constrained 100 m, India only"
WQS1522,largest upstream area within 1 km,40841467.0,142.0,361.7,13.196,4.0,4120855500.0,41067217.0,636.4,4.0,64980.0,3.0,64980.0,3.0,36262.0,0.0,4924.2,2020,"HydroRIVERS v1.0 / HydroBASINS v1c level 12 (Lehner & Grill 2013); WorldPop Global2 R2025A constrained 100 m, India only"
WQS1523,largest upstream area within 1 km,40842588.0,667.0,400.8,14.754,4.0,4120855500.0,41067217.0,630.5,3.0,64980.0,3.0,64980.0,3.0,36262.0,0.0,4404.2,2020,"HydroRIVERS v1.0 / HydroBASINS v1c level 12 (Lehner & Grill 2013); WorldPop Global2 R2025A constrained 100 m, India only"
WQS1524,largest upstream area within 1 km,40840986.0,32.0,235.0,8.227,3.0,4120854660.0,41067217.0,639.5,3.0,13501.0,1.0,13501.0,1.0,13501.0,0.0,1641.1,2020,"HydroRIVERS v1.0 / HydroBASINS v1c level 12 (Lehner & Grill 2013); WorldPop Global2 R2025A constrained 100 m, India only"
WQS1525,largest upstream area within 1 km,40842287.0,69.0,381.9,14.005,4.0,4120855500.0,41067217.0,631.3,2.0,64980.0,3.0,64980.0,3.0,36262.0,0.0,4639.8,2020,"HydroRIVERS v1.0 / HydroBASINS v1c level 12 (Lehner & Grill 2013); WorldPop Global2 R2025A constrained 100 m, India only"
WQS1526,nearest reach within 2 km,40848565.0,1757.0,10.7,0.446,1.0,4120858840.0,41067217.0,610.2,0.0,430085.0,17.0,108633.0,1.0,108633.0,0.0,964316.1,2020,"HydroRIVERS v1.0 / HydroBASINS v1c level 12 (Lehner & Grill 2013); WorldPop Global2 R2025A constrained 100 m, India only"
WQS1527,largest upstream area within 1 km,40841745.0,144.0,93.4,3.65,3.0,4120854850.0,41067217.0,642.0,5.0,15217.0,1.0,15217.0,1.0,15217.0,0.0,4169.0,2020,"HydroRIVERS v1.0 / HydroBASINS v1c level 12 (Lehner & Grill 2013); WorldPop Global2 R2025A constrained 100 m, India only"
WQS1528,largest upstream area within 1 km,40841745.0,249.0,93.4,3.65,3.0,4120854850.0,41067217.0,642.0,5.0,15217.0,1.0,15217.0,1.0,15217.0,0.0,4169.0,2020,"HydroRIVERS v1.0 / HydroBASINS v1c level 12 (Lehner & Grill 2013); WorldPop Global2 R2025A constrained 100 m, India only"
WQS1529,largest upstream area within 1 km,40816443.0,144.0,2800.8,51.107,5.0,4120843710.0,41067217.0,692.9,3.0,14434.0,21.0,14160.0,16.0,1714.0,0.143,282.4,2020,"HydroRIVERS v1.0 / HydroBASINS v1c level 12 (Lehner & Grill 2013); WorldPop Global2 R2025A constrained 100 m, India only"
WQS1530,nearest reach within 2 km,40848565.0,1758.0,10.7,0.446,1.0,4120858840.0,41067217.0,610.2,0.0,430085.0,17.0,108633.0,1.0,108633.0,0.0,964316.1,2020,"HydroRIVERS v1.0 / HydroBASINS v1c level 12 (Lehner & Grill 2013); WorldPop Global2 R2025A constrained 100 m, India only"
WQS1531,largest upstream area within 1 km,40820820.0,61.0,673.5,19.897,4.0,4120844410.0,41067217.0,673.8,3.0,3919.0,5.0,3919.0,5.0,3659.0,0.2,197.0,2020,"HydroRIVERS v1.0 / HydroBASINS v1c level 12 (Lehner & Grill 2013); WorldPop Global2 R2025A constrained 100 m, India only"
WQS1532,largest upstream area within 1 km,40841743.0,18.0,4775.8,109.97,5.0,4120856120.0,41067217.0,628.3,3.0,332291.0,36.0,317555.0,10.0,45370.0,0.111,3021.7,2020,"HydroRIVERS v1.0 / HydroBASINS v1c level 12 (Lehner & Grill 2013); WorldPop Global2 R2025A constrained 100 m, India only"
WQS1533,largest upstream area within 1 km,40842895.0,288.0,4813.8,111.501,5.0,4120856120.0,41067217.0,626.1,3.0,332291.0,36.0,317555.0,10.0,45370.0,0.111,2980.2,2020,"HydroRIVERS v1.0 / HydroBASINS v1c level 12 (Lehner & Grill 2013); WorldPop Global2 R2025A constrained 100 m, India only"
WQS1534,largest upstream area within 1 km,40820820.0,47.0,673.5,19.897,4.0,4120844410.0,41067217.0,673.8,3.0,3919.0,5.0,3919.0,5.0,3659.0,0.2,197.0,2020,"HydroRIVERS v1.0 / HydroBASINS v1c level 12 (Lehner & Grill 2013); WorldPop Global2 R2025A constrained 100 m, India only"
WQS1535,largest upstream area within 1 km,41385708.0,279.0,1281.0,5.674,4.0,4121597890.0,41376077.0,386.9,3.0,411468.0,10.0,411468.0,10.0,143837.0,0.0,72518.2,2020,"HydroRIVERS v1.0 / HydroBASINS v1c level 12 (Lehner & Grill 2013); WorldPop Global2 R2025A constrained 100 m, India only"
WQS1536,largest upstream area within 1 km,41375096.0,59.0,6489.5,23.895,5.0,4121145720.0,41376077.0,323.2,1.0,2955630.0,49.0,1246960.0,11.0,178038.0,0.041,123692.4,2020,"HydroRIVERS v1.0 / HydroBASINS v1c level 12 (Lehner & Grill 2013); WorldPop Global2 R2025A constrained 100 m, India only"
WQS1537,largest upstream area within 1 km,41376732.0,235.0,78276.1,306.137,6.0,4120028760.0,41376077.0,9.4,1.0,46227536.0,601.0,846423.0,11.0,118975.0,0.003,151002.8,2020,"HydroRIVERS v1.0 / HydroBASINS v1c level 12 (Lehner & Grill 2013); WorldPop Global2 R2025A constrained 100 m, India only"
WQS1538,largest upstream area within 1 km,41376689.0,273.0,51905.0,244.067,6.0,4121146820.0,41376077.0,304.6,5.0,25767093.0,401.0,2940336.0,22.0,270594.0,0.005,105573.9,2020,"HydroRIVERS v1.0 / HydroBASINS v1c level 12 (Lehner & Grill 2013); WorldPop Global2 R2025A constrained 100 m, India only"
WQS1539,largest upstream area within 1 km,41375547.0,17.0,51460.1,240.078,6.0,4121146180.0,41376077.0,319.2,1.0,24813959.0,397.0,2872311.0,24.0,427796.0,0.005,103357.9,2020,"HydroRIVERS v1.0 / HydroBASINS v1c level 12 (Lehner & Grill 2013); WorldPop Global2 R2025A constrained 100 m, India only"
WQS1541,nearest reach within 2 km,41379371.0,1908.0,16.6,0.235,1.0,4121148120.0,41378923.0,31.1,0.0,301661.0,2.0,97747.0,1.0,97747.0,0.0,1283663.8,2020,"HydroRIVERS v1.0 / HydroBASINS v1c level 12 (Lehner & Grill 2013); WorldPop Global2 R2025A constrained 100 m, India only"
WQS1542,largest upstream area within 1 km,41370286.0,139.0,42990.2,207.639,6.0,4121595310.0,41376077.0,366.5,1.0,19825428.0,331.0,738516.0,17.0,203363.0,0.0,95480.3,2020,"HydroRIVERS v1.0 / HydroBASINS v1c level 12 (Lehner & Grill 2013); WorldPop Global2 R2025A constrained 100 m, India only"
WQS1543,largest upstream area within 1 km,41379969.0,861.0,58977.4,287.112,6.0,4121148790.0,41376077.0,239.3,3.0,35663864.0,451.0,1592484.0,15.0,157612.0,0.004,124215.9,2020,"HydroRIVERS v1.0 / HydroBASINS v1c level 12 (Lehner & Grill 2013); WorldPop Global2 R2025A constrained 100 m, India only"
WQS1544,largest upstream area within 1 km,41381241.0,894.0,22.1,0.039,1.0,4121149000.0,41376077.0,194.5,1.0,41766456.0,534.0,93330.0,1.0,93330.0,0.004,1070934769.2,2020,"HydroRIVERS v1.0 / HydroBASINS v1c level 12 (Lehner & Grill 2013); WorldPop Global2 R2025A constrained 100 m, India only"
WQS1546,largest upstream area within 1 km,41381755.0,632.0,70447.1,311.147,6.0,4121149100.0,41376077.0,179.1,4.0,42044262.0,541.0,1193729.0,17.0,32300.0,0.004,135126.7,2020,"HydroRIVERS v1.0 / HydroBASINS v1c level 12 (Lehner & Grill 2013); WorldPop Global2 R2025A constrained 100 m, India only"
WQS1547,largest upstream area within 1 km,41375271.0,706.0,31.4,0.469,1.0,4120028740.0,41375271.0,0.0,1.0,16318.0,1.0,16318.0,1.0,16318.0,0.0,34793.2,2020,"HydroRIVERS v1.0 / HydroBASINS v1c level 12 (Lehner & Grill 2013); WorldPop Global2 R2025A constrained 100 m, India only"
WQS1550,largest upstream area within 1 km,41383617.0,554.0,536.4,1.343,3.0,4121149940.0,41376077.0,172.7,1.0,247399.0,4.0,247399.0,4.0,73767.0,0.0,184213.7,2020,"HydroRIVERS v1.0 / HydroBASINS v1c level 12 (Lehner & Grill 2013); WorldPop Global2 R2025A constrained 100 m, India only"
WQS1551,largest upstream area within 1 km,41382345.0,704.0,73783.3,301.282,6.0,4121149430.0,41376077.0,154.8,2.0,43728358.0,567.0,1687641.0,28.0,17056.0,0.004,145141.0,2020,"HydroRIVERS v1.0 / HydroBASINS v1c level 12 (Lehner & Grill 2013); WorldPop Global2 R2025A constrained 100 m, India only"
WQS1552,largest upstream area within 1 km,41382533.0,504.0,246.1,0.659,3.0,4121149480.0,41376077.0,147.2,1.0,373092.0,1.0,373092.0,1.0,373092.0,0.0,566148.7,2020,"HydroRIVERS v1.0 / HydroBASINS v1c level 12 (Lehner & Grill 2013); WorldPop Global2 R2025A constrained 100 m, India only"
WQS1553,largest upstream area within 1 km,41376318.0,35.0,51726.1,242.888,6.0,4121146350.0,41376077.0,308.8,1.0,25099837.0,399.0,2664319.0,22.0,97981.0,0.005,103339.1,2020,"HydroRIVERS v1.0 / HydroBASINS v1c level 12 (Lehner & Grill 2013); WorldPop Global2 R2025A constrained 100 m, India only"
WQS1554,largest upstream area within 1 km,41376318.0,147.0,51726.1,242.888,6.0,4121146350.0,41376077.0,308.8,3.0,25099837.0,399.0,2664319.0,22.0,97981.0,0.005,103339.1,2020,"HydroRIVERS v1.0 / HydroBASINS v1c level 12 (Lehner & Grill 2013); WorldPop Global2 R2025A constrained 100 m, India only"
WQS1555,largest upstream area within 1 km,41378601.0,927.0,31.4,0.041,1.0,4121148080.0,41376077.0,262.4,1.0,2561718.0,14.0,95194.0,1.0,95194.0,0.0,62480926.8,2020,"HydroRIVERS v1.0 / HydroBASINS v1c level 12 (Lehner & Grill 2013); WorldPop Global2 R2025A constrained 100 m, India only"
WQS1558,largest upstream area within 1 km,41348800.0,76.0,724.9,10.217,4.0,4120028470.0,41348800.0,0.0,1.0,1964862.0,7.0,1964862.0,7.0,740640.0,0.0,192313.0,2020,"HydroRIVERS v1.0 / HydroBASINS v1c level 12 (Lehner & Grill 2013); WorldPop Global2 R2025A constrained 100 m, India only"
WQS1561,largest upstream area within 1 km,41348800.0,8.0,724.9,10.217,4.0,4120028470.0,41348800.0,0.0,1.0,1964862.0,7.0,1964862.0,7.0,740640.0,0.0,192313.0,2020,"HydroRIVERS v1.0 / HydroBASINS v1c level 12 (Lehner & Grill 2013); WorldPop Global2 R2025A constrained 100 m, India only"
WQS1562,largest upstream area within 1 km,41375096.0,26.0,6489.5,23.895,5.0,4121145720.0,41376077.0,323.2,3.0,2955630.0,49.0,1246960.0,11.0,178038.0,0.041,123692.4,2020,"HydroRIVERS v1.0 / HydroBASINS v1c level 12 (Lehner & Grill 2013); WorldPop Global2 R2025A constrained 100 m, India only"
WQS1570,largest upstream area within 1 km,41376026.0,284.0,51567.8,241.835,6.0,4121146180.0,41376077.0,312.1,1.0,24813959.0,397.0,2604098.0,21.0,427796.0,0.005,102607.0,2020,"HydroRIVERS v1.0 / HydroBASINS v1c level 12 (Lehner & Grill 2013); WorldPop Global2 R2025A constrained 100 m, India only"
WQS1572,largest upstream area within 1 km,41375547.0,165.0,51460.1,240.078,6.0,4121146180.0,41376077.0,319.2,1.0,24813959.0,397.0,2872311.0,24.0,427796.0,0.005,103357.9,2020,"HydroRIVERS v1.0 / HydroBASINS v1c level 12 (Lehner & Grill 2013); WorldPop Global2 R2025A constrained 100 m, India only"
WQS1573,nearest reach within 2 km,41379371.0,1483.0,16.6,0.235,1.0,4121148120.0,41378923.0,31.1,0.0,301661.0,2.0,97747.0,1.0,97747.0,0.0,1283663.8,2020,"HydroRIVERS v1.0 / HydroBASINS v1c level 12 (Lehner & Grill 2013); WorldPop Global2 R2025A constrained 100 m, India only"
WQS1575,nearest reach within 2 km,41379969.0,1315.0,58977.4,287.112,6.0,4121148790.0,41376077.0,239.3,0.0,35663864.0,451.0,1592484.0,15.0,157612.0,0.004,124215.9,2020,"HydroRIVERS v1.0 / HydroBASINS v1c level 12 (Lehner & Grill 2013); WorldPop Global2 R2025A constrained 100 m, India only"
WQS1576,largest upstream area within 1 km,41347786.0,74.0,553.8,6.944,3.0,4120028450.0,41347786.0,0.0,1.0,1564344.0,3.0,1410428.0,2.0,1350970.0,0.0,225280.0,2020,"HydroRIVERS v1.0 / HydroBASINS v1c level 12 (Lehner & Grill 2013); WorldPop Global2 R2025A constrained 100 m, India only"
WQS1577,nearest reach within 2 km,41347786.0,1146.0,553.8,6.944,3.0,4120028450.0,41347786.0,0.0,0.0,1564344.0,3.0,1410428.0,2.0,1350970.0,0.0,225280.0,2020,"HydroRIVERS v1.0 / HydroBASINS v1c level 12 (Lehner & Grill 2013); WorldPop Global2 R2025A constrained 100 m, India only"
WQS1578,largest upstream area within 1 km,41347786.0,555.0,553.8,6.944,3.0,4120028450.0,41347786.0,0.0,1.0,1564344.0,3.0,1410428.0,2.0,1350970.0,0.0,225280.0,2020,"HydroRIVERS v1.0 / HydroBASINS v1c level 12 (Lehner & Grill 2013); WorldPop Global2 R2025A constrained 100 m, India only"
WQS1579,largest upstream area within 1 km,41347786.0,5.0,553.8,6.944,3.0,4120028450.0,41347786.0,0.0,1.0,1564344.0,3.0,1410428.0,2.0,1350970.0,0.0,225280.0,2020,"HydroRIVERS v1.0 / HydroBASINS v1c level 12 (Lehner & Grill 2013); WorldPop Global2 R2025A constrained 100 m, India only"
WQS1580,largest upstream area within 1 km,41347786.0,352.0,553.8,6.944,3.0,4120028450.0,41347786.0,0.0,1.0,1564344.0,3.0,1410428.0,2.0,1350970.0,0.0,225280.0,2020,"HydroRIVERS v1.0 / HydroBASINS v1c level 12 (Lehner & Grill 2013); WorldPop Global2 R2025A constrained 100 m, India only"
WQS1583,largest upstream area within 1 km,41381204.0,100.0,8921.9,25.655,5.0,4121148830.0,41376077.0,241.5,5.0,5118523.0,68.0,1206187.0,15.0,362066.0,0.0,199513.7,2020,"HydroRIVERS v1.0 / HydroBASINS v1c level 12 (Lehner & Grill 2013); WorldPop Global2 R2025A constrained 100 m, India only"
WQS1585,largest upstream area within 1 km,41375097.0,85.0,44915.2,215.027,6.0,4121145690.0,41376077.0,323.4,2.0,21430534.0,347.0,1433633.0,14.0,67250.0,0.0,99664.4,2020,"HydroRIVERS v1.0 / HydroBASINS v1c level 12 (Lehner & Grill 2013); WorldPop Global2 R2025A constrained 100 m, India only"
WQS1586,largest upstream area within 1 km,41372124.0,84.0,339.0,1.801,3.0,4121144840.0,41376077.0,331.8,3.0,1073780.0,3.0,1073780.0,3.0,889627.0,0.0,596213.2,2020,"HydroRIVERS v1.0 / HydroBASINS v1c level 12 (Lehner & Grill 2013); WorldPop Global2 R2025A constrained 100 m, India only"
WQS1587,largest upstream area within 1 km,41372800.0,174.0,443.1,2.393,3.0,4121144840.0,41376077.0,324.4,5.0,1073780.0,3.0,1073780.0,3.0,889627.0,0.0,448717.1,2020,"HydroRIVERS v1.0 / HydroBASINS v1c level 12 (Lehner & Grill 2013); WorldPop Global2 R2025A constrained 100 m, India only"
WQS1588,largest upstream area within 1 km,41390637.0,116.0,4500.9,34.798,4.0,4121152740.0,41395120.0,125.4,1.0,1736658.0,38.0,701009.0,8.0,369074.0,0.0,49906.8,2020,"HydroRIVERS v1.0 / HydroBASINS v1c level 12 (Lehner & Grill 2013); WorldPop Global2 R2025A constrained 100 m, India only"
WQS1589,largest upstream area within 1 km,41390637.0,122.0,4500.9,34.798,4.0,4121152740.0,41395120.0,125.4,1.0,1736658.0,38.0,701009.0,8.0,369074.0,0.0,49906.8,2020,"HydroRIVERS v1.0 / HydroBASINS v1c level 12 (Lehner & Grill 2013); WorldPop Global2 R2025A constrained 100 m, India only"
WQS1592,largest upstream area within 1 km,41372123.0,886.0,359.2,1.918,3.0,4121144840.0,41376077.0,330.5,3.0,1073780.0,3.0,1073780.0,3.0,889627.0,0.0,559843.6,2020,"HydroRIVERS v1.0 / HydroBASINS v1c level 12 (Lehner & Grill 2013); WorldPop Global2 R2025A constrained 100 m, India only"
WQS1655,largest upstream area within 1 km,41030579.0,143.0,583.2,26.491,4.0,4121515520.0,41067217.0,433.6,5.0,110688.0,5.0,110688.0,5.0,76549.0,0.0,4178.3,2020,"HydroRIVERS v1.0 / HydroBASINS v1c level 12 (Lehner & Grill 2013); WorldPop Global2 R2025A constrained 100 m, India only"
WQS1656,largest upstream area within 1 km,41010177.0,809.0,5.1,0.289,1.0,4121511170.0,41067217.0,378.1,1.0,542851.0,16.0,60824.0,1.0,60824.0,0.0,1878377.2,2020,"HydroRIVERS v1.0 / HydroBASINS v1c level 12 (Lehner & Grill 2013); WorldPop Global2 R2025A constrained 100 m, India only"
WQS1657,largest upstream area within 1 km,41018827.0,661.0,1945.0,90.306,5.0,4121512130.0,41067217.0,400.0,7.0,482027.0,15.0,479131.0,14.0,99810.0,0.0,5337.7,2020,"HydroRIVERS v1.0 / HydroBASINS v1c level 12 (Lehner & Grill 2013); WorldPop Global2 R2025A constrained 100 m, India only"
WQS1658,largest upstream area within 1 km,41076221.0,713.0,180.8,10.065,4.0,4120983330.0,41087861.0,57.7,4.0,62923.0,2.0,62923.0,2.0,31374.0,0.0,6251.7,2020,"HydroRIVERS v1.0 / HydroBASINS v1c level 12 (Lehner & Grill 2013); WorldPop Global2 R2025A constrained 100 m, India only"
WQS1659,largest upstream area within 1 km,41027259.0,649.0,667.2,29.884,4.0,4121515520.0,41067217.0,424.8,5.0,110688.0,5.0,110688.0,5.0,76549.0,0.0,3703.9,2020,"HydroRIVERS v1.0 / HydroBASINS v1c level 12 (Lehner & Grill 2013); WorldPop Global2 R2025A constrained 100 m, India only"
WQS1660,largest upstream area within 1 km,40943465.0,993.0,93379.1,997.426,7.0,4120909630.0,41067217.0,1349.7,3.0,56829445.0,696.0,1926595.0,6.0,362538.0,0.011,56976.1,2020,"HydroRIVERS v1.0 / HydroBASINS v1c level 12 (Lehner & Grill 2013); WorldPop Global2 R2025A constrained 100 m, India only"
WQS1661,largest upstream area within 1 km,40948597.0,832.0,440371.6,3061.841,8.0,4121498710.0,41067217.0,1338.1,1.0,240600779.0,3328.0,4909982.0,15.0,511899.0,0.007,78580.4,2020,"HydroRIVERS v1.0 / HydroBASINS v1c level 12 (Lehner & Grill 2013); WorldPop Global2 R2025A constrained 100 m, India only"
WQS1662,largest upstream area within 1 km,40880081.0,762.0,86246.1,998.6,7.0,4120873800.0,41067217.0,1609.1,3.0,46984305.0,642.0,611086.0,12.0,13726.0,0.011,47050.2,2020,"HydroRIVERS v1.0 / HydroBASINS v1c level 12 (Lehner & Grill 2013); WorldPop Global2 R2025A constrained 100 m, India only"
WQS1663,largest upstream area within 1 km,40911857.0,805.0,91298.3,1010.955,7.0,4121490110.0,41067217.0,1486.5,2.0,53725547.0,682.0,715550.0,9.0,94586.0,0.012,53143.4,2020,"HydroRIVERS v1.0 / HydroBASINS v1c level 12 (Lehner & Grill 2013); WorldPop Global2 R2025A constrained 100 m, India only"
WQS1664,largest upstream area within 1 km,40746307.0,285.0,29010.1,610.42,6.0,4121454230.0,41067217.0,2004.6,3.0,6845801.0,215.0,489827.0,7.0,103626.0,0.023,11214.9,2020,"HydroRIVERS v1.0 / HydroBASINS v1c level 12 (Lehner & Grill 2013); WorldPop Global2 R2025A constrained 100 m, India only"
WQS1665,largest upstream area within 1 km,40799231.0,583.0,33312.5,614.295,6.0,4120833920.0,41067217.0,1857.7,3.0,9217532.0,244.0,476629.0,9.0,35389.0,0.02,15005.1,2020,"HydroRIVERS v1.0 / HydroBASINS v1c level 12 (Lehner & Grill 2013); WorldPop Global2 R2025A constrained 100 m, India only"
WQS1666,largest upstream area within 1 km,40947161.0,132.0,93854.0,1000.619,7.0,4120911460.0,41067217.0,1341.6,1.0,57817348.0,700.0,2753544.0,9.0,474042.0,0.011,57781.6,2020,"HydroRIVERS v1.0 / HydroBASINS v1c level 12 (Lehner & Grill 2013); WorldPop Global2 R2025A constrained 100 m, India only"
WQS1667,largest upstream area within 1 km,40927587.0,696.0,91981.9,1005.778,7.0,4121494160.0,41067217.0,1432.3,3.0,54298550.0,687.0,667589.0,6.0,180596.0,0.012,53986.6,2020,"HydroRIVERS v1.0 / HydroBASINS v1c level 12 (Lehner & Grill 2013); WorldPop Global2 R2025A constrained 100 m, India only"
WQS1668,largest upstream area within 1 km,40855005.0,189.0,82376.9,992.904,7.0,4121477230.0,41067217.0,1675.4,1.0,44852275.0,612.0,751010.0,16.0,74208.0,0.011,45172.8,2020,"HydroRIVERS v1.0 / HydroBASINS v1c level 12 (Lehner & Grill 2013); WorldPop Global2 R2025A constrained 100 m, India only"
WQS1669,largest upstream area within 1 km,40847199.0,468.0,82188.1,1011.726,7.0,4121475920.0,41067217.0,1692.9,3.0,44778068.0,611.0,1470896.0,21.0,171949.0,0.011,44259.1,2020,"HydroRIVERS v1.0 / HydroBASINS v1c level 12 (Lehner & Grill 2013); WorldPop Global2 R2025A constrained 100 m, India only"
WQS1670,largest upstream area within 1 km,40888682.0,115.0,86935.9,998.26,7.0,4121484400.0,41067217.0,1583.6,3.0,49653395.0,648.0,2920977.0,12.0,187775.0,0.012,49739.9,2020,"HydroRIVERS v1.0 / HydroBASINS v1c level 12 (Lehner & Grill 2013); WorldPop Global2 R2025A constrained 100 m, India only"
WQS1671,largest upstream area within 1 km,40884633.0,77.0,45.5,0.227,1.0,4121483240.0,41067217.0,1599.5,1.0,48418609.0,646.0,1192754.0,1.0,1192754.0,0.012,213297837.0,2020,"HydroRIVERS v1.0 / HydroBASINS v1c level 12 (Lehner & Grill 2013); WorldPop Global2 R2025A constrained 100 m, India only"
WQS1672,largest upstream area within 1 km,40777961.0,440.0,29921.8,608.203,6.0,4121461090.0,41067217.0,1933.7,1.0,7368775.0,221.0,356325.0,4.0,146823.0,0.023,12115.7,2020,"HydroRIVERS v1.0 / HydroBASINS v1c level 12 (Lehner & Grill 2013); WorldPop Global2 R2025A constrained 100 m, India only"
WQS1674,largest upstream area within 1 km,40773623.0,141.0,29768.6,608.248,6.0,4121460350.0,41067217.0,1942.8,1.0,7221952.0,220.0,289149.0,4.0,59939.0,0.023,11873.4,2020,"HydroRIVERS v1.0 / HydroBASINS v1c level 12 (Lehner & Grill 2013); WorldPop Global2 R2025A constrained 100 m, India only"
WQS1675,largest upstream area within 1 km,40961956.0,838.0,460039.6,3256.378,8.0,4121500210.0,41067217.0,1202.2,1.0,252631384.0,3472.0,1954247.0,8.0,749151.0,0.006,77580.5,2020,"HydroRIVERS v1.0 / HydroBASINS v1c level 12 (Lehner & Grill 2013); WorldPop Global2 R2025A constrained 100 m, India only"
WQS1676,largest upstream area within 1 km,40767644.0,96.0,29611.4,608.795,6.0,4121459330.0,41067217.0,1958.1,3.0,7162013.0,219.0,316212.0,4.0,90472.0,0.023,11764.2,2020,"HydroRIVERS v1.0 / HydroBASINS v1c level 12 (Lehner & Grill 2013); WorldPop Global2 R2025A constrained 100 m, India only"
WQS1677,largest upstream area within 1 km,40958330.0,624.0,459171.3,3253.61,8.0,4120918450.0,41067217.0,1230.6,3.0,251120974.0,3466.0,1125569.0,6.0,208964.0,0.006,77182.3,2020,"HydroRIVERS v1.0 / HydroBASINS v1c level 12 (Lehner & Grill 2013); WorldPop Global2 R2025A constrained 100 m, India only"
WQS1678,largest upstream area within 1 km,40904901.0,373.0,123508.4,3139.78,7.0,4120888940.0,41067217.0,982.4,1.0,38135224.0,905.0,1920917.0,12.0,226273.0,0.526,12145.8,2020,"HydroRIVERS v1.0 / HydroBASINS v1c level 12 (Lehner & Grill 2013); WorldPop Global2 R2025A constrained 100 m, India only"
WQS1679,largest upstream area within 1 km,40865499.0,710.0,9436.1,93.149,5.0,4121478990.0,41067217.0,1478.9,3.0,10198371.0,66.0,5809760.0,9.0,2886141.0,0.0,109484.5,2020,"HydroRIVERS v1.0 / HydroBASINS v1c level 12 (Lehner & Grill 2013); WorldPop Global2 R2025A constrained 100 m, India only"
WQS1680,largest upstream area within 1 km,40863199.0,180.0,9336.1,93.012,5.0,4121478990.0,41067217.0,1486.1,1.0,10198371.0,66.0,5809760.0,9.0,2886141.0,0.0,109645.8,2020,"HydroRIVERS v1.0 / HydroBASINS v1c level 12 (Lehner & Grill 2013); WorldPop Global2 R2025A constrained 100 m, India only"
WQS1681,largest upstream area within 1 km,40818665.0,4.0,950.9,11.916,3.0,4120843490.0,41067217.0,1609.4,1.0,814681.0,6.0,469606.0,3.0,286048.0,0.0,68368.7,2020,"HydroRIVERS v1.0 / HydroBASINS v1c level 12 (Lehner & Grill 2013); WorldPop Global2 R2025A constrained 100 m, India only"
WQS1682,largest upstream area within 1 km,40942743.0,174.0,30936.5,221.226,6.0,4120909020.0,41067217.0,1090.9,1.0,34362686.0,221.0,1779020.0,7.0,161053.0,0.0,155328.4,2020,"HydroRIVERS v1.0 / HydroBASINS v1c level 12 (Lehner & Grill 2013); WorldPop Global2 R2025A constrained 100 m, India only"
WQS1684,largest upstream area within 1 km,40749452.0,280.0,5465.9,27.072,4.0,4120810920.0,41067217.0,2377.6,3.0,7634902.0,41.0,2234840.0,6.0,1447281.0,0.0,282022.1,2020,"HydroRIVERS v1.0 / HydroBASINS v1c level 12 (Lehner & Grill 2013); WorldPop Global2 R2025A constrained 100 m, India only"
WQS1685,largest upstream area within 1 km,40844981.0,924.0,7038.4,80.29,4.0,4120856670.0,41067217.0,1699.0,3.0,3722148.0,55.0,522164.0,10.0,50.0,0.0,46358.8,2020,"HydroRIVERS v1.0 / HydroBASINS v1c level 12 (Lehner & Grill 2013); WorldPop Global2 R2025A constrained 100 m, India only"
WQS1686,largest upstream area within 1 km,40843425.0,852.0,24962.3,304.025,6.0,4120855780.0,41067217.0,1706.5,1.0,16700035.0,184.0,190761.0,4.0,26419.0,0.011,54929.8,2020,"HydroRIVERS v1.0 / HydroBASINS v1c level 12 (Lehner & Grill 2013); WorldPop Global2 R2025A constrained 100 m, India only"
WQS1687,largest upstream area within 1 km,40876784.0,102.0,21809.7,523.353,6.0,4120874710.0,41067217.0,1099.4,3.0,8764409.0,161.0,2556135.0,11.0,456875.0,0.379,16746.6,2020,"HydroRIVERS v1.0 / HydroBASINS v1c level 12 (Lehner & Grill 2013); WorldPop Global2 R2025A constrained 100 m, India only"
WQS1688,largest upstream area within 1 km,41014267.0,106.0,12951.5,233.862,5.0,4121512540.0,41067217.0,1195.2,3.0,4111808.0,101.0,1219831.0,13.0,76247.0,0.04,17582.2,2020,"HydroRIVERS v1.0 / HydroBASINS v1c level 12 (Lehner & Grill 2013); WorldPop Global2 R2025A constrained 100 m, India only"
WQS1689,nearest reach within 2 km,41010570.0,1408.0,21.5,0.291,1.0,4121510820.0,41067217.0,1186.1,0.0,4177741.0,103.0,50903.0,1.0,50903.0,0.039,14356498.3,2020,"HydroRIVERS v1.0 / HydroBASINS v1c level 12 (Lehner & Grill 2013); WorldPop Global2 R2025A constrained 100 m, India only"
WQS1690,largest upstream area within 1 km,40744207.0,288.0,49.5,0.013,1.0,4120807130.0,41067217.0,2398.9,1.0,33580436.0,285.0,1073414.0,1.0,1073414.0,0.004,2583110461.5,2020,"HydroRIVERS v1.0 / HydroBASINS v1c level 12 (Lehner & Grill 2013); WorldPop Global2 R2025A constrained 100 m, India only"
WQS1691,nearest reach within 2 km,40707697.0,1522.0,2009.3,25.046,4.0,4120782560.0,41067217.0,2116.2,0.0,1288405.0,16.0,1039720.0,10.0,60464.0,0.0,51441.5,2020,"HydroRIVERS v1.0 / HydroBASINS v1c level 12 (Lehner & Grill 2013); WorldPop Global2 R2025A constrained 100 m, India only"
WQS1692,largest upstream area within 1 km,40917762.0,85.0,44105.0,498.422,6.0,4120895600.0,41067217.0,1628.9,1.0,15260400.0,328.0,325016.0,6.0,60305.0,0.003,30617.4,2020,"HydroRIVERS v1.0 / HydroBASINS v1c level 12 (Lehner & Grill 2013); WorldPop Global2 R2025A constrained 100 m, India only"
WQS1693,largest upstream area within 1 km,40960943.0,590.0,20775.8,275.682,5.0,4120917790.0,41067217.0,1905.4,3.0,6913006.0,161.0,557731.0,11.0,36143.0,0.006,25076.0,2020,"HydroRIVERS v1.0 / HydroBASINS v1c level 12 (Lehner & Grill 2013); WorldPop Global2 R2025A constrained 100 m, India only"
WQS1694,largest upstream area within 1 km,40874909.0,88.0,135964.5,690.499,7.0,4121482400.0,41067217.0,1861.1,1.0,42858801.0,1008.0,249012.0,5.0,27752.0,0.007,62069.3,2020,"HydroRIVERS v1.0 / HydroBASINS v1c level 12 (Lehner & Grill 2013); WorldPop Global2 R2025A constrained 100 m, India only"
WQS1695,unsnapped (> 2 km from any reach),,,,,,,,,,,,,,,,,2020,"HydroRIVERS v1.0 / HydroBASINS v1c level 12 (Lehner & Grill 2013); WorldPop Global2 R2025A constrained 100 m, India only"
WQS1696,largest upstream area within 1 km,40888446.0,34.0,1228.6,4.981,3.0,4121484440.0,41067217.0,1615.5,1.0,1690410.0,10.0,1495658.0,6.0,1307656.0,0.0,339371.6,2020,"HydroRIVERS v1.0 / HydroBASINS v1c level 12 (Lehner & Grill 2013); WorldPop Global2 R2025A constrained 100 m, India only"
WQS1697,nearest reach within 2 km,40956058.0,1250.0,11.8,0.103,1.0,4121499030.0,41067217.0,1305.8,0.0,249995405.0,3460.0,320436.0,1.0,320436.0,0.006,2427139854.4,2020,"HydroRIVERS v1.0 / HydroBASINS v1c level 12 (Lehner & Grill 2013); WorldPop Global2 R2025A constrained 100 m, India only"
WQS1698,largest upstream area within 1 km,40941744.0,51.0,500845.8,3437.311,8.0,4120908790.0,41067217.0,983.3,3.0,303929088.0,3758.0,1345229.0,6.0,62354.0,0.006,88420.6,2020,"HydroRIVERS v1.0 / HydroBASINS v1c level 12 (Lehner & Grill 2013); WorldPop Global2 R2025A constrained 100 m, India only"
WQS1699,nearest reach within 2 km,40939800.0,1121.0,499443.4,3423.473,8.0,4120906050.0,41067217.0,1012.2,0.0,302179410.0,3748.0,1752481.0,8.0,542294.0,0.006,88266.9,2020,"HydroRIVERS v1.0 / HydroBASINS v1c level 12 (Lehner & Grill 2013); WorldPop Global2 R2025A constrained 100 m, India only"
WQS1700,largest upstream area within 1 km,40888682.0,215.0,86935.9,998.26,7.0,4121484400.0,41067217.0,1583.6,3.0,49653395.0,648.0,2920977.0,12.0,187775.0,0.012,49739.9,2020,"HydroRIVERS v1.0 / HydroBASINS v1c level 12 (Lehner & Grill 2013); WorldPop Global2 R2025A constrained 100 m, India only"
WQS1701,largest upstream area within 1 km,40712720.0,146.0,27059.5,610.037,6.0,4121445720.0,41067217.0,2101.5,3.0,5665470.0,201.0,1089984.0,13.0,191302.0,0.025,9287.1,2020,"HydroRIVERS v1.0 / HydroBASINS v1c level 12 (Lehner & Grill 2013); WorldPop Global2 R2025A constrained 100 m, India only"
WQS1702,largest upstream area within 1 km,40965195.0,482.0,461019.9,3261.064,8.0,4120919690.0,41067217.0,1163.0,2.0,253551872.0,3477.0,1983939.0,7.0,271765.0,0.006,77751.3,2020,"HydroRIVERS v1.0 / HydroBASINS v1c level 12 (Lehner & Grill 2013); WorldPop Global2 R2025A constrained 100 m, India only"
WQS1703,largest upstream area within 1 km,40887500.0,315.0,86858.2,998.665,7.0,4121484030.0,41067217.0,1589.4,1.0,49465621.0,647.0,2990663.0,15.0,1047012.0,0.012,49531.7,2020,"HydroRIVERS v1.0 / HydroBASINS v1c level 12 (Lehner & Grill 2013); WorldPop Global2 R2025A constrained 100 m, India only"
WQS1704,largest upstream area within 1 km,40957039.0,75.0,462042.7,3255.398,8.0,4120914230.0,41067217.0,1136.2,3.0,256106141.0,3484.0,2943782.0,9.0,1377744.0,0.006,78671.2,2020,"HydroRIVERS v1.0 / HydroBASINS v1c level 12 (Lehner & Grill 2013); WorldPop Global2 R2025A constrained 100 m, India only"
WQS1705,largest upstream area within 1 km,40741021.0,558.0,52.1,0.263,1.0,4121452740.0,41067217.0,2019.5,1.0,6742175.0,214.0,80545.0,1.0,80545.0,0.023,25635646.4,2020,"HydroRIVERS v1.0 / HydroBASINS v1c level 12 (Lehner & Grill 2013); WorldPop Global2 R2025A constrained 100 m, India only"
WQS1706,largest upstream area within 1 km,40829697.0,74.0,39299.7,632.851,6.0,4120852030.0,41067217.0,1745.7,1.0,13599647.0,288.0,982267.0,11.0,396481.0,0.017,21489.5,2020,"HydroRIVERS v1.0 / HydroBASINS v1c level 12 (Lehner & Grill 2013); WorldPop Global2 R2025A constrained 100 m, India only"
WQS1707,largest upstream area within 1 km,40712720.0,110.0,27059.5,610.037,6.0,4121445720.0,41067217.0,2101.5,3.0,5665470.0,201.0,1089984.0,13.0,191302.0,0.025,9287.1,2020,"HydroRIVERS v1.0 / HydroBASINS v1c level 12 (Lehner & Grill 2013); WorldPop Global2 R2025A constrained 100 m, India only"
WQS1709,largest upstream area within 1 km,40939800.0,164.0,499443.4,3423.473,8.0,4120906050.0,41067217.0,1012.2,1.0,302179410.0,3748.0,1752481.0,8.0,542294.0,0.006,88266.9,2020,"HydroRIVERS v1.0 / HydroBASINS v1c level 12 (Lehner & Grill 2013); WorldPop Global2 R2025A constrained 100 m, India only"
WQS1710,largest upstream area within 1 km,40954724.0,210.0,462110.8,3243.449,8.0,4120914230.0,41067217.0,1127.7,1.0,256106141.0,3484.0,2848976.0,8.0,1377744.0,0.006,78961.1,2020,"HydroRIVERS v1.0 / HydroBASINS v1c level 12 (Lehner & Grill 2013); WorldPop Global2 R2025A constrained 100 m, India only"
WQS1711,largest upstream area within 1 km,40954724.0,28.0,462110.8,3243.449,8.0,4120914230.0,41067217.0,1127.7,3.0,256106141.0,3484.0,2848976.0,8.0,1377744.0,0.006,78961.1,2020,"HydroRIVERS v1.0 / HydroBASINS v1c level 12 (Lehner & Grill 2013); WorldPop Global2 R2025A constrained 100 m, India only"
WQS1712,largest upstream area within 1 km,40916579.0,16.0,5922.4,64.145,4.0,4120897080.0,41067217.0,1023.0,1.0,8719533.0,44.0,2356750.0,7.0,703677.0,0.0,135934.7,2020,"HydroRIVERS v1.0 / HydroBASINS v1c level 12 (Lehner & Grill 2013); WorldPop Global2 R2025A constrained 100 m, India only"
WQS1713,largest upstream area within 1 km,40884633.0,688.0,45.5,0.227,1.0,4121483240.0,41067217.0,1599.5,1.0,48418609.0,646.0,1192754.0,1.0,1192754.0,0.012,213297837.0,2020,"HydroRIVERS v1.0 / HydroBASINS v1c level 12 (Lehner & Grill 2013); WorldPop Global2 R2025A constrained 100 m, India only"
WQS1714,largest upstream area within 1 km,40740782.0,271.0,28886.3,611.249,6.0,4121452740.0,41067217.0,2019.5,1.0,6742175.0,214.0,669939.0,10.0,80545.0,0.023,11030.2,2020,"HydroRIVERS v1.0 / HydroBASINS v1c level 12 (Lehner & Grill 2013); WorldPop Global2 R2025A constrained 100 m, India only"
WQS1715,largest upstream area within 1 km,40948602.0,302.0,465623.5,3229.554,8.0,4120909110.0,41067217.0,1100.7,1.0,264008878.0,3508.0,5478924.0,9.0,303960.0,0.006,81747.8,2020,"HydroRIVERS v1.0 / HydroBASINS v1c level 12 (Lehner & Grill 2013); WorldPop Global2 R2025A constrained 100 m, India only"
WQS1716,largest upstream area within 1 km,40862981.0,34.0,82540.1,990.354,7.0,4120866090.0,41067217.0,1655.4,1.0,44891498.0,613.0,519567.0,11.0,39223.0,0.011,45328.7,2020,"HydroRIVERS v1.0 / HydroBASINS v1c level 12 (Lehner & Grill 2013); WorldPop Global2 R2025A constrained 100 m, India only"
WQS1717,largest upstream area within 1 km,40947394.0,552.0,497613.3,3405.861,8.0,4120909650.0,41067217.0,1038.5,3.0,299696137.0,3736.0,1324573.0,7.0,146962.0,0.006,87994.2,2020,"HydroRIVERS v1.0 / HydroBASINS v1c level 12 (Lehner & Grill 2013); WorldPop Global2 R2025A constrained 100 m, India only"
WQS1718,largest upstream area within 1 km,40897600.0,899.0,97069.6,2544.629,7.0,4120883690.0,41067217.0,1032.4,5.0,22311156.0,711.0,1579603.0,11.0,154294.0,0.584,8767.9,2020,"HydroRIVERS v1.0 / HydroBASINS v1c level 12 (Lehner & Grill 2013); WorldPop Global2 R2025A constrained 100 m, India only"
WQS1719,largest upstream area within 1 km,40846042.0,419.0,7542.1,82.091,5.0,4120860680.0,41067217.0,1532.1,1.0,4182979.0,54.0,967825.0,12.0,159719.0,0.0,50955.4,2020,"HydroRIVERS v1.0 / HydroBASINS v1c level 12 (Lehner & Grill 2013); WorldPop Global2 R2025A constrained 100 m, India only"
WQS1720,largest upstream area within 1 km,40841712.0,98.0,5031.5,53.914,4.0,4120855110.0,41067217.0,1540.3,1.0,2240779.0,37.0,336218.0,7.0,27494.0,0.0,41562.1,2020,"HydroRIVERS v1.0 / HydroBASINS v1c level 12 (Lehner & Grill 2013); WorldPop Global2 R2025A constrained 100 m, India only"
WQS1721,largest upstream area within 1 km,40870727.0,286.0,10722.5,100.373,5.0,4120870440.0,41067217.0,1443.9,1.0,12400317.0,77.0,7034706.0,11.0,70919.0,0.0,123542.4,2020,"HydroRIVERS v1.0 / HydroBASINS v1c level 12 (Lehner & Grill 2013); WorldPop Global2 R2025A constrained 100 m, India only"
WQS1722,largest upstream area within 1 km,40870438.0,275.0,10467.0,99.249,5.0,4120868960.0,41067217.0,1451.0,1.0,11964509.0,75.0,6598898.0,9.0,4655.0,0.0,120550.4,2020,"HydroRIVERS v1.0 / HydroBASINS v1c level 12 (Lehner & Grill 2013); WorldPop Global2 R2025A constrained 100 m, India only"
WQS1723,largest upstream area within 1 km,40877290.0,149.0,13369.0,123.064,5.0,4120873500.0,41067217.0,1382.4,1.0,14614178.0,94.0,1451165.0,11.0,171911.0,0.0,118752.7,2020,"HydroRIVERS v1.0 / HydroBASINS v1c level 12 (Lehner & Grill 2013); WorldPop Global2 R2025A constrained 100 m, India only"
WQS1724,largest upstream area within 1 km,40875386.0,727.0,11200.4,100.522,5.0,4120870650.0,41067217.0,1395.9,1.0,12806294.0,80.0,476896.0,4.0,128365.0,0.0,127397.9,2020,"HydroRIVERS v1.0 / HydroBASINS v1c level 12 (Lehner & Grill 2013); WorldPop Global2 R2025A constrained 100 m, India only"
WQS1725,largest upstream area within 1 km,40930239.0,79.0,18143.5,149.327,5.0,4121494030.0,41067217.0,1165.6,1.0,20323575.0,127.0,1580683.0,6.0,406495.0,0.0,136101.1,2020,"HydroRIVERS v1.0 / HydroBASINS v1c level 12 (Lehner & Grill 2013); WorldPop Global2 R2025A constrained 100 m, India only"
WQS1726,largest upstream area within 1 km,40928571.0,85.0,18033.3,148.729,5.0,4121494030.0,41067217.0,1173.1,1.0,20323575.0,127.0,1822609.0,7.0,406495.0,0.0,136648.4,2020,"HydroRIVERS v1.0 / HydroBASINS v1c level 12 (Lehner & Grill 2013); WorldPop Global2 R2025A constrained 100 m, India only"
WQS1727,largest upstream area within 1 km,40807064.0,134.0,916.7,12.354,3.0,4120838200.0,41067217.0,1643.8,1.0,407287.0,7.0,290090.0,5.0,39082.0,0.0,32968.0,2020,"HydroRIVERS v1.0 / HydroBASINS v1c level 12 (Lehner & Grill 2013); WorldPop Global2 R2025A constrained 100 m, India only"
WQS1728,largest upstream area within 1 km,40807064.0,73.0,916.7,12.354,3.0,4120838200.0,41067217.0,1643.8,3.0,407287.0,7.0,290090.0,5.0,39082.0,0.0,32968.0,2020,"HydroRIVERS v1.0 / HydroBASINS v1c level 12 (Lehner & Grill 2013); WorldPop Global2 R2025A constrained 100 m, India only"
WQS1729,largest upstream area within 1 km,40837963.0,184.0,4565.5,50.089,4.0,4120852870.0,41067217.0,1572.5,1.0,2101045.0,34.0,562160.0,11.0,18168.0,0.0,41946.2,2020,"HydroRIVERS v1.0 / HydroBASINS v1c level 12 (Lehner & Grill 2013); WorldPop Global2 R2025A constrained 100 m, India only"
WQS1730,largest upstream area within 1 km,40832490.0,143.0,4187.7,47.789,4.0,4120853030.0,41067217.0,1587.8,1.0,1998843.0,32.0,559773.0,11.0,72324.0,0.0,41826.4,2020,"HydroRIVERS v1.0 / HydroBASINS v1c level 12 (Lehner & Grill 2013); WorldPop Global2 R2025A constrained 100 m, India only"
WQS1731,largest upstream area within 1 km,40930239.0,38.0,18143.5,149.327,5.0,4121494030.0,41067217.0,1165.6,1.0,20323575.0,127.0,1580683.0,6.0,406495.0,0.0,136101.1,2020,"HydroRIVERS v1.0 / HydroBASINS v1c level 12 (Lehner & Grill 2013); WorldPop Global2 R2025A constrained 100 m, India only"
WQS1732,largest upstream area within 1 km,40927864.0,115.0,17978.4,148.59,5.0,4121493390.0,41067217.0,1179.0,1.0,19917080.0,126.0,1590197.0,7.0,506967.0,0.0,134040.5,2020,"HydroRIVERS v1.0 / HydroBASINS v1c level 12 (Lehner & Grill 2013); WorldPop Global2 R2025A constrained 100 m, India only"
WQS1733,largest upstream area within 1 km,40899268.0,19.0,16225.9,137.96,5.0,4121486660.0,41067217.0,1277.4,1.0,17414624.0,114.0,1079227.0,5.0,268848.0,0.0,126229.5,2020,"HydroRIVERS v1.0 / HydroBASINS v1c level 12 (Lehner & Grill 2013); WorldPop Global2 R2025A constrained 100 m, India only"
WQS1734,largest upstream area within 1 km,40897370.0,192.0,15986.9,136.222,5.0,4121486220.0,41067217.0,1289.4,2.0,17145776.0,113.0,1295345.0,8.0,415426.0,0.0,125866.4,2020,"HydroRIVERS v1.0 / HydroBASINS v1c level 12 (Lehner & Grill 2013); WorldPop Global2 R2025A constrained 100 m, India only"
WQS1735,largest upstream area within 1 km,40750902.0,57.0,5492.5,27.099,4.0,4120810920.0,41067217.0,2373.6,3.0,7634902.0,41.0,2234840.0,6.0,1447281.0,0.0,281741.1,2020,"HydroRIVERS v1.0 / HydroBASINS v1c level 12 (Lehner & Grill 2013); WorldPop Global2 R2025A constrained 100 m, India only"
WQS1736,largest upstream area within 1 km,40725779.0,363.0,1064.8,3.516,3.0,4120795300.0,41067217.0,2440.3,1.0,959225.0,7.0,412786.0,3.0,92525.0,0.0,272817.1,2020,"HydroRIVERS v1.0 / HydroBASINS v1c level 12 (Lehner & Grill 2013); WorldPop Global2 R2025A constrained 100 m, India only"
WQS1737,largest upstream area within 1 km,40725780.0,351.0,3443.9,21.399,4.0,4120795180.0,41067217.0,2440.3,1.0,4325446.0,27.0,735409.0,8.0,35139.0,0.0,202133.1,2020,"HydroRIVERS v1.0 / HydroBASINS v1c level 12 (Lehner & Grill 2013); WorldPop Global2 R2025A constrained 100 m, India only"
WQS1738,largest upstream area within 1 km,40746980.0,123.0,5432.4,27.038,4.0,4120810920.0,41067217.0,2383.0,1.0,7634902.0,41.0,2350231.0,7.0,1447281.0,0.0,282376.7,2020,"HydroRIVERS v1.0 / HydroBASINS v1c level 12 (Lehner & Grill 2013); WorldPop Global2 R2025A constrained 100 m, India only"
WQS1739,largest upstream area within 1 km,40750902.0,366.0,5492.5,27.099,4.0,4120810920.0,41067217.0,2373.6,1.0,7634902.0,41.0,2234840.0,6.0,1447281.0,0.0,281741.1,2020,"HydroRIVERS v1.0 / HydroBASINS v1c level 12 (Lehner & Grill 2013); WorldPop Global2 R2025A constrained 100 m, India only"
WQS1741,largest upstream area within 1 km,40749452.0,155.0,5465.9,27.072,4.0,4120810920.0,41067217.0,2377.6,1.0,7634902.0,41.0,2234840.0,6.0,1447281.0,0.0,282022.1,2020,"HydroRIVERS v1.0 / HydroBASINS v1c level 12 (Lehner & Grill 2013); WorldPop Global2 R2025A constrained 100 m, India only"
WQS1742,largest upstream area within 1 km,40746980.0,700.0,5432.4,27.038,4.0,4120810920.0,41067217.0,2383.0,1.0,7634902.0,41.0,2350231.0,7.0,1447281.0,0.0,282376.7,2020,"HydroRIVERS v1.0 / HydroBASINS v1c level 12 (Lehner & Grill 2013); WorldPop Global2 R2025A constrained 100 m, India only"
WQS1743,nearest reach within 2 km,40757050.0,1065.0,5782.1,27.787,4.0,4120816250.0,41067217.0,2357.4,0.0,10178982.0,43.0,4637907.0,7.0,1181673.0,0.0,366321.7,2020,"HydroRIVERS v1.0 / HydroBASINS v1c level 12 (Lehner & Grill 2013); WorldPop Global2 R2025A constrained 100 m, India only"
WQS1744,largest upstream area within 1 km,40757050.0,62.0,5782.1,27.787,4.0,4120816250.0,41067217.0,2357.4,1.0,10178982.0,43.0,4637907.0,7.0,1181673.0,0.0,366321.7,2020,"HydroRIVERS v1.0 / HydroBASINS v1c level 12 (Lehner & Grill 2013); WorldPop Global2 R2025A constrained 100 m, India only"
WQS1745,largest upstream area within 1 km,40690034.0,102.0,418.3,5.688,3.0,4120769800.0,41067217.0,2544.0,1.0,350387.0,3.0,350387.0,3.0,78509.0,0.0,61601.1,2020,"HydroRIVERS v1.0 / HydroBASINS v1c level 12 (Lehner & Grill 2013); WorldPop Global2 R2025A constrained 100 m, India only"
WQS1746,largest upstream area within 1 km,40722928.0,28.0,3289.1,20.944,4.0,4120793240.0,41067217.0,2448.4,1.0,4206754.0,25.0,1567508.0,9.0,34430.0,0.0,200857.2,2020,"HydroRIVERS v1.0 / HydroBASINS v1c level 12 (Lehner & Grill 2013); WorldPop Global2 R2025A constrained 100 m, India only"
WQS1747,largest upstream area within 1 km,40731775.0,81.0,880.1,4.181,3.0,4121451450.0,41067217.0,2118.7,1.0,1841854.0,7.0,1644492.0,5.0,768726.0,0.0,440529.5,2020,"HydroRIVERS v1.0 / HydroBASINS v1c level 12 (Lehner & Grill 2013); WorldPop Global2 R2025A constrained 100 m, India only"
WQS1748,largest upstream area within 1 km,40712344.0,108.0,1139.7,7.989,3.0,4120785270.0,41067217.0,2488.1,1.0,1299901.0,10.0,1299901.0,10.0,412945.0,0.0,162711.4,2020,"HydroRIVERS v1.0 / HydroBASINS v1c level 12 (Lehner & Grill 2013); WorldPop Global2 R2025A constrained 100 m, India only"
WQS1749,largest upstream area within 1 km,40752604.0,321.0,3077.8,12.793,5.0,4121457850.0,41067217.0,2063.7,1.0,5703136.0,26.0,3458234.0,13.0,149854.0,0.0,445801.3,2020,"HydroRIVERS v1.0 / HydroBASINS v1c level 12 (Lehner & Grill 2013); WorldPop Global2 R2025A constrained 100 m, India only"
WQS1750,largest upstream area within 1 km,40712344.0,188.0,1139.7,7.989,3.0,4120785270.0,41067217.0,2488.1,1.0,1299901.0,10.0,1299901.0,10.0,412945.0,0.0,162711.4,2020,"HydroRIVERS v1.0 / HydroBASINS v1c level 12 (Lehner & Grill 2013); WorldPop Global2 R2025A constrained 100 m, India only"
WQS1752,largest upstream area within 1 km,40716284.0,352.0,3721.5,59.67,4.0,4120788380.0,41067217.0,2070.5,1.0,748125.0,28.0,219386.0,9.0,141.0,0.036,12537.7,2020,"HydroRIVERS v1.0 / HydroBASINS v1c level 12 (Lehner & Grill 2013); WorldPop Global2 R2025A constrained 100 m, India only"
WQS1753,largest upstream area within 1 km,40876784.0,19.0,21809.7,523.353,6.0,4120874710.0,41067217.0,1099.4,1.0,8764409.0,161.0,2556135.0,11.0,456875.0,0.379,16746.6,2020,"HydroRIVERS v1.0 / HydroBASINS v1c level 12 (Lehner & Grill 2013); WorldPop Global2 R2025A constrained 100 m, India only"
WQS1754,largest upstream area within 1 km,40935512.0,210.0,11618.5,64.341,5.0,4120904850.0,41067217.0,1151.0,1.0,12100741.0,86.0,778082.0,4.0,258948.0,0.0,188072.0,2020,"HydroRIVERS v1.0 / HydroBASINS v1c level 12 (Lehner & Grill 2013); WorldPop Global2 R2025A constrained 100 m, India only"
WQS1755,largest upstream area within 1 km,40999221.0,365.0,46545.2,720.771,6.0,4120938450.0,41067217.0,1154.8,1.0,13830670.0,368.0,878874.0,18.0,85864.0,0.011,19188.7,2020,"HydroRIVERS v1.0 / HydroBASINS v1c level 12 (Lehner & Grill 2013); WorldPop Global2 R2025A constrained 100 m, India only"
WQS1756,largest upstream area within 1 km,40949480.0,55.0,2947.0,24.323,4.0,4121498050.0,41067217.0,1152.4,1.0,4916178.0,20.0,2186613.0,7.0,215686.0,0.0,202120.5,2020,"HydroRIVERS v1.0 / HydroBASINS v1c level 12 (Lehner & Grill 2013); WorldPop Global2 R2025A constrained 100 m, India only"
WQS1757,largest upstream area within 1 km,40952756.0,189.0,3262.2,27.271,4.0,4120914120.0,41067217.0,1127.7,3.0,6896394.0,22.0,2981702.0,5.0,1504719.0,0.0,252883.8,2020,"HydroRIVERS v1.0 / HydroBASINS v1c level 12 (Lehner & Grill 2013); WorldPop Global2 R2025A constrained 100 m, India only"
WQS1758,largest upstream area within 1 km,40888677.0,137.0,243570.4,1405.188,8.0,4121484430.0,41067217.0,1789.9,1.0,140598780.0,1862.0,854383.0,16.0,74193.0,0.006,100056.9,2020,"HydroRIVERS v1.0 / HydroBASINS v1c level 12 (Lehner & Grill 2013); WorldPop Global2 R2025A constrained 100 m, India only"
WQS1759,largest upstream area within 1 km,40843151.0,170.0,51928.9,396.91,6.0,4121473990.0,41067217.0,2055.3,2.0,70171243.0,394.0,4094433.0,11.0,214680.0,0.003,176793.8,2020,"HydroRIVERS v1.0 / HydroBASINS v1c level 12 (Lehner & Grill 2013); WorldPop Global2 R2025A constrained 100 m, India only"
WQS1760,largest upstream area within 1 km,40870434.0,305.0,79100.0,556.755,7.0,4121480050.0,41067217.0,1874.3,1.0,85602146.0,595.0,775214.0,4.0,561479.0,0.002,153751.9,2020,"HydroRIVERS v1.0 / HydroBASINS v1c level 12 (Lehner & Grill 2013); WorldPop Global2 R2025A constrained 100 m, India only"
WQS1761,largest upstream area within 1 km,40879298.0,60.0,79324.2,560.126,7.0,4121482070.0,41067217.0,1840.2,1.0,85772916.0,597.0,791865.0,4.0,106602.0,0.002,153131.5,2020,"HydroRIVERS v1.0 / HydroBASINS v1c level 12 (Lehner & Grill 2013); WorldPop Global2 R2025A constrained 100 m, India only"
WQS1762,largest upstream area within 1 km,40918024.0,492.0,254596.7,1095.933,8.0,4120895450.0,41067217.0,1621.5,3.0,148898551.0,1943.0,343480.0,6.0,69054.0,0.006,135864.6,2020,"HydroRIVERS v1.0 / HydroBASINS v1c level 12 (Lehner & Grill 2013); WorldPop Global2 R2025A constrained 100 m, India only"
WQS1763,largest upstream area within 1 km,40702882.0,56.0,13681.1,228.359,5.0,4120779070.0,41067217.0,2511.8,1.0,3258019.0,108.0,480267.0,5.0,72225.0,0.0,14267.1,2020,"HydroRIVERS v1.0 / HydroBASINS v1c level 12 (Lehner & Grill 2013); WorldPop Global2 R2025A constrained 100 m, India only"
WQS1764,largest upstream area within 1 km,40873549.0,18.0,79193.0,559.61,7.0,4121481420.0,41067217.0,1864.5,1.0,85666314.0,596.0,839382.0,5.0,64168.0,0.002,153082.2,2020,"HydroRIVERS v1.0 / HydroBASINS v1c level 12 (Lehner & Grill 2013); WorldPop Global2 R2025A constrained 100 m, India only"
WQS1765,largest upstream area within 1 km,40876329.0,10.0,3042.8,18.188,4.0,4120872900.0,41067217.0,1489.5,1.0,2014886.0,22.0,850540.0,10.0,87431.0,0.0,110781.1,2020,"HydroRIVERS v1.0 / HydroBASINS v1c level 12 (Lehner & Grill 2013); WorldPop Global2 R2025A constrained 100 m, India only"
WQS1767,nearest reach within 2 km,40708879.0,1517.0,23.2,0.204,1.0,4120784410.0,41067217.0,2113.3,0.0,4997649.0,196.0,22090.0,1.0,22090.0,0.026,24498279.4,2020,"HydroRIVERS v1.0 / HydroBASINS v1c level 12 (Lehner & Grill 2013); WorldPop Global2 R2025A constrained 100 m, India only"
WQS1768,largest upstream area within 1 km,40838511.0,155.0,47232.3,355.122,6.0,4121472500.0,41067217.0,2118.6,1.0,61764217.0,359.0,1522586.0,5.0,129699.0,0.003,173923.9,2020,"HydroRIVERS v1.0 / HydroBASINS v1c level 12 (Lehner & Grill 2013); WorldPop Global2 R2025A constrained 100 m, India only"
WQS1769,largest upstream area within 1 km,40947842.0,404.0,346499.2,2061.528,8.0,4120911450.0,41067217.0,1341.7,1.0,182271532.0,2627.0,1877623.0,7.0,988055.0,0.005,88415.7,2020,"HydroRIVERS v1.0 / HydroBASINS v1c level 12 (Lehner & Grill 2013); WorldPop Global2 R2025A constrained 100 m, India only"
WQS1770,largest upstream area within 1 km,40757822.0,544.0,37349.7,276.72,6.0,4120816480.0,41067217.0,2365.0,3.0,46070657.0,291.0,19875831.0,10.0,1454828.0,0.003,166488.4,2020,"HydroRIVERS v1.0 / HydroBASINS v1c level 12 (Lehner & Grill 2013); WorldPop Global2 R2025A constrained 100 m, India only"
WQS1771,largest upstream area within 1 km,40861186.0,97.0,50.9,0.2,1.0,4121476960.0,41067217.0,1960.8,1.0,84691182.0,589.0,148583.0,1.0,148583.0,0.002,423455910.0,2020,"HydroRIVERS v1.0 / HydroBASINS v1c level 12 (Lehner & Grill 2013); WorldPop Global2 R2025A constrained 100 m, India only"
WQS1772,largest upstream area within 1 km,40870435.0,498.0,55.6,0.221,2.0,4121480050.0,41067217.0,1874.3,3.0,85602146.0,595.0,561479.0,1.0,561479.0,0.002,387340027.1,2020,"HydroRIVERS v1.0 / HydroBASINS v1c level 12 (Lehner & Grill 2013); WorldPop Global2 R2025A constrained 100 m, India only"
WQS1773,largest upstream area within 1 km,40891132.0,414.0,243996.7,1402.792,8.0,4120881440.0,41067217.0,1759.4,5.0,140972691.0,1865.0,621113.0,9.0,68088.0,0.006,100494.4,2020,"HydroRIVERS v1.0 / HydroBASINS v1c level 12 (Lehner & Grill 2013); WorldPop Global2 R2025A constrained 100 m, India only"
WQS1774,largest upstream area within 1 km,40816641.0,73.0,46443.7,308.66,6.0,4121469680.0,41067217.0,2187.5,1.0,60241631.0,354.0,1428715.0,7.0,665008.0,0.003,195171.5,2020,"HydroRIVERS v1.0 / HydroBASINS v1c level 12 (Lehner & Grill 2013); WorldPop Global2 R2025A constrained 100 m, India only"
WQS1775,largest upstream area within 1 km,40827037.0,845.0,46703.9,316.08,6.0,4120847290.0,41067217.0,2166.2,5.0,61116104.0,355.0,2008283.0,6.0,874472.0,0.003,193356.4,2020,"HydroRIVERS v1.0 / HydroBASINS v1c level 12 (Lehner & Grill 2013); WorldPop Global2 R2025A constrained 100 m, India only"
WQS1776,largest upstream area within 1 km,40819991.0,152.0,46509.3,308.812,6.0,4121469680.0,41067217.0,2179.8,1.0,60241631.0,354.0,1333003.0,6.0,665008.0,0.003,195075.4,2020,"HydroRIVERS v1.0 / HydroBASINS v1c level 12 (Lehner & Grill 2013); WorldPop Global2 R2025A constrained 100 m, India only"
WQS1778,largest upstream area within 1 km,40823136.0,339.0,46624.5,310.265,6.0,4120847290.0,41067217.0,2173.0,3.0,61116104.0,355.0,2008283.0,6.0,874472.0,0.003,196980.3,2020,"HydroRIVERS v1.0 / HydroBASINS v1c level 12 (Lehner & Grill 2013); WorldPop Global2 R2025A constrained 100 m, India only"
WQS1779,largest upstream area within 1 km,40673520.0,125.0,10356.3,308.511,6.0,4121434520.0,41067217.0,2311.3,5.0,653381.0,78.0,372601.0,20.0,33049.0,0.0,2117.9,2020,"HydroRIVERS v1.0 / HydroBASINS v1c level 12 (Lehner & Grill 2013); WorldPop Global2 R2025A constrained 100 m, India only"
WQS1780,largest upstream area within 1 km,40679412.0,114.0,18776.8,489.551,6.0,4120761480.0,41067217.0,2257.6,3.0,1328068.0,136.0,399172.0,11.0,4212.0,0.029,2712.8,2020,"HydroRIVERS v1.0 / HydroBASINS v1c level 12 (Lehner & Grill 2013); WorldPop Global2 R2025A constrained 100 m, India only"
WQS1781,largest upstream area within 1 km,40673520.0,826.0,10356.3,308.511,6.0,4121434520.0,41067217.0,2311.3,5.0,653381.0,78.0,372601.0,20.0,33049.0,0.0,2117.9,2020,"HydroRIVERS v1.0 / HydroBASINS v1c level 12 (Lehner & Grill 2013); WorldPop Global2 R2025A constrained 100 m, India only"
WQS1782,largest upstream area within 1 km,40679412.0,659.0,18776.8,489.551,6.0,4120761480.0,41067217.0,2257.6,3.0,1328068.0,136.0,399172.0,11.0,4212.0,0.029,2712.8,2020,"HydroRIVERS v1.0 / HydroBASINS v1c level 12 (Lehner & Grill 2013); WorldPop Global2 R2025A constrained 100 m, India only"
WQS1783,largest upstream area within 1 km,40679412.0,822.0,18776.8,489.551,6.0,4120761480.0,41067217.0,2257.6,3.0,1328068.0,136.0,399172.0,11.0,4212.0,0.029,2712.8,2020,"HydroRIVERS v1.0 / HydroBASINS v1c level 12 (Lehner & Grill 2013); WorldPop Global2 R2025A constrained 100 m, India only"
WQS1784,largest upstream area within 1 km,40728276.0,90.0,214.5,3.34,2.0,4121450140.0,41067217.0,2031.0,1.0,295164.0,2.0,295164.0,2.0,108076.0,0.0,88372.5,2020,"HydroRIVERS v1.0 / HydroBASINS v1c level 12 (Lehner & Grill 2013); WorldPop Global2 R2025A constrained 100 m, India only"
WQS1785,largest upstream area within 1 km,40728276.0,325.0,214.5,3.34,2.0,4121450140.0,41067217.0,2031.0,1.0,295164.0,2.0,295164.0,2.0,108076.0,0.0,88372.5,2020,"HydroRIVERS v1.0 / HydroBASINS v1c level 12 (Lehner & Grill 2013); WorldPop Global2 R2025A constrained 100 m, India only"
WQS1786,largest upstream area within 1 km,40724192.0,434.0,520.4,8.2,3.0,4120801500.0,41067217.0,2048.1,1.0,494092.0,4.0,494092.0,4.0,212261.0,0.0,60255.1,2020,"HydroRIVERS v1.0 / HydroBASINS v1c level 12 (Lehner & Grill 2013); WorldPop Global2 R2025A constrained 100 m, India only"
WQS1787,largest upstream area within 1 km,40735221.0,66.0,699.8,10.285,3.0,4120801500.0,41067217.0,2017.2,1.0,494092.0,4.0,494092.0,4.0,212261.0,0.0,48040.1,2020,"HydroRIVERS v1.0 / HydroBASINS v1c level 12 (Lehner & Grill 2013); WorldPop Global2 R2025A constrained 100 m, India only"
WQS1788,largest upstream area within 1 km,40680978.0,974.0,21846.0,539.339,6.0,4120764080.0,41067217.0,2202.7,5.0,1926574.0,160.0,267359.0,9.0,153316.0,0.025,3572.1,2020,"HydroRIVERS v1.0 / HydroBASINS v1c level 12 (Lehner & Grill 2013); WorldPop Global2 R2025A constrained 100 m, India only"
WQS1789,largest upstream area within 1 km,40727457.0,231.0,664.1,12.081,3.0,4121450070.0,41067217.0,2037.0,1.0,322065.0,5.0,322065.0,5.0,133613.0,0.0,26658.8,2020,"HydroRIVERS v1.0 / HydroBASINS v1c level 12 (Lehner & Grill 2013); WorldPop Global2 R2025A constrained 100 m, India only"
WQS1790,largest upstream area within 1 km,40688568.0,99.0,14.9,0.218,1.0,4120770740.0,41067217.0,2175.9,1.0,3457971.0,172.0,234803.0,1.0,234803.0,0.023,15862252.3,2020,"HydroRIVERS v1.0 / HydroBASINS v1c level 12 (Lehner & Grill 2013); WorldPop Global2 R2025A constrained 100 m, India only"
WQS1791,largest upstream area within 1 km,40729341.0,267.0,2312.3,44.332,4.0,4121450440.0,41067217.0,2030.5,3.0,711945.0,16.0,296002.0,5.0,181502.0,0.0,16059.4,2020,"HydroRIVERS v1.0 / HydroBASINS v1c level 12 (Lehner & Grill 2013); WorldPop Global2 R2025A constrained 100 m, India only"
WQS1794,largest upstream area within 1 km,40706955.0,66.0,3216.0,54.173,4.0,4121443640.0,41067217.0,2108.3,3.0,549167.0,24.0,40938.0,7.0,19842.0,0.042,10137.3,2020,"HydroRIVERS v1.0 / HydroBASINS v1c level 12 (Lehner & Grill 2013); WorldPop Global2 R2025A constrained 100 m, India only"
WQS1795,largest upstream area within 1 km,40672510.0,153.0,8522.3,257.625,5.0,4120756710.0,41067217.0,2331.3,1.0,452868.0,64.0,310778.0,18.0,32750.0,0.0,1757.9,2020,"HydroRIVERS v1.0 / HydroBASINS v1c level 12 (Lehner & Grill 2013); WorldPop Global2 R2025A constrained 100 m, India only"
WQS1797,largest upstream area within 1 km,40647884.0,57.0,3498.9,76.491,5.0,4121426480.0,41067217.0,2401.7,1.0,6080.0,25.0,5657.0,11.0,105.0,0.12,79.5,2020,"HydroRIVERS v1.0 / HydroBASINS v1c level 12 (Lehner & Grill 2013); WorldPop Global2 R2025A constrained 100 m, India only"
WQS1799,largest upstream area within 1 km,40684427.0,794.0,23071.8,562.767,6.0,4121437820.0,41067217.0,2191.3,1.0,3223168.0,171.0,1556556.0,19.0,34930.0,0.023,5727.4,2020,"HydroRIVERS v1.0 / HydroBASINS v1c level 12 (Lehner & Grill 2013); WorldPop Global2 R2025A constrained 100 m, India only"
WQS1800,largest upstream area within 1 km,40688569.0,126.0,23278.5,566.129,6.0,4120770740.0,41067217.0,2176.1,1.0,3457971.0,172.0,1702711.0,16.0,234803.0,0.023,6108.1,2020,"HydroRIVERS v1.0 / HydroBASINS v1c level 12 (Lehner & Grill 2013); WorldPop Global2 R2025A constrained 100 m, India only"
WQS1801,largest upstream area within 1 km,40700821.0,431.0,24115.8,577.765,6.0,4121442350.0,41067217.0,2137.3,1.0,3616939.0,178.0,428701.0,8.0,54360.0,0.028,6260.2,2020,"HydroRIVERS v1.0 / HydroBASINS v1c level 12 (Lehner & Grill 2013); WorldPop Global2 R2025A constrained 100 m, India only"
WQS1802,largest upstream area within 1 km,40679734.0,44.0,21746.6,537.634,6.0,4120764080.0,41067217.0,2207.3,4.0,1926574.0,160.0,290051.0,10.0,153316.0,0.025,3583.4,2020,"HydroRIVERS v1.0 / HydroBASINS v1c level 12 (Lehner & Grill 2013); WorldPop Global2 R2025A constrained 100 m, India only"
WQS1803,largest upstream area within 1 km,40688569.0,400.0,23278.5,566.129,6.0,4120770740.0,41067217.0,2176.1,1.0,3457971.0,172.0,1702711.0,16.0,234803.0,0.023,6108.1,2020,"HydroRIVERS v1.0 / HydroBASINS v1c level 12 (Lehner & Grill 2013); WorldPop Global2 R2025A constrained 100 m, India only"
WQS1804,largest upstream area within 1 km,40684427.0,395.0,23071.8,562.767,6.0,4121437820.0,41067217.0,2191.3,3.0,3223168.0,171.0,1556556.0,19.0,34930.0,0.023,5727.4,2020,"HydroRIVERS v1.0 / HydroBASINS v1c level 12 (Lehner & Grill 2013); WorldPop Global2 R2025A constrained 100 m, India only"
WQS1805,largest upstream area within 1 km,40688569.0,512.0,23278.5,566.129,6.0,4120770740.0,41067217.0,2176.1,3.0,3457971.0,172.0,1702711.0,16.0,234803.0,0.023,6108.1,2020,"HydroRIVERS v1.0 / HydroBASINS v1c level 12 (Lehner & Grill 2013); WorldPop Global2 R2025A constrained 100 m, India only"
WQS1806,largest upstream area within 1 km,40679734.0,324.0,21746.6,537.634,6.0,4120764080.0,41067217.0,2207.3,3.0,1926574.0,160.0,290051.0,10.0,153316.0,0.025,3583.4,2020,"HydroRIVERS v1.0 / HydroBASINS v1c level 12 (Lehner & Grill 2013); WorldPop Global2 R2025A constrained 100 m, India only"
WQS1807,largest upstream area within 1 km,40688569.0,389.0,23278.5,566.129,6.0,4120770740.0,41067217.0,2176.1,1.0,3457971.0,172.0,1702711.0,16.0,234803.0,0.023,6108.1,2020,"HydroRIVERS v1.0 / HydroBASINS v1c level 12 (Lehner & Grill 2013); WorldPop Global2 R2025A constrained 100 m, India only"
WQS1808,nearest reach within 2 km,40737932.0,1633.0,43.8,0.677,1.0,4120806400.0,41067217.0,1994.5,0.0,159853.0,1.0,159853.0,1.0,159853.0,0.0,236119.6,2020,"HydroRIVERS v1.0 / HydroBASINS v1c level 12 (Lehner & Grill 2013); WorldPop Global2 R2025A constrained 100 m, India only"
WQS1809,largest upstream area within 1 km,40732839.0,312.0,22.2,0.364,1.0,4121451460.0,41067217.0,2011.2,1.0,304543.0,1.0,304543.0,1.0,304543.0,0.0,836656.6,2020,"HydroRIVERS v1.0 / HydroBASINS v1c level 12 (Lehner & Grill 2013); WorldPop Global2 R2025A constrained 100 m, India only"
WQS1810,nearest reach within 2 km,40743105.0,1257.0,945.0,16.551,3.0,4121453410.0,41067217.0,1996.0,0.0,658444.0,7.0,584146.0,5.0,183351.0,0.0,39782.7,2020,"HydroRIVERS v1.0 / HydroBASINS v1c level 12 (Lehner & Grill 2013); WorldPop Global2 R2025A constrained 100 m, India only"
WQS1811,largest upstream area within 1 km,40743105.0,961.0,945.0,16.551,3.0,4121453410.0,41067217.0,1996.0,1.0,658444.0,7.0,584146.0,5.0,183351.0,0.0,39782.7,2020,"HydroRIVERS v1.0 / HydroBASINS v1c level 12 (Lehner & Grill 2013); WorldPop Global2 R2025A constrained 100 m, India only"
WQS1812,largest upstream area within 1 km,40729341.0,157.0,2312.3,44.332,4.0,4121450440.0,41067217.0,2030.5,1.0,711945.0,16.0,296002.0,5.0,181502.0,0.0,16059.4,2020,"HydroRIVERS v1.0 / HydroBASINS v1c level 12 (Lehner & Grill 2013); WorldPop Global2 R2025A constrained 100 m, India only"
WQS1813,largest upstream area within 1 km,40658802.0,307.0,97.4,3.113,2.0,4121429890.0,41067217.0,2370.6,5.0,2096.0,1.0,2096.0,1.0,2096.0,0.0,673.3,2020,"HydroRIVERS v1.0 / HydroBASINS v1c level 12 (Lehner & Grill 2013); WorldPop Global2 R2025A constrained 100 m, India only"
WQS1814,largest upstream area within 1 km,40673520.0,572.0,10356.3,308.511,6.0,4121434520.0,41067217.0,2311.3,5.0,653381.0,78.0,372601.0,20.0,33049.0,0.0,2117.9,2020,"HydroRIVERS v1.0 / HydroBASINS v1c level 12 (Lehner & Grill 2013); WorldPop Global2 R2025A constrained 100 m, India only"
WQS1815,nearest reach within 2 km,40736118.0,1333.0,265.4,4.613,2.0,4120801990.0,41067217.0,2006.0,0.0,91803.0,2.0,91803.0,2.0,77613.0,0.0,19900.9,2020,"HydroRIVERS v1.0 / HydroBASINS v1c level 12 (Lehner & Grill 2013); WorldPop Global2 R2025A constrained 100 m, India only"
WQS1816,nearest reach within 2 km,40736118.0,1452.0,265.4,4.613,2.0,4120801990.0,41067217.0,2006.0,0.0,91803.0,2.0,91803.0,2.0,77613.0,0.0,19900.9,2020,"HydroRIVERS v1.0 / HydroBASINS v1c level 12 (Lehner & Grill 2013); WorldPop Global2 R2025A constrained 100 m, India only"
WQS1817,largest upstream area within 1 km,40674537.0,989.0,128.8,2.622,3.0,4121435040.0,41067217.0,2230.6,2.0,734072.0,1.0,734072.0,1.0,734072.0,0.0,279966.4,2020,"HydroRIVERS v1.0 / HydroBASINS v1c level 12 (Lehner & Grill 2013); WorldPop Global2 R2025A constrained 100 m, India only"
WQS1818,largest upstream area within 1 km,40664414.0,736.0,7504.6,139.935,5.0,4120751530.0,41067217.0,2659.5,3.0,731809.0,57.0,336467.0,14.0,124212.0,0.0,5229.6,2020,"HydroRIVERS v1.0 / HydroBASINS v1c level 12 (Lehner & Grill 2013); WorldPop Global2 R2025A constrained 100 m, India only"
WQS1819,largest upstream area within 1 km,40664414.0,260.0,7504.6,139.935,5.0,4120751530.0,41067217.0,2659.5,1.0,731809.0,57.0,336467.0,14.0,124212.0,0.0,5229.6,2020,"HydroRIVERS v1.0 / HydroBASINS v1c level 12 (Lehner & Grill 2013); WorldPop Global2 R2025A constrained 100 m, India only"
WQS1820,largest upstream area within 1 km,40679734.0,27.0,21746.6,537.634,6.0,4120764080.0,41067217.0,2207.3,3.0,1926574.0,160.0,290051.0,10.0,153316.0,0.025,3583.4,2020,"HydroRIVERS v1.0 / HydroBASINS v1c level 12 (Lehner & Grill 2013); WorldPop Global2 R2025A constrained 100 m, India only"
WQS1821,unsnapped (> 2 km from any reach),,,,,,,,,,,,,,,,,2020,"HydroRIVERS v1.0 / HydroBASINS v1c level 12 (Lehner & Grill 2013); WorldPop Global2 R2025A constrained 100 m, India only"
WQS1822,largest upstream area within 1 km,40648227.0,128.0,272.8,5.305,3.0,4121426690.0,41067217.0,2762.3,5.0,2291.0,2.0,2291.0,2.0,1326.0,0.0,431.9,2020,"HydroRIVERS v1.0 / HydroBASINS v1c level 12 (Lehner & Grill 2013); WorldPop Global2 R2025A constrained 100 m, India only"
WQS1823,largest upstream area within 1 km,40664414.0,402.0,7504.6,139.935,5.0,4120751530.0,41067217.0,2659.5,1.0,731809.0,57.0,336467.0,14.0,124212.0,0.0,5229.6,2020,"HydroRIVERS v1.0 / HydroBASINS v1c level 12 (Lehner & Grill 2013); WorldPop Global2 R2025A constrained 100 m, India only"
WQS1824,largest upstream area within 1 km,40663626.0,188.0,2142.7,43.799,4.0,4120749560.0,41067217.0,2676.0,1.0,212155.0,15.0,201817.0,11.0,17228.0,0.0,4843.8,2020,"HydroRIVERS v1.0 / HydroBASINS v1c level 12 (Lehner & Grill 2013); WorldPop Global2 R2025A constrained 100 m, India only"
WQS1825,largest upstream area within 1 km,40646928.0,492.0,75.6,1.456,2.0,4121426140.0,41067217.0,2768.8,3.0,965.0,1.0,965.0,1.0,965.0,0.0,662.8,2020,"HydroRIVERS v1.0 / HydroBASINS v1c level 12 (Lehner & Grill 2013); WorldPop Global2 R2025A constrained 100 m, India only"
WQS1827,largest upstream area within 1 km,41022514.0,900.0,560.5,14.401,3.0,4120950900.0,41113806.0,368.9,1.0,345763.0,4.0,345763.0,4.0,136544.0,0.0,24009.7,2020,"HydroRIVERS v1.0 / HydroBASINS v1c level 12 (Lehner & Grill 2013); WorldPop Global2 R2025A constrained 100 m, India only"
WQS1829,largest upstream area within 1 km,41091096.0,163.0,27619.2,623.758,6.0,4121532760.0,41113806.0,74.4,1.0,28819008.0,207.0,5527586.0,11.0,1737205.0,0.0,46202.2,2020,"HydroRIVERS v1.0 / HydroBASINS v1c level 12 (Lehner & Grill 2013); WorldPop Global2 R2025A constrained 100 m, India only"
WQS1832,largest upstream area within 1 km,40892180.0,966.0,3534.0,154.18,5.0,4120883970.0,41067217.0,489.8,4.0,2311786.0,28.0,1950522.0,15.0,183397.0,0.0,14994.1,2020,"HydroRIVERS v1.0 / HydroBASINS v1c level 12 (Lehner & Grill 2013); WorldPop Global2 R2025A constrained 100 m, India only"
WQS1833,largest upstream area within 1 km,40873320.0,109.0,99.3,4.835,3.0,4120871330.0,41067217.0,688.0,1.0,884226.0,2.0,345956.0,1.0,345956.0,0.0,182880.2,2020,"HydroRIVERS v1.0 / HydroBASINS v1c level 12 (Lehner & Grill 2013); WorldPop Global2 R2025A constrained 100 m, India only"
WQS1834,largest upstream area within 1 km,41042346.0,489.0,6491.7,107.093,4.0,4120963430.0,41107126.0,255.5,5.0,4370271.0,51.0,760408.0,6.0,351484.0,0.0,40808.2,2020,"HydroRIVERS v1.0 / HydroBASINS v1c level 12 (Lehner & Grill 2013); WorldPop Global2 R2025A constrained 100 m, India only"
WQS1837,largest upstream area within 1 km,41070608.0,96.0,468.2,9.813,3.0,4120979110.0,41113806.0,133.6,1.0,898695.0,4.0,898695.0,4.0,298103.0,0.0,91582.1,2020,"HydroRIVERS v1.0 / HydroBASINS v1c level 12 (Lehner & Grill 2013); WorldPop Global2 R2025A constrained 100 m, India only"
WQS1838,largest upstream area within 1 km,41069093.0,280.0,439.2,9.193,3.0,4120979110.0,41113806.0,138.5,3.0,898695.0,4.0,898695.0,4.0,298103.0,0.0,97758.6,2020,"HydroRIVERS v1.0 / HydroBASINS v1c level 12 (Lehner & Grill 2013); WorldPop Global2 R2025A constrained 100 m, India only"
WQS1839,largest upstream area within 1 km,41105745.0,45.0,1073.9,28.028,4.0,4120996960.0,41112128.0,20.7,1.0,1932355.0,8.0,1932355.0,8.0,83018.0,0.0,68943.7,2020,"HydroRIVERS v1.0 / HydroBASINS v1c level 12 (Lehner & Grill 2013); WorldPop Global2 R2025A constrained 100 m, India only"
WQS1840,largest upstream area within 1 km,41109135.0,131.0,5756.1,140.738,5.0,4120997550.0,41107126.0,97.8,3.0,3234641.0,43.0,866106.0,6.0,426111.0,0.0,22983.4,2020,"HydroRIVERS v1.0 / HydroBASINS v1c level 12 (Lehner & Grill 2013); WorldPop Global2 R2025A constrained 100 m, India only"
WQS1841,largest upstream area within 1 km,41107126.0,484.0,37784.7,775.281,6.0,4120026660.0,41107126.0,0.0,1.0,31763692.0,283.0,1473789.0,11.0,226593.0,0.0,40970.6,2020,"HydroRIVERS v1.0 / HydroBASINS v1c level 12 (Lehner & Grill 2013); WorldPop Global2 R2025A constrained 100 m, India only"
WQS1842,nearest reach within 2 km,41096953.0,1109.0,3530.5,85.859,5.0,4120991190.0,41107126.0,33.8,0.0,2576401.0,28.0,1126351.0,11.0,144255.0,0.0,30007.3,2020,"HydroRIVERS v1.0 / HydroBASINS v1c level 12 (Lehner & Grill 2013); WorldPop Global2 R2025A constrained 100 m, India only"
WQS1843,largest upstream area within 1 km,41052470.0,677.0,19774.1,353.614,5.0,4120969600.0,41107126.0,195.4,3.0,17684603.0,152.0,2932761.0,12.0,621017.0,0.0,50011.0,2020,"HydroRIVERS v1.0 / HydroBASINS v1c level 12 (Lehner & Grill 2013); WorldPop Global2 R2025A constrained 100 m, India only"
WQS1844,largest upstream area within 1 km,41049110.0,15.0,19225.9,338.561,5.0,4120966820.0,41107126.0,212.8,1.0,16360583.0,146.0,2542748.0,13.0,20454.0,0.0,48323.9,2020,"HydroRIVERS v1.0 / HydroBASINS v1c level 12 (Lehner & Grill 2013); WorldPop Global2 R2025A constrained 100 m, India only"
WQS1845,largest upstream area within 1 km,41043803.0,174.0,18434.7,321.589,5.0,4120964690.0,41107126.0,247.6,1.0,14884843.0,140.0,3519429.0,21.0,211752.0,0.0,46285.3,2020,"HydroRIVERS v1.0 / HydroBASINS v1c level 12 (Lehner & Grill 2013); WorldPop Global2 R2025A constrained 100 m, India only"
WQS1846,largest upstream area within 1 km,41045946.0,480.0,18639.1,325.045,5.0,4121521220.0,41107126.0,240.2,3.0,15137168.0,142.0,2419131.0,17.0,173574.0,0.0,46569.5,2020,"HydroRIVERS v1.0 / HydroBASINS v1c level 12 (Lehner & Grill 2013); WorldPop Global2 R2025A constrained 100 m, India only"
WQS1847,largest upstream area within 1 km,41043803.0,9.0,18434.7,321.589,5.0,4120964690.0,41107126.0,247.6,3.0,14884843.0,140.0,3519429.0,21.0,211752.0,0.0,46285.3,2020,"HydroRIVERS v1.0 / HydroBASINS v1c level 12 (Lehner & Grill 2013); WorldPop Global2 R2025A constrained 100 m, India only"
WQS1848,largest upstream area within 1 km,41043803.0,42.0,18434.7,321.589,5.0,4120964690.0,41107126.0,247.6,3.0,14884843.0,140.0,3519429.0,21.0,211752.0,0.0,46285.3,2020,"HydroRIVERS v1.0 / HydroBASINS v1c level 12 (Lehner & Grill 2013); WorldPop Global2 R2025A constrained 100 m, India only"
WQS1849,largest upstream area within 1 km,41049310.0,531.0,19367.8,342.015,5.0,4120967410.0,41107126.0,210.7,3.0,16568536.0,148.0,2344151.0,13.0,127208.0,0.0,48443.9,2020,"HydroRIVERS v1.0 / HydroBASINS v1c level 12 (Lehner & Grill 2013); WorldPop Global2 R2025A constrained 100 m, India only"
WQS1850,largest upstream area within 1 km,41049110.0,29.0,19225.9,338.561,5.0,4120966820.0,41107126.0,212.8,1.0,16360583.0,146.0,2542748.0,13.0,20454.0,0.0,48323.9,2020,"HydroRIVERS v1.0 / HydroBASINS v1c level 12 (Lehner & Grill 2013); WorldPop Global2 R2025A constrained 100 m, India only"
WQS1851,largest upstream area within 1 km,41049501.0,7.0,19399.5,343.201,5.0,4120967410.0,41107126.0,208.1,3.0,16568536.0,148.0,2282386.0,12.0,127208.0,0.0,48276.5,2020,"HydroRIVERS v1.0 / HydroBASINS v1c level 12 (Lehner & Grill 2013); WorldPop Global2 R2025A constrained 100 m, India only"
WQS1852,largest upstream area within 1 km,41057313.0,876.0,20134.0,360.588,5.0,4121523670.0,41107126.0,175.8,1.0,18236579.0,154.0,2519641.0,11.0,448287.0,0.0,50574.6,2020,"HydroRIVERS v1.0 / HydroBASINS v1c level 12 (Lehner & Grill 2013); WorldPop Global2 R2025A constrained 100 m, India only"
WQS1853,largest upstream area within 1 km,41068102.0,57.0,1403.7,31.218,4.0,4120976380.0,41107126.0,170.0,2.0,820931.0,9.0,667943.0,7.0,298588.0,0.0,26296.7,2020,"HydroRIVERS v1.0 / HydroBASINS v1c level 12 (Lehner & Grill 2013); WorldPop Global2 R2025A constrained 100 m, India only"
WQS1854,largest upstream area within 1 km,41022945.0,30.0,3504.4,86.564,5.0,4120955460.0,41113806.0,317.6,1.0,3252648.0,27.0,1255107.0,5.0,408153.0,0.0,37575.1,2020,"HydroRIVERS v1.0 / HydroBASINS v1c level 12 (Lehner & Grill 2013); WorldPop Global2 R2025A constrained 100 m, India only"
WQS1855,largest upstream area within 1 km,41022945.0,49.0,3504.4,86.564,5.0,4120955460.0,41113806.0,317.6,1.0,3252648.0,27.0,1255107.0,5.0,408153.0,0.0,37575.1,2020,"HydroRIVERS v1.0 / HydroBASINS v1c level 12 (Lehner & Grill 2013); WorldPop Global2 R2025A constrained 100 m, India only"
WQS1856,largest upstream area within 1 km,41022945.0,51.0,3504.4,86.564,5.0,4120955460.0,41113806.0,317.6,1.0,3252648.0,27.0,1255107.0,5.0,408153.0,0.0,37575.1,2020,"HydroRIVERS v1.0 / HydroBASINS v1c level 12 (Lehner & Grill 2013); WorldPop Global2 R2025A constrained 100 m, India only"
WQS1857,largest upstream area within 1 km,41098256.0,575.0,27874.0,630.276,6.0,4121533930.0,41113806.0,57.2,6.0,31025997.0,208.0,6776083.0,9.0,2206989.0,0.0,49226.0,2020,"HydroRIVERS v1.0 / HydroBASINS v1c level 12 (Lehner & Grill 2013); WorldPop Global2 R2025A constrained 100 m, India only"
WQS1858,largest upstream area within 1 km,41119287.0,796.0,11.1,0.317,1.0,4120026580.0,41119287.0,0.0,1.0,171452.0,1.0,171452.0,1.0,171452.0,0.0,540858.0,2020,"HydroRIVERS v1.0 / HydroBASINS v1c level 12 (Lehner & Grill 2013); WorldPop Global2 R2025A constrained 100 m, India only"
WQS1859,largest upstream area within 1 km,40989153.0,15.0,928813.4,13311.413,8.0,4120935590.0,41067217.0,382.2,1.0,517152728.0,6987.0,1346124.0,13.0,250405.0,0.188,38850.3,2020,"HydroRIVERS v1.0 / HydroBASINS v1c level 12 (Lehner & Grill 2013); WorldPop Global2 R2025A constrained 100 m, India only"
WQS1860,largest upstream area within 1 km,41101868.0,257.0,28014.6,633.931,6.0,4120994110.0,41113806.0,42.9,3.0,33426151.0,209.0,8611006.0,8.0,2400153.0,0.0,52728.4,2020,"HydroRIVERS v1.0 / HydroBASINS v1c level 12 (Lehner & Grill 2013); WorldPop Global2 R2025A constrained 100 m, India only"
WQS1861,largest upstream area within 1 km,41101870.0,883.0,27979.1,633.007,6.0,4120994110.0,41113806.0,46.4,3.0,33426151.0,209.0,8834850.0,9.0,2400153.0,0.0,52805.3,2020,"HydroRIVERS v1.0 / HydroBASINS v1c level 12 (Lehner & Grill 2013); WorldPop Global2 R2025A constrained 100 m, India only"
WQS1862,largest upstream area within 1 km,41092119.0,862.0,27651.1,624.558,6.0,4121532760.0,41113806.0,71.2,3.0,28819008.0,207.0,5527586.0,11.0,1737205.0,0.0,46143.0,2020,"HydroRIVERS v1.0 / HydroBASINS v1c level 12 (Lehner & Grill 2013); WorldPop Global2 R2025A constrained 100 m, India only"
WQS1863,largest upstream area within 1 km,41124972.0,690.0,14.3,0.399,1.0,4120026690.0,41124972.0,0.0,1.0,1072092.0,1.0,1072092.0,1.0,1072092.0,0.0,2686947.4,2020,"HydroRIVERS v1.0 / HydroBASINS v1c level 12 (Lehner & Grill 2013); WorldPop Global2 R2025A constrained 100 m, India only"
WQS1864,largest upstream area within 1 km,41092119.0,495.0,27651.1,624.558,6.0,4121532760.0,41113806.0,71.2,3.0,28819008.0,207.0,5527586.0,11.0,1737205.0,0.0,46143.0,2020,"HydroRIVERS v1.0 / HydroBASINS v1c level 12 (Lehner & Grill 2013); WorldPop Global2 R2025A constrained 100 m, India only"
WQS1865,largest upstream area within 1 km,41107127.0,794.0,29540.8,673.445,6.0,4121536470.0,41113806.0,18.0,3.0,38298685.0,222.0,10541508.0,13.0,353926.0,0.0,56869.8,2020,"HydroRIVERS v1.0 / HydroBASINS v1c level 12 (Lehner & Grill 2013); WorldPop Global2 R2025A constrained 100 m, India only"
WQS1866,largest upstream area within 1 km,41122052.0,58.0,2831.9,71.683,5.0,4120026710.0,41123191.0,4.3,1.0,3180340.0,22.0,2556888.0,17.0,204069.0,0.0,44366.7,2020,"HydroRIVERS v1.0 / HydroBASINS v1c level 12 (Lehner & Grill 2013); WorldPop Global2 R2025A constrained 100 m, India only"
WQS1867,largest upstream area within 1 km,41057317.0,745.0,2589.6,59.092,5.0,4120971580.0,41113806.0,199.5,3.0,2952356.0,20.0,850031.0,5.0,398191.0,0.0,49962.0,2020,"HydroRIVERS v1.0 / HydroBASINS v1c level 12 (Lehner & Grill 2013); WorldPop Global2 R2025A constrained 100 m, India only"
WQS1868,largest upstream area within 1 km,40881090.0,159.0,1444.4,61.88,4.0,4120876170.0,41067217.0,532.5,3.0,434123.0,11.0,403488.0,6.0,166687.0,0.0,7015.6,2020,"HydroRIVERS v1.0 / HydroBASINS v1c level 12 (Lehner & Grill 2013); WorldPop Global2 R2025A constrained 100 m, India only"
WQS1869,largest upstream area within 1 km,40889217.0,20.0,1216.8,54.19,5.0,4120881090.0,41067217.0,480.8,3.0,630794.0,10.0,624589.0,9.0,113191.0,0.0,11640.4,2020,"HydroRIVERS v1.0 / HydroBASINS v1c level 12 (Lehner & Grill 2013); WorldPop Global2 R2025A constrained 100 m, India only"
WQS1870,largest upstream area within 1 km,40882476.0,212.0,69.9,3.136,2.0,4121483430.0,41067217.0,522.7,1.0,2091396.0,74.0,286572.0,1.0,286572.0,0.054,666899.2,2020,"HydroRIVERS v1.0 / HydroBASINS v1c level 12 (Lehner & Grill 2013); WorldPop Global2 R2025A constrained 100 m, India only"
WQS1871,largest upstream area within 1 km,40872530.0,45.0,172.0,8.38,3.0,4121480450.0,41067217.0,690.3,3.0,538271.0,1.0,538271.0,1.0,538271.0,0.0,64232.8,2020,"HydroRIVERS v1.0 / HydroBASINS v1c level 12 (Lehner & Grill 2013); WorldPop Global2 R2025A constrained 100 m, India only"
WQS1872,largest upstream area within 1 km,40869970.0,44.0,104.2,5.025,3.0,4121480450.0,41067217.0,696.2,1.0,538271.0,1.0,538271.0,1.0,538271.0,0.0,107118.6,2020,"HydroRIVERS v1.0 / HydroBASINS v1c level 12 (Lehner & Grill 2013); WorldPop Global2 R2025A constrained 100 m, India only"
WQS1873,largest upstream area within 1 km,41062687.0,185.0,157.0,3.286,3.0,4120976400.0,41113806.0,156.7,2.0,335027.0,2.0,335027.0,2.0,162582.0,0.0,101955.9,2020,"HydroRIVERS v1.0 / HydroBASINS v1c level 12 (Lehner & Grill 2013); WorldPop Global2 R2025A constrained 100 m, India only"
WQS1875,largest upstream area within 1 km,41060986.0,596.0,22719.9,523.433,6.0,4120974570.0,41113806.0,178.5,3.0,19007039.0,171.0,1741327.0,9.0,205219.0,0.0,36312.3,2020,"HydroRIVERS v1.0 / HydroBASINS v1c level 12 (Lehner & Grill 2013); WorldPop Global2 R2025A constrained 100 m, India only"
WQS1876,largest upstream area within 1 km,40888230.0,115.0,4855.8,101.667,5.0,4121484590.0,41067217.0,477.1,1.0,254266.0,36.0,254266.0,5.0,127414.0,0.889,2501.0,2020,"HydroRIVERS v1.0 / HydroBASINS v1c level 12 (Lehner & Grill 2013); WorldPop Global2 R2025A constrained 100 m, India only"
WQS1877,largest upstream area within 1 km,41133691.0,934.0,841.3,21.259,4.0,4120026750.0,41136294.0,7.9,5.0,769701.0,6.0,769701.0,6.0,94022.0,0.0,36205.9,2020,"HydroRIVERS v1.0 / HydroBASINS v1c level 12 (Lehner & Grill 2013); WorldPop Global2 R2025A constrained 100 m, India only"
WQS1878,nearest reach within 2 km,41120304.0,1773.0,10.5,0.287,1.0,4120026690.0,41120304.0,0.0,0.0,1072092.0,1.0,1072092.0,1.0,1072092.0,0.0,3735512.2,2020,"HydroRIVERS v1.0 / HydroBASINS v1c level 12 (Lehner & Grill 2013); WorldPop Global2 R2025A constrained 100 m, India only"
WQS1879,largest upstream area within 1 km,40897179.0,155.0,4430.4,118.91,4.0,4120883700.0,41067217.0,475.4,1.0,839296.0,34.0,781949.0,5.0,390682.0,0.735,7058.2,2020,"HydroRIVERS v1.0 / HydroBASINS v1c level 12 (Lehner & Grill 2013); WorldPop Global2 R2025A constrained 100 m, India only"
WQS1882,largest upstream area within 1 km,40884155.0,422.0,9711.6,340.468,6.0,4121483430.0,41067217.0,518.6,2.0,2091396.0,74.0,818056.0,8.0,286572.0,0.054,6142.7,2020,"HydroRIVERS v1.0 / HydroBASINS v1c level 12 (Lehner & Grill 2013); WorldPop Global2 R2025A constrained 100 m, India only"
WQS1883,largest upstream area within 1 km,40862021.0,17.0,8221.2,257.205,6.0,4121478650.0,41067217.0,577.7,3.0,1202604.0,64.0,650848.0,13.0,17803.0,0.062,4675.7,2020,"HydroRIVERS v1.0 / HydroBASINS v1c level 12 (Lehner & Grill 2013); WorldPop Global2 R2025A constrained 100 m, India only"
WQS1884,largest upstream area within 1 km,40872258.0,138.0,3901.0,96.295,4.0,4121481330.0,41067217.0,540.6,3.0,82099.0,30.0,81973.0,6.0,24752.0,0.833,852.6,2020,"HydroRIVERS v1.0 / HydroBASINS v1c level 12 (Lehner & Grill 2013); WorldPop Global2 R2025A constrained 100 m, India only"
WQS1885,largest upstream area within 1 km,40893676.0,292.0,4299.4,113.601,4.0,4121485680.0,41067217.0,491.3,1.0,448614.0,33.0,391266.0,4.0,245525.0,0.758,3949.0,2020,"HydroRIVERS v1.0 / HydroBASINS v1c level 12 (Lehner & Grill 2013); WorldPop Global2 R2025A constrained 100 m, India only"
WQS1886,largest upstream area within 1 km,41082160.0,430.0,26599.7,599.216,6.0,4120987260.0,41113806.0,97.6,3.0,25522917.0,199.0,3622510.0,9.0,1364922.0,0.0,42593.9,2020,"HydroRIVERS v1.0 / HydroBASINS v1c level 12 (Lehner & Grill 2013); WorldPop Global2 R2025A constrained 100 m, India only"
WQS1887,largest upstream area within 1 km,41101470.0,47.0,528.5,13.61,4.0,4121534680.0,41112128.0,42.4,1.0,1470489.0,4.0,1470489.0,4.0,179665.0,0.0,108044.7,2020,"HydroRIVERS v1.0 / HydroBASINS v1c level 12 (Lehner & Grill 2013); WorldPop Global2 R2025A constrained 100 m, India only"
WQS1888,largest upstream area within 1 km,41068106.0,962.0,21573.8,391.242,5.0,4121526700.0,41107126.0,111.2,3.0,19779983.0,165.0,973186.0,6.0,434725.0,0.0,50556.9,2020,"HydroRIVERS v1.0 / HydroBASINS v1c level 12 (Lehner & Grill 2013); WorldPop Global2 R2025A constrained 100 m, India only"
WQS1889,largest upstream area within 1 km,41030316.0,96.0,3173.2,79.208,5.0,4121517490.0,41113806.0,378.6,3.0,1747070.0,25.0,906999.0,10.0,303990.0,0.0,22056.7,2020,"HydroRIVERS v1.0 / HydroBASINS v1c level 12 (Lehner & Grill 2013); WorldPop Global2 R2025A constrained 100 m, India only"
WQS1890,largest upstream area within 1 km,41021021.0,838.0,846.3,21.857,4.0,4120950640.0,41113806.0,363.5,3.0,535451.0,8.0,487167.0,7.0,23772.0,0.0,24497.9,2020,"HydroRIVERS v1.0 / HydroBASINS v1c level 12 (Lehner & Grill 2013); WorldPop Global2 R2025A constrained 100 m, India only"
WQS1891,largest upstream area within 1 km,41298663.0,720.0,33935.3,244.577,6.0,4121103960.0,41297283.0,687.6,5.0,8933363.0,253.0,339050.0,11.0,53546.0,0.0,36525.8,2020,"HydroRIVERS v1.0 / HydroBASINS v1c level 12 (Lehner & Grill 2013); WorldPop Global2 R2025A constrained 100 m, India only"
