station_uid,harmonized_name,state,station_codes,original_names,years,n_rows,harmonization_confidence,exclusion_reasons,lat,lon,coord_confidence,coord_source,river_cpcb_table,district,reported_frequency_2023,n_codes
WQS0001,"HAMSALA DEEVI , GUNTUR DIST",ANDHRA PRADESH,1782,"HAMSALA DEEVI , GUNTUR DIST | HAMSALA DEEVI , GUNTUR DIST, A.P",2016 2018,2,medium,,,,Ambiguous / unresolved,,Krishna,,,1
WQS0002,"KRISHNA D/S OF SRISHAILAM, KURNOOL",ANDHRA PRADESH,3083,"KRISHNA D/S OF SRISHAILAM, KURNOOL | KRISHNA D/S OF SRISHAILAM, KURNOOL, A.P. | RIVER KRISHNA D/S OF SRISHAILAM, KURNOOL | RIVER KRISHNA D/S OF SRISHAILAM, SRISHAILAM",2016 2017 2018 2019 2020 2021 2022 2023 2024,9,high,,,,Ambiguous / unresolved,,Krishna,,,1
WQS0003,"MUNERU B/c WITH KRISHNA, NANDIGAMA",ANDHRA PRADESH | TELANGANA,1177,"MUNERU B/C. WITH KRISHNA, NANDIGAMA | MUNERU B/c WITH KRISHNA, NANDIGAMA | MUNERU BEFORE CONFL. WITH KRISHNA, NANDIGAMA, A.P. | RIVER MUNERU B/C WITH KRISHNA, KEESARA (V & M) | RIVER MUNERU B/C WITH KRISHNA, NANDIGAMA | RIVER MUNNERU B/C WITH KRISHNA, KEESARA (V & M)",2016 2017 2018 2019 2020 2021 2022 2023 2024,10,high,station listed twice in year with different values,,,Ambiguous / unresolved,,,,,1
WQS0004,RIVER GODAVARI AFTER CONFLUENCE WITH SABARI TRIBUTARY (KUNAVARAM) AT WADDIGUDEM(V) V.R. PURAM (M),ANDHRA PRADESH,4359,"RIVER GODAVARI AFTER CONFLUENCE WITH SABARI TRIBUTARY (KUNAVARAM) AT WADDIGUDEM(V) V.R. PURAM (M) | RIVER GODAVARI AFTER CONFLUENCE WITH SABARI TRIBUTARY, (KUNAVARAM) AT WADDIGUDEM(V) V.R. PURAM (M)",2021 2022 2023 2024,4,high,,,,Ambiguous / unresolved,,Godavari,,,1
WQS0005,RIVER GODAVARI AT POLAVARAM (V & M),ANDHRA PRADESH,14,"GODAVARI AT POLAVARAM | GODAVARI AT POLAVARAM, A.P. | GODAVARI AT POLAVARAM, WEST GODAVARI DISTRICT | RIVER GODAVARI AT POLAVARAM (V & M) | RIVER GODAVARI AT POLAVARAM, WEST GODAVARI DISTRICT",2016 2017 2018 2019 2020 2021 2022 2023 2024,9,high,,,,Ambiguous / unresolved,,Godavari,,,1
WQS0006,"RIVER GODAVARI AT RAJAHMUNDRY D/S, DOWLESWARAM (V), RAJAHMUNDRY (M)",ANDHRA PRADESH,1219,"GODAVARI AT RAJAHMUNDRY D/S, A.P. | GODAVARI AT RAJAHMUNDRY D/s DHAVALESWARAM, EAST GODAVARI | GODAVARI AT RAJAHMUNDRY D/s, DHAVALESWARAM, EAST GODAVARI | GODAVARI D/S RAJAHMUNDRY | RIVER GODAVARI AT RAJAHMUNDRY D/S, DHAVALESWARAM, EAST GODAVARI | RIVER GODAVARI AT RAJAHMUNDRY D/S, DOWLESWARAM (V), RAJAHMUNDRY (M)",2016 2017 2018 2019 2020 2021 2022 2023 2024,9,high,,,,Ambiguous / unresolved,,Godavari,,,1
WQS0007,"RIVER GODAVARI AT RAJAHMUNDRY U/S, KUMARADEVAM (V), KOVVUR (M)",ANDHRA PRADESH,1218,"GODAVARI AT RAJAHMUNDRY U/S, A.P. | GODAVARI AT RAJAHMUNDRY U/s KUMARADEVAM, EAST GODAVARI | GODAVARI AT RAJAHMUNDRY U/s, KUMARADEVAM, EAST GODAVARI | GODAVARI U/S RAJAHMUNDRY | RIVER GODAVARI AT RAJAHMUNDRY U/S, KUMARADEVAM (V), KOVVUR (M) | RIVER GODAVARI AT RAJAHMUNDRY U/S, KUMARADEVAM, EAST GODAVARI",2016 2017 2018 2019 2020 2021 2022 2023 2024,9,high,,,,Ambiguous / unresolved,,Godavari,,,1
WQS0008,"RIVER GODAVARI AT RAJAMUNDRY D/S OF NALLA CHANNEL, RAJAMUNDRY",ANDHRA PRADESH,2370 | 2371,"GODAVARI AT RAJAMUNDRY D/S OF NALLA CHANNEL, A.P | GODAVARI AT RAJAMUNDRY D/s OF NALLA CHANNEL, EAST GODAVARI DIST. | GODAVARI AT RAJAMUNDRY D/s OF NALLA CHANNEL, EAST GODAVARI DISTRICT | GODAVARI D/S RAJAMUNDRY OF NALLA CHANNEL | RIVER GODAVARI AT RAJAMUNDRY D/S OF NALLA CHANNEL, EAST GODAVARI DISTRICT | RIVER GODAVARI AT RAJAMUNDRY D/S OF NALLA CHANNEL, RAJAMUNDRY",2016 2017 2018 2019 2020 2021 2022 2023 2024,9,medium,,,,Ambiguous / unresolved,,Godavari,,,2
WQS0009,"RIVER GODAVARI AT RAJAMUNDRY U/S OF NALLA CHANNEL,RAJAMUNDRY",ANDHRA PRADESH,2370 | 2371,"GODAVARI AT RAJAMUN U/s OF NALLA CHANNEL | GODAVARI AT RAJAMUNDRY U/S OF NALLA CHANNEL, A.P | GODAVARI AT RAJAMUNDRY U/s OF NALLA CHANNEL, EAST GODAVARI DIST. | GODAVARI AT RAJAMUNDRY U/s OF NALLA CHANNEL, EAST GODAVARI DISTRICT | GODAVARI U/S RAJAMUNDRY OF NALLA CHANNEL | RIVER GODAVARI AT RAJAMUNDRY U/S OF NALLA CHANNEL, EAST GODAVARI DISTRICT | RIVER GODAVARI AT RAJAMUNDRY U/S OF NALLA CHANNEL,RAJAMUNDRY",2016 2017 2018 2019 2020 2021 2022 2023 2024,9,medium,,,,Ambiguous / unresolved,,Godavari,,,2
WQS0010,"RIVER GODAVARI D/S DOWLEISWARAM AFTER CONFLUENCE OF STP OUTLET, DOWLEISWARAM (V)",ANDHRA PRADESH,3067,"RIVER GODAVARI D/S DOWLEISWARAM AFTER CONFLUENCE OF STP OUTLET, DOWLEISWARAM (V)",2022 2023 2024,3,high,,,,Ambiguous / unresolved,,Godavari,,,1
WQS0011,"RIVER GODAVARI KOUNDINYA MUKTHI (V), KUKUNUR (M), BORDER POINT BETWEEN ANDHRA PRADESH & TELANGANA STATES",ANDHRA | ANDHRA PRADESH,4367,"RIVER GODAVARI KOUNDINYA MUKTHI (V), KUKUNUR (M), BORDER BETWEEN A.P. & TELANGANA | RIVER GODAVARI KOUNDINYA MUKTHI (V), KUKUNUR (M), BORDER POINT BETWEEN ANDHRA PRADESH & TELANGANA STATES",2020 2021 2022 2023 2024,5,high,,,,Ambiguous / unresolved,,Godavari,,,1
WQS0012,"RIVER GOSTANI SAMPLE AFTER CONFLUENCE WITH M/S DELTA PAPEER MILL EFFLUENTS, BENDRA, PALAKODERU (M), BUT BEFORE CONFLUENCE WITH YANAMADURRU DRAIN",ANDHRA PRADESH,4373,"RIVER GOSTANI SAMPLE AFTER CONFLUENCE WITH M/S DELTA PAPEER MILL EFFLUENTS, BENDRA, PALAKODERU (M), BUT BEFORE CONFLUENCE WITH YANAMADURRU DRAIN",2022 2024,2,high,,,,Ambiguous / unresolved,,,,,1
WQS0013,"RIVER GOSTANI SAMPLE BEFORE CONFLUENCE WITH M/S DELTA PAPER MILL EFFLUENTS, VENDRA (V), PALAKODERU (M)",ANDHRA PRADESH,4372,"RIVER GOSTANI SAMPLE BEFORE CONFLUENCE WITH M/S DELTA PAPER MILL EFFLUENTS, VENDRA (V), PALAKODERU (M)",2022 2024,2,high,,,,Ambiguous / unresolved,,,,,1
WQS0014,"RIVER HUNDRI AT GAJULADINNE RESERVOIR GAJULADINNE (V),GONEGANDLA (M)",ANDHRA PRADESH,5158,"RIVER HUNDRI AT GAJULADINNE RESERVOIR GAJULADINNE (V),GONEGANDLA (M)",2023 2024,2,high,,,,Ambiguous / unresolved,,,,,1
WQS0015,"RIVER HUNDRI AT JOHARAPURAM(V), NEAR TEMPLE, KURNOOL",ANDHRA PRADESH,2350,"HUNDRI, JOHARPUR(V), NEAR TEMPLE, KURNOOL | RIVER HUNDRI AT JOHARAPURAM(V), NEAR TEMPLE, KURNO | RIVER HUNDRI AT JOHARAPURAM(V), NEAR TEMPLE, KURNOOL | RIVER HUNDRI, JOHARPUR(V), NEAR TEMPLE, KURNOOL, A",2016 2017 2018 2019 2020 2021,6,medium,,,,Ambiguous / unresolved,,,,,1
WQS0016,"RIVER HUNDRI AT LAXMIPURAM (V), KALLUR (M)",ANDHRA PRADESH,2350,"RIVER HUNDRI AT LAXMIPURAM (V), KALLUR | RIVER HUNDRI AT LAXMIPURAM (V), KALLUR (M)",2022 2023 2024,3,medium,,,,Ambiguous / unresolved,,,,,1
WQS0017,"RIVER KRISHNA A/C WITH TUNGABHADRA, SANGAMESHWARAM (V), KOTTAPALLE (M)",ANDHRA PRADESH,1175,"KRISHNA A/C WITH TUNGABHADRA, SANGAMESHWARAM | KRISHNA A/c WITH TUNGABHADRA, SANGAMESHWARAM | KRISHNA A/c WITH TUNGABHADRA, SANGAMESHWARAM, KURNOOL | KRISHNA AFTER CONFL. WITH TUNGABHADRA, SANGAMESHWA | RIVER KRISHNA A/C WITH TUNGABHADRA, SANGAMESHWARAM (V), KOTTAPALLE (M) | RIVER KRISHNA A/C WITH TUNGABHADRA, SANGAMESHWARAM, KUNOOL",2016 2017 2018 2019 2020 2021 2022 2023 2024,9,high,,,,Ambiguous / unresolved,,Krishna,,,1
WQS0018,"RIVER KRISHNA AFTER CONFLUENCE WITH RIVER MUSI AT VADAPALLI (V), DACHEPALLI (M) BETWEEN ANDHRA PRADESH & TELANGANA STATES",ANDHRA PRADESH,4381,"RIVER KRISHNA AFTER CONFLUENCE WITH RIVER MUSI AT VADAPALLI (V) BETWEEN A.P. & TELANGANA | RIVER KRISHNA AFTER CONFLUENCE WITH RIVER MUSI AT VADAPALLI (V) BETWEEN ANDHRA PRADESH & TELANGANA STATES | RIVER KRISHNA AFTER CONFLUENCE WITH RIVER MUSI AT VADAPALLI (V), DACHEPALLI (M) BETWEEN ANDHRA PRADESH & TELANGANA | RIVER KRISHNA AFTER CONFLUENCE WITH RIVER MUSI AT VADAPALLI (V), DACHEPALLI (M) BETWEEN ANDHRA PRADESH & TELANGANA STATES",2020 2021 2022 2023 2024,5,high,,,,Ambiguous / unresolved,,Krishna,,,1
WQS0019,"RIVER KRISHNA AT AMARAVATI, AMARAVATI (V & M)",ANDHRA PRADESH,1787,"AMARAVATI , GUNTUR DIST | AMARAVATI , GUNTUR DIST., A.P | KRISHNA AT AMARAVATI | KRISHNA AT AMARAVATI, GUNTUR | RIVER KRISHNA AT AMARAVATI, AMARAVATI (V & M) | RIVER KRISHNA AT AMARAVATI, GUNTUR",2016 2017 2018 2019 2020 2021 2022 2023 2024,9,high,,,,Ambiguous / unresolved,,Krishna,,,1
WQS0020,RIVER KRISHNA AT HAMSALADEEVI PULIGADDA AQUEDUCT NEAR AVANIGADDA (V),ANDHRA PRADESH,1782,"KRISHNA AT HAMSALADEEVI | KRISHNA AT HAMSALADEEVI PULIGADDA AQUEDUCT NEAR | KRISHNA AT HAMSALADEEVI PULIGADDA AQUEDUCT NEAR AVANIGADDA(V) | RIVER KRISHNA AT HAMSALADEEVI PULIGADDA AQUEDUCT NEAR AVANIGADDA (V) | RIVER KRISHNA AT HAMSALADEEVI PULIGADDA AQUEDUCT NEAR AVANIGADDA(V), KRISHNA DISTRICT",2017 2019 2020 2021 2022 2023 2024,7,medium,,,,Ambiguous / unresolved,,Krishna,,,1
WQS0021,"RIVER KRISHNA AT VEDADRI (V), JAGGAYYAPETA (M)",ANDHRA PRADESH,1786,"KRISHNA AT VEDADRI | KRISHNA AT VEDADRI, KURNOOL | RIVER KRISHNA AT VEDADRI (V), JAGGAYYAPETA (M) | RIVER KRISHNA AT VEDADRI, KURNOOL",2017 2019 2020 2021 2022 2023 2024,7,medium,,,,Ambiguous / unresolved,,Krishna,,,1
WQS0022,RIVER KRISHNA AT VIJAYWADA TOWN,ANDHRA PRADESH,25,"KRISHNA AT VIJAYWADA | KRISHNA AT VIJAYWADA, A.P. | KRISHNA AT VIJAYWADA, KRISHNA | RIVER KRISHNA AT VIJAYWADA TOWN | RIVER KRISHNA AT VIJAYWADA, KRISHNA",2016 2017 2018 2019 2020 2021 2022 2023 2024,9,high,,,,Ambiguous / unresolved,,Krishna,,,1
WQS0023,"RIVER KRISHNA D/S OF RAMALINGESHWARNAGAR A/C WITH TREATED SEWAGE DISCHARGING FROM 10MLD STP LOCATED AT RAMALINGESHWARNAGAR, VIJAYAWADA, KRISHNA",ANDHRA PRADESH,3079,"D/S OF RIVER KRISHNA A/C WITH TREATED SEWAGE DISCHARGING FROM 10mLD STP LOCATED AT RAMALINGESHWARNAGAR, VIJAYAWADA, KRISHNA | D/S OF RIVER KRISHNA A/C WITH TREATED SEWAGE DISCHARGING FROM STP LOCATED AT RAMALINGESHWARNAGAR, VIJAYAWADA, KRISHNA | RIVER KRISHNA D/S OF RAMALINGESHWARNAGAR A/C WITH TREATED SEWAGE DISCHARGING FROM 10MLD STP LOCATED AT RAMALINGESHWARNAGAR, VIJAYAWADA, KRISHNA",2019 2020 2021 2022 2023,5,high,,,,Ambiguous / unresolved,,Krishna,,,1
WQS0024,"RIVER KRISHNA, PAVITHRA SANGAMAM, AFTER CONFLUENCE WITH RIVER GODAVARI WATER, FERRY (V), IBRAHIMPATNAM (M)",ANDHRA PRADESH,4375,"RIVER KRISHNA, PAVITHRA SANGAMAM, AFTER CONFLUENCE | RIVER KRISHNA, PAVITHRA SANGAMAM, AFTER CONFLUENCE WITH RIVER GODAVARI WATER LBRAHIMPATNAM (M) | RIVER KRISHNA, PAVITHRA SANGAMAM, AFTER CONFLUENCE WITH RIVER GODAVARI WATER, FERRY (V), IBRAHIMPATNAM (M)",2020 2021 2022 2023 2024,5,high,,,,Ambiguous / unresolved,,Krishna,,,1
WQS0025,"RIVER KUNDU, NANDYAL, NEAR OVER BDG., KURNOOL",ANDHRA PRADESH,2351,"KUNDU, NANDYAL, NEAR OVER BDG., KURNOOL | RIVER KUNDU, NANDYAL, NEAR OVER BDG., KURNOOL | RIVER KUNDU, NANDYAL, NEAR OVER BDG., KURNOOL, A.P | RIVER KUNDU, NANDYAL, NEAR OVER BDG.,NANDYAL TOWN",2016 2017 2018 2019 2020 2021 2022 2023 2024,9,high,,,,Ambiguous / unresolved,,Pennar,,,1
WQS0026,"RIVER PALLERU B/C WITH KRISHNA, JAGGAIAPET (V &M)",ANDHRA PRADESH,1178,"PALLERU B/C. WITH KRISHNA, JAGGAYYAPET | PALLERU B/c WITH KRISHNA, JAGGAIAPET | PALLERU B/c WITH KRISHNA, JAGGAYYAPET | PALLERU BEFORE CONFL. WITH KRISHNA, JAGGAYYAPET, A | PALLERU BEFORE CONFL. WITH KRISHNA, JAGGAYYAPET, A.P. | RIVER PALLERU B/C WITH KRISHNA, JAGGAIAPET | RIVER PALLERU B/C WITH KRISHNA, JAGGAIAPET (V &M)",2016 2017 2018 2019 2020 2021 2022 2023 2024,10,high,station listed twice in year with different values,,,Ambiguous / unresolved,,,,,1
WQS0027,"RIVER PENNAR A/C WITH CHEYYURU, SOMASILA (V), ANANTHASAGARAM (M)",ANDHRA PRADESH,1257,"PENNAR A/C WITH CHEYYURU, SOMASILE | PENNAR A/c WITH CHEYYURU, SOMASILA | PENNAR A/c WITH CHEYYURU, SOMASILA, NELLORE | PENNAR AFTER CONF. WITH CHEYYURU, SOMASILE, A.P. | RIVER PENNAR A/C WITH CHEYYURU, SOMASILA (V), ANANTHASAGARAM (M) | RIVER PENNAR A/C WITH CHEYYURU, SOMASILA, NELLORE",2016 2017 2018 2019 2020 2021 2022 2023 2024,9,high,,,,Ambiguous / unresolved,,Pennar,,,1
WQS0028,"RIVER PENNAR A/C WITH PAPAGNI, PUSHPAGIRI (V),VALLUR (M)",ANDHRA PRADESH,1256,"PENNAR A/C WITH PAPAGNI, PUSPAGINI | PENNAR A/c WITH PAPAGNI, PUSHPAGINI, KADAPA | PENNAR A/c WITH PAPAGNI, PUSPAGINI | PENNAR AFTER CONF. WITH PAPAGNI, PUSPAGINI, A.P. | RIVER PENNAR A/C WITH PAPAGNI, PUSHPAGINI, KADAPA | RIVER PENNAR A/C WITH PAPAGNI, PUSHPAGIRI (V),VALLUR (M)",2016 2017 2018 2019 2020 2021 2022 2023 2024,9,high,,,,Ambiguous / unresolved,,Pennar,,,1
WQS0029,RIVER PENNAR AT SIDDAVATAM (V & M),ANDHRA PRADESH,30,"PENNAR AT SIDDVATA, NELLORE, A.P. | PENNAR AT SIDDVATAM, KADAPA | PENNAR AT SIDDVATAM, NELLORE | PENNAR SIDDVATA, NELLORE | RIVER PENNAR AT SIDDAVATAM (V & M) | RIVER PENNAR AT SIDDVATAM, KADAPA",2016 2017 2018 2019 2020 2021 2022 2023 2024,9,high,,,,Ambiguous / unresolved,,Pennar,,,1
WQS0030,"RIVER PENNAR B/C WITH CHITRAVATHI, TADIPATRI (M), VENGANUR (V)",ANDHRA PRADESH,1255,"PENNAR B/CWITH CHITRAVATHI, TADPATRI, UNGANOOR | PENNAR B/c WITH CHITRAVATHI, TADIPATRI, UNGANOOR | PENNAR B/c WITH CHITRAVATHI, TADIPATRI, UNGANOOR, ANANTAPURA | PENNAR B/c WITH CHITRAVATHI, TADPATRI, UNGANOOR | RIVER PENNAR B/C WITH CHITRAVATHI, TADIPATRI (M), VENGANUR (V) | RIVER PENNAR B/C WITH CHITRAVATHI, TADIPATRI, UNGANOOR, ANANTAPURA",2016 2017 2019 2020 2021 2022 2023 2024,8,high,,,,Ambiguous / unresolved,,Pennar,,,1
WQS0031,"RIVER TUNGABHADRA AT KURNOOL U/S, BHAVAPURAM (V), KURNOOL (M)",ANDHRA PRADESH,1174,"RIVER TUNGABHADRA AT KURNOOL U/S, BHAVAPURAM | RIVER TUNGABHADRA AT KURNOOL U/S, BHAVAPURAM (V), KURNOOL (M) | TUNGABHADRA AT KURNOOL U/s, BAVAPURAM | TUNGABHADRA AT KURNOOL U/s, BHAVAPURAM, KURNOOL | TUNGHABHADRA AT KURNOOL U/S, BAVAPURAM, A.P. | TUNGHABHADRA U/S KURNOOL, BAVAPURAM",2016 2017 2018 2019 2020 2021 2022 2023 2024,9,high,,,,Ambiguous / unresolved,,,,,1
WQS0032,RIVER TUNGABHADRA AT MANTHRALAYAM (V & M),ANDHRA PRADESH,1785,"MANTHRALAYAM , KURNOOL DIST | MANTHRALAYAM , KURNOOL DIST., A.P | RIVER TUNGABHADRA AT MANTHRALAYAM (V & M) | RIVER TUNGABHADRA AT MANTHRALAYAM, KURNOOL | TUNGABHADRA AT MANTHRALAYAM | TUNGABHADRA AT MANTHRALAYAM, KURNOOL",2016 2017 2018 2019 2020 2021 2022 2023 2024,9,high,,,,Ambiguous / unresolved,,,,,1
WQS0033,"RIVER TUNGABHADRA, DOWNSTREAM OF KURNOOL TOWN AFTER JOINING CITY DOMESTIC SEWAGE, PADIDEMPADU (V),",ANDHRA PRADESH,4389,"RIVER TUNGABHADRA, DOWNSTREAM OF KURNOOL TOWN AFTER JOINING CITY DOMESTIC SEWAGE | RIVER TUNGABHADRA, DOWNSTREAM OF KURNOOL TOWN AFTER JOINING CITY DOMESTIC SEWAGE, PADIDEMPADU (V),",2021 2022 2023 2024,4,high,,,,Ambiguous / unresolved,,,,,1
WQS0034,"RIVER TUNGABHADRA, UPSTREAM OF KURNOOL TOWN BEFORE JOINING CITY DOMESTIC SEWAGE AND AFTER M/S RAYALASEEMA ALKALIES INDUSTRIES NEAR SIVALAYAM TEMPLE, GONDIPARLA (V), KURNOOL (M)",ANDHRA PRADESH,4388,"RIVER TUNGABHADRA, UPSTREAM OF KURNOOL TOWN BEFORE JOINING CITY DOMESTIC SEWAGE AND AFTER M/S RAYALASEEMA ALKALIES INDUSTRIES NEAR SIVALAYAM TEMPLE, GONDIPARLA (V) KURNOOL (M) | RIVER TUNGABHADRA, UPSTREAM OF KURNOOL TOWN BEFORE JOINING CITY DOMESTIC SEWAGE AND AFTER M/S RAYALASEEMA ALKALIES INDUSTRIES NEAR SIVALAYAM TEMPLE, GONDIPARLA (V), KURNOOL (M) | River Tungabhadra, Upstream Of Kurnool Town Before Joining City Domestic Sewage And After M/s Rayalaseema Alkalies Industries Near Sivalayam Temple, Gondiparla (V), Kurnool (M)",2021 2022 2023 2024,4,high,,,,Ambiguous / unresolved,,,,,1
WQS0035,"RIVER UPPUTERU BEFORE CONFLUENCE WITH SEA, AT CHINNA GOLLAPALEM (V), KRUTHIVENNU (M)",ANDHRA PRADESH,4379,"RIVER UPPUTERU BEFORE CONFLUENCE WITH SEA, AT CHINNA GOLLAPALEM (V), KRUTHIVENNU (M)",2022 2023 2024,3,high,,,,Ambiguous / unresolved,,,,,1
WQS0036,"SABARI AT KUNAVARAM, KHAMMAM",ANDHRA PRADESH | TELANGANA,2373,"RIVER SABARI AT KUNAVARAM, EAST GODAVARI DIST | RIVER SABARI AT KUNAVARAM, KHAMMAM | SABARI AT KUNAVARAM, KHAMMAM | SABARI AT KUNAVARAM, KHAMMAM, A.P",2016 2017 2018 2019 2020 2021 2022 2023 2024,9,high,,17.616333,81.286295,Medium,ESRI_LIVINGATLAS_TS_2020_2025:CPCB,,Khammam,,1
WQS0037,"VEDADRI , GUNTUR DIST",ANDHRA PRADESH,1786,"VEDADRI , GUNTUR DIST | VEDADRI , GUNTUR DIST., A.P",2016 2018,2,medium,,,,Ambiguous / unresolved,,Krishna,,,1
WQS0038,"DIBANG RIVER AT ROING,",ARUNACHAL PRADESH | ASSAM,3106,"DIBANG RIVER AT ROING, | RIVER DIBANG AT ROING (U/S) | RIVER DIBANG AT ROING,",2017 2018 2019 2021 2022 2024,6,high,,,,Ambiguous / unresolved,,,,,1
WQS0039,"DIHING RIVER AT MIAO,",ARUNACHAL PRADESH | ASSAM,3107,"DIHING RIVER AT MIAO, | RIVER DIHING AT MIAO (U/S OF NOA DIHING) | RIVER DIHING AT MIAO,",2017 2018 2019 2021 2022 2023 2024,7,high,,27.495543,96.215343,Medium,ESRI_LIVINGATLAS_WQ_RIVERS_2023,,Changlang,monthly,1
WQS0040,"DIKRONG RIVER AT NIRJULI,",ARUNACHAL PRADESH | ASSAM,3096,"DIKRONG RIVER AT NIRJULI, | RIVER DIKRONG AT NIRJULI (U/S) | RIVER DIKRONG AT NIRJULI,",2017 2018 2019 2021 2022 2023 2024,7,high,,27.137292,93.750572,Medium,ESRI_LIVINGATLAS_WQ_RIVERS_2023,,Papum Pare,monthly,1
WQS0041,"GAI NADI NEAR HSS LIKABALI,",ARUNACHAL PRADESH | ASSAM,3105,"GAI NADI NEAR HSS LIKABALI, | RIVER GAI NADI NEAR HSS LIKABALI, | RIVER GAI NADI, NEAR HSS LIKABALI (D/S)",2017 2018 2019 2021 2022 2023 2024,7,high,,,,Ambiguous / unresolved,ESRI_LIVINGATLAS_WQ_RIVERS_2023,,Dhemaji,monthly,1
WQS0042,"GANGA RIVER AT CHANDRAPUR, ITANAGAR,",ARUNACHAL PRADESH | ASSAM,3095,"GANGA RIVER AT CHANDRAPUR, ITANAGAR, | RIVER GANGA AT CHANDRAPUR, ITANAGAR,",2017 2018 2021,3,medium,,,,Ambiguous / unresolved,,,,,1
WQS0043,KAMENG,ARUNACHAL PRADESH,3101,"KAMENG | RIVER KAMENG AT TIPPI, BHALUKPONG (U/S) | RIVER KAMENG AT TIPPI, BHALUKPONG,",2018 2021 2024,3,high,,,,Ambiguous / unresolved,,,,,1
WQS0044,RIVER BERENG AT CHOWKHAM,ARUNACHAL PRADESH,3108,"BERENG RIVER AT CHOWKHAM, | RIVER BERENG AT CHOWKHAM | RIVER BERENG AT CHOWKHAM,",2018 2021 2022 2023 2024,5,high,,27.805825,96.017611,Medium,ESRI_LIVINGATLAS_WQ_RIVERS_2023,,Namsai,monthly,1
WQS0045,"RIVER KAMLA AT BOASIMLA,",ARUNACHAL PRADESH,3112,"RIVER KAMLA AT BOASIMLA,",2021,1,single_year,single-year station,,,Ambiguous / unresolved,,,,,1
WQS0046,RIVER LOHIT AT ALUBARI (D/S),ARUNACHAL PRADESH | ASSAM,3099,"LOHIT RIVER AT ALUBARI, | RIVER LOHIT AT ALUBARI (D/S) | RIVER LOHIT AT ALUBARI,",2017 2018 2021 2022 2023 2024,6,high,,27.853501,96.038366,Medium,ESRI_LIVINGATLAS_WQ_RIVERS_2023,,Lohit,monthly,1
WQS0047,RIVER NAMCHIK AT KHARSANG,ARUNACHAL PRADESH | ASSAM,3100,"NAMCHIK RIVER AT KHARSANG, | RIVER NAMCHIK AT KHARSANG | RIVER NAMCHIK AT KHARSANG,",2017 2018 2021 2022 2023 2024,6,high,,27.414903,95.999133,Medium,ESRI_LIVINGATLAS_WQ_RIVERS_2023,,Changlang,monthly,1
WQS0048,"RIVER NOA DIHING AT NAMSAI, (D/S OF DIHING)",ARUNACHAL PRADESH,3109,"NAO DIHING RIVER AT NAMSAI, | RIVER NAO DIHING AT NAMSAI, | RIVER NOA DIHING AT NAMSAI, (D/S OF DIHING)",2018 2021 2022 2023 2024,5,high,,27.63316,95.85058,Medium,ESRI_LIVINGATLAS_WQ_RIVERS_2023,,Namsai,monthly,1
WQS0049,"RIVER PACHIN AT NAHARLAGUN (BELOW BARAPANI BRIDGE), (D/S OF RIVER SENKI)",ARUNACHAL PRADESH | ASSAM,3103,"PACHIN RIVER AT NAHARLAGUN (BELOW BARAPANI BRIDGE), | RIVER PACHIN AT NAHARLAGUN (BELOW BARAPANI BRIDGE), | RIVER PACHIN AT NAHARLAGUN (BELOW BARAPANI BRIDGE), (D/S OF RIVER SENKI)",2017 2018 2021 2022 2023 2024,6,high,,27.099005,93.695348,Medium,ESRI_LIVINGATLAS_WQ_RIVERS_2023,,Papum Pare,monthly,1
WQS0050,"RIVER POMA AT POMA,",ARUNACHAL PRADESH,3104,"RIVER POMA AT POMA | RIVER POMA AT POMA,",2021 2024,2,high,,,,Ambiguous / unresolved,,,,,1
WQS0051,RIVER RANGANADI AT YAZALI (NEEPCO-RHEP),ARUNACHAL PRADESH,3111,RIVER RANGANADI AT YAZALI (NEEPCO-RHEP),2021 2024,2,high,,,,Ambiguous / unresolved,,,,,1
WQS0052,"RIVER SENKI AT CHANDRANAGAR, ITANAGAR, (U/S OF PACHIN RIVER)",ARUNACHAL PRADESH,3095,"RIVER SENKI AT CHANDRANAGAR, ITANAGAR, (U/S OF PACHIN RIVER)",2022 2023 2024,3,medium,,27.074892,93.611622,Medium,ESRI_LIVINGATLAS_WQ_RIVERS_2023,,Papum Pare,monthly,1
WQS0053,"RIVER SIANG AT RANAGHAT, NEAR RCC BRIDGE, PASIGHAT(U/S)",ARUNACHAL PRADESH,3098,"RIVER SIANG AT RANAGHAT, NEAR RCC BRIDGE, PASIGHAT(U/S) | RIVER SIANG AT RANAGHAT, NEAR RCC BRIDGE, PASIGHAT, | SIANG RIVER AT RANAGHAT, NEAR RCC BRIDGE, PASIGHAT,",2018 2021 2022 2023 2024,5,high,,28.11784,95.283974,Medium,ESRI_LIVINGATLAS_WQ_RIVERS_2023,,Siang,monthly,1
WQS0054,RIVER SUBANSIRI AT GERUKAMUKH,ARUNACHAL PRADESH,3097,"RIVER SUBANSIRI AT GERUKAMUKH | RIVER SUBANSIRI AT GERUKAMUKH, | SUBANSIRI AT GERUKAMUKH,",2018 2021 2022 2023 2024,5,high,,27.529796,94.264206,Medium,ESRI_LIVINGATLAS_WQ_RIVERS_2023,,Dhemaji,monthly,1
WQS0055,"YONGO RIVER AT AALO,",ARUNACHAL PRADESH,3110,"RIVER YOMGO AT AALO (U/S) | RIVER YONGO AT AALO, | YONGO RIVER AT AALO,",2018 2021 2024,3,high,,,,Ambiguous / unresolved,,,,,1
WQS0056,"BARAK RIVER AT D/S OF SILCHAR, ASSAM",ASSAM,2240,"BARAK D/S OF SILCHAR | BARAK RIVER AT D/S OF SILCHAR, ASSAM | RIVER BARAK AT D/S OF SILCHAR | RIVER BARAK AT D/S OF SILCHAR, ASSAM",2016 2017 2018 2022 2023 2024,6,high,,24.786736,92.813553,Medium,ESRI_LIVINGATLAS_WQ_RIVERS_2023,,Cachar,monthly,1
WQS0057,"BRAHAMPUTRA AT DIBRUGARH, ASSAM",ASSAM,1030,"BRAHAMPUTRA AT DIBRUGARH | BRAHAMPUTRA AT DIBRUGARH, ASSAM | RIVER BRAHAMPUTRA AT DIBRUGARH | RIVER BRAHMAPUTRA AT DIBRUGARH, ASSAM",2016 2017 2018 2019 2020 2021 2022 2023 2024,9,high,,,,Ambiguous / unresolved,ESRI_LIVINGATLAS_WQ_RIVERS_2023,Brahmaputra,Dibrugarh,monthly,1
WQS0058,BRAHAMPUTRA AT KHERGHAT (A/C WITH DIBANG & DIHANG),ASSAM,1260,"BRAHAMPUTRA AT KHERGHAT (A/C WITH DIBANG & DIHANG) | BRAHAMPUTRA AT KHERGHAT (AFTER CONFL. WITH DIBANG & DIHANG), ASSAM",2016 2017,2,high,,,,Ambiguous / unresolved,,Brahmaputra,,,1
WQS0059,"BRAHAMPUTRA AT NIMATIGHAT, ASSAM",ASSAM,1262,"BRAHAMPUTRA AT NIMATIGHAT | BRAHAMPUTRA AT NIMATIGHAT, ASSAM | RIVER BRAHAMPUTRA AT NIMATIGHAT | RIVER BRAHMAPUTRA AT NIMATIGHAT, ASSAM",2016 2017 2018 2019 2020 2021 2022 2023 2024,9,high,,26.830744,94.172775,Medium,ESRI_LIVINGATLAS_WQ_RIVERS_2023,Brahmaputra,Jorhat,monthly,1
WQS0060,"BRAHAMPUTRA AT PANDU, ASSAM",ASSAM,1031,"BRAHAMPUTRA AT PANDU | BRAHAMPUTRA AT PANDU, | BRAHAMPUTRA AT PANDU, ASSAM | RIVER BRAHAMPUTRA AT PANDU | RIVER BRAHMAPUTRA AT PANDU, ASSAM",2016 2017 2018 2019 2020 2021 2022 2023 2024,9,high,,26.176,91.68375,Medium,ESRI_LIVINGATLAS_WQ_RIVERS_2023,Brahmaputra,Kamrup Metro,monthly,1
WQS0061,BRAHAMPUTRA RIVER AT BISWANATH GHAT,ASSAM,4004,BRAHAMPUTRA RIVER AT BISWANATH GHAT | RIVER BRAHAMPUTRA AT BISWANATH GHAT | RIVER BRAHMAPUTRA AT BISWANATH GHAT,2019 2020 2021 2022 2023 2024,6,high,,26.660261,93.174272,Medium,ESRI_LIVINGATLAS_WQ_RIVERS_2023,Brahmaputra,Biswanath,monthly,1
WQS0062,"BRAHMPUTRA RIVER AT DHENUKHAPAHAR, ASSAM",ASSAM,1526,"BRAHMPUTRA AT DHENUKHAPAHAR | BRAHMPUTRA RIVER AT DHENUKHAPAHAR, | BRAHMPUTRA RIVER AT DHENUKHAPAHAR, ASSAM | RIVER BRAHMPUTRA RIVER AT DHENUKHAPAHAR | RIVER BRAHMPUTRA RIVER AT DHENUKHAPAHAR, ASSAM",2016 2017 2018 2019 2020 2021 2022 2023 2024,9,high,,26.616375,92.82735,Medium,ESRI_LIVINGATLAS_WQ_RIVERS_2023,Brahmaputra,Sonitpur,monthly,1
WQS0063,"BRAHMPUTRA RIVER AT SUALKUCHI, DIST. KAMRUP, ASSAM",ASSAM,2067,"BRAHMPUTRA RIVER AT SUALKUCHI, DIST. KAMRUP | BRAHMPUTRA RIVER AT SUALKUCHI, DIST. KAMRUP, | BRAHMPUTRA RIVER AT SUALKUCHI, DIST. KAMRUP, ASSAM | RIVER BRAHMPUTRA AT SUALKUCHI, DIST. KAMRUP | RIVER BRAHMPUTRA AT SUALKUCHI, DIST. KAMRUP, ASSAM",2016 2017 2018 2019 2020 2021 2022 2023 2024,9,high,,26.160268,91.56994,Medium,ESRI_LIVINGATLAS_WQ_RIVERS_2023,Brahmaputra,Kamrup,monthly,1
WQS0064,"BURHIDIHING AT MARGHERITA, ASSAM",ASSAM,1422,"BURHIDIHING AT MARGHERITA | BURHIDIHING AT MARGHERITA, ASSAM | RIVER BURHIDIHING AT MARGHERITA, ASSAM",2016 2017 2018 2019 2020 2021 2022 2023 2024,9,high,,27.284622,95.662347,Medium,ESRI_LIVINGATLAS_WQ_RIVERS_2023,,Tinsukia,monthly,1
WQS0065,"DEEPAR BILL, ASSAM*",ASSAM,1529,"DEEPAR BEEL | DEEPAR BILL, ASSAM*",2016 2017 2018,3,high,,,,Ambiguous / unresolved,,,,,1
WQS0066,"DHANSIRI AT GOLAGHAT, ASSAM",ASSAM,1259,"DHANSIRI AT GOLAGHAT | DHANSIRI AT GOLAGHAT, ASSAM | RIVER DHANSIRI AT GOLAGHAT, ASSAM",2016 2017 2018 2019 2020 2021 2022 2023 2024,9,high,,26.503075,93.952372,Medium,ESRI_LIVINGATLAS_WQ_RIVERS_2023,Dhansiri,Golaghat,monthly,1
WQS0067,DHANSIRI RIVER AT JAHAIGHAT,ASSAM | NAGALAND,3792,DHANSIRI RIVER AT JAHAIGHAT | RIVER DHANSIRI AT JAHAIGHAT,2017 2018 2019 2020 2021 2022 2023 2024,8,high,,25.234537,92.847473,Medium,ESRI_LIVINGATLAS_WQ_RIVERS_2023,Dhansiri,Dima Hasao,monthly,1
WQS0068,DIKHOW RIVER AT NAGINI MORA (INTER-STATE BOUNDARIE,ASSAM,3776,"DIKHOW RIVER AT NAGINI MORA (INTER-STATE BOUNDARIE | DIKHOW RIVER AT NAGINI MORA (INTER-STATE BOUNDARIES, ASSAM- NAGALAND) | DIKHOW RIVER AT NAGINI MORA (INTERSTATE BOUNDARIES, ASSAMNAGALAND) | RIVER DIKHOW AT NAGINI MORA (INTER-STATE BOUNDARIES, ASSAM- NAGALAND) | RIVER DIKHOW AT NAGINI MORA (INTER-STATE BOUNDARIES, ASSAM-NAGALAND)",2017 2018 2019 2020 2021 2022 2023 2024,8,high,,26.814742,94.805697,Medium,ESRI_LIVINGATLAS_WQ_RIVERS_2023,,Mon,monthly,1
WQS0069,"DIPLAI BEEL AT SILGARA, KOKRAJHAR",ASSAM,3821,"DIPLAI BEEL AT SILGARA, KOKRAJHAR",2019 2020,2,high,,,,Ambiguous / unresolved,,,,,1
WQS0070,"DISANG AT GUNDAMGHAT, ASSAM",ASSAM,1298,"DISANG AT GUNDAMGHAT | DISANG AT GUNDAMGHAT, | DISANG AT GUNDAMGHAT, ASSAM | RIVER DISANG AT GUDAMGHAT, ASSAM | RIVER DISANG AT GUNDAMGHAT",2016 2017 2018 2019 2020 2021 2022 2023 2024,9,high,,27.311023,95.101786,Medium,ESRI_LIVINGATLAS_WQ_RIVERS_2023,Brahmaputra,Dibrugarh,monthly,1
WQS0071,"GELA BEEL AT DERGAON, ASSAM",ASSAM,2228,"GELA BEEL AT DERGAON, ASSAM",2022 2023 2024,3,high,,26.3354,92.58357,Medium,ESRI_LIVINGATLAS_WQ_RIVERS_2023,,Nagaon,,1
WQS0072,LONGALAI RIVER NEAR CALCOM CEMENT PLANT,ASSAM,4010,LONGALAI RIVER NEAR CALCOM CEMENT PLANT,2019,1,single_year,single-year station,,,Ambiguous / unresolved,,,,,1
WQS0073,"RIVER AIE NEAR RAKHALDUBI DIST., BONGAIGAON, ASSAM",ASSAM,5135,"RIVER AIE NEAR RAKHALDUBI DIST., BONGAIGAON, ASSAM",2022 2024,2,high,,,,Ambiguous / unresolved,,,,,1
WQS0074,"RIVER BARAK RIVER AT PANCHAGRAM , ASSAM",ASSAM,1423,"BARAK AT PANCHAGRAM , ASSAM | BORAK AT PANCHAGRAM | BORAK AT PANCHAGRAM , ASSAM | RIVER BARAK RIVER AT PANCHAGRAM | RIVER BARAK RIVER AT PANCHAGRAM , ASSAM",2016 2017 2018 2022 2023 2024,6,high,,24.8674,92.600817,Medium,ESRI_LIVINGATLAS_WQ_RIVERS_2023,,Hailakandi,monthly,1
WQS0075,"RIVER BARALIA (NEAR CHATPUJA GHAT) RANGIA, KAMRUP",ASSAM,4342,"BARALIA RIVER (NEAR CHATPUJA GHAT) RANGIA, KAMRUP | BARALIA RIVER (NEAR CHATPUJA GHAT) RANGIA, KAMRUP (R ) | RIVER BARALIA (NEAR CHATPUJA GHAT) RANGIA, KAMRUP | RIVER BARALIA (NEAR CHATPUJA GHAT) RANGIA, KAMRUP (R )",2019 2020 2021 2022 2023 2024,6,high,,26.437483,91.624267,Medium,ESRI_LIVINGATLAS_WQ_RIVERS_2023,,Kamrup,monthly,1
WQS0076,"RIVER BARNADI NEAR BRIDGE, NH-52, DUMUNICHOWKI KAMRUP",ASSAM,4341,"BARNADI RIVER NEAR BRIDGE, NH-52, DUMUNICHOWKI KAM | BARNADI RIVER NEAR BRIDGE, NH-52, DUMUNICHOWKI KAMRUP | RIVER BARNADI NEAR BRIDGE, NH-52, DUMUNICHOWKI KAMRUP | RIVER BARNADI NEAR BRIDGE, NH-52, DUMUNICHOWKI KAMRUP (R )",2019 2020 2021 2022 2023 2024,6,high,,26.348056,91.816389,Medium,ESRI_LIVINGATLAS_WQ_RIVERS_2023,,Kamrup,monthly,1
WQS0077,"RIVER BAROI NEAR BRIDGE AT NH-52, BISWANATH DISTRICT",ASSAM,3760,"RIVER BAROI NEAR BRIDGE AT NH-52, BISWANATH DISTRICT",2022 2024,2,high,,,,Ambiguous / unresolved,,,,,1
WQS0078,"RIVER BASISTHA BASISTHA CHARIALI, NUTAN BAZAAR,",ASSAM,5141,"RIVER BASISTHA BASISTHA CHARIALI, NUTAN BAZAAR, | RIVER BASISTHA BASISTHA CHARIALI, NUTAN BAZAAR, GUWAHATI",2022 2024,2,high,,,,Ambiguous / unresolved,,,,,1
WQS0079,"RIVER BEGA MG ROAD, MANGALDOI",ASSAM,3765,"RIVER BEGA MG ROAD, MANGALDOI",2022 2024,2,high,,,,Ambiguous / unresolved,,,,,1
WQS0080,"RIVER BEKI AT NH-37 CROSSING AT BARPETA ROAD, ASSAM",ASSAM,2238,"BEKI AT NH-37 CROSSING AT BARPETA ROAD | BEKI RIVER AT NH-37 CROSSING AT BARPETA ROAD, ASSA | BEKI RIVER AT NH37 CROSSING AT BARPETA ROAD, ASSAM | RIVER BEKI AT NH-37 CROSSING AT BARPETA ROAD, ASSAM",2016 2017 2018 2021 2022 2023 2024,7,high,,26.493169,90.917841,Medium,ESRI_LIVINGATLAS_WQ_RIVERS_2023,,Barpeta,monthly,1
WQS0081,"RIVER BHARALU AT GUWAHATI, ASSAM",ASSAM,1528,"BHARALU AT GUWAHATI | BHARALU RIVER AT GUWAHATI, ASSAM | RIVER BHARALU AT GUWAHATI, ASSAM",2016 2017 2018 2021 2022 2023 2024,7,high,,26.167661,91.765289,Medium,ESRI_LIVINGATLAS_WQ_RIVERS_2023,,Kamrup Metro,monthly,1
WQS0082,"RIVER BHOGDOI (PUJADUBI GHAT) INTAKE POINT OF URBAN WATER SUPPLY, JORHAT",ASSAM,3769,"BHOGDOI RIVER (PUJADUBI GHAT) INTAKE POINT OF URBAN WATER SUPPLY, JORHAT | INTAKE POINT OF URBAN WATER SUPPLY, BHOGDOI RIVER | RIVER BHOGDOI (PUJADUBI GHAT) INTAKE POINT OF URBAN WATER SUPPLY, JORHAT",2017 2018 2021 2022 2023 2024,6,high,,26.769318,94.214555,Medium,ESRI_LIVINGATLAS_WQ_RIVERS_2023,,Jorhat,monthly,1
WQS0083,"RIVER BHOGDOI AT JORHAT , ASSAM",ASSAM,1527,"BHOGDOI AT JORHAT | BHOGDOI RIVER AT JORHAT , ASSAM | RIVER BHOGDOI AT JORHAT , ASSAM",2016 2017 2018 2021 2022 2023 2024,7,high,,26.781058,94.208548,Medium,ESRI_LIVINGATLAS_WQ_RIVERS_2023,,Jorhat,monthly,1
WQS0084,"RIVER BOGINADI NEAR BRIDGE NH-52, LAKHIMPUR, ASSAM",ASSAM,2233,"BOGINADI NEAR BRIDGE NH-52, LAKHIMPUR | BOGINADI NEAR BRIDGE NH-52, LAKHIMPUR, ASSAM | BOGINADI NEAR BRIDGE NH52, LAKHIMPUR, ASSAM | RIVER BOGINADI NEAR BRIDGE NH-52, LAKHIMPUR, ASSAM",2016 2017 2018 2021 2022 2023 2024,7,high,,27.358877,94.181102,Medium,ESRI_LIVINGATLAS_WQ_RIVERS_2023,,Lakhimpur,monthly,1
WQS0085,"RIVER BONDANJAN, SLUICE GATE, BIRKUCHI NARENGI TINIALI, KHARGHULI, NO. 2",ASSAM,5140,"RIVER BONDANJAN, SLUICE GATE, BIRKUCHI NARENGI TINIALI, KHARGHULI, NO. 2",2022 2024,2,high,,,,Ambiguous / unresolved,,,,,1
WQS0086,"RIVER BORSILA AT BORSILA, DEOPANI, NAMTI",ASSAM,4336,"BORSILA RIVER AT BORSILA, DEOPANI, NAMTI | RIVER BORSILA AT BORSILA, DEOPANI, NAMTI",2019 2020 2021 2022 2023 2024,6,high,,26.786797,94.627518,Medium,ESRI_LIVINGATLAS_WQ_RIVERS_2023,,Sivasagar,monthly,1
WQS0087,"RIVER BRAHAMPUTRA AT BOGIBEEL BRIDGE, BOGIBEEL, DIBRUGARH",ASSAM,3781,"BRAHAMPUTRA RIVER AT BOGIBEEL BRIDGE, BOGIBEEL, DIBRUGARH | BRAHAMPUTRA RIVER AT BOGIBEEL BRIDGE, BOGIBEEL, DIGBOI | RIVER BRAHAMPUTRA AT BOGIBEEL BRIDGE, BOGIBEEL, DIBRUGARH",2017 2019 2020 2021 2022 2023 2024,7,high,,27.412578,94.757007,Medium,ESRI_LIVINGATLAS_WQ_RIVERS_2023,Brahmaputra,Dibrugarh,monthly,1
WQS0088,"RIVER BRAHMAPUTRA AT CHANDRAPUR, GUWAHATI, ASSAM",ASSAM,2064,"BRAHMAPUTRA RIVER AT CHANDRAPUR, GUWAHATI | BRAHMAPUTRA RIVER AT CHANDRAPUR, GUWAHATI, ASSAM | RIVER BRAHMAPUTRA AT CHANDRAPUR, GUWAHATI, ASSAM",2016 2017 2018 2019 2020 2021 2022 2023 2024,9,high,,26.24776,91.918205,Medium,ESRI_LIVINGATLAS_WQ_RIVERS_2023,Brahmaputra,Darrang,monthly,1
WQS0089,"RIVER BRAHMAPUTRA AT DHUBRI, ASSAM",ASSAM,2066,"BRAHMAPUTRA AT DHUBRI | BRAHMAPUTRA RIVER AT DHUBRI | BRAHMAPUTRA RIVER AT DHUBRI, ASSAM | RIVER BRAHMAPUTRA AT DHUBRI, ASSAM",2016 2017 2018 2019 2020 2021 2022 2023 2024,9,high,,26.015519,89.993294,Medium,ESRI_LIVINGATLAS_WQ_RIVERS_2023,Brahmaputra,Dhubri,monthly,1
WQS0090,"RIVER BRAHMAPUTRA AT JOGIGHOPA NEAR BRIDGE, ASSAM",ASSAM,1299,"BRAHAMPUTRA AT JOGIJHOGA NEAR BRIDGE | BRAHAMPUTRA AT JOGIJHOGA NEAR BRIDGE, | BRAHAMPUTRA AT JOGIJHOGA NEAR BRIDGE, ASSAM | RIVER BRAHAMPUTRA AT JOGIJHOGA NEAR BRIDGE | RIVER BRAHMAPUTRA AT JOGIGHOPA NEAR BRIDGE, ASSAM",2016 2017 2018 2019 2020 2021 2022 2023 2024,9,high,,26.214866,90.557934,Medium,ESRI_LIVINGATLAS_WQ_RIVERS_2023,Brahmaputra,Bongaigaon,monthly,1
WQS0091,RIVER BRAHMAPUTRA AT MATIA (BAHATI GHAT),ASSAM,5610,RIVER BRAHMAPUTRA AT MATIA (BAHATI GHAT) | RiverÂ Brahmaputra At Matia (Bahati Ghat),2023 2024,2,high,,26.16994,91.66883,Medium,ESRI_LIVINGATLAS_WQ_RIVERS_2023,Brahmaputra,Kamrup Metro,,1
WQS0092,RIVER BRAHMAPUTRA NEWR DHOLA SADIA BRIDGE,ASSAM,5612,RIVER BRAHMAPUTRA NEWR DHOLA SADIA BRIDGE | River Brahmaputra Newr Dhola Sadia Bridge,2023 2024,2,high,,27.78433,95.67603,Medium,ESRI_LIVINGATLAS_WQ_RIVERS_2023,Brahmaputra,Tinsukia,,1
WQS0093,"RIVER BRAHMPUTRA NEAR WATER INTAKE POINT AT KACHARIGHAT, PANBAZAR, GUWAHATI, ASSAM",ASSAM,2069,"BRAHMPUTRA NEAR WATER INTAKE POINT AT KACHARIGHAT, PANBAZAR, GUWAHATI | BRAHMPUTRA RIVER NEAR WATER INTAKE POINT AT KACHAR | BRAHMPUTRA RIVER NEAR WATER INTAKE POINT AT KACHARIGHAT, PANBAZAR, GUWAHATI, ASSAM | RIVER BRAHMPUTRA NEAR WATER INTAKE POINT AT KACHARIGHAT, PANBAZAR, GUWAHATI | RIVER BRAHMPUTRA NEAR WATER INTAKE POINT AT KACHARIGHAT, PANBAZAR, GUWAHATI, ASSAM",2016 2017 2018 2019 2020 2021 2022 2023 2024,9,high,,26.190372,91.745589,Medium,ESRI_LIVINGATLAS_WQ_RIVERS_2023,Brahmaputra,Kamrup Metro,monthly,1
WQS0094,RIVER BURALIA (NEAR BRIDGE ALONG NH-31) NALBARI,ASSAM,4343,BURADIA RIVER (NEAR BRIDGE ALONG NH-31) NALBARI | RIVER BURADIA (NEAR BRIDGE ALONG NH-31) NALBARI | RIVER BURALIA (NEAR BRIDGE ALONG NH-31) NALBARI,2019 2020 2021 2022 2023 2024,6,high,,26.458611,91.395278,Medium,ESRI_LIVINGATLAS_WQ_RIVERS_2023,,Nalbari,monthly,1
WQS0095,"RIVER BURHIDIHING AT DULIAJAN (INTAKE POINT OF OIL INDIA LTD.), ASSAM",ASSAM,2230,"BURHIDIHING AT DULIAJAN (INTAKE POINT OF OIL INDIA LTD.) | BURHIDIHING RIVER AT DULIAJAN (INTAKE POINT OF OIL | BURHIDIHING RIVER AT DULIAJAN (INTAKE POINT OF OIL INDIA LTD.), ASSAM | RIVER BURHIDIHING AT DULIAJAN (INTAKE POINT OF OIL INDIA LTD.), ASSAM",2016 2017 2018 2019 2020 2021 2022 2023 2024,9,high,,27.320585,95.308605,Medium,ESRI_LIVINGATLAS_WQ_RIVERS_2023,,Dibrugarh,monthly,1
WQS0096,"RIVER BURHIDIHING NEAR DULIAJAN AT D/S, TINSUKIA, ASSAM",ASSAM,2062,"BURHIDIHING NEAR DULIAJAN AT D/S, TINSUKIA, | BURHIDIHING NEAR DULIAJAN AT D/S, TINSUKIA, ASSAM | BURIDIHING D/S NEAR DULIAJAN TINSUKIA | BURIDIHING NEAR DULIAJAN AT D/S, TINSUKIA, ASSAM | RIVER BURHIDIHING NEAR DULIAJAN AT D/S, TINSUKIA, ASSAM",2016 2017 2018 2019 2020 2021 2022 2023 2024,9,high,,27.321156,95.309064,Medium,ESRI_LIVINGATLAS_WQ_RIVERS_2023,,Dibrugarh,monthly,1
WQS0097,RIVER DEMOW AT DEMOW TOWN,ASSAM,4332,DEMOW RIVER DEMOW TOWN | RIVER DEMOW AT DEMOW TOWN,2019 2020 2021 2022 2023 2024,6,high,,27.130021,94.738353,Medium,ESRI_LIVINGATLAS_WQ_RIVERS_2023,,Sivasagar,monthly,1
WQS0098,RIVER DHANSIRI AT BOKAJAN,ASSAM,30073,RIVER DHANSIRI AT BOKAJAN,2021 2022 2023 2024,4,high,,26.017997,93.791264,Medium,ESRI_LIVINGATLAS_WQ_RIVERS_2023,,Karbi Anglong,quarterly,1
WQS0099,RIVER DHANSIRI AT NUMALIGARH,ASSAM,30074,RIVER DHANSIRI AT NUMALIGARH,2021 2022 2023 2024,4,high,,26.583641,93.755006,Medium,ESRI_LIVINGATLAS_WQ_RIVERS_2023,,Golaghat,quarterly,1
WQS0100,"RIVER DHANSIRI NEAR BRIDGE AT NH-15, DHANSIRI BHALUKMARI JUNGLE, UDALGURI",ASSAM | NAGALAND,3764,"DHANSIRI RIVER NEAR BRIDGE AT NH-15, DHANSIRI BHALUKMARI JUNGLE, UDALGIRI | DHANSIRI RIVER NEAR BRIDGE AT NH-15, DHANSIRI BHALUKMARI JUNGLE, UDALGURI | DHANSIRI RIVER NEAR BRIDGE AT NH15, DHANSIRI BHALUKMARI JUNGLE, UDALGURI | NEAR BRIDGE OVER DHANSIRI RIVER AT NH-15, DHANSIRI | RIVER DHANSIRI NEAR BRIDGE AT NH-15, DHANSIRI BHALUKMARI JUNGLE, UDALGURI",2017 2018 2019 2020 2021 2022 2023 2024,8,high,,26.695365,92.256473,Medium,ESRI_LIVINGATLAS_WQ_RIVERS_2023,Dhansiri,Udalguri,monthly,1
WQS0101,RIVER DHATESHWARI D/S OF HAILAKANDI,ASSAM,4331,DOWNSTREAM OF DHATESHWARI RIVER AT HAILAKANDI | RIVER DHATESHWARI D/S OF HAILAKANDI,2019 2020 2021 2022 2023 2024,6,high,,24.679936,92.560945,Medium,ESRI_LIVINGATLAS_WQ_RIVERS_2023,,Hailakandi,monthly,1
WQS0102,RIVER DIGARU AT NH CROSSING,ASSAM,3807,DIGARU RIVER AT NH CROSSING | RIVER DIGARU AT NH CROSSING,2019 2020 2021 2022 2023 2024,6,high,,26.120322,91.977702,Medium,ESRI_LIVINGATLAS_WQ_RIVERS_2023,,Kamrup Metro,monthly,1
WQS0103,"RIVER DIGBOI AT LAKHIPATHE, RESERVE FOREST, DIGBOI, ASSAM",ASSAM,1530,"DIGBOI AT LAKHIPATHE, RESERVE FOREST, DIGBOI | DIGBOI RIVER AT LAKHIPATHE, RESERVE FOREST, DIGBOI | DIGBOI RIVER AT LAKHIPATHE, RESERVE FOREST, DIGBOI, ASSAM | RIVER DIGBOI AT LAKHIPATHE, RESERVE FOREST, DIGBOI, ASSAM",2016 2017 2018 2019 2020 2021 2022 2023 2024,9,high,,27.381964,95.622819,Medium,ESRI_LIVINGATLAS_WQ_RIVERS_2023,,Tinsukia,monthly,1
WQS0104,"RIVER DIKHOW AT DIKHOW BRIDGE SIVASAGAR, ASSAM",ASSAM,2231,"DIKHOW AT DIKHOW BRIDGE SIVASAGAR | DIKHOW RIVER AT DIKHOW BRIDGE SIVASAGAR, | DIKHOW RIVER AT DIKHOW BRIDGE SIVASAGAR, ASSAM | RIVER DIKHOW AT DIKHOW BRIDGE SIVASAGAR, ASSAM",2016 2017 2018 2019 2020 2021 2022 2023 2024,9,high,,26.975605,94.630335,Medium,ESRI_LIVINGATLAS_WQ_RIVERS_2023,,Sivasagar,monthly,1
WQS0105,RIVER DIKHOW AT DIKHOWMUKH CONFLUENCE WITH BRAHAMPUTRA,ASSAM,3778,DIKHOW RIVER AT DIKHOMUKH CONFLUENCE WITH BRAHAMPU | DIKHOW RIVER AT DIKHOMUKH CONFLUENCE WITH BRAHAMPUTRA | RIVER DIKHOW AT DIKHOMUKH CONFLUENCE WITH BRAHAMPUTRA | RIVER DIKHOW AT DIKHOWMUKH CONFLUENCE WITH BRAHAMPUTRA,2019 2020 2021 2022 2023 2024,6,high,,26.999059,94.468503,Medium,ESRI_LIVINGATLAS_WQ_RIVERS_2023,,Sivasagar,monthly,1
WQS0106,"RIVER DIKRONG NEAR BRIDGE AT NH-52, BANDARDEWA",ASSAM,3759,"DIKRONG RIVER NEAR BRIDGE AT NH-52, | DIKRONG RIVER NEAR BRIDGE AT NH-52, BANDARDEWA | RIVER DIKRONG NEAR BRIDGE AT NH-52, BANDARDEWA",2019 2020 2021 2022 2023 2024,6,high,,27.101722,93.838085,Medium,ESRI_LIVINGATLAS_WQ_RIVERS_2023,,Lakhimpur,monthly,1
WQS0107,"RIVER DISANG AT DILLIGHAT, DIBRUGARH DIST., ASSAM",ASSAM,2058,"DISANG AT DILLIGHAT, DIBRUGARH DIST | DISANG RIVER AT DILLIGHAT, DIBRUGARH | DISANG RIVER AT DILLIGHAT, DIBRUGARH DIST., | DISANG RIVER AT DILLIGHAT, DIBRUGARH DIST., ASSAM | RIVER DISANG AT DILLIGHAT, DIBRUGARH DIST., ASSAM",2016 2017 2018 2019 2020 2021 2022 2023 2024,9,high,,27.141901,95.36639,Medium,ESRI_LIVINGATLAS_WQ_RIVERS_2023,,Dibrugarh,monthly,1
WQS0108,RIVER DISANG AT NH CROSSING,ASSAM,4005,DISANG RIVER AT NH CROSSING | RIVER DISANG AT NH CROSSING,2019 2020 2021 2022 2023 2024,6,high,,27.053317,94.67365,Medium,ESRI_LIVINGATLAS_WQ_RIVERS_2023,,Sivasagar,monthly,1
WQS0109,"RIVER DORIKA NEAR MSW DUMPING SITE, SIVASAGAR",ASSAM,3777,"RIVER DORIKA NEAR MSW DUMPING SITE, SIVASAGAR",2021 2022 2023 2024,4,high,,26.996006,94.636585,Medium,ESRI_LIVINGATLAS_WQ_RIVERS_2023,,Sivasagar,monthly,1
WQS0110,"RIVER GABHARU NEAR BRIDGE AT NH-52, NEAR TUMIUKI, SONITPUR",ASSAM,3763,"GABHARU RIVER NEAR BRIDGE AT NH-52, NEAR TUMIUKI, | GABHARU RIVER NEAR BRIDGE AT NH-52, NEAR TUMIUKI, SONITPUR | RIVER GABHARU NEAR BRIDGE AT NH-52, NEAR TUMIUKI, SONITPUR",2019 2020 2021 2022 2023 2024,6,high,,26.779777,92.836601,Medium,ESRI_LIVINGATLAS_WQ_RIVERS_2023,,Sonitpur,monthly,1
WQS0111,"RIVER GAI NADI AT SOMARAJAN, DHEMAJI",ASSAM,3786,"GAI NADI/ RIVER AT SOMARAJAN, DHEMAJI | RIVER GAI NADI AT SOMARAJAN, DHEMAJI",2019 2020 2021 2022 2023 2024,6,high,,27.467718,94.557012,Medium,ESRI_LIVINGATLAS_WQ_RIVERS_2023,,Dhemaji,monthly,1
WQS0112,"RIVER JAMUNA AT DOBOKA NEAR BRIDGE, DIST. HOJAI",ASSAM,5139,"RIVER JAMUNA AT DOBOKA NEAR BRIDGE, DIST. HOJAI",2022 2024,2,high,,,,Ambiguous / unresolved,,,,,1
WQS0113,"RIVER JHANJI AT N.H. CROSSING JORHAT, ASSAM",ASSAM,1258,"JHANJI AT N.H. CROSSING JORHAT | JHANJI AT N.H. CROSSING JORHAT, ASSAM | RIVER JHANJI AT N.H. CROSSING JORHAT, ASSAM",2016 2017 2018 2021 2022 2023 2024,7,high,,26.846906,94.492244,Medium,ESRI_LIVINGATLAS_WQ_RIVERS_2023,,Sivasagar,monthly,1
WQS0114,"RIVER JIA BHARALI AT BISWANATH CHARALI, SONITPUR",ASSAM,2063,"JAI BHARALI NEAR BISWANATH CHARALI, SONITPUR | JAI BHARALI RIVER NEAR BISWANATH CHARALI, SONITPUR | JAI BHARALI RIVER NEAR BISWANATH CHARALI, SONITPUR, ASSAM | RIVER JAI BHARALI NEAR BISWANATH CHARALI, SONITPUR, ASSAM | RIVER JIA BHARALI AT BISWANATH CHARALI, SONITPUR",2016 2017 2018 2021 2022 2023 2024,7,high,,26.759281,92.858803,Medium,ESRI_LIVINGATLAS_WQ_RIVERS_2023,,Sonitpur,monthly,1
WQS0115,"RIVER JIADHAL KUMOTIYA RIVER NEAR JIADHAL BRIDGE, DHEMAJI",ASSAM,3788,"RIVER JIADHAL KUMOTIYA RIVER NEAR JIADHAL BRIDGE, DHEMAJI",2022 2024,2,high,,,,Ambiguous / unresolved,,,,,1
WQS0116,RIVER KAKODONGA AT NH-37 CROSSING,ASSAM,3768,RIVER KAKODONGA AT NH-37 CROSSING,2022 2024,2,high,,,,Ambiguous / unresolved,,,,,1
WQS0117,RIVER KALANADI NEAR BAMUNJULI BRIDGE CROSSING AT MANGALDOI BHUTIACHANG,ASSAM,5144,RIVER KALANADI NEAR BAMUNJULI BRIDGE CROSSING AT MANGALDOI BHUTIACHANG,2022,1,single_year,single-year station,,,Ambiguous / unresolved,,,,,1
WQS0118,"RIVER KALIANI NEAR KANAIGHAT BRIDGE, KANAIGHAT",ASSAM,3791,"RIVER KALIANI NEAR KANAIGHAT BRIDGE, KANAIGHAT",2022 2024,2,high,,,,Ambiguous / unresolved,,,,,1
WQS0119,"RIVER KAPILI AT DHARMTUL BRIDGE, NH-31, MORIGAON, ASSAM",ASSAM,2236,"KAPILI AT DHARMTUL BRIDGE, NH-31, NAGAON | KAPILI RIVER AT DHARMTUL BRIDGE, NH-31, NAGAON, AS | KAPILI RIVER AT DHARMTUL BRIDGE, NH31, NAGAON, ASSAM | RIVER KAPILI AT DHARMTUL BRIDGE, NH-31, MORIGAON | RIVER KAPILI AT DHARMTUL BRIDGE, NH-31, MORIGAON, ASSAM | RIVER KAPILI AT DHARMTUL BRIDGE, NH-31, NAGAON, ASSAM",2016 2017 2018 2021 2022 2023 2024,7,high,,26.165759,92.353897,Medium,ESRI_LIVINGATLAS_WQ_RIVERS_2023,,Marigaon,monthly,1
WQS0120,"RIVER KATHAKAL U/S AT MATIJURI, DIST. HAILAKANDI, ASSAM",ASSAM,2068,"KATHAKAL U/S AT MATIJURI, DIST. HAILAKANDI, ASSAM | KATHAKAL, U/S AT MATIJURI, DIST. HAILAKANDI | RIVER KATHAKAL U/S AT MATIJURI, DIST. HAILAKANDI, ASSAM | U/S OF KATHAKAL AT MATIJURI, DIST. HAILAKANDI, ASS",2016 2017 2018 2021 2022 2023 2024,7,high,,24.648536,92.608089,Medium,ESRI_LIVINGATLAS_WQ_RIVERS_2023,Brahmaputra,Hailakandi,monthly,1
WQS0121,"RIVER KHARSANG B/C WITH BURIDIHING NEAR KHARSANG (ASSAM-ARUNANCHAL BORDER), ASSAM",ASSAM,2061,"KHARSANG B/C WITH BURIDIHING NEAR KHARSANG (ASSAM-ARUNANCHAL BORDER) | KHARSANG BEFORE CONFLUENCE WITH BURIDIHING NEAR KHARSANG (ASSAMARUNANCHAL BORDER), ASSAM | RIVER KHARSANG B/C WITH BURIDIHING NEAR KHARSANG (ASSAM- ARUNANCHAL BORDER), ASSAM | RIVER KHARSANG B/C WITH BURIDIHING NEAR KHARSANG (ASSAM-ARUNANCHAL BORDER), ASSAM | RIVER KHARSANG BEFORE CONFLUENCE WITH BURIDIHING N",2016 2017 2018 2021 2022 2023 2024,7,high,,27.411803,95.985028,Medium,ESRI_LIVINGATLAS_WQ_RIVERS_2023,,Changlang,monthly,1
WQS0122,RIVER KILLING IN MORIGAON DISTRICT,ASSAM,3799,RIVER KILLING IN MORIGAON DISTRICT,2022 2024,2,high,,,,Ambiguous / unresolved,,,,,1
WQS0123,"RIVER KOHORA AT N.H. CROSSING, KOHORA, ASSAM (BRAHMAPUTRA)",ASSAM,2232,"KOHORA AT N.H. CROSSING, KOHORA | KOHORA RIVER AT N.H. CROSSING, KOHORA, ASSAM | RIVER KOHORA AT N.H. CROSSING, KOHORA, ASSAM (BRAHMAPUTRA)",2016 2017 2018 2021 2022 2023 2024,7,high,,26.602234,93.403253,Medium,ESRI_LIVINGATLAS_WQ_RIVERS_2023,,Golaghat,monthly,1
WQS0124,"RIVER KOLONG AT MARIGAON, ASSAM",ASSAM,2059,"KOLONG AT MARIGAON | KOLONG RIVER AT MARIGAON, ASSAM | RIVER KOLONG AT MARIGAON, ASSAM",2016 2017 2018 2021 2022 2023 2024,7,high,,26.265026,92.264751,Medium,ESRI_LIVINGATLAS_WQ_RIVERS_2023,,Marigaon,monthly,1
WQS0125,"RIVER KOLONG AT U/S OF ANANDARAM DEKIAL PHUKAN BRIDGE, NAGAON, ASSAM",ASSAM,2237,"KALONG AT U/S OF ANANDARAM DEKIAL PHUKAN BRIDGE, NAGAON | KALONG RIVER AT U/S OF ANANDARAM DEKIAL PHUKAN BRI | KOLONG RIVER AT U/S OF ANANDARAM DEKIAL PHUKAN BRIDGE, NAGAON, ASSAM | RIVER KOLONG AT U/S OF ANANDARAM DEKIAL PHUKAN BRIDGE, NAGAON | RIVER KOLONG AT U/S OF ANANDARAM DEKIAL PHUKAN BRIDGE, NAGAON, ASSAM",2016 2017 2018 2021 2022 2023 2024,7,high,,26.349206,92.68035,Medium,ESRI_LIVINGATLAS_WQ_RIVERS_2023,,Nagaon,monthly,1
WQS0126,RIVER KUJI (NEAR NEW BOGAGIGAON) NEAR WATER INTAKE POINT FOR NF RAILWAY,ASSAM,3796,RIVER KUJI (NEAR NEW BOGAGIGAON) NEAR WATER INTAKE POINT FOR NF RAILWAY,2022 2024,2,high,,,,Ambiguous / unresolved,,,,,1
WQS0127,RIVER KULSI AT CHAYGAON NEAR NH37 CROSSING,ASSAM,3810,RIVER KULSI AT CHAYGAON NEAR NH37 CROSSING,2022 2024,2,high,,,,Ambiguous / unresolved,,,,,1
WQS0128,"RIVER KUNDLI AT KUNDLI/ SAPAKHOWA, SADIA, ASSAM",ASSAM,2229,"KUNDLI AT KUNDLI/ SAPAKHOWA, SADIA | RIVER KUNDLI AT KUNDLI/ SAPAKHOWA, SADIA, ASSAM",2016 2021 2022 2023 2024,5,high,,27.832518,95.672347,Medium,ESRI_LIVINGATLAS_WQ_RIVERS_2023,,Tinsukia,monthly,1
WQS0129,"RIVER KUSHIARA AT KARIMGANJ, ASSAM",ASSAM,2242,"KUSHIARA AT KARIMGANJ | KUSHIARA RIVER AT KARIMGANJ, ASSAM | RIVER KUSHIARA AT KARIMGANJ, ASSAM",2016 2017 2018 2021 2022 2023 2024,7,high,,24.870906,92.376439,Medium,ESRI_LIVINGATLAS_WQ_RIVERS_2023,,Sribhumi,monthly,1
WQS0130,RIVER LARSING NEAR LOCL DEPO AT MOINARBOND,ASSAM,4329,LARSING RIVER NEAR LOCL DEPO AT MOINARBOND | RIVER LARSING NEAR LOCL DEPO AT MOINARBOND,2019 2020 2021 2022 2023 2024,6,high,,24.854133,92.82625,Medium,ESRI_LIVINGATLAS_WQ_RIVERS_2023,,Cachar,monthly,1
WQS0131,"RIVER MADHURA AT MADHURAGHAT, CACHAR",ASSAM,3803,"RIVER MADHURA AT MADHURAGHAT, CACHAR",2022 2024,2,high,,,,Ambiguous / unresolved,,,,,1
WQS0132,RIVER MANAS (SANTOSHPUR) NEAR LENGTISINGA,ASSAM,3797,RIVER MANAS (SANTOSHPUR) NEAR LENGTISINGA,2021 2022 2023 2024,4,high,,26.32217,90.73856,Medium,ESRI_LIVINGATLAS_WQ_RIVERS_2023,,Bongaigaon,monthly,1
WQS0133,"RIVER MANAS AT NH-31 CROSSING, BARPETA DISTRICT, ASSAM",ASSAM,2060,"MANAS AT NH-31 CROSSING, BARPETA, DISTRICT | MANAS RIVER AT NH-31 CROSSING, BARPETA, DISTRICT, ASSAM | MANAS RIVER AT NH31 CROSSING, BARPETA, DISTRICT, ASSAM | RIVER MANAS AT NH- 31 CROSSING, BARPETA DISTRICT, ASSAM | RIVER MANAS AT NH-31 CROSSING, BARPETA DISTRICT, ASSAM",2016 2017 2021 2022 2023 2024,6,high,,26.496268,90.652663,Medium,ESRI_LIVINGATLAS_WQ_RIVERS_2023,,Bongaigaon,monthly,1
WQS0134,"RIVER MORA BHARALI AT TEZPUR, ASSAM",ASSAM,1531,"*MORA BHARALI AT TEZPUR, ASSAM | MORA BHARALI AT TEZPUR | MORA BHARALI AT TEZPUR, ASSAM | RIVER MORA BHARALI AT TEZPUR, ASSAM",2016 2017 2018 2021 2022 2023 2024,7,high,,26.848745,92.840375,Medium,ESRI_LIVINGATLAS_WQ_RIVERS_2023,,Sonitpur,monthly,1
WQS0135,"RIVER NUWA NOI NEAR BRIDGE OVER BOINAOJA PARA, MANGALDOI",ASSAM,3767,"RIVER NUWA NOI NEAR BRIDGE OVER BOINAOJA PARA, MANGALDOI",2022 2024,2,high,,,,Ambiguous / unresolved,,,,,1
WQS0136,"RIVER PAGLDIA NEAR NALBARI TOWN, DIST. NALBARI, ASSAM",ASSAM,2065,"PAGLDIA NEAR NALBARI TOWN, DIST. NALBARI | PAGLDIA RIVER NEAR NALBARI TOWN, DIST. NALBARI, AS | PAGLDIA RIVER NEAR NALBARI TOWN, DIST. NALBARI, ASSAM | RIVER PAGLDIA NEAR NALBARI TOWN, DIST. NALBARI, ASSAM",2016 2017 2018 2021 2022 2023 2024,7,high,,26.447389,91.460667,Medium,ESRI_LIVINGATLAS_WQ_RIVERS_2023,,Nalbari,monthly,1
WQS0137,"RIVER PAMOHI GACHUK, PAMOHI ROAD, GUWAHATI",ASSAM,5142,"RIVER PAMOHI GACHUK, PAMOHI ROAD, GUWAHATI",2022 2024,2,high,,,,Ambiguous / unresolved,,,,,1
WQS0138,"RIVER PANCHNOI AT NH-52 CROSSING, ORANG, ASSAM",ASSAM,2235,"PANCHNAI AT NH-52 CROSSING, ORANG | PANCHNAI RIVER AT NH-52 CROSSING, ORANG, ASSAM | PANCHNAI RIVER AT NH52 CROSSING, ORANG, ASSAM | RIVER PANCHNAI AT NH-52 CROSSING, ORANG, ASSAM | RIVER PANCHNOI AT NH-52 CROSSING, ORANG, ASSAM",2016 2017 2018 2021 2022 2023 2024,7,high,,26.699918,92.335305,Medium,ESRI_LIVINGATLAS_WQ_RIVERS_2023,,Udalguri,monthly,1
WQS0139,RIVER PUTHIMARI NEAR PUTHIMARI CHOWK AT NH CROSSING,ASSAM,3811,RIVER PUTHIMARI NEAR PUTHIMARI CHOWK AT NH CROSSING,2022 2024,2,high,,,,Ambiguous / unresolved,,,,,1
WQS0140,"RIVER RANGA NADI D/S OF HYDEL PROJECT, ASSAM",ASSAM,2234,"RANGA NADI D/S OF HYDEL PROJECT | RANGA NADI D/S OF HYDEL PROJECT, ASSAM | RIVER RANGA NADI D/S OF HYDEL PROJECT, ASSAM",2016 2017 2018 2021 2022 2023 2024,7,high,,,,Ambiguous / unresolved,ESRI_LIVINGATLAS_WQ_RIVERS_2023,,Keyi Panyor,monthly,1
WQS0141,"RIVER SANKOSH DHUBRI, ASSAM",ASSAM,2239,"RIVER SANKOSH DHUBRI, ASSAM | SANKOSH DHUBRI | SANKOSH RIVER, DHUBRI, ASSAM",2016 2017 2018 2021 2022 2023 2024,7,high,,26.311379,89.831334,Medium,ESRI_LIVINGATLAS_WQ_RIVERS_2023,,Dhubri,monthly,1
WQS0142,"RIVER SESSA NEAR SESSA TINIALI, NH BRIDGE, DIBRUGARH",ASSAM,3780,"RIVER SESSA NEAR SESSA TINIALI, NH BRIDGE, DIBRUGARH",2022 2024,2,high,,,,Ambiguous / unresolved,,,,,1
WQS0143,"RIVER SONAI AT SONAI, ASSAM",ASSAM,2241,"RIVER SONAI AT SONAI, ASSAM | SONAI RIVER AT SONAI | SONAI RIVER AT SONAI, ASSAM",2016 2017 2018 2021 2022 2023 2024,7,high,,24.735544,92.889269,Medium,ESRI_LIVINGATLAS_WQ_RIVERS_2023,,Cachar,monthly,1
WQS0144,RIVER SUBANSIRI AT GERUKAMUKH (BEFORE CONFLUENCE WITH RIVER BRAHMAPUTRA),ASSAM,1261,"RIVER SUBANSIRI AT GEREKAMUKH (BEFORE CONFL. WITH BRAH.), ASSAM | RIVER SUBANSIRI AT GERUKAMUKH (BEFORE CONFLUENCE WITH RIVER BRAHMAPUTRA) | SUBANSIRI AT GEREKAMUKH (BEFORE CONFL. WITH BRAH.), ASSAM | SUBANSIRI AT GEREKAMUKH, B/C WITH BRAHMAPUTRA",2016 2017 2021 2022 2023 2024,6,high,,,,Ambiguous / unresolved,ESRI_LIVINGATLAS_WQ_RIVERS_2023,,Dibrugarh,monthly,1
WQS0145,RIVER SUFFRY AT MAIBELLA,ASSAM,3774,RIVER SUFFRY AT MAIBELLA,2022 2024,2,high,,,,Ambiguous / unresolved,,,,,1
WQS0146,"RIVER TINGRAI NEAR TINSUKIA MSW DUMPING SITE, ITAKHOLA",ASSAM,3784,"RIVER TINGRAI NEAR TINSUKIA MSW DUMPING SITE, ITAKHOLA",2022 2024,2,high,,,,Ambiguous / unresolved,,,,,1
WQS0147,RIVER TOCKLAI NEAR BRIDGE AT JORHAT,ASSAM,4011,RIVER TOCKLAI NEAR BRIDGE AT JORHAT | TOCKLAI RIVER NEAR BRIDGE AT JORHAT,2019 2020 2021 2022 2023 2024,6,high,,26.732834,94.231503,Medium,ESRI_LIVINGATLAS_WQ_RIVERS_2023,,Jorhat,monthly,1
WQS0148,RIVER TOWKAK AT SONARI,ASSAM,3773,RIVER TOWKAK AT SONARI,2022 2024,2,high,,,,Ambiguous / unresolved,,,,,1
WQS0149,RIVER TUNIA AT D/S BRPL,ASSAM,4012,RIVER TUNIA AT D/S BRPL | TUNIA RIVER AT D/S BRPL,2019 2020 2021 2022 2023 2024,6,high,,26.4214,90.51945,Medium,ESRI_LIVINGATLAS_WQ_RIVERS_2023,,Bongaigaon,monthly,1
WQS0150,"RIVER, TUNIA U/S BRPL, DHALIGAON, DIST. CHIRANG",ASSAM,5138,"RIVER, TUNIA U/S BRPL, DHALIGAON, DIST. CHIRANG | RIVER, TUNIA U/S BRPL, DHALIGAON, DIST. CHIRANG, ASSAM",2022 2024,2,high,,,,Ambiguous / unresolved,,,,,1
WQS0151,River Bega At D/S Of Mangaldoi Town,ASSAM,5614,River Bega At D/S Of Mangaldoi Town,2024,1,single_year,single-year station,,,Ambiguous / unresolved,,,,,1
WQS0152,"River Daloo At Daloo, Cachar",ASSAM,5603,"River Daloo At Daloo, Cachar",2024,1,single_year,single-year station,,,Ambiguous / unresolved,,,,,1
WQS0153,River Dikhow At Simaluguri,ASSAM,5606,River Dikhow At Simaluguri,2024,1,single_year,single-year station,,,Ambiguous / unresolved,,,,,1
WQS0154,River Disang At Nangalmara Ghat,ASSAM,5605,River Disang At Nangalmara Ghat,2024,1,single_year,single-year station,,,Ambiguous / unresolved,,,,,1
WQS0155,River Doomdooma At D/S Of Doomdooma Town At Hansara,ASSAM,5613,River Doomdooma At D/S Of Doomdooma Town At Hansara,2024,1,single_year,single-year station,,,Ambiguous / unresolved,,,,,1
WQS0156,"River Ego (Simen) Near Simenchapori Bridge,Dhemaji",ASSAM,5604,"River Ego (Simen) Near Simenchapori Bridge,Dhemaji",2024,1,single_year,single-year station,,,Ambiguous / unresolved,,,,,1
WQS0157,River Gadadhar At Golkganj Bridge,ASSAM,5599,River Gadadhar At Golkganj Bridge,2024,1,single_year,single-year station,,,Ambiguous / unresolved,,,,,1
WQS0158,"River Ghogra Near Iti, Srikona Main Block",ASSAM,5615,"River Ghogra Near Iti, Srikona Main Block",2024,1,single_year,single-year station,,,Ambiguous / unresolved,,,,,1
WQS0159,"River Kapili At Kheroni Ghat Near Bridge, West Karbi Anglong , Kheroni",ASSAM,5602,"River Kapili At Kheroni Ghat Near Bridge, West Karbi Anglong , Kheroni",2024,1,single_year,single-year station,,,Ambiguous / unresolved,,,,,1
WQS0160,River Kulsi At Kukurmara,ASSAM,5608,River Kulsi At Kukurmara,2024,1,single_year,single-year station,,,Ambiguous / unresolved,,,,,1
WQS0161,River Mornoi At Mornoi Ghat,ASSAM,5611,River Mornoi At Mornoi Ghat,2024,1,single_year,single-year station,,,Ambiguous / unresolved,,,,,1
WQS0162,River Namdang At Kalugaon,ASSAM,5601,River Namdang At Kalugaon,2024,1,single_year,single-year station,,,Ambiguous / unresolved,,,,,1
WQS0163,River Namdang near bridge at hati patty geleky,ASSAM,5600,River Namdang near bridge at hati patty geleky,2024,1,single_year,single-year station,,,Ambiguous / unresolved,,,,,1
WQS0164,River TIHU At D/S Of Industrial AreaÂ Â Near Helochapara Shiva Temple,ASSAM,5607,River TIHU At D/S Of Industrial AreaÂ Â Near Helochapara Shiva Temple,2024,1,single_year,single-year station,,,Ambiguous / unresolved,,,,,1
WQS0165,River Tunia At New Bongaigaon Railway Station,ASSAM,5609,River Tunia At New Bongaigaon Railway Station,2024,1,single_year,single-year station,,,Ambiguous / unresolved,,,,,1
WQS0166,River Tunia at NH near BGR,ASSAM,5616,River Tunia at NH near BGR,2024,1,single_year,single-year station,,,Ambiguous / unresolved,,,,,1
WQS0167,"SINGRA RIVER (NEAR BRIDGE ALONG NH-37) BOKO, KAMRUP (R )",ASSAM,4345,"RIVER SINGRA (NEAR BRIDGE ALONG NH- 37) BOKO, KAMRUP | RIVER SINGRA (NEAR BRIDGE ALONG NH-37) BOKO, KAMRUP | RIVER SINGRA (NEAR BRIDGE ALONG NH-37) BOKO, KAMRUP (R ) | SINGRA RIVER (NEAR BRIDGE ALONG NH-37) BOKO, KAMRUP (R ) | SINGRA RIVER (NEAR BRIDGE ALONG NH-37) BOKO, KAMRUP (R)",2019 2020 2021 2022 2024,5,high,,,,Ambiguous / unresolved,,,,,1
WQS0168,"TIHU RIVER (NEAR BRIDGE ALONG NH-31) TIHU, NALBARI",ASSAM,4344,"RIVER TIHU (NEAR BRIDGE ALONG NH- 31) TIHU, NALBARI | RIVER TIHU (NEAR BRIDGE ALONG NH-31) TIHU, NALBARI | TIHU RIVER (NEAR BRIDGE ALONG NH-31) TIHU, NALBARI",2019 2020 2021 2022 2024,5,high,,,,Ambiguous / unresolved,,,,,1
WQS0169,BAGMATI AT MUZAFFARPUR-SITAMARHI ROAD BRIDGE,BIHAR,3162,BAGMATI AT MUZAFFARPUR-SITAMARHI ROAD BRIDGE,2016,1,single_year,single-year station,,,Ambiguous / unresolved,,,,,1
WQS0170,"BAGMATI RIVER AT DARBANGA, SAMASTIPUR ROAD BRIDGE,",BIHAR,3135,"BAGMATI AT DARBANGA, SAMASTIPUR ROAD BRIDGE | BAGMATI RIVER AT DARBANGA, SAMASTIPUR ROAD BRIDGE | BAGMATI RIVER AT DARBANGA, SAMASTIPUR ROAD BRIDGE, | RIVER BAGMATI AT DARBANGA, SAMASTIPUR ROAD BRIDGE, DARBHANGA | RIVER BAGMATI AT DARBHANGA, SAMASTIPUR ROAD BRIDGE, DARBHANGA",2016 2017 2018 2019 2020 2021 2022 2023 2024,9,high,,26.038984,85.891341,Medium,ESRI_LIVINGATLAS_WQ_RIVERS_2023,,Darbhanga,monthly,1
WQS0171,BAGMATI RIVER AT MUZAFFARPUR- SITAMARHI ROAD BRIDG,BIHAR,3132,"BAGMATI AT MUZAFFARPUR-SITAMARHI ROAD BRIDGE | BAGMATI RIVER AT MUZAFFARPUR SITAMARHI ROAD BRIDGE | BAGMATI RIVER AT MUZAFFARPUR- SITAMARHI ROAD BRIDG | BAGMATI RIVER AT MUZAFFARPUR- SITAMARHI ROAD BRIDGE, SITAMARHI | RIVER BAGMATI AT MUZAFFARPUR- SITAMARHI ROAD BRIDGE, SITAMARHI | RIVER BAGMATI AT MUZAFFARPUR-SITAMARHI ROAD BRIDGE, SITAMARHI",2016 2017 2018 2019 2020 2021 2022 2023 2024,9,high,,26.341991,85.481683,Medium,ESRI_LIVINGATLAS_WQ_RIVERS_2023,,Muzaffarpur,monthly,1
WQS0172,"BURHI GANDAK AT AKHARAGHAT, MUZAFFARPUR",BIHAR,2562,"BURHI GANDAK AT AKHARAGHAT, MUZAFFARPUR | BURHI GANDAK AT AKHARAGHAT, MUZAFFARPUR, BIHAR | RIVER BURHI GANDAK AT AKHARAGHAT, MUZAFFARPUR",2016 2017 2018 2019 2020 2021 2022 2023 2024,9,high,,26.138571,85.388808,Medium,ESRI_LIVINGATLAS_WQ_RIVERS_2023,,Muzaffarpur,monthly,1
WQS0173,BURHI GANDAK RIVER U/S ROAD BRIDGE MUZAFFARPUR (NH),BIHAR,3124,"BURHI GANDAK RIVER U/S ROAD BRIDGE MUZAFFARPUR (NH) | GANDAK RIVER U/S ROAD BRIDGE MUZAFFARPUR (NH), BIHAR | GANDAK U/S ROAD BRIDGE MUZAFFARPUR (NH) | RIVER BURHI GANDAK U/S ROAD BRIDGE MUZAFFARPUR (NH) | RIVER BURHI GANDAK U/S ROAD BRIDGE NH NEAR ZERO MILE MUZAFFARPUR",2016 2017 2018 2019 2020 2021 2022 2023 2024,9,high,,26.136076,85.381196,Medium,ESRI_LIVINGATLAS_WQ_RIVERS_2023,,Muzaffarpur,monthly,1
WQS0174,DAHA AT SIWAN,BIHAR,1821,"DAHA AT SIWAN | DAHA AT SIWAN, BIHAR | RIVER DAHA AT SIWAN | RIVER DAHA U/S RAJENDRA ROAD BRIDGE AT SIWAN",2016 2017 2018 2019 2020 2021 2022 2023 2024,9,high,,26.222639,84.354122,Medium,ESRI_LIVINGATLAS_WQ_RIVERS_2023,,Siwan,monthly,1
WQS0175,DAHA RIVER AT MEERGANJ,BIHAR,3129,"DAHA AT MEERGANJ | DAHA RIVER AT MEERGANJ | DAHA RIVER AT MEERGANJ, BIHAR | RIVER DAHA AT MEERGANJ | RIVER DAHA AT MEERGANJ NEAR BADARJHIMMI BAZAR, GOPALGANJ",2016 2017 2018 2019 2020 2021 2022 2023 2024,9,high,,26.364956,84.360872,Medium,ESRI_LIVINGATLAS_WQ_RIVERS_2023,,Gopalganj,monthly,1
WQS0176,"GANDAK AT REWAGHAT, MUJAFFARPUR",BIHAR,2568,"GANDAK AT REWAGHAT, MUJAFFARPUR | GANDAK AT REWAGHAT, MUJAFFARPUR, BIHAR | RIVER GANDAK AT REWAGHAT, MUJAFFARPUR | RIVER GANDAK AT REWAGHAT, MUZAFFARPUR",2016 2017 2018 2019 2020 2021 2022 2023 2024,9,high,,25.988349,85.045545,Medium,ESRI_LIVINGATLAS_WQ_RIVERS_2023,,Saran,monthly,1
WQS0177,"GANDAK AT ROAD BRIDGE, U/S HAJIPUR",BIHAR,10163,"GANDAK AT ROAD BRIDGE, U/S HAJIPUR | RIVER GANDAK AT ROAD BRIDGE, U/S HAJIPUR | RIVER GANDAK AT ROAD BRIDGE, U/S HAJIPUR, VAISHALI (BORDER OF SARAN & VAISHALI)",2017 2019 2020 2021 2022 2023 2024,7,high,,25.692357,85.195574,Medium,ESRI_LIVINGATLAS_WQ_RIVERS_2023,,Vaishali,monthly,1
WQS0178,GANGA AT BHAGALPUR,BIHAR,1819,"GANGA AT BHAGALPUR | RIVER GANGA AT BHAGALPUR | RIVER GANGA AT BHAGALPUR, OPP. KUPPA GHAT",2016 2017 2018 2019 2020 2021 2022 2023 2024,9,high,,25.254387,86.948424,Medium,ESRI_LIVINGATLAS_WQ_RIVERS_2023,Ganga,Bhagalpur,monthly,1
WQS0179,GANGA AT BUXAR,BIHAR,1074,GANGA AT BUXAR | RIVER GANGA AT BUXAR | RIVER GANGA CHUSA AT BUXAR,2016 2017 2018 2019 2020 2021 2022 2023 2024,9,high,,25.573508,83.966669,Medium,ESRI_LIVINGATLAS_WQ_RIVERS_2023,Ganga,Buxar,monthly,1
WQS0180,"GANGA AT BUXAR, RAMREKHAGHAT",BIHAR,2551,"GANGA AT BUXAR, RAMREKHAGHAT | RIVER GANGA AT BUXAR, RAMREKHAGHAT",2016 2017 2018 2019 2020 2021 2022 2023 2024,9,high,,25.576142,83.970428,Medium,ESRI_LIVINGATLAS_WQ_RIVERS_2023,Ganga,Buxar,monthly,1
WQS0181,GANGA AT D/S BUXAR NEAR GANGA BRIDGE,BIHAR,3113,GANGA AT D/S BUXAR NEAR GANGA BRIDGE | GANGA AT D/S BUXAR NEAR ROAD BRIDGE | RIVER GANGA AT D/S BUXAR NEAR ROAD BRIDGE | RIVER GANGA AT D/S BUXAR NEAR VEER KUNWAR SINGH ROAD BRIDGE,2016 2017 2018 2019 2020 2021 2022 2023 2024,9,high,,,,Ambiguous / unresolved,ESRI_LIVINGATLAS_WQ_RIVERS_2023,Ganga,Buxar,monthly,1
WQS0182,GANGA AT KAHALGAON,BIHAR,1816,"GANGA AT KAHALGAON | RIVER GANGA AT KAHALGAON | RIVER GANGA, JHAJGHAT AT KAHALGAON",2016 2017 2018 2019 2020 2021 2022 2023 2024,9,high,,25.267334,87.227318,Medium,ESRI_LIVINGATLAS_WQ_RIVERS_2023,Ganga,Bhagalpur,monthly,1
WQS0183,"GANGA AT MALSALAMI, PATNA",BIHAR,3122,"GANGA AT MALSALAMI, PATNA | RIVER GANGA AT MALSALAMI, PATNA | RIVER GANGA AT MALSALAMI, PATNA CITY, PATNA",2016 2017 2018 2019 2020 2021 2022 2023 2024,9,high,,25.557806,85.275648,Medium,ESRI_LIVINGATLAS_WQ_RIVERS_2023,Ganga,Patna,monthly,1
WQS0184,GANGA AT MOKAMA (D/S),BIHAR,1815,"GANGA AT MOKAMA (D/S) | GANGA AT MOKAMA (D/s) | GANGA D/S MOKAMA | RIVER GANGA AT MOKAMA (D/S) | RIVER GANGA AT MOKAMA (D/S), NEAR RAJENDRA BRIDGE , SIMIRIYA GHAT",2016 2017 2018 2019 2020 2021 2022 2023 2024,9,high,,25.381441,85.987169,Medium,ESRI_LIVINGATLAS_WQ_RIVERS_2023,Ganga,Patna,monthly,1
WQS0185,GANGA AT MUNGER,BIHAR,1818,"GANGA AT MUNGER | RIVER GANGA AT MUNGER | RIVER GANGA AT MUNGER D/S, CREAMINATION GHAT",2016 2017 2018 2019 2020 2021 2022 2023 2024,9,high,,25.384978,86.458978,Medium,ESRI_LIVINGATLAS_WQ_RIVERS_2023,Ganga,Munger,monthly,1
WQS0186,"GANGA AT PUNPUN, PATNA",BIHAR,2555,"GANGA AT PUNPUN, PATNA | RIVER PUNPUN NEAR PATNA FATUHA ROAD BRIDGE, FATUHA",2016 2017 2020 2022 2023 2024,6,high,,25.627333,85.155472,Medium,ESRI_LIVINGATLAS_WQ_RIVERS_2023,Ganga,Saran,monthly,1
WQS0187,"GANGA AT SULTANGANJ, BHAGALPUR",BIHAR,2554,"GANGA AT SULTANGANJ, BHAGALPUR | RIVER GANGA AT SULTANGANJ, BHAGALPUR | RIVER GANGA D/S CREMINATION GHAT AT SULTANGANJ, BHAGALPUR",2016 2017 2018 2019 2020 2021 2022 2023 2024,9,high,,25.257511,86.747053,Medium,ESRI_LIVINGATLAS_WQ_RIVERS_2023,Ganga,Bhagalpur,monthly,1
WQS0188,"GANGA AT THE CONFLUENCE OF SONE RIVER DORIGANJ, CHAPRA",BIHAR,2564,"GANGA AT CONFLUENCE OF SONE DORIGANJ, CHAPRA | GANGA AT THE CONFLUENCE OF SONE RIVER DORIGANJ | GANGA AT THE CONFLUENCE OF SONE RIVER DORIGANJ, CHAPRA | RIVER GANGA AT THE BALUGHAT, DORIGANJ, SARAN | RIVER GANGA AT THE CONFLUENCE OF SONE RIVER DORIGANJ, CHAPRA",2016 2017 2018 2019 2020 2021 2022 2023 2024,9,high,,25.708441,84.889727,Medium,ESRI_LIVINGATLAS_WQ_RIVERS_2023,Ganga,Patna,monthly,1
WQS0189,GANGA AT U/S BHAGALPUR,BIHAR,3118,GANGA AT U/S BHAGALPUR | GANGA AT U/S BHAGALPUR NEAR BARARIGHAT | RIVER GANGA AT U/S BHAGALPUR NEAR BARARIGHAT,2016 2017 2018 2019 2020 2021,6,medium,,,,Ambiguous / unresolved,,Ganga,,,1
WQS0190,GANGA AT U/S MUNGER (NEAR INTAKE WELL ON GANGA),BIHAR,3116,GANGA AT U/S MUNGER | GANGA AT U/S MUNGER (NEAR INTAKE WELL ON GANGA) | RIVER GANGA AT U/S MUNGER (NEAR INTAKE WELL ON GANGA) | RIVER GANGA AT U/S MUNGER KASHATHARNI GHAT,2016 2017 2018 2019 2020 2021 2022 2023 2024,9,high,,25.368174,86.464302,Medium,ESRI_LIVINGATLAS_WQ_RIVERS_2023,Ganga,Munger,monthly,1
WQS0191,GANGA RIVER AT BARH,BIHAR,3115,"GANGA AT BARH | GANGA RIVER AT BARH | RIVER GANGA AT BARH | RIVER GANGA AT UMA NATH MANDIR,BARH",2016 2017 2018 2019 2020 2021 2022 2023 2024,9,high,,25.487275,85.705236,Medium,ESRI_LIVINGATLAS_WQ_RIVERS_2023,Ganga,Patna,monthly,1
WQS0192,"KACHCHI-DARGAH-BIDUPUR ROAD BRIDGE, PATNA",BIHAR,4297,"KACHCHI-DARGAH-BIDUPUR ROAD BRIDGE, PATNA | RIVER GANGA AT KACHCHI-DARGAH- BIDUPUR NEAR ROAD BRIDGE, PATNA | RIVER GANGA AT KACHCHI-DARGAH-BIDUPUR NEAR ROAD BRIDGE, PATNA | RIVER GANGA AT KACHCHI-DARGAH-BIDUPUR ROAD BRIDGE, PATNA",2018 2019 2020 2021 2022 2023 2024,7,high,,25.548238,85.279377,Medium,ESRI_LIVINGATLAS_WQ_RIVERS_2023,Ganga,Patna,monthly,1
WQS0193,"MANUSMAR RIVER AT RIGA, SITAMARHI",BIHAR,2563,"MANUSMAR RIVER AT RIGA, SITAMARHI | MANUSMAR RIVER AT RIGA, SITAMARHI, BIHAR | MANUSMARAT RIGA, SITAMARHI | RIVER MANUSMAR AT RIGA, SITAMARHI | RIVER MANUSMAR AT RIGA, UPHRAULIA, SITAMARHI",2016 2017 2018 2019 2020 2021 2022 2023 2024,9,high,,26.576389,85.317222,Medium,ESRI_LIVINGATLAS_WQ_RIVERS_2023,,Sheohar,monthly,1
WQS0194,POONPUN NEAR POONPUN RAIL BRIDGE,BIHAR,3119,"POONPUN NEAR POONPUN RAIL BRIDGE | POONPUN RIVER NEAR POONPUN RAIL BRIDGE | POONPUN RIVER NEAR POONPUN RAIL BRIDGE, | POONPUN RIVER NEAR POONPUN RAIL BRIDGE, BIHAR | POONPUN RIVER NEAR POONPUN RAIL BRIDGE, PATNA | RIVER POONPUN NEAR POONPUN RAIL BRIDGE, PATNA",2016 2017 2018 2019 2020 2021,6,medium,,,,Ambiguous / unresolved,,,,,1
WQS0195,"POONPUN RIVER NEAR KINZER ROAD BRIDGE, JEHANABAD",BIHAR,3120,"POONPUN NEAR KINZER ROAD BRIDGE | POONPUN RIVER NEAR KINZER ROAD BRIDGE | POONPUN RIVER NEAR KINZER ROAD BRIDGE, BIHAR | POONPUN RIVER NEAR KINZER ROAD BRIDGE, JEHANABAD | RIVER POONPUN NEAR KINZER ROAD BRIDGE, JEHANABAD | RIVER PUNPUN AT KINJAR ROAD BRIDGE, JEHANABAD- ARWAL BORDER , JEHANABAD | RIVER PUNPUN AT KINJAR ROAD BRIDGE, JEHANABAD-ARWAL BORDER , JEHANABAD",2016 2017 2018 2019 2020 2021 2022 2023 2024,9,high,,25.217822,84.826131,Medium,ESRI_LIVINGATLAS_WQ_RIVERS_2023,,Arwal,monthly,1
WQS0196,"RIVER BURHI GANDAK AT BARACHAKIA, EAST CHAMPARAN",BIHAR,4403,"BURHI GANDAK AT BARACHAKIA, EAST CHAMPARAN | RIVER BURHI GANDAK AT BARACHAKIA, EAST CHAMPARAN",2019 2020 2021 2022 2023 2024,6,high,,26.415383,85.066452,Medium,ESRI_LIVINGATLAS_WQ_RIVERS_2023,,Purbi Champaran,monthly,1
WQS0197,"RIVER BURHI GANDAK AT KHAGARIA ROAD BRIDGE BEFORE CONFLUENCE WITH GANGA , KHAGARIA",BIHAR,4295,"BURHI GANDAK AT KHAGARIA ROAD BRIDGE, KHAGARIA | KHAGARIA ROAD BRIDGE, KHAGARIA | RIVER BURHI GANDAK AT KHAGARIA ROAD BRIDGE BEFORE CONFLUENCE WITH GANGA , KHAGARIA | RIVER BURHI GANDAK AT KHAGARIA ROAD BRIDGE, KHAGARIA",2019 2020 2021 2022 2023 2024,6,high,,25.501374,86.479837,Medium,ESRI_LIVINGATLAS_WQ_RIVERS_2023,,Khagaria,monthly,1
WQS0198,"RIVER BURHI GANDAK AT LAL BAGLA GHAT, MOTIHARI DHAKA ROAD, EAST CHAMPARAN",BIHAR,4300,"BURHI GANDAK AT LAL BAGLA GHAT, MOTIHARI DHAKA ROAD, EAST CHAMPARAN | LAL BAGLA GHAT, MOTIHARI DHAKA ROAD, EAST CHAMPARA | RIVER BURHI GANDAK AT LAL BAGLA GHAT, MOTIHARI DHAKA ROAD, EAST CHAMPARAN",2019 2020 2021 2022 2023 2024,6,high,,26.660087,85.01303,Medium,ESRI_LIVINGATLAS_WQ_RIVERS_2023,,Purbi Champaran,monthly,1
WQS0199,"RIVER BURHI GANDAK NEAR MAGARDAHI GHAT AT SAMASTIPUR ROAD BRIDGE, SAMASTIPUR",BIHAR,2570,"BURHI GANDAK AT Z ROAD BRIDGE | BURHI GANDAK AT Z ROAD BRIDGE, SAMASTIPUR | GANDAK AT SAMASTIPUR ROAD BRIDGE | GANDAK AT SAMASTIPUR ROAD BRIDGE, BIHAR | RIVER BURHI GANDAK AT Z ROAD BRIDGE, SAMASTIPUR | RIVER BURHI GANDAK NEAR MAGARDAHI GHAT AT SAMASTIPUR ROAD BRIDGE, SAMASTIPUR",2016 2017 2018 2019 2020 2021 2022 2023 2024,9,high,,25.867123,85.784927,Medium,ESRI_LIVINGATLAS_WQ_RIVERS_2023,,Samastipur,monthly,1
WQS0200,"RIVER DAHA AT ITWA BRIDGE, GOPALGANJ",BIHAR,2561,"DAHA AT ITWA BRIDGE, SIWAN | DAHA RIVER AT ITWA BRIDGE, GOPALGANJ | DAHA RIVER AT ITWA BRIDGE, SIWAN | DAHA RIVER AT ITWA BRIDGE, SIWAN, BIHAR | RIVER DAHA AT ITWA BRIDGE, GOPALGANJ",2016 2017 2018 2019 2020 2021 2022 2023 2024,9,high,,26.223497,84.347097,Medium,ESRI_LIVINGATLAS_WQ_RIVERS_2023,,Siwan,monthly,1
WQS0201,"RIVER DAHA D/S AT RENUA, SIWAN",BIHAR,4397,"DAHA RIVER D/S RAJENDRA ROAD BRIDE SIWAN | RIVER DAHA D/S AT RENUA, SIWAN | RIVER DAHA D/S RAJENDRA ROAD BRIDE SIWAN",2019 2020 2021 2022 2023 2024,6,high,,26.222569,84.354022,Medium,ESRI_LIVINGATLAS_WQ_RIVERS_2023,,Siwan,monthly,1
WQS0202,"RIVER DAHA D/S AT SASAMUSA, GOPALGANJ",BIHAR,2560,"D/S DAHA RIVER AT SASAMUSA | D/S DAHA RIVER AT SASAMUSA, BIHAR | D/S DAHA RIVER AT SASAMUSA, GOPALGANJ | DAHA D/S SASAMUSA | RIVER DAHA D/S AT SASAMUSA, GOPALGANJ",2016 2017 2018 2019 2020 2021 2022 2023 2024,9,high,,26.520035,84.357095,Medium,ESRI_LIVINGATLAS_WQ_RIVERS_2023,,Gopalganj,monthly,1
WQS0203,"RIVER DAHA U/S SASAMUSA, GOPALGANJ",BIHAR,4292,"DAHA AT U/S SASAMUSA, GOPALGANJ | RIVER DAHA U/S SASAMUSA, GOPALGANJ | U/S SASAMUSA, GOPALGANJ",2019 2020 2021 2022 2023 2024,6,high,,26.231264,84.354868,Medium,ESRI_LIVINGATLAS_WQ_RIVERS_2023,,Siwan,monthly,1
WQS0204,"RIVER DHOS AT MADHWAPUR, MADHUBANI",BIHAR,4405,"RIVER DHONS AT MADHUVAPUR, MADHUBANI | RIVER DHOS AT MADHWAPUR, MADHUBANI | RIVER DHOUS AT MADHWAPUR, MADHUBANI",2019 2020 2021 2022 2023 2024,6,high,,26.411533,86.237133,Medium,ESRI_LIVINGATLAS_WQ_RIVERS_2023,,Madhubani,monthly,1
WQS0205,"RIVER DHOS AT SAHARGHAT, MADHUBANI",BIHAR,1823,"DHOUS AT MADHUBANI | DHOUS AT MADHUBANI, BIHAR | DHOUS AT MADHUVAPUR, MADHUBANI | RIVER DHOS AT MADHUVAPUR, MADHUBANI | RIVER DHOS AT SAHARGHAT, MADHUBANI | RIVER DHOUS AT MADHUVAPUR, MADHUBANI",2016 2017 2018 2019 2020 2021 2022 2023 2024,9,high,,26.410836,86.237178,Medium,ESRI_LIVINGATLAS_WQ_RIVERS_2023,,Madhubani,monthly,1
WQS0206,"RIVER GANDAK AT KONHARA GHAT, OPPOSITE HARIHARNATH MANDIR,SONEPUR",BIHAR,10126,"GANDAK AT KONHARA GHAT | GANDAK AT KONHARA GHAT, VAISHALI | RIVER GANDAK AT KONHARA GHAT, OPPOSITE HARIHARNATH MANDIR,SONEPUR | RIVER GANDAK AT KONHARA GHAT, VAISHALI",2017 2019 2020 2021 2022 2023 2024,7,high,,25.678586,85.194604,Medium,ESRI_LIVINGATLAS_WQ_RIVERS_2023,,Vaishali,monthly,1
WQS0207,RIVER GANDAK AT SONEPUR NEAR HARIHARNATH TEMPLE,BIHAR,1078,"GANDAK AT SONEPUR, PATNA (B/C GANGA) | GANDAK AT SONEPUR, PATNA (B/C GANGA), SARAN | GANDAK AT SONEPUR, PATNA (B/c GANGA), SARAN | GANDAK AT SONEPUR, PATNA (BEFORE CONFL.), BIHAR | GANDAK B/C AT SONEPUR, PATNA | RIVER GANDAK AT SONEPUR NEAR HARIHARNATH TEMPLE | RIVER GANDAK AT SONEPUR, PATNA (B/C GANGA), SARAN",2016 2017 2018 2019 2020 2021 2022 2023 2024,9,high,,25.675279,85.189845,Medium,ESRI_LIVINGATLAS_WQ_RIVERS_2023,,Saran,monthly,1
WQS0208,RIVER GANDAK GOPALGANJ PIPRAKOTHI ROAD BRIDGE (DUMARIA GHAT),BIHAR,3125,GANDAK GOPALGANJ PIPRAKOTHI ROAD BRIDGE (DUMARIA GHAT) | GANDAK RIVER GOPALGANJ PIPRAKOTHI ROAD BRIDGE (DUM | GANDAK RIVER GOPALGANJ PIPRAKOTHI ROAD BRIDGE (DUMARIA GHAT) | RIVER GANDAK GOPALGANJ PIPRAKOTHI ROAD BRIDGE (DUMARIA GHAT),2016 2017 2018 2019 2020 2021 2022 2023 2024,9,high,,26.360672,84.749947,Medium,ESRI_LIVINGATLAS_WQ_RIVERS_2023,,Purbi Champaran,monthly,1
WQS0209,RIVER GANGA AT ARA- CHAPRA ROAD BRIDGE (KOIILWAR BARHARA-CHAPRA ROAD),BIHAR,10162,ARRAH- CHAPRA ROAD BRIDGE (KOILWER BANURA-CHAPRA ROAD) | ARRAH-CHHAPRA ROAD BRIDGE (KOILWER BANURA-CHHAPRA) | GANGA AT ARA- CHAPRA ROAD BRIDGE (KOILWER BANURA - CHAPRA ROAD | GANGA AT ARA-CHHAPRA ROAD BRIDGE (KOILWER BANURA- CHHAPRA ROAD) | RIVER GANGA AT ARA- CHAPRA ROAD BRIDGE (KOIILWAR BARHARA-CHAPRA ROAD) | RIVER GANGA AT ARA-CHAPRA ROAD BRIDGE (KOIILWAR BARHARA-CHAPRA ROAD) | RIVER GANGA AT ARA-CHAPRA ROAD BRIDGE (KOILWER BANURA- CHAPRA ROAD),2017 2018 2019 2020 2021 2022 2023 2024,8,high,,25.68032,84.785773,Medium,ESRI_LIVINGATLAS_WQ_RIVERS_2023,Ganga,Bhojpur,monthly,1
WQS0210,"RIVER GANGA AT BAKHTIYARPUR-TAJPUR BRIDGE ON GANGA, ATHMALGOLA, PATNA",BIHAR,4301,"BAKHTIYARPUR-TAJPUR BRIDGE ON GANGA, ATHMALGOLA | BAKHTIYARPUR-TAJPUR BRIDGE ON GANGA, ATHMALGOLA, PATNA | RIVER GANGA AT BAKHTIYARPUR-TAJPUR BRIDGE ON GANGA, ATHMALGOLA | RIVER GANGA AT BAKHTIYARPUR-TAJPUR BRIDGE ON GANGA, ATHMALGOLA, PATNA",2018 2019 2020 2021 2022 2023 2024,7,high,,25.655635,85.096308,Medium,ESRI_LIVINGATLAS_WQ_RIVERS_2023,Ganga,Patna,monthly,1
WQS0211,"RIVER GANGA AT BARAHIYA, NEPALITOLA, MARANCHI, HATHIDAH AT MOKAMA, PATNA",BIHAR,3123,"GANGA AT BARAHIA | GANGA RIVER AT BARAHIA | GANGA RIVER AT BARAHIYA, NEPALITOLA, MARANCHI, ;LAKSHISARAI | GANGA RIVER AT BARAHIYA, NEPALITOLA, MARANCHI, LAKSHISARAI | RIVER GANGA AT BARAHIYA, NEPALITOLA, MARANCHI, ;LAKSHISARAI | RIVER GANGA AT BARAHIYA, NEPALITOLA, MARANCHI, HATHIDAH AT MOKAMA, PATNA",2016 2017 2018 2019 2020 2021 2022 2023 2024,9,high,,25.315313,86.029821,Medium,ESRI_LIVINGATLAS_WQ_RIVERS_2023,Ganga,Patna,monthly,1
WQS0212,RIVER GANGA AT BARKAGAON,BIHAR,10115,RIVER GANGA AT BARKAGAON,2018,1,single_year,single-year station,,,Ambiguous / unresolved,,Ganga,,,1
WQS0213,"RIVER GANGA AT CHAMPANAGAR, BHAGALPUR",BIHAR,10138,"CHAMPANAGAR | RIVER GANGA AT CHAMPANAGAR | RIVER GANGA AT CHAMPANAGAR, BHAGALPUR | RIVER GANGA AT CHAMPANAGAR, RASIDPUR, BHAGALPUR",2017 2018 2019 2020 2021 2022 2023 2024,8,high,,25.242256,86.925987,Medium,ESRI_LIVINGATLAS_WQ_RIVERS_2023,Ganga,Bhagalpur,monthly,1
WQS0214,RIVER GANGA AT D/S BHAGALPUR NEAR BARARIGHAT,BIHAR,3118,RIVER GANGA AT D/S BHAGALPUR NEAR BARARIGHAT,2022 2023 2024,3,medium,,25.271603,87.025665,Medium,ESRI_LIVINGATLAS_WQ_RIVERS_2023,Ganga,Bhagalpur,monthly,1
WQS0215,"RIVER GANGA AT D/S NAWADAGHAT , BARH ,PATNA",BIHAR,10130,"D/S NAWADAGHAT | RIVER GANGA AT D/S NAWADAGHAT | RIVER GANGA AT D/S NAWADAGHAT , BARH ,PATNA | RIVER GANGA AT D/S NAWADGHAT, BARH, PATNA",2017 2018 2019 2020 2021,5,medium,,,,Ambiguous / unresolved,,Ganga,,,1
WQS0216,RIVER GANGA AT D/S SARIKPUR,BIHAR,10114,RIVER GANGA AT D/S SARIKPUR,2018,1,single_year,single-year station,,,Ambiguous / unresolved,,Ganga,,,1
WQS0217,"RIVER GANGA AT DIGHA, NEAR J P SETU, PATNA U/S",BIHAR,1077,"GANGA AT KHURJI, PATNA U/S | GANGA AT KURJI, PATNA U/S | GANGA U/S KHURJI, PATNA | RIVER GANGA AT DIGHA, NEAR J P SETU, PATNA U/S | RIVER GANGA AT KURJI, PATNA U/S",2016 2017 2018 2019 2020 2021 2022 2023 2024,9,high,,25.650869,85.115085,Medium,ESRI_LIVINGATLAS_WQ_RIVERS_2023,Ganga,Patna,monthly,1
WQS0218,"RIVER GANGA AT GANDHIGHAT, NIT PATNA",BIHAR,2552,"GANGA AT GANDHIGHAT, NIT AT PATNA | GANGA DARBHANGA GHAT AT PATNA | PATNA TO GANDHI GHAT/NIT GHAT | RIVER GANGA AT GANDHIGHAT, NIT PATNA",2016 2017 2018 2019 2020 2021 2022 2023 2024,9,high,,25.622179,85.172816,Medium,ESRI_LIVINGATLAS_WQ_RIVERS_2023,Ganga,Patna,monthly,1
WQS0219,"RIVER GANGA AT GULABI GHAT, PATNA",BIHAR,10115,"GANGA AT GULABI GHAT, PATNA | GANGA AT GULBI GHAT, PATNA | RIVER GANGA AT GULABI GHAT | RIVER GANGA AT GULABI GHAT, PATNA | RIVER GANGA TA GULABI GHAT, PATNA",2017 2019 2020 2021 2022 2023 2024,7,medium,,25.620356,85.179995,Medium,ESRI_LIVINGATLAS_WQ_RIVERS_2023,Ganga,Patna,monthly,1
WQS0220,"RIVER GANGA AT KEWALA GHAT,FATUHA, PATNA",BIHAR,2553,"GANGA AT FATUHA | GANGA AT KEWALA GHAT,FATUHA, PATNA | RIVER GANGA AT KEWALA GHAT,FATUHA, PATNA",2016 2017 2018 2019 2020 2021 2022 2023 2024,9,high,,25.511611,85.307417,Medium,ESRI_LIVINGATLAS_WQ_RIVERS_2023,Ganga,Patna,monthly,1
WQS0221,"RIVER GANGA AT MAA AMBIKA ASTHAN, AAMI, SARAN",BIHAR,10114,"GANGA AT MAA AMBIKA ASTHAN, AAMI, SARAN | RIVER GANGA AT MAA AMBIKA ASTHAN, AAMI, SARAN | RIVER GANGA TA MAA AMBIKA ASTHAN, AAMI, SARAN",2017 2019 2020 2021 2022 2023 2024,7,medium,,25.740235,84.963161,Medium,ESRI_LIVINGATLAS_WQ_RIVERS_2023,Ganga,Saran,monthly,1
WQS0222,RIVER GANGA AT MANJHIGHAT DIST. CHHAPRA(BIHAR),BIHAR | INTER-STATE,30076,GANGA AT MANJHIGHAT(BIHAR) | RIVER GANGA AT MANJHIGHAT DIST. CHHAPRA(BIHAR) | RIVER GANGA AT MANJHIGHAT(BIHAR),2020 2021 2022 2023 2024,5,high,,25.73321,84.62247,Medium,CPCB_NGT_GANGA_7,Ganga,,quarterly,1
WQS0223,"RIVER GANGA AT MOKAMA (U/S), MAHADEO ASTHAN, PATNA",BIHAR,1817,"GANGA AT MOKAMA (U/S) | GANGA AT MOKAMA (U/S), MAHADEO ASTHAN, PATNA | GANGA AT MOKAMA (U/s), MAHADEO ASTHAN, PATNA | GANGA U/S MOKAMA | RIVER GANGA AT MOKAMA (U/S), MAHADEO ASTHAN, PATNA",2016 2017 2018 2019 2020 2021 2022 2023 2024,9,high,,25.401104,85.923198,Medium,ESRI_LIVINGATLAS_WQ_RIVERS_2023,Ganga,Patna,monthly,1
WQS0224,"RIVER GANGA AT PATNA D/S (GANGA BRIDGE), GAIGHAT, PATNA",BIHAR,1079,"GANGA AT PATNA D/S (GANGA BRIDGE) | GANGA AT PATNA D/S (GANGA BRIDGE), GAIGHAT | GANGA D/S PATNA (GANGA BRIDGE) | RIVER GANGA AT PATNA D/S (GANGA BRIDGE), GAIGHAT | RIVER GANGA AT PATNA D/S (GANGA BRIDGE), GAIGHAT, PATNA",2016 2017 2018 2019 2020 2021 2022 2023 2024,9,high,,25.613753,85.204131,Medium,ESRI_LIVINGATLAS_WQ_RIVERS_2023,Ganga,Patna,monthly,1
WQS0225,"RIVER GANGA AT TRIVENI GHAT, PATNA",BIHAR,10122,"RIVER GANGA AT TRIVENI GHAT | RIVER GANGA AT TRIVENI GHAT, PATNA | TRIVENI GHAT",2017 2018 2019 2020 2021 2022 2023 2024,8,high,,25.515132,85.301372,Medium,ESRI_LIVINGATLAS_WQ_RIVERS_2023,Ganga,Patna,monthly,1
WQS0226,"RIVER GANGA AT U/S AJGABINATH MANDIR SULTANGANJ, BHAGALPUR",BIHAR,3117,"GANGA AT U/S SULATANGANJ | GANGA AT U/S SULTANGANJ | GANGA AT U/S SULTANGANJ, BHAGALPUR | RIVER GANGA AT U/S AJGABINATH MANDIR SULTANGANJ, BHAGALPUR | RIVER GANGA AT U/S SULTANGANJ, BHAGALPUR",2016 2017 2018 2019 2020 2021 2022 2023 2024,9,high,,25.252575,86.725558,Medium,ESRI_LIVINGATLAS_WQ_RIVERS_2023,Ganga,Munger,monthly,1
WQS0227,RIVER GANGA AT U/S BARAHPUR BINDTOLI,BIHAR,10131,RIVE GANGA AT U/S BARAHPUR BINDTOLI | RIVER GANGA AT U/S BARAHPUR BINDTOLI,2017 2018 2019 2020 2021,5,medium,,,,Ambiguous / unresolved,,Ganga,,,1
WQS0228,"RIVER GANGA AT U/S JAIL GHAT, BUXAR",BIHAR,10113,"GANGA AT U/S JAIL GHAT, BUXAR (D/S CONFLUENCE OF THORA RIVER) | RIVER GANGA AT U/S JAIL GHAT | RIVER GANGA AT U/S JAIL GHAT, BUXAR",2017 2018 2019 2020 2021 2022 2023 2024,8,medium,,25.51994,83.900847,Medium,CPCB_NGT_GANGA_7,Ganga,,monthly,1
WQS0229,"RIVER GANGA AT WATER INTAKE POINT, BHAGALPUR",BIHAR,4398,"GANGA RIVER AT WATER INTAKE POINT, BHAGALPUR | RIVER GANGA AT WATER INTAKE POINT, BHAGALPUR",2019 2020 2021 2022 2023 2024,6,high,,25.257757,86.978188,Medium,ESRI_LIVINGATLAS_WQ_RIVERS_2023,Ganga,Bhagalpur,monthly,1
WQS0230,RIVER GANGA D/S NEAR CREMATION GHAT,BIHAR,10143,"D/S NEAR CREMATION GHAT | RIVER GANGA D/S NEAR CREMATION GHAT | RIVER GANGA D/S NEAR CREMATION GHAT, KHALGOAN",2017 2018 2019 2020 2021 2022 2023 2024,8,high,,25.281489,87.247598,Medium,CPCB_NGT_GANGA_7,Ganga,,monthly,1
WQS0231,"RIVER GANGA D/S OF M/S NTPC, BARH WATER INTAKE POINT,PATHANICHAK, BINDTOLA BARH",BIHAR,10131,"RIVER GANGA D/S OF M/S NTPC, BARH WATER INTAKE POINT,PATHANICHAK, BINDTOLA BARH",2022 2023 2024,3,medium,,25.586863,84.693046,Medium,ESRI_LIVINGATLAS_WQ_RIVERS_2023,Ganga,Bhojpur,monthly,1
WQS0232,"RIVER GANGA NEAR DANAPUR (NEAR PIPA PUL) ,PATNA",BIHAR,3114,"GANGA NEAR DANAPUR (NEAR PIPA PUL) | GANGA NEAR DANAPUR (NEAR PIPA PUL) ,PATNA | GANGA RIVER NEAR DANAPUR (NEAR PIPAPUL) | RIVER GANGA NEAR DANAPUR (NEAR PIPA PUL) ,PATNA",2016 2017 2018 2019 2020 2021 2022 2023 2024,9,high,,,,Ambiguous / unresolved,ESRI_LIVINGATLAS_WQ_RIVERS_2023,Ganga,Buxar,monthly,1
WQS0233,"RIVER GANGA U/S OF M/S NTPC, BARH WATER INTAKE POINT, BARH",BIHAR,10130,"RIVER GANGA U/S OF M/S NTPC, BARH WATER INTAKE POINT, BARH",2022 2023 2024,3,medium,,24.890805,85.56,Low,ESRI_LIVINGATLAS_WQ_RIVERS_2023,Ganga,Nawada,monthly,1
WQS0234,"RIVER GANGI AT ARA, D/S",BIHAR,4404,"GANGI AT ARA, D/S | RIVER GANGI AT ARA, D/S",2019 2020 2021 2022 2023 2024,6,high,,25.724543,84.825249,Medium,ESRI_LIVINGATLAS_WQ_RIVERS_2023,,Saran,monthly,1
WQS0235,"RIVER GHAGHARA NEAR CHAPRA, RIVILGANJ, MANJHI, SARAN",BIHAR,1076,"GHAGHARA NEAR CHAPRA | GHAGHARA NEAR CHAPRA, BIHAR | GHAGHARA NEAR CHAPRA, RIBILGANJ, SARAN | RIVER GHAGHARA NEAR CHAPRA, RIBILGANJ, SARAN | RIVER GHAGHARA NEAR CHAPRA, RIVILGANJ, MANJHI, SARAN",2016 2017 2018 2019 2020 2021 2022 2023 2024,9,high,,25.771153,84.654639,Medium,ESRI_LIVINGATLAS_WQ_RIVERS_2023,,Saran,monthly,1
WQS0236,"RIVER HARBORA D/S AT NARKATIAGANJ, WEST CHAMPARAN",BIHAR,2558,"HARBORA AT NARKATIAGANJ | HARBORA RIVER AT NARKATIAGANJ | HARBORA RIVER AT NARKATIAGANJ, BIHAR | HARBORA RIVER AT NARKATIAGANJ, WEST CHAMPARAN | RIVER HARBORA AT NARKATIAGANJ, WEST CHAMPARAN | RIVER HARBORA D/S AT NARKATIAGANJ, WEST CHAMPARAN",2016 2017 2018 2019 2020 2021 2022 2023 2024,9,high,,27.105529,84.454541,Medium,ESRI_LIVINGATLAS_WQ_RIVERS_2023,,Pashchim Champaran,monthly,1
WQS0237,"RIVER HARBORA,U/S AT NARKATIAGANJ, WEST CHAMPARAN",BIHAR,3126,"RIVER HARBORA, U/S WEST CHAMPARAN | RIVER HARBORA,U/S AT NARKATIAGANJ, WEST CHAMPARAN | U/S HARBORA RIVER | U/S HARBORA RIVER, BIHAR | U/S HARBORA RIVER, WEST CHAMPARAN",2017 2018 2019 2020 2021 2022 2023 2024,8,medium,,27.094829,84.143868,Medium,ESRI_LIVINGATLAS_WQ_RIVERS_2023,,Pashchim Champaran,monthly,1
WQS0238,"RIVER HARHA AT BAGHA, LAURIYA ROAD BRIDGE",BIHAR,4399,"HARHA RIVER AT BAGHA, LAURIYA ROAD BRIDGE | RIVER HARHA AT BAGHA, LAURIYA ROAD BRIDGE",2019 2020 2021 2022 2023 2024,6,high,,27.096767,84.121881,Medium,ESRI_LIVINGATLAS_WQ_RIVERS_2023,,Pashchim Champaran,monthly,1
WQS0239,"RIVER KAMALA (BIHAR) AT JEEWACH GHAT, DARBHANGA",BIHAR,4299,"JEEWACH GHAT, DARBHANGA | KAMLA AT JEEWACH GHAT, DARBHANGA | RIVER KAMALA (BIHAR) AT JEEWACH GHAT, DARBHANGA | RIVER KAMALA (BIHAR) GANGA AT JEEWACH GHAT, DARBHANGA",2019 2020 2021 2022 2023 2024,6,high,,26.195014,85.998259,Medium,ESRI_LIVINGATLAS_WQ_RIVERS_2023,,Darbhanga,monthly,1
WQS0240,RIVER KAMALA AT BENIPATTI (MADHUBANI),BIHAR,2567,"KAMALA AT BENIPATTI (MADHUBANI) | KAMALA RIVER AT BENIPATTI (MADHUBANI) | KAMALA RIVER AT BENIPATTI (MADHUBANI), BIHAR | KAMLA RIVER AT BENIPATTI (MADHUBANI) | RIVER KAMALA AT BENIPATTI (MADHUBANI)",2016 2017 2018 2019 2020 2021 2022 2023 2024,9,high,,26.269758,86.268875,Medium,ESRI_LIVINGATLAS_WQ_RIVERS_2023,,Madhubani,monthly,1
WQS0241,"RIVER KAMALA AT GAUSAGHAT, DARBHANGA",BIHAR,2569,"KAMALA AT DARBHANGA | KAMALA RIVER AT DARBHANGA | KAMALA RIVER AT DARBHANGA, BIHAR | KAMLA RIVER AT DARBHANGA | RIVER KAMALA AT DARBHANGA | RIVER KAMALA AT GAUSAGHAT, DARBHANGA",2016 2017 2018 2019 2020 2021 2022 2023 2024,9,high,,26.135844,86.333137,Medium,ESRI_LIVINGATLAS_WQ_RIVERS_2023,,Madhubani,monthly,1
WQS0242,"RIVER KAMALA AT KAMALA GHAT NEAR BARRAGE ATJAYNAGAR , MADHUBANI",BIHAR,3133,"KAMALA AT JAYNAGAR, | KAMALA RIVER AT JAYNAGAR | KAMALA RIVER AT JAYNAGAR, BIHAR | KAMLA RIVER AT JAYNAGAR | RIVER KAMALA AT JAYNAGAR | RIVER KAMALA AT KAMALA GHAT NEAR BARRAGE ATJAYNAGAR , MADHUBANI",2016 2017 2018 2019 2020 2021 2022 2023 2024,9,high,,26.596857,86.144676,Medium,ESRI_LIVINGATLAS_WQ_RIVERS_2023,,Madhubani,monthly,1
WQS0243,"RIVER KOHRA D/S NEAR RAILWAY BRIDGE, MAJHAULIA, WEST CHAMPARAN",BIHAR,4294,"D/S KOHRA, RAJ GHAT, MANJHAULIA, | D/S KOHRA, RAJ GHAT, MANJHAULIA, WEST CHAMPARAN | RIVER KOHRA (GANGA) D/S RAJ GHAT, MANJHAULIA, WEST CHAMPARAN | RIVER KOHRA D/S NEAR RAILWAY BRIDGE, MAJHAULIA, WEST CHAMPARAN",2019 2020 2021 2022 2023 2024,6,high,,26.784669,84.655511,Medium,ESRI_LIVINGATLAS_WQ_RIVERS_2023,,Pashchim Champaran,monthly,1
WQS0244,"RIVER KOHRA U/S RAJ GHAT, MAJHAULIA, WEST CHAMPARAN",BIHAR,4293,"RIVER KOHRA (GANGA) U/S RAJ GHAT, MANJHAULIA, WEST CHAMPARAN | RIVER KOHRA U/S RAJ GHAT, MAJHAULIA, WEST CHAMPARAN | U/S KOHRA, RAJ GHAT, MANJHAULIA, WEST CHAMPARAN",2019 2020 2021 2022 2023 2024,6,high,,26.78378,84.65578,Medium,ESRI_LIVINGATLAS_WQ_RIVERS_2023,,Pashchim Champaran,monthly,1
WQS0245,"RIVER KOSHI AT BEERPUR, SUPAUL",BIHAR,3137,"KOSHI AT BEERPUR | KOSHI RIVER AT BEERPUR | KOSHI RIVER AT BEERPUR, | KOSHI RIVER AT BEERPUR, BIHAR | KOSHI RIVER AT BEERPUR, SUPAUL | RIVER KOSHI AT BEERPUR, SUPAUL",2016 2017 2018 2019 2020 2021 2022 2023 2024,9,high,,25.386081,87.092419,Medium,ESRI_LIVINGATLAS_WQ_RIVERS_2023,,Bhagalpur,monthly,1
WQS0246,RIVER KOSHI AT KURSHELA AT KATIHAR,BIHAR,2565,"KOSHI AT KURSHELA AT KATIHAR | KOSHI RIVER AT KURSHELA AT KATIHAR | KOSHI RIVER AT KURSHELA AT KATIHAR, BIHAR | RIVER KOSHI AT KURSHELA AT KATIHAR",2016 2017 2018 2019 2020 2021 2022 2023 2024,9,high,,25.42082,87.236262,Medium,ESRI_LIVINGATLAS_WQ_RIVERS_2023,,Katihar,monthly,1
WQS0247,RIVER KOSHI AT MADHEPURA,BIHAR,2566,"KOSHI AT MADHEPURA | KOSHI RIVER AT MADHEPURA | KOSHI RIVER AT MADHEPURA, BIHAR | RIVER KOSHI AT MADHEPURA",2016 2017 2018 2019 2020 2021 2022 2023 2024,9,high,,25.930352,86.801274,Medium,ESRI_LIVINGATLAS_WQ_RIVERS_2023,,Madhepura,monthly,1
WQS0248,RIVER LAKHANDEI SITAMARHI D/S,BIHAR,4401,RIVER LAKHANDEI D/S SITAMARHI AT PARORI ROAD BRIDGE | RIVER LAKHANDEI SITAMARHI D/S,2019 2020 2021 2022 2023 2024,6,high,,26.73899,85.541954,Medium,ESRI_LIVINGATLAS_WQ_RIVERS_2023,,Sitamarhi,monthly,1
WQS0249,RIVER LAKHANDEI SITAMARHI U/S,BIHAR,4400,RIVER LAKHANDEI SITAMARHI U/S | RIVER LAKHANDEI U/S SITAMARHI AT MEHANDI NAGAR,2019 2020 2021 2022 2023 2024,6,high,,26.588526,85.499289,Medium,ESRI_LIVINGATLAS_WQ_RIVERS_2023,,Sitamarhi,monthly,1
WQS0250,"RIVER MAHANANDA AT THAKURGANJ, KISHANGANJ ROAD BRIDGE, KISHANGANJ",BIHAR,2572,"MAHANANDA AT THAKURGANJ, KISHANGANJ ROAD BRIDGE | RIVER MAHANANDA AT THAKURGANJ, KISHANGANJ ROAD BRIDGE, KISHANGANJ",2016 2018 2021 2022 2023 2024,6,high,,26.392347,88.155896,Medium,ESRI_LIVINGATLAS_WQ_RIVERS_2023,,Kishanganj,monthly,1
WQS0251,"RIVER MANUSMAR AT PARSHURAMPUR, RIGA - BELSAND ROAD, SITAMARHI",BIHAR,4402,"MANUSMAR AT PARSHURAMPUR, RIGA - BELSUND ROAD, | MANUSMAR AT PARSHURAMPUR, RIGA - BELSUND ROAD, SITAMARHI | RIVER MANUSMAR AT PARSHURAMPUR, RIGA - BELSAND ROAD, SITAMARHI | RIVER MANUSMAR AT PARSHURAMPUR, RIGA - BELSUND ROAD, SITAMARHI",2019 2020 2021 2022 2023 2024,6,high,,25.527166,85.396373,Medium,ESRI_LIVINGATLAS_WQ_RIVERS_2023,,Vaishali,monthly,1
WQS0252,"RIVER MANUSMAR U/S (RIGA), SITAMARHI",BIHAR,3131,"RIVER MANUSMAR U/S (RIGA), SITAMARHI | U/S MANUSMAR RIVER (RIGA) | U/S MANUSMAR RIVER (RIGA), BIHAR | U/S MANUSMAR RIVER (RIGA), SITAMARHI | U/S MANUSMAR RIVER AT BAKHARI RIGA",2016 2017 2018 2019 2020 2021 2022 2023 2024,9,high,,26.658543,85.400266,Medium,ESRI_LIVINGATLAS_WQ_RIVERS_2023,,Sitamarhi,monthly,1
WQS0253,"RIVER PARMAR AT JOGBANI, ARARIA",BIHAR,1824,"FARMAR AT JOGBANI | FARMAR AT JOGBANI, BIHAR | RIVER PARMAR AT JOGBANI, ARARIA",2016 2017 2018 2021 2022 2023 2024,7,high,,26.399461,87.242477,Medium,ESRI_LIVINGATLAS_WQ_RIVERS_2023,,Araria,monthly,1
WQS0254,"RIVER PUNPUN AT OBRA, AURANGABAD",BIHAR,4406,"RIVER PUNPUN AT OBRA, AURANGABAD | RIVER SONE AT OBRA, AURANGABAD | SONE AT OBRA, AURANGABAD",2019 2020 2021 2022 2023 2024,6,high,,24.885016,84.213799,Medium,ESRI_LIVINGATLAS_WQ_RIVERS_2023,,Aurangabad,monthly,1
WQS0255,"RIVER RAMREKHA AT HARINAGAR, WEST CHAMPARAN",BIHAR,2559,"RAM REKHA RIVER AT HARINAGAR, | RAM REKHAAT HARINAGAR | RAMREKHA RIVER AT HARINAGAR | RAMREKHA RIVER AT HARINAGAR, WEST CHAMPARAN | RIVER RAMREKHA AT HARINAGAR, WEST CHAMPARAN",2016 2017 2018 2019 2020 2021 2022 2023 2024,9,high,,27.170083,84.322471,Medium,ESRI_LIVINGATLAS_WQ_RIVERS_2023,,Pashchim Champaran,monthly,1
WQS0256,"RIVER RAMREKHA AT U/S HARINAGAR, WEST CHAMPARAN",BIHAR,3130,"RAMREKHA RIVER AT U/S HARINAGAR | RAMREKHA RIVER AT U/S HARINAGAR, BIHAR | RAMREKHA RIVER AT U/S HARINAGAR, WEST CHAMPARAN | RAMREKHA U/S HARINAGAR | RIVER RAMREKHA AT U/S HARINAGAR, WEST CHAMPARAN",2016 2017 2018 2019 2020 2021 2022 2023 2024,9,high,,27.17026,84.322348,Medium,ESRI_LIVINGATLAS_WQ_RIVERS_2023,,Pashchim Champaran,monthly,1
WQS0257,"RIVER SIKRAHNA AT CHANPATIYA, NEAR CHANPATIYA ROAD BRIDGE, WEST CHAMPARAN",BIHAR,1820,"RIVER SIKRAHNA AT CHANPATIYA, EAST CHAMPARAN | RIVER SIKRAHNA AT CHANPATIYA, NEAR CHANPATIYA ROAD BRIDGE, WEST CHAMPARAN | SIKRAHNA AT CHANPATIYA | SIKRAHNA AT CHANPATIYA, EAST CHAMPARAN | SIKRANA AT CHANPATIYA | SIKRANA AT CHANPATIYA, BIHAR | SIKRANA AT CHANPATIYA, EAST CHAMPARAN",2016 2017 2018 2019 2020 2021 2022 2023 2024,9,high,,26.960335,84.534192,Medium,ESRI_LIVINGATLAS_WQ_RIVERS_2023,,Pashchim Champaran,monthly,1
WQS0258,"RIVER SIKRAHNA AT LAL PARSA, BETIAH, EAST CHAMPARAN",BIHAR,2575,"RIVER SIKRAHNA AT LAL PARSA, BETIAH, EAST CHAMPARAN | RIVER SIKRAHNA AT LAL PARSE, BITTIAH, EAST CHAMPARAN | SIKRAHNA AT LAL PARSE, BITTIAH | SIKRAHNA RIVER AT LAL PARSE, BITTIAH | SIKRAHNA RIVER AT LAL PARSE, BITTIAH, EAST CHAMPARAN | SIKRANA RIVER AT LAL PARSE, BITTIAH, BIHAR | SIKRANA RIVER AT LAL PARSE, BITTIAH, EAST CHAMPARAN",2016 2017 2018 2019 2020 2021 2022 2023 2024,9,high,,26.560646,85.052409,Medium,ESRI_LIVINGATLAS_WQ_RIVERS_2023,,Purbi Champaran,monthly,1
WQS0259,"RIVER SIKRAHNA LAURIA-NARKATIAGANJ ROAD BRIDGE, WEST CHAMPARAN",BIHAR,4291,"RIVER SIKRAHNA LAURIA-NARKATIAGANJ ROAD BRIDGE, WEST CHAMPARAN | SIKRANA AT LAURIA-NARKATIAGANJ ROAD BRIDGE, WEST CHAMPARAN",2019 2020 2021 2022 2023 2024,6,high,,27.105633,84.454622,Medium,ESRI_LIVINGATLAS_WQ_RIVERS_2023,,Pashchim Champaran,monthly,1
WQS0260,"RIVER SIRSIYA AT RAXAUL,BIRGANJ CHECK POST ROAD BRIDGE EAST CHAMPARAN",BIHAR,1822,"RIVER SIRSIYA AT RAXAUL, EAST CHAMPARAN | RIVER SIRSIYA AT RAXAUL,BIRGANJ CHECK POST ROAD BRIDGE EAST CHAMPARAN | SIRISWAA AT RUXOL, | SIRSA AT RUXOL | SIRSIYA AT RAXAUL | SIRSIYA AT RAXAUL, EAST CHAMPARAN",2016 2017 2018 2019 2020 2021 2022 2023 2024,9,medium,,26.98375,84.857739,Medium,ESRI_LIVINGATLAS_WQ_RIVERS_2023,,Purbi Champaran,monthly,1
WQS0261,"RIVER SIRSIYA D/S RAXAUL (KOERIA TOLA), EAST CHAMPARAN",BIHAR,3136,"RIVER SIRSIYA D/S RAXAUL (KOERIA TOLA), EAST CHAMPARAN | SIRISWA RIVER D/S RAXAUL (KOERIA TOLA), BIHAR | SIRSA D/S RAXAUL (KOERIA TOLA) | SIRSA RIVER D/S RAXAUL (KOERIA TOLA) | SIRSIYA RIVER D/S RAXAUL (KOERIA TOLA), EAST CHAMPARAN",2016 2017 2018 2019 2020 2021 2022 2023 2024,9,high,,26.988061,84.855244,Medium,ESRI_LIVINGATLAS_WQ_RIVERS_2023,,Purbi Champaran,monthly,1
WQS0262,RIVER SONE AT ARWAL NEAR BALUGHAT (SAHAR),BIHAR,4913,RIVER SONE AT ARWAL NEAR BALUGHAT (SAHAR),2022 2023 2024,3,high,,25.240939,84.643099,Medium,ESRI_LIVINGATLAS_WQ_RIVERS_2023,,Arwal,monthly,1
WQS0263,"RIVER SONE AT BAHIYARA, BHOJPUR",BIHAR,3127,"RIVER SONE AT BAHIYARA, BHOJPUR | SONE RIVER AT BAHIYARA | SONE RIVER AT BAHIYARA, BHOJPUR | SONE RIVER AT BAHIYARA, BIHAR",2016 2017 2018 2019 2020 2021 2022 2023 2024,9,high,,25.297742,84.678992,Medium,ESRI_LIVINGATLAS_WQ_RIVERS_2023,,Arwal,monthly,1
WQS0264,"RIVER SONE AT BANJARI NEAR BANJARI NEAR SUN TEMPLE KALYANPUR, ROHTAS",BIHAR,3121,"RIVER SONE AT BANJARI NEAR BANJARI NEAR SUN TEMPLE KALYANPUR, ROHTAS | RIVER SONE NEAR BANZARI, ROHTAS | SONE NEAR BANZARI | SONE RIVER NEAR BANZARI | SONE RIVER NEAR BANZARI, BIHAR | SONE RIVER NEAR BANZARI, ROHTAS",2016 2017 2018 2019 2020 2021 2022 2023 2024,9,high,,24.671905,84.010068,Medium,ESRI_LIVINGATLAS_WQ_RIVERS_2023,,Rohtas,monthly,1
WQS0265,"RIVER SONE AT INDRAPURI DAM, DEHRI ON SONE, ROHTAS",BIHAR,2556,"RIVER SONE AT INDRAPURI DAM, DEHRI ON SONE, ROHTAS | RIVER SONE AT INDRAPURI, DEHRI ON SONE, ROHTAS | SONE AT INDRAPURI, DEHRI ON SONE | SONE AT INDRAPURI, DEHRI ON SONE, ROHTAS",2017 2019 2020 2021 2022 2023 2024,7,high,,24.902403,84.2074,Medium,ESRI_LIVINGATLAS_WQ_RIVERS_2023,,Rohtas,monthly,1
WQS0266,"RIVER SONE AT KOILWAR, NEAR MANDIR, BHOJPUR",BIHAR,1075,"RIVER SONE AT KOELWAR, BHOJPUR | RIVER SONE AT KOILWAR, NEAR MANDIR, BHOJPUR | SONE AT KOELWAR | SONE AT KOELWAR, BHOJPUR | SONE AT KOELWAR, BIHAR",2016 2017 2018 2019 2020 2021 2022 2023 2024,9,high,,25.5753,84.798144,Medium,ESRI_LIVINGATLAS_WQ_RIVERS_2023,,Bhojpur,monthly,1
WQS0267,"RIVER SONE AT NASIRIGANJ DAM, ROHTAS",BIHAR,3128,"RIVER SONE AT NASIRIGANJ DAM, ROHTAS | SONE RIVER AT NASIRIGANJ DAM | SONE RIVER AT NASIRIGANJ DAM, BIHAR | SONE RIVER AT NASIRIGANJ DAM, ROHTAS",2016 2017 2018 2019 2020 2021 2022 2023 2024,9,high,,25.045209,84.332819,Medium,ESRI_LIVINGATLAS_WQ_RIVERS_2023,,Rohtas,monthly,1
WQS0268,"RIVER SONE AT ROAD BRIDGE-DEHRI-ON-SONE, ROHTAS",BIHAR,4298,"RIVER SONE AT ROAD BRIDGE-DEHRI-ON- SONE, ROHTAS | RIVER SONE AT ROAD BRIDGE-DEHRI-ON-SONE, ROHTAS | ROAD BRIDGE-DEHRI-ON- SONE, ROHTAS | ROAD BRIDGE-DEHRI-ON-SONE, ROHTAS",2019 2020 2021 2022 2023 2024,6,high,,24.902545,84.195807,Medium,ESRI_LIVINGATLAS_WQ_RIVERS_2023,,Rohtas,monthly,1
WQS0269,"RIVER SONE AT WATER INTAKE POINT BHARTIYA RAIL BIJALI CO. LTD (BRBCL) NAVINAGAR, AURANGABAD",BIHAR,4407,"RIVER SONE AT WATER INTAKE POINT BHARTIYA RAIL BIJALI CO. LTD (BRBCL) NAVINAGAR, AURANGABAD | SONE AT WATER INTAKE POINT BHARTIYA RAIL BIJALI CO. LTD (BRBCL) NAVINAGAR, AURANGABAD | SONE AT WATER INTAKE POINT BHARTIYA RAIL BIJALI CO. LTD. (BRBCL), NAVINAGAR, AURANGABAD",2019 2020 2021 2022 2023 2024,6,high,,24.887181,84.2106,Medium,ESRI_LIVINGATLAS_WQ_RIVERS_2023,,Aurangabad,monthly,1
WQS0270,"RIVER UNPUN NEAR PUNPUN ROAD BRIDGE, PUNPUN",BIHAR,3119,"RIVER UNPUN NEAR PUNPUN ROAD BRIDGE, PUNPUN",2022 2023 2024,3,medium,,25.513517,85.292658,Medium,ESRI_LIVINGATLAS_WQ_RIVERS_2023,,Patna,monthly,1
WQS0271,"SIKRAHNA RIVER AT LAUREA, HARINAGAR ROAD BRIDGE",BIHAR,3134,"RIVER SIKRAHNA AT LAUREA, HARINAGAR ROAD BRIDGE | RIVER SIKRAHNA AT LAURIA, HARINAGAR ROAD BRIDGE | SIKRAHNA AT LAUREA, HARINAGAR ROAD BRIDGE | SIKRAHNA RIVER AT LAUREA, HARINAGAR ROAD BRIDGE | SIKRANA RIVER AT LAUREA, HARINAGAR ROAD BRIDGE",2016 2017 2018 2019 2020 2021 2022 2023 2024,9,high,,26.148036,85.373764,Medium,ESRI_LIVINGATLAS_WQ_RIVERS_2023,,Muzaffarpur,monthly,1
WQS0272,U/S HARBORA BEFORE SUGAR MILL NEAR ROAD BRIDGE NARKATIGANJ,BIHAR,3126,U/S HARBORA BEFORE SUGAR MILL NEAR ROAD BRIDGE NARKATIGANJ,2016,1,single_year,single-year station,,,Ambiguous / unresolved,,,,,1
WQS0273,"ARPA RIVER D/S OF BILASPUR, CHHATISGARH.",CHHATTISGARH,1848,"ARPA D/S OF BILASPUR | ARPA RIVER D/S OF BILASPUR, CHHATISGARH. | RIVER ARPA D/S OF BILASPUR CITY AT CHECK DAM OUTLET NEAR DEORI KHURD, BILASPUR | RIVER ARPA D/S OF BILASPUR, CHHATISGARH.",2016 2017 2018 2019 2020 2021 2022 2023 2024,9,low,,,,Ambiguous / unresolved,,,,,1
WQS0274,DRINKING WATER INTAKE WELL OF MUNICIPAL CO. KORBA,CHHATTISGARH,3170,DRINKING WATER INTAKE WELL OF MUNICIPAL CO. KORBA,2018,1,single_year,single-year station,,,Ambiguous / unresolved,,,,,1
WQS0275,"HASDEO AT U/S KORBA, CHHATISGARH.",CHHATTISGARH,1105,"HASDEO AT U/S KORBA, | HASDEO AT U/S KORBA, CHHATISGARH. | HASDEO U/S KORBA | RIVER HASDEO AT U/S KORBA, CHHATISGARH. | RIVER HASDEO UP STREAM OF HASDEO BANGO HYDEL POWER STATION STATION MACHADOLI KORBA",2016 2017 2018 2019 2020 2021 2022 2023 2024,9,high,,,,Ambiguous / unresolved,,,,,1
WQS0276,"HASDEO AT U/S OF CHAMPA, CHHATISGARH.",CHHATTISGARH,1106,"HASDEO AT U/S OF CHAMPA | HASDEO AT U/S OF CHAMPA, CHHATISGARH. | HASDEO U/S OF CHAMPA | RIVER HASDEO AT U/S OF CHAMPA | RIVER HASDEO AT U/S OF CHAMPA CHHATTISGARH | RIVER HASDEO AT U/S OF CHAMPA, CHHATISGARH.",2016 2017 2018 2019 2020 2021 2022 2023 2024,9,high,,,,Ambiguous / unresolved,,,,,1
WQS0277,"KELO RIVER D/S OF RAIGARH, CHHATISGARH.",CHHATTISGARH,1850,"KELO D/S OF RAIGARH | KELO RIVER D/S OF RAIGARH, CHHATISGARH. | RIVER KELO D/S OF RAIGARH, CHHATISGARH.",2016 2017 2018 2019 2020 2021,6,medium,,,,Ambiguous / unresolved,,,,,1
WQS0278,"KELO RIVER U/S OF RAIGARH, CHHATISGARH.",CHHATTISGARH,1849,"KELO RIVER U/S OF RAIGARH, CHHATISGARH. | KELO U/S OF RAIGARH | RIVER KELO U/S OF RAIGARH, CHHATISGARH. | RIVER KELO U/S URDANA VILLAGE",2016 2017 2018 2019 2020 2021 2022 2023 2024,9,high,,,,Ambiguous / unresolved,,,,,1
WQS0279,"KHAROON AT RAIPUR U/S, CHHATISGARH.",CHHATTISGARH,1265,"KHAROON AT RAIPUR U/S, CHHATISGARH. | KHAROON U/S RAIPUR | RIVER KHAROON AT BHATAGAON NEAR WATER SUPPLY INTAKEWELL RAIPUR | RIVER KHAROON AT RAIPUR U/S, CHHATISGARH.",2016 2017 2019 2020 2021 2022 2023 2024,8,high,,,,Ambiguous / unresolved,,,,,1
WQS0280,"KHAROON RIVER A/C KHAPRI DRAIN, CHHATISGARH.",CHHATTISGARH,1846 | 1847,"KHAROON RIVER A/C KHAPRI DRAIN | KHAROON RIVER A/C KHAPRI DRAIN, CHHATISGARH. | RIVER KHAROON A/C KHAPRI DRAIN, CHHATISGARH. | RIVER KHAROON A/C KHAPRI NAHLA,CHHATTISGARH",2016 2017 2018 2019 2020 2021 2022 2023 2024,9,medium,,,,Ambiguous / unresolved,,,,,2
WQS0281,"KHAROON RIVER B/C KHAPRI DRAIN, DURG, RAIPUR ROAD BRIDGE, CHHATISGARH.",CHHATTISGARH,1846 | 1847,"KHAROON B/C KHAPRI DRAIN, DURG, RAIPUR ROAD BRIDGE | KHAROON RIVER B/C KHAPRI DRAIN, DURG, RAIPUR ROAD | KHAROON RIVER B/C KHAPRI DRAIN, DURG, RAIPUR ROAD BRIDGE, CHHATISGARH. | RIVER KHAROON B/C KHAPRI DRAIN, DURG, RAIPUR ROAD BRIDGE, CHHATISGARH. | RIVER KHAROON B/C KHAPRI NAHLA RAIPUR ROAD,CHHATTISGARH",2016 2017 2018 2019 2020 2021 2022 2023 2024,9,medium,,,,Ambiguous / unresolved,,,,,2
WQS0282,"KHAROON RIVER BUNDRI, RAIPUR, CHHATISGARH.",CHHATTISGARH,1853,"KHAROON BUNDRI, RAIPUR | KHAROON RIVER BUNDRI, RAIPUR, CHHATISGARH. | RIVER KHAROON AT VILLAGE BENDRI, NEAR WATER SUPPLY INTAKEWELL | RIVER KHAROON BUNDRI, RAIPUR, CHHATISGARH.",2016 2017 2018 2019 2020 2021 2022 2023 2024,9,high,,,,Ambiguous / unresolved,,,,,1
WQS0283,"MAHANADI AT ARRANG, RAIPUR, CHHATISGARH.",CHHATTISGARH,1852,"MAHANADI AT ARRANG, RAIPUR | MAHANADI AT ARRANG, RAIPUR, CHHATISGARH. | RIVER MAHANADI AT ARRANG, NEAR GANDHI BRIDGE | RIVER MAHANADI AT ARRANG, RAIPUR, CHHATISGARH.",2016 2017 2018 2019 2020 2021 2022 2023 2024,9,high,,,,Ambiguous / unresolved,,Mahanadi,,,1
WQS0284,"MAHANADI AT INTERSTATE BOUNDRY, CHHATISGARH.",CHHATTISGARH,1101,"MAHANADI AT INTERSTATE BOUN, CHHATISGARH. | MAHANADI AT INTERSTATE BOUNDRY | MAHANADI AT INTERSTATE BOUNDRY, CHHATISGARH. | RIVER MAHANADI AT INTERSTATE BOUNDRY, CHHATISGARH. | RIVER MAHANADI AT INTERSTATE BOUNDRY, NEAR SURJGARH VILLAGE",2016 2017 2018 2019 2020 2021 2022 2023 2024,9,high,,,,Ambiguous / unresolved,,Mahanadi,,,1
WQS0285,"MAHANADI AT KHARAD, CHHATISGARH.",CHHATTISGARH,1100,"MAHANADI AT KHARAD | MAHANADI AT KHARAD, CHHATISGARH. | RIVER MAHANADI AT KHARAD, CHHATISGARH. | RIVER MAHANADI AT KHAROD",2016 2017 2018 2019 2020 2021 2022 2023 2024,9,high,,,,Ambiguous / unresolved,,Mahanadi,,,1
WQS0286,"MAHANADI AT RUDRI U/S AT DHAMTORI RESERVOIR, CHHATISGARH.",CHHATTISGARH,1264,"MAHANADI AT RUDRI U/S AT DHAMTORI RESERVOIR, CHHAT | MAHANADI AT RUDRI U/S AT DHAMTORI RESERVOIR, CHHATISGARH. | MAHANADI U/S RUDRI DHAMTORI RESERVOIR | RIVER MAHANADI AT RUDRI RESERVOIR U/S AT RUDRI,DHAMTARI | RIVER MAHANADI AT RUDRI U/S AT DHAMTORI RESERVOIR, CHHATISGARH.",2016 2017 2018 2019 2020 2021 2022 2023 2024,9,high,,,,Ambiguous / unresolved,,Mahanadi,,,1
WQS0287,"MAHANADI AT SHEORINARAYAN VILLAGE, CHHATISGARH.",CHHATTISGARH,1282,"MAHANADI AT SHEORINARAYAN VILLAGE | MAHANADI AT SHEORINARAYAN VILLAGE, CHHATISGARH. | RIVER MAHANADI AT SHEORINARAYAN VILLAGE D/S NEAR ROAD BRIDGE | RIVER MAHANADI AT SHEORINARAYAN VILLAGE, CHHATISGARH.",2016 2017 2018 2019 2020 2021 2022 2023 2024,9,high,,,,Ambiguous / unresolved,,Mahanadi,,,1
WQS0288,"MAHANADI AT SIHAWA, CHHATISGARH.",CHHATTISGARH,1851,"MAHANADI AT SIHAWA | MAHANADI AT SIHAWA, CHHATISGARH. | RIVER MAHANADI AT SIHAWA, CHHATISGARH. | RIVER MAHANADI AT SIHAWA, ORIGIN POINT OF RIVER MAHANADI",2016 2017 2019 2020 2021 2022 2023 2024,8,high,,,,Ambiguous / unresolved,,Mahanadi,,,1
WQS0289,"MAHANADI AT U/S OF RAJIM, CHHATISGARH.",CHHATTISGARH,1099,"MAHANADI AT U/S OF RAJIM, CHHATISGARH. | MAHANADI U/S OF RAJIM | RIVER MAHANADI AT RAJIM,NEAR ROAD BRIDGE CHHATISGARH. | RIVER MAHANADI AT RAJIM,NEAR ROAD BRIDGE. | RIVER MAHANADI AT U/S OF RAJIM, CHHATISGARH.",2016 2018 2019 2020 2021 2022 2023 2024,8,high,,,,Ambiguous / unresolved,,Mahanadi,,,1
WQS0290,"RIVER HASDEO 100 METER DOWNSTREAM AFTER CONFLUENCE OF DENGUR NALLAH NERA C.S.E.B. EAST GUEST HOUSE, KORBA, CHHATISGARH.",CHHATTISGARH,3165,"HASDEO 100 METER D/S A/C OF DENGUR NALLAH NERA C.S.E.B. EAST GUEST HOUSE, KORBA | HASDEO RIVER 100 METER DOWNSTREAM AFTER CONFLUENCE | HASDEO RIVER 100 METER DOWNSTREAM AFTER CONFLUENCE OF DENGUR NALLAH NERA C.S.E.B. EAST GUEST HOUSE, KORBA, | HASDEO RIVER 100 METER DOWNSTREAM AFTER CONFLUENCE OF DENGUR NALLAH NERA C.S.E.B. EAST GUEST HOUSE, KORBA, CHHATISGARH. | RIVER HASDEO 100 METER DOWNSTREAM AFTER CONFLUENCE OF DENGUR NALLAH NERA C.S.E.B. EAST GUEST HOUSE, KORBA | RIVER HASDEO 100 METER DOWNSTREAM AFTER CONFLUENCE OF DENGUR NALLAH NERA C.S.E.B. EAST GUEST HOUSE, KORBA, CHHATISGARH.",2016 2017 2018 2019 2020 2021 2022 2023 2024,9,high,,,,Ambiguous / unresolved,,Mahanadi,,,1
WQS0291,"RIVER HASDEO AT DRINKING WATER INTANK WELL OF MUNICIPAL CO. KORBA (BEFORE TREATMENT ) AT LOHADIA VILLAGE,",CHHATTISGARH,3169,"DRINKING WATER INTAKE WELL OF MUNICIPAL CO. KORBA | DRINKING WATER INTAKE WELL OF MUNICIPAL CO. KORBA (BEFORE TREATMENT) AT KOHADIA VILLAGE, CHHATISGARH. | HASDEO AT DRINKING WATER INTAKE WELL OF MUNICIPAL CO. KORBA (BEFORE TREATMENT) AT KOHADIA VILLAGE, CHHATISGARH. | HASDEO, DRINKING WATER INTAKE WELL OF MUNICIPAL CO. KORBA (BEFORE TREATMENT) AT KOHADIA VILLAGE | RIVER HASDEO AT DRINKING WATER INTAKE WELL OF MUNICIPAL CO. KORBA (BEFORE TREATMENT) AT KOHADIA VILLAGE, CHHATISGARH. | RIVER HASDEO AT DRINKING WATER INTANK WELL OF MUNICIPAL CO. KORBA (BEFORE TREATMENT ) AT LOHADIA VILLAGE,",2016 2017 2019 2020 2021 2022 2023 2024,8,medium,,,,Ambiguous / unresolved,,,,,1
WQS0292,RIVER HASDEO DOWN STREAM OF HASDEO RIVER NEAR VILLAGE URGA KORBA,CHHATTISGARH,3168,"DOWNSTREAM OF HASDEO RIVER NEAR URGA VILLAGE KORBA | DOWNSTREAM OF HASDEO RIVER NEAR URGA VILLAGE KORBA, CHHATISGARH. | HASDEO D/S NEAR URGA VILLAGE KORBA | MAHANADI AT DOWNSTREAM OF HASDEO RIVER NEAR URGA VILLAGE KORBA, CHHATISGARH. | RIVER HASDEO DOWN STREAM OF HASDEO RIVER NEAR VILLAGE URGA KORBA | RIVER MAHANADI D/S OF HASDEO RIVER NEAR URGA VILLAGE KORBA, CHHATISGARH.",2016 2017 2018 2019 2020 2021 2022 2023 2024,9,high,,,,Ambiguous / unresolved,,Mahanadi,,,1
WQS0293,RIVER HASDEO DRINKING WATER INTAKE WELL OF MUNICIPAL CO. KORBA AFTER TREATMENT PLANT AT VILLAGE KOHADIA KORBA,CHHATTISGARH,3169 | 3170,"DRINKING WATER INTAKE WELL OF MUNICIPAL CO. KORBA | DRINKING WATER INTAKE WELL OF MUNICIPAL CO. KORBA (AFTER TREATMENT) AT KOHADIA VILLAGE, CHHATISGARH. | HASDEO AT DRINKING WATER INTAKE WELL OF MUNICIPAL CO. KORBA (AFTER TREATMENT) AT KOHADIA VILLAGE, CHHATISGARH. | HASDEO, DRINKING WATER INTAKE WELL OF MUNICIPAL CO. KORBA (AFTER TREATMENT) AT KOHADIA VILLAGE | RIVER HASDEO AT DRINKING WATER INTAKE WELL OF MUNICIPAL CO. KORBA (AFTER TREATMENT) AT KOHADIA VILLAGE, CHHATISGARH. | RIVER HASDEO DRINKING WATER INTAKE WELL OF MUNICIPAL CO. KORBA AFTER TREATMENT PLANT AT VILLAGE KOHADIA KORBA",2016 2017 2018 2019 2020 2021 2022 2023 2024,9,medium,,,,Ambiguous / unresolved,,,,,2
WQS0294,"RIVER INDRAVATI NELSONNAR,A/C OF DANTEWADA",CHHATTISGARH,1854,"INDRAVATI A/C DANTEWADA NELSONNAR, DANTEWADA | INDRAVATI RIVER A/C DANTEWADA RIVER, NELSONNAR, DANTEWADA, CHATTISGARH | INDRAVATI RIVER A/C DANTEWADA RIVER, NELSONNAR, DANTEWADA, CHHATISGARH. | RIVER INDRAVATI A/C DANTEWADA RIVER, NELSONNAR, DANTEWADA, CHHATISGARH. | RIVER INDRAVATI NELSONNAR,A/C OF DANTEWADA",2016 2019 2020 2021 2022 2023 2024,7,medium,,,,Ambiguous / unresolved,,,,,1
WQS0295,"RIVER INDRAVATI,PANDEMURGA B/C OF GODAVARI RIVER",CHHATTISGARH,1855,"INDRAVATI RIVER B/C GODAVARI AT BHOPALPATNAM, DANT | INDRAVATI RIVER B/C GODAVARI AT BHOPALPATNAM, DANTEWADA, CHATTISGARH | INDRAVATI RIVER B/C GODAVARI AT BHOPALPATNAM, DANTEWADA, CHHATISGARH. | RIVER INDRAVATI B/C GODAVARI AT BHOPALPATNAM, DANTEWADA, CHHATISGARH. | RIVER INDRAVATI,PANDEMURGA B/C OF GODAVARI RIVER",2017 2018 2019 2020 2021 2022 2023 2024,8,high,,,,Ambiguous / unresolved,,,,,1
WQS0296,RIVER KELO D/S LAHANGAPALI BRIDGE MIDMIDA VILLAGE,CHHATTISGARH,1850,RIVER KELO D/S LAHANGAPALI BRIDGE MIDMIDA VILLAGE,2022 2023 2024,3,medium,,,,Ambiguous / unresolved,,,,,1
WQS0297,"RIVER MAHANADI AFTER CONFL. OF RIVER MAND,NEAR BALPUR VILLAGE.",CHHATTISGARH,1467,"MAHANADI A/C WITH MAND | MAHANADI AFTER CONFL. WITH RIVER MAND, CHHATISGARH | MAHANADI AFTER CONFL. WITH RIVER MAND, CHHATISGARH. | RIVER MAHANADI AFTER CONFL. OF RIVER MAND,NEAR BALPUR VILLAGE. | RIVER MAHANADI AFTER CONFL. WITH RIVER MAND, CHHATISGARH.",2016 2017 2018 2019 2020 2021 2022 2023 2024,9,high,,,,Ambiguous / unresolved,,Mahanadi,,,1
WQS0298,"RIVER SEONATH AT JHINGHRI VILLAGE, A/C OF SAMODA NALLA, CHHATISGARH.",CHHATTISGARH,3166,"RIVER SEONATH AT JHINGHRI VILLAGE, A/C OF SAMODA NALLA, CHHATISGARH. | SEONATH AT JHINGHRI VILLAGE, A/C OF SAMODA NALLA, CHHATISGARH. | SHEONATH AT JHINGHRI VILLAGE, A/C OF SAMODA NALLA | SHEONATH AT JHINGHRI VILLAGE, A/C OF SAMODA NALLA,",2016 2017 2018 2019 2020 2021 2022 2023 2024,9,high,,,,Ambiguous / unresolved,,,,,1
WQS0299,RIVER SEONATH AT SHIMGA NEAR ROAD BRIDGE,CHHATTISGARH,1266,"RIVER SEONATH AT SHIMGA AFTER CONFL. WITH R. KHAROON, CHHATISGARH. | RIVER SEONATH AT SHIMGA NEAR ROAD BRIDGE | SEONATH AT SHIMGA A/C. WITH R. KHAROON | SEONATH AT SHIMGA AFTER CONFL. WITH R. KHAROON, | SEONATH AT SHIMGA AFTER CONFL. WITH R. KHAROON, CHHATISGARH.",2016 2017 2019 2020 2021 2022 2023 2024,8,high,,,,Ambiguous / unresolved,,,,,1
WQS0300,"RIVER SEONATH AT U/S RAJNANDGAON, CHHATISGARH.",CHHATTISGARH,1107,"RIVER SEONATH AT U/S RAJNANDGAON, | RIVER SEONATH AT U/S RAJNANDGAON, CHHATISGARH. | SEONATH AT U/S RAJNANDGAON, | SEONATH AT U/S RAJNANDGAON, CHHATISGARH. | SEONATH U/S RAJNANDGAON",2016 2017 2019 2020 2021 2022 2023 2024,8,high,,,,Ambiguous / unresolved,,,,,1
WQS0301,"RIVER SEONATH WATER SUPPLY WELL, DURG, CHHATISGARH.",CHHATTISGARH,1845,"RIVER SEONATH WATER SUPPLY WELL, DURG, CHHATISGARH. | SEONATH RIVER WATER SUPPLY WELL, DURG, CHHATISGARH | SEONATH RIVER WATER SUPPLY WELL, DURG, CHHATISGARH. | SEONATH WATER SUPPLY WELL, DURG",2016 2017 2018 2019 2020 2021 2022 2023 2024,9,high,,,,Ambiguous / unresolved,,,,,1
WQS0302,"RIVER SHANKNI DANTEWADA,A/C OF DANKANI RIVER",CHHATTISGARH,1856,"RIVER SHANKNI A/C DANKANI RIVER DANTEWADA, CHHATISGARH. | RIVER SHANKNI DANTEWADA,A/C OF DANKANI RIVER | SHANKNI A/C DANKANI DANTEWADA | SHANKNI RIVER A/C DANKANI RIVER DANTEWADA, CHHATIS | SHANKNI RIVER A/C DANKANI RIVER DANTEWADA, CHHATISGARH | SHANKNI RIVER A/C DANKANI RIVER DANTEWADA, CHHATISGARH.",2016 2017 2018 2019 2020 2021 2022 2023 2024,9,high,,,,Ambiguous / unresolved,,,,,1
WQS0303,"SEONATH AT RAJNANDGAON, D/S AT MOHAD, RAJNANDGAON, CHHATISGARH.",CHHATTISGARH,3167,"RIVER SEONATH AT MOHAD, RAJNANDGAON | RIVER SEONATH AT RAJNANDGAON, D/S AT MOHAD, RAJNANDGAON, CHHATISGARH. | SEONATH AT RAJNANDGAON, D/S AT MOHAD, RAJNANDGAON, CHHATISGARH. | SHEONATH AT RAJNANDGAON, D/S AT MOHAD, RAJNANDGAON",2016 2017 2018 2019 2020 2021 2022 2023 2024,9,high,,,,Ambiguous / unresolved,,,,,1
WQS0304,OKHLA BRIDGE (INLET OF AGRA CANAL),DELHI,,OKHLA BRIDGE (INLET OF AGRA CANAL),2016,1,single_year,single-year station,,,Ambiguous / unresolved,,Yamuna,,,1
WQS0305,RIVER YAMUNA AT ISBT BRIDGE,DELHI,5099,RIVER YAMUNA AT ISBT BRIDGE,2021 2022 2023 2024,4,high,,,,Ambiguous / unresolved,ESRI_LIVINGATLAS_WQ_RIVERS_2023,Yamuna,Prayagraj,,1
WQS0306,RIVER YAMUNA AT ITO BRIDGE,DELHI,5100,RIVER YAMUNA AT ITO BRIDGE,2021 2022 2023 2024,4,high,,28.62844,77.25616,Medium,ESRI_LIVINGATLAS_WQ_RIVERS_2023,Yamuna,Central,,1
WQS0307,"RIVER YAMUNA AT OKHLA AFTER MEETING OF SHAHDARA DRAIN, DELHI",DELHI,1812,"RIVER YAMUNA AT OKHLA AFTER MEETING OF SHAHDARA DRAIN, DELHI | YAMUNA AT OKHLA A/M OF SHAHDARA DRAIN | YAMUNA AT OKHLA AFTER MEETING OF SHAHDARA DRAIN, DELHI",2016 2017 2018 2019 2020 2021 2022 2023 2024,9,medium,,28.533295,77.330724,Medium,ESRI_LIVINGATLAS_WQ_RIVERS_2023,Yamuna,Gautam Buddha Nagar,monthly,1
WQS0308,RIVER YAMUNA AT PALLA,DELHI,10006,RIVER YAMUNA AT PALLA,2023,1,single_year,single-year station,,,Ambiguous / unresolved,ESRI_LIVINGATLAS_WQ_RIVERS_2023,Yamuna,North,monthly,1
WQS0309,RIVER YAMUNA AT PALLA (DELHI),DELHI | INTER-STATE,30026,"RIVER YAMUNA AT PALLA (DELHI) | YAMUNA AT PALLA, WAZIRABAD (DELHI)",2020 2021 2023 2024,4,high,,28.862454,77.207282,Medium,ESRI_LIVINGATLAS_WQ_RIVERS_2023,Yamuna,Baghpat,quarterly,1
WQS0310,"RIVER YAMUNA AT PALLA, DELHI",DELHI,1120,"RIVER YAMUNA AT PALLA, DELHI | YAMUNA AT PALLA, DELHI",2019 2020 2021 2022 2023 2024,6,medium,,,,Ambiguous / unresolved,ESRI_LIVINGATLAS_WQ_RIVERS_2023,Yamuna,North,monthly,1
WQS0311,RIVER YAMUNA AT WAZIRABAD,DELHI,1120 | 5098,"RIVER YAMUNA AT WAZIRABAD | YAMUNA AT WAZIRABAD | YAMUNA AT WAZIRABAD, DELHI",2016 2017 2018 2021 2022 2023 2024,7,high,,28.73409,77.23417,Medium,ESRI_LIVINGATLAS_WQ_RIVERS_2023,Yamuna,Central,,2
WQS0312,"YAMUNA AT NIZAMUDDIN, DELHI",DELHI,1121,"RIVER YAMUNA AT NIZAMUDDIN, DELHI | YAMUNA AT NIZAMUDDIN | YAMUNA AT NIZAMUDDIN, DELHI",2016 2017 2018 2019 2020 2021 2022 2023 2024,9,high,,28.598582,77.263308,Medium,ESRI_LIVINGATLAS_WQ_RIVERS_2023,Yamuna,East,monthly,1
WQS0313,"YAMUNA AT OKHLA BRIDGE (INLET OF AGRA CANAL), DELHI",DELHI,1375,"RIVER YAMUNA AT OKHLA BRIDGE (INLET OF AGRA CANAL), DELHI | YAMUNA AT OKHLA BRIDGE (INLET OF AGRA CANAL), DELHI",2017 2018 2019 2020 2021 2022 2023 2024,8,high,,28.566967,77.294665,Medium,ESRI_LIVINGATLAS_WQ_RIVERS_2023,Yamuna,South East,monthly,1
WQS0314,"AMRAVATI AT VILLAGE DADHAL , TA ANKLESHWAR, BHARUCH",GUJARAT,3203,"AMRAVATI AT VILLAGE DADHAL , TA ANKLESHWAR, BHARUC | AMRAVATI AT VILLAGE DADHAL , TA ANKLESHWAR, BHARUCH | RIVER AMRAVATI AT VILLAGE DADHAL , TA ANKLESHWAR, BHARUCH | RIVER AMRAVATI AT VILLAGE DADHAL , TA ANKLESHWAR, BHARUCHNR RAILWAY BRIDGE, AT VILLAGE DHADHAL , TA: ANKLESHWAR, DIST BHARUCH",2016 2017 2018 2019 2020 2021 2022 2023 2024,9,high,,21.635384,73.064972,Medium,ESRI_LIVINGATLAS_TS_2020_2025:CPCB,,Bharuch,,1
WQS0315,"KIM RIVER AT SAHOL BRIDGE, OLPAD HANSOT ROAD, DIST. SURAT",GUJARAT,2070,"KIM AT SAHOL BRIDGE, OLPAD HANSOT ROAD, DIST | KIM RIVER AT SAHOL BRIDGE, OLPAD HANSOT ROAD, DIST. SURAT | RIVER KIM AT SAHOL BRIDGE, OLPAD HANSOT ROAD, DIST | RIVER KIM AT SAHOL BRIDGE, OLPAD HANSOT ROAD, DIST. SURAT | RIVER KIM AT SAHOL BRIDGE, OLPAD HANSOT ROAD, DIST. SURATSAHOL, OLPAD HANSOT ROAD, SAHOL BRIDGE,SURAT",2016 2017 2018 2019 2020 2021 2022 2023 2024,9,high,,21.461094,72.726327,Medium,ESRI_LIVINGATLAS_TS_2020_2025:CPCB,Tapi,Bharuch,,1
WQS0316,MAHI AT MUJPUR,GUJARAT,1864,MAHI AT MUJPUR | RIVER MAHI AT MUJPUR,2016 2017 2018 2019 2020 2021 2022 2023 2024,9,high,,22.254744,72.982618,Medium,ESRI_LIVINGATLAS_WQ_RIVERS_2023,Mahi,Vadodara,monthly,1
WQS0317,MAHI AT SEVALIA,GUJARAT,4,"MAHI AT SEVALIA | MAHI AT SEVALIA, GUJARAT | RIVER MAHI AT SEVALIA",2016 2017 2018 2019 2020 2021 2022 2023 2024,9,high,,22.81225,73.359778,Medium,ESRI_LIVINGATLAS_WQ_RIVERS_2023,Mahi,Kheda,monthly,1
WQS0318,MAHI AT SHERKHI BRIDGE,GUJARAT | MADHYA PRADESH,3206,MAHI AT SHERKHI BRIDGE | RIVER MAHI AT SHERKHI BRIDGE | RIVER MAHI AT SHERKHI BRIDGESINDHROT BRIDGE- VADODARA | RIVER MAHI AT SHERKHI BRIDGESINDHROT BRIDGE-VADODARA,2016 2017 2019 2020 2021 2022 2023 2024,8,medium,,22.342339,73.054185,Medium,ESRI_LIVINGATLAS_WQ_RIVERS_2023,Mahi,Vadodara,monthly,1
WQS0319,MAHI AT UMETA BRIDGE,GUJARAT,1863,MAHI AT UMETA BRIDGE | RIVER MAHI AT UMETA BRIDGE,2016 2017 2018 2019 2020 2021 2022 2023 2024,9,high,,22.342298,73.052575,Medium,ESRI_LIVINGATLAS_WQ_RIVERS_2023,Mahi,Vadodara,monthly,1
WQS0320,MAHI AT VASAD,GUJARAT,5,"MAHI AT VASAD | MAHI AT VASAD, GUJARAT | RIVER MAHI AT VASAD",2016 2017 2018 2019 2020 2021 2022 2023 2024,9,high,,22.4405,73.073361,Medium,ESRI_LIVINGATLAS_WQ_RIVERS_2023,Mahi,Anand,monthly,1
WQS0321,"NARMADA AT ZANOR (NTPC), BHARUCH",GUJARAT,1981,"NARMADA AT ZANOR (NTPC), BHARUCH | RIVER NARMADA AT ZANOR (NTPC), BHARUCH | RIVER NARMADA AT ZANOR (NTPC), BHARUCHRIVER NARMADA AT ZANOR (NTPC), BHARUCH",2016 2017 2018 2019 2020 2021 2022 2023 2024,9,high,,21.714997,73.042891,Medium,ESRI_LIVINGATLAS_TS_2020_2025:CPCB,Narmada,Bharuch,,1
WQS0322,"RIVER ANAS AT DAHOD, (KUSHALGARH), DIST. PANCHMAHAL",GUJARAT,1228,"ANAS AT DAHOD, (KUSHALGARH), DIST. PANCHMAHAL | ANAS AT DAHOD, (KUSHALGARH), DIST. PANCHMAHAL, GUJ | ANAS AT DAHOD,(KUSHALGARH),DIST. PANCHMAHAL | RIVER ANAS AT DAHOD, (KUSHALGARH), DIST. PANCHMAHAL",2016 2017 2018 2019 2020 2021 2022 2023 2024,9,high,,22.846264,74.291789,Medium,ESRI_LIVINGATLAS_WQ_RIVERS_2023,,Dahod,monthly,1
WQS0323,"RIVER BHUKHI KHADI D/S OF GIDC SAYKHA, VILL: KOTHIYA TA: VAGRA, DIST BHARUCHRIVER BHUKHI KHADI D/S OF GIDC SAYKHA, VILL: KOTHIYA TA: VAGRA, DIST BHARUCH",GUJARAT,4419,"RIVER BHUKHI KHADI D/S OF GIDC SAYKHA, VILL: KOTHIYA TA: VAGRA, DIST BHARUCHRIVER BHUKHI KHADI D/S OF GIDC SAYKHA, VILL: KOTHIYA TA: VAGRA, DIST BHARUCH",2024,1,single_year,single-year station,21.832286,72.929571,Medium,ESRI_LIVINGATLAS_TS_2020_2025:CPCB,,Bharuch,,1
WQS0324,"RIVER BHUKHI KHADI, D/S OF GIDC VILAYAT, TA; VAGRA, DIST BHARUCHRIVER BHUKHI KHADI, D/S OF GIDC VILAYAT, TA; VAGRA, DIST BHARUCH",GUJARAT,4418,"RIVER BHUKHI KHADI, D/S OF GIDC VILAYAT, TA; VAGRA, DIST BHARUCHRIVER BHUKHI KHADI, D/S OF GIDC VILAYAT, TA; VAGRA, DIST BHARUCH",2024,1,single_year,single-year station,21.784199,72.912815,Medium,ESRI_LIVINGATLAS_TS_2020_2025:CPCB,,Bharuch,,1
WQS0325,"RIVER BHUKHI KHADI, U/S OF GIDC VILAYAT, TA; VAGRA, DIST BHARUCH.RIVER BHUKHI KHADI, U/S OF GIDC VILAYAT, TA; VAGRA, DIST BHARUCH.",GUJARAT,4417,"RIVER BHUKHI KHADI, U/S OF GIDC VILAYAT, TA; VAGRA, DIST BHARUCH.RIVER BHUKHI KHADI, U/S OF GIDC VILAYAT, TA; VAGRA, DIST BHARUCH.",2024,1,single_year,single-year station,21.795463,72.907146,Medium,ESRI_LIVINGATLAS_TS_2020_2025:CPCB,,Bharuch,,1
WQS0326,"RIVER KHARI AT LALI VILLAGE NEAR AHMEDABAD,",GUJARAT,1437,"KHARI AT LALI VILLAGE NEAR AHMEDABAD | KHARI AT LALI VILLAGE NEAR AHMEDABAD, | KHARI AT LALI VILLAGE NEAR AHMEDABAD, GUJARAT | RIVER KHARI AT LALI VILLAGE NEAR AHMEDABAD,",2016 2017 2018 2020 2021 2022 2023 2024,8,high,,22.868749,72.627351,Medium,ESRI_LIVINGATLAS_TS_2020_2025:CPCB,Sabarmati,Kheda,,1
WQS0327,"RIVER MAHI ABOUT 500 METERS D/S OF KADANA DAM NEAR BRIDGE, PANCHMAHAL, GUJARAT (RAJASTHAN AND GUJARAT)",GUJARAT,30050,"RIVER MAHI ABOUT 500 METERS D/S OF KADANA DAM NEAR BRIDGE, PANCHMAHAL, GUJARAT (RAJASTHAN AND GUJARAT) | RIVER MAHI AT KADANA DAM, (GUJARAT)",2021 2022 2023 2024,4,high,,23.306304,73.824755,Medium,ESRI_LIVINGATLAS_WQ_RIVERS_2023,Mahi,Mahisagar,yearly,1
WQS0328,"RIVER MAHI AFTER CONF. WITH ANAS AT PARDI (BANASWADA),",GUJARAT,1230,"MAHI AFTER CONF. WITH ANAS AT PARDI (BANASWADA) | MAHI AFTER CONF. WITH ANAS AT PARDI (BANASWADA), | MAHI AFTER CONF. WITH ANAS AT PARDI (BANASWADA), G | RIVER MAHI AFTER CONF. WITH ANAS AT PARDI (BANASWADA),",2016 2017 2018 2019 2020 2021 2022 2023 2024,9,high,,23.324822,73.9021,Medium,ESRI_LIVINGATLAS_WQ_RIVERS_2023,Mahi,Mahisagar,monthly,1
WQS0329,RIVER MAHI AT DODKAVILLAGE : PRATHAMPURA,GUJARAT,4415,RIVER MAHI AT DODKA | RIVER MAHI AT DODKAVILLAGE : PRATHAMPURA,2021 2022 2023 2024,4,medium,,22.460278,73.093889,Medium,ESRI_LIVINGATLAS_WQ_RIVERS_2023,Mahi,Anand,monthly,1
WQS0330,"RIVER MAHI AT SINDHORT WEIR,GUJARAT",GUJARAT,3206,"RIVER MAHI AT SINDHORT WEIR,GUJARAT",2018,1,single_year,single-year station,,,Ambiguous / unresolved,,,,,1
WQS0331,"RIVER MAHI AT VIRPUR,",GUJARAT,1231,"MAHI AT VIRPUR | MAHI AT VIRPUR, | MAHI AT VIRPUR, GUJARAT | RIVER MAHI AT VIRPUR,",2016 2017 2018 2019 2020 2021 2022 2023 2024,9,high,,23.152072,73.551372,Medium,ESRI_LIVINGATLAS_WQ_RIVERS_2023,Mahi,Mahisagar,monthly,1
WQS0332,"RIVER MAHI NEAR RAJASTHAN BORDER AT KADANA DAM,",GUJARAT,1229,"MAHI NEAR RAJASTHAN BORDER AT KADANA DAM | MAHI NEAR RAJASTHAN BORDER AT KADANA DAM, | MAHI NEAR RAJASTHAN BORDER AT KADANA DAM, GUJARAT | RIVER MAHI NEAR RAJASTHAN BORDER AT KADANA DAM,",2016 2017 2018 2019 2020 2021 2022 2023 2024,9,high,,23.285842,73.831736,Medium,ESRI_LIVINGATLAS_WQ_RIVERS_2023,Mahi,Mahisagar,monthly,1
WQS0333,"RIVER MESHWA NEAR RAJASTHAN BORDER D/S AT SAMLAJI,DIST: ARVALI",GUJARAT,1224,"MESHWA NEAR RAJASTHAN BORDER AT SAMLAJI | MESHWA NEAR RAJASTHAN BORDER AT SAMLAJI, | MESHWA NEAR RAJASTHAN BORDER AT SAMLAJI, GUJARAT | RIVER MESHWA NEAR RAJASTHAN BORDER AT SAMLAJI, | RIVER MESHWA NEAR RAJASTHAN BORDER D/S AT SAMLAJI,DIST: ARVALI | RIVER MESHWA NEAR RAJASTHAN BORDER D/S AT SAMLAJI,Dist: Arvali",2016 2017 2018 2021 2022 2023 2024,7,high,,,,Ambiguous / unresolved,,Sabarmati,,,1
WQS0334,"RIVER NARMADA AT BHARUCH, ZADESHVAR,",GUJARAT,1243,"NARMADA AT BHARUCH, ZADESHVAR | NARMADA AT BHARUCH, ZADESHVAR, | NARMADA AT BHARUCH, ZADESHVAR, GUJARAT | NARMADA AT BHARUCH,ZADESHVAR | RIVER NARMADA AT BHARUCH, ZADESHVAR,",2016 2017 2018 2019 2020 2021 2022 2023 2024,9,high,,21.665906,72.916681,Medium,ESRI_LIVINGATLAS_TS_2020_2025:CPCB,Narmada,Bharuch,,1
WQS0335,"RIVER NARMADA AT CHANDOD,",GUJARAT,1245,"NARMADA AT CHANDOD | NARMADA AT CHANDOD, | NARMADA AT CHANDOD, GUJARAT | RIVER NARMADA AT CHANDOD,",2016 2017 2018 2019 2020 2021 2022 2023 2024,9,high,,21.983722,73.456331,Medium,ESRI_LIVINGATLAS_TS_2020_2025:CPCB,Narmada,Vadodara,,1
WQS0336,RIVER NARMADA AT GARUDESHWAR,GUJARAT,7,"NARMADA AT GARUDESHWAR | NARMADA AT GARUDESHWAR, GUJARAT | RIVER NARMADA AT GARUDESHWAR",2016 2018 2019 2020 2021 2022 2023 2024,8,high,,21.887833,73.645444,Medium,ESRI_LIVINGATLAS_TS_2020_2025:CPCB,Narmada,Narmada,,1
WQS0337,"RIVER NARMADA AT NAVAGAM, NEAR GORA COLONY, KEVADIA, GUJARAT (GUJARAT AND MADHYA PRADESH)",GUJARAT,30048,"RIVER NARMADA AT GORA BRIDGE, NAVAGAM (GUJARAT) | RIVER NARMADA AT NAVAGAM, NEAR GORA COLONY, KEVADIA, GUJARAT (GUJARAT AND MADHYA PRADESH)",2021 2022 2023 2024,4,high,,21.862147,73.693991,Medium,ESRI_LIVINGATLAS_TS_2020_2025:CPCB,Narmada,Narmada,,1
WQS0338,"RIVER NARMADA AT PANETHA,",GUJARAT,1244,"NARMADA AT PANETHA | NARMADA AT PANETHA, | NARMADA AT PANETHA, GUJARAT | RIVER NARMADA AT PANETHA,",2016 2017 2018 2019 2020 2021 2022 2023 2024,9,high,,21.950608,73.584697,Medium,ESRI_LIVINGATLAS_TS_2020_2025:CPCB,Narmada,Narmada,,1
WQS0339,"RIVER PANAM AT LUNAWADA,",GUJARAT,1227,"PANAM AT LUNAWADA | PANAM AT LUNAWADA, | PANAM AT LUNAWADA, GUJARAT | RIVER PANAM AT LUNAWADA,",2016 2017 2018 2019 2020 2021 2022 2023 2024,9,high,,23.055164,73.716378,Medium,ESRI_LIVINGATLAS_WQ_RIVERS_2023,Sabarmati,Mahisagar,monthly,1
WQS0340,"RIVER SABARMATI AFTER CONF. WITH MESHWA AT VAUTHA (NEAR DHOKLA),",GUJARAT,1223,"RIVER SABARMATI AFTER CONF. WITH MESHWA AT VAUTHA (NEAR DHOKLA), | SABARMATI A/C WITH MESHWA AT VAUTHA NEAR DHOKLA | SABARMATI AFTER CONF. WITH MESHWA AT VAUTHA (NEAR | SABARMATI AFTER CONF. WITH MESHWA AT VAUTHA (NEAR DHOKLA),",2016 2017 2018 2019 2020 2021 2022 2023 2024,9,high,,22.721547,72.530103,Medium,ESRI_LIVINGATLAS_WQ_RIVERS_2023,Sabarmati,Ahmedabad,monthly,1
WQS0341,"RIVER SABARMATI AT AHMEDABAD D/SVILL: MIROLI,TALUKA DASCROI, AHMEDABAD,",GUJARAT,10015,"RIVER SABARMATI AT AHMEDABAD D/S | RIVER SABARMATI AT AHMEDABAD D/SVILL: MIROLI,TALUKA DASCROI, AHMEDABAD,",2021 2022 2023 2024,4,high,,22.915326,72.515828,Medium,ESRI_LIVINGATLAS_WQ_RIVERS_2023,Sabarmati,Ahmedabad,monthly,1
WQS0342,"RIVER SABARMATI AT AHMEDABAD U/SHANSOL, AHMEDABAD",GUJARAT,10014,"RIVER SABARMATI AT AHMEDABAD U/S | RIVER SABARMATI AT AHMEDABAD U/SHANSOL, AHMEDABAD",2021 2022 2023 2024,4,high,,23.158286,72.673413,Medium,ESRI_LIVINGATLAS_WQ_RIVERS_2023,Sabarmati,Gandhinagar,monthly,1
WQS0343,"RIVER SABARMATI AT DHAROI DAM, DIST. MEHSANA.RIVER SABARMATI TA DHAROI DAM, TAL : SATALASANA, DIST : MEHSANA",GUJARAT,2075,"DHAROI DAM, DIST. MEHSANA. | RIVER SABARMATI AT DHAROI DAM, DIST. MEHSANA. | RIVER SABARMATI AT DHAROI DAM, DIST. MEHSANA.RIVER SABARMATI TA DHAROI DAM, TAL : SATALASANA, DIST : MEHSANA",2019 2020 2021 2022 2023 2024,6,high,,24.004247,72.854736,Medium,ESRI_LIVINGATLAS_WQ_RIVERS_2023,Sabarmati,Sabar Kantha,monthly,1
WQS0344,"RIVER SABARMATI AT GANDHI NAGAR CHILODA BRIDGE, LEKAWADA,",GUJARAT,1407,"RIVER SABARMATI AT GANDHI NAGAR CHILODA BRIDGE, LEKAWADA, | SABARMATI AT GANDHI NAGAR CHILODA BRIDGE, LEKAWADA | SABARMATI AT GANDHI NAGAR CHILODA BRIDGE, LEKAWADA, | SABARMATI AT GANDHI NAGAR CHILODA BRIDGE,LEKAWADA",2016 2017 2018 2019 2020 2022 2023 2024,8,high,,23.245906,72.68218,Medium,ESRI_LIVINGATLAS_WQ_RIVERS_2023,Sabarmati,Gandhinagar,monthly,1
WQS0345,"RIVER SABARMATI AT HANSAOL BRIDGE,",GUJARAT,1866,"RIVER SABARMATI AT HANSAOL BRIDGE, | RIVER SABARMATI AT HANSAOL BRIDGE, GUJARAT | SABARMATI AT HANSAOL BRIDGE | SABARMATI RIVER AT HANSAOL BRIDGE,",2016 2017 2018 2019 2020 2021 2022 2023 2024,9,high,,23.090926,72.629239,Medium,ESRI_LIVINGATLAS_WQ_RIVERS_2023,Sabarmati,Ahmedabad,monthly,1
WQS0346,"RIVER SABARMATI AT KHEROJ BRIDGE,",GUJARAT,1221,"RIVER SABARMATI AT KHEROJ BRIDGE, | SABARMATI AT KHEROJ BRIDGE | SABARMATI AT KHEROJ BRIDGE,",2016 2017 2019 2020 2021 2022 2023 2024,8,high,,24.22986,73.005317,Medium,ESRI_LIVINGATLAS_WQ_RIVERS_2023,Sabarmati,Banas Kantha,monthly,1
WQS0347,"RIVER SABARMATI AT KHEROJ BRIDGE, SABARKANTHA, AMBAJI HIGHWAY, KHEROJ, GUJARAT (RAJASTHAN AND GUJARAT)",GUJARAT,30042,"RIVER SABARMAATI AT KHEROJ BRIDGE, SABARKANTHA, AMBAJI HIGHWAY, KHEROJ, GUJARAT (RAJASTHAN AND GUJARAT) | RIVER SABARMATI AT KHEROJ BRIDGE, SABARKANTHA, AMBAJI HIGHWAY, KHEROJ, GUJARAT (RAJASTHAN AND GUJARAT)",2022 2023 2024,3,high,,24.229932,73.005797,Medium,ESRI_LIVINGATLAS_WQ_RIVERS_2023,Sabarmati,Banas Kantha,yearly,1
WQS0348,"RIVER SABARMATI AT MAHUDI JAIN TEMPLE, 150 KM. FORM ORIGIN,",GUJARAT,1482,"RIVER SABARMATI AT MAHUDI JAIN TEMPLE, 150 KM. FORM ORIGIN, | SABARMATI AT MAHUDI JAIN TEMPLE, 150 KM. FORM ORIG | SABARMATI AT MAHUDI JAIN TEMPLE, 150 KM. FORM ORIGIN | SABARMATI AT MAHUDI JAIN TEMPLE, 150 KM. FORM ORIGIN,",2016 2017 2018 2019 2020 2022 2023 2024,8,high,,23.496903,72.796265,Medium,ESRI_LIVINGATLAS_WQ_RIVERS_2023,Sabarmati,Gandhinagar,monthly,1
WQS0349,"RIVER SABARMATI AT RAILWAY BRIDGE AHMEDABAD,",GUJARAT,1409,"RIVER SABARMATI AT RAILWAY BRIDGE AHMEDABAD, | SABARMATI AT RAILWAY BRIDGE AHMEDABAD | SABARMATI AT RAILWAY BRIDGE AHMEDABAD, | SABARMATI AT RAILWAY BRIDGE AHMEDABAD, GUJARAT",2016 2017 2018 2019 2020 2021 2022 2023 2024,9,high,,23.06353,72.589064,Medium,ESRI_LIVINGATLAS_WQ_RIVERS_2023,Sabarmati,Ahmedabad,monthly,1
WQS0350,"RIVER SABARMATI AT VILL. MIROLI TALUKA DASCROI, AHMEDABAD,",GUJARAT,1408,"RIVER SABARMATI AT VILL. MIROLI TALUKA DASCROI, AHMEDABAD, | SABARMATI AT VILL. MIROLI TALUKA DASCROI, | SABARMATI AT VILL. MIROLI TALUKA DASCROI, AHMEDABA | SABARMATI AT VILL. MIROLI TALUKA DASCROI, AHMEDABAD, | SABARMATI AT VILL. MIROLI TALUKA DASCROI,AHMEDABAD",2016 2017 2018 2019 2020 2021 2022 2023 2024,9,high,,23.031314,72.575114,Medium,ESRI_LIVINGATLAS_WQ_RIVERS_2023,Sabarmati,Ahmedabad,monthly,1
WQS0351,"RIVER SHEDHI AT KHEDA,",GUJARAT,1222,"RIVER SHEDHI AT KHEDA, | SHEDHI AT KHEDA | SHEDHI AT KHEDA, | SHEDHI AT KHEDA, GUJARAT",2016 2017 2018 2020 2021 2022 2023 2024,8,high,,22.739321,72.679059,Medium,ESRI_LIVINGATLAS_TS_2020_2025:CPCB,Sabarmati,Kheda,,1
WQS0352,"RIVER TAPI AT KUKURMUNDA BRIDGE, NIZHAR ROAD, NEAR VILLAGE KUKURMUNDA, GUJARAT (MAHARASHTRA AND GUJARAT)",GUJARAT,30045,"RIVER TAPI AT KUKURMUNDA BRIDGE, NIZHAR ROAD, NEAR VILLAGE KUKURMUNDA, GUJARAT (MAHARASHTRA AND GUJARAT) | RIVER TAPI AT KURKURMUNDA BRIDGE, NIZHAR ROAD, NEAR KURKURMUNDA VILLAGE, GUJARAT",2021 2022 2023 2024,4,high,,21.479147,74.194227,Medium,ESRI_LIVINGATLAS_TS_2020_2025:CPCB,Tapi,Surat,,1
WQS0353,"RIVER TAPI AT MANDAVI,",GUJARAT,1247,"RIVER TAPI AT MANDAVI, | TAPI AT MANDAVI | TAPI AT MANDAVI, | TAPI AT MANDAVI, GUJARAT",2016 2017 2018 2019 2020 2021 2022 2023 2024,9,high,,21.247908,73.301033,Medium,ESRI_LIVINGATLAS_TS_2020_2025:CPCB,Tapi,Surat,,1
WQS0354,"RIVER TAPI AT SURAT U/S KATHORE,RIVER TAPI NEAR LIMDESHWAR MAHDEV AT KATHOR",GUJARAT,1248,"RIVER TAPI AT SURAT U/S KATHORE, | RIVER TAPI AT SURAT U/S KATHORE,RIVER TAPI NEAR LIMDESHWAR MAHDEV AT KATHOR | TAPI AT SURAT U/S KATHORE | TAPI AT SURAT U/S KATHORE, | TAPI AT SURAT U/S KATHORE, GUJARAT | TAPI U/S SURAT KATHORE",2016 2017 2018 2019 2020 2021 2022 2023 2024,9,high,,21.2855,72.935483,Medium,ESRI_LIVINGATLAS_TS_2020_2025:CPCB,Tapi,Surat,,1
WQS0355,SABARMATI AT AHMEDABAD AT V.N. BRIDGE,GUJARAT,2,"RIVER SABARMATI AT AHMEDABAD AT V.N. BRIDGE | SABARMATI AT AHMEDABAD AT V.N. BRIDGE | SABARMATI AT AHMEDABAD AT V.N. BRIDGE, GUJARAT",2016 2017 2018 2019 2020 2021 2022 2023 2024,9,high,,22.982611,72.543139,Medium,ESRI_LIVINGATLAS_WQ_RIVERS_2023,Sabarmati,Ahmedabad,monthly,1
WQS0356,SABARMATI AT DHAROI DAM,GUJARAT,1,"RIVER SABARMATI AT DHAROI DAM | SABARMATI AT DHAROI DAM | SABARMATI AT DHAROI DAM, GUJARAT",2016 2017 2018 2019 2020 2021 2022 2023 2024,9,high,,24.004528,72.853278,Medium,ESRI_LIVINGATLAS_WQ_RIVERS_2023,Sabarmati,Mahesana,monthly,1
WQS0357,"TAPI AT KATHORE, (NH-8 BRIDGE)",GUJARAT,47,"RIVER TAPI AT KATHORE, (NH-8 BRIDGE) | RIVER TAPI AT KATHORE, (NH-8 BRIDGE)RIVER TAPI AT KATHORE, (NH-8 BRIDGE) U/S OF SURAT | RIVER TAPI AT KATHORE, (NH-8 BRIDGE)RIVER TAPI AT KATHORE, (NH-8 BRIDGE) U/S OF SURAT CITY | TAPI AT KATHORE, (NH-8 BRIDGE) | TAPI AT KATHORE, (NH-8 BRIDGE), GUJARAT | TAPI AT KATHORE, (NH8 BRIDGE)",2016 2017 2018 2019 2020 2021 2022 2023 2024,9,high,,,,Ambiguous / unresolved,,Tapi,,,1
WQS0358,"TAPI AT RANDER BRIDGE, SURAT",GUJARAT,1982,"RIVER TAPI AT RANDER BRIDGE, SURAT | RIVER TAPI AT RANDER BRIDGE, SURATRANDER,SURAT | TAPI AT RANDER BRIDGE, SURAT",2016 2017 2018 2019 2020 2021 2022 2023 2024,9,high,,21.194545,72.811552,Medium,ESRI_LIVINGATLAS_TS_2020_2025:CPCB,Tapi,Surat,,1
WQS0359,"TAPI AT UKAI, SHERULA BRIDGE",GUJARAT,46,"RIVER TAPI AT UKAI, SHERULA BRIDGE | TAPI AT UKAI, SHERULA BRIDGE | TAPI AT UKAI, SHERULA BRIDGE, GUJARAT",2016 2017 2018 2019 2020 2021 2022 2023 2024,9,high,,21.259844,73.565783,Medium,ESRI_LIVINGATLAS_TS_2020_2025:CPCB,Tapi,Surat,,1
WQS0360,"TAPI RIVER AT ONGC BRIDGE AT SURAT, DIST. SURAT",GUJARAT,2071,"RIVER TAPI AT ONGC BRIDGE AT SURAT, | RIVER TAPI AT ONGC BRIDGE AT SURAT, DIST. SURAT | RIVER TAPI AT ONGC BRIDGE AT SURAT, DIST. SURATHAZIRA,SURAT | TAPI AT ONGC BRIDGE AT SURAT, DIST. SURAT | TAPI RIVER AT ONGC BRIDGE AT SURAT, DIST. SURAT",2016 2017 2018 2019 2020 2021 2022 2023 2024,9,high,,21.148919,72.743684,Medium,ESRI_LIVINGATLAS_TS_2020_2025:CPCB,Tapi,Surat,,1
WQS0361,TAPI RIVER NEAR BARDOLI (KAPP BRIDGE) BARDOLI,GUJARAT,1983,"RIVER TAPI NEAR BARDOLI (KAPP BRIDGE) BARDOLI | RIVER TAPI NEAR BARDOLI (KAPP BRIDGE) BARDOLIKAKRAPAR,SURAT | TAPI NEAR BARDOLI (KAPP BRIDGE) BARDOLI | TAPI RIVER NEAR BARDOLI (KAPP BRIDGE) BARDOLI",2016 2017 2018 2019 2020 2021 2022 2023 2024,9,high,,21.221618,73.170007,Medium,ESRI_LIVINGATLAS_TS_2020_2025:CPCB,Tapi,Surat,,1
WQS0362,VISHWAMITRI DOWNSTREAM AT KHALIPUR VILLAG,GUJARAT,3204,VISHWAMITRI DOWNSTREAM AT KHALIPUR VILLAG,2016,1,single_year,single-year station,,,Ambiguous / unresolved,,,,,1
WQS0363,"VISHWAMITRI, UPSTREAM AT ASOD BRIDGE AT NH-8 NEAR GLDEN CHOKDI, ASOD VEMALI ROAD",GUJARAT,3205,"VISHWAMITRI, UPSTREAM AT ASOD BRIDGE AT NH-8 NEAR GLDEN CHOKDI, ASOD VEMALI ROAD",2016,1,single_year,single-year station,22.255227,73.165754,Medium,ESRI_LIVINGATLAS_TS_2020_2025:CPCB,,Vadodara,,1
WQS0364,"RIVER YAMUNA AT BURIYA U/S JAGADHARI, MANDOLI, HARYANA",HARYANA | INTER-STATE,30028,"RIVER YAMUNA AT BURIYA U/S JAGADHARI, MANDOLI, HARYANA | YAMUNA AT BURIYA U/S JAGADHARI, MANDOLI, HARYANA",2020 2021 2023 2024,4,high,,30.120771,77.394978,Medium,ESRI_LIVINGATLAS_WQ_RIVERS_2023,Yamuna,Yamunanagar,quarterly,1
WQS0365,RIVER YAMUNA AT HASANPUR,HARYANA | INTER-STATE,30031,RIVER YAMUNA AT HASANPUR | YAMUNA AT HASANPUR,2020 2021 2023 2024,4,high,,27.954647,77.537365,Medium,ESRI_LIVINGATLAS_WQ_RIVERS_2023,Yamuna,Palwal,quarterly,1
WQS0366,RIVER YAMUNA AT HATHNIKUND,HARYANA | INTER-STATE,1117 | 30035,RIVER YAMUNA AT HATHNIKUND | YAMUNA AT HATHNIKUND | YAMUNA AT HATHNIKUND HARYANA,2016 2017 2018 2020 2021 2023 2024,7,high,,30.315098,77.583348,Medium,ESRI_LIVINGATLAS_WQ_RIVERS_2023,Yamuna,Yamunanagar,quarterly,2
WQS0367,"RIVER YAMUNA AT HATHNIKUND, YAMUNANAGAR",HARYANA,1117,"RIVER YAMUNA AT HATHNIKUND, YAMUNANAGAR | YAMUNA AT HATHNIKUND, YAMUNANAGAR",2019 2020 2021 2022 2023 2024,6,medium,,30.314987,77.583328,Medium,ESRI_LIVINGATLAS_WQ_RIVERS_2023,Yamuna,Yamunanagar,monthly,1
WQS0368,"RIVER YAMUNA AT KALANAUR, YAMUNA NAGAR",HARYANA,1496,"RIVER YAMUNA AT KALANAUR, YAMUNA NAGAR | YAMUNA AT KALANAUR, YAMUNA NAGAR | YAMUNA AT KALANAUR, YAMUNA NAGAR, HARYANA",2016 2017 2018 2019 2020 2021 2022 2023 2024,9,high,,30.069997,77.355057,Medium,ESRI_LIVINGATLAS_WQ_RIVERS_2023,Yamuna,Saharanpur,monthly,1
WQS0369,RIVER YAMUNA AT KHOJKIPUR PANIPAT,HARYANA,10004,RIVE YAMUNA AT KHOJKIPUR PANIPAT | RIVER YAMUNA AT KHOJIPUR PANIPAT | RIVER YAMUNA AT KHOJKIPUR PANIPAT | YAMUNA AT KHOJKIPUR PANIPAT,2017 2018 2019 2020 2021 2022 2023 2024,8,high,,29.260009,77.130143,Medium,ESRI_LIVINGATLAS_WQ_RIVERS_2023,Yamuna,Panipat,monthly,1
WQS0370,"RIVER YAMUNA AT MANGLAURA, KARNAL",HARYANA,4914,"RIVER YAMUNA AT MANGLAURA, KARNAL",2021 2022 2023 2024,4,high,,29.59746,77.105556,Medium,ESRI_LIVINGATLAS_WQ_RIVERS_2023,Yamuna,Karnal,monthly,1
WQS0371,"RIVER YAMUNA AT MOHENA PALWAL ROAD, HARYANA",HARYANA | INTER-STATE,30024,"RIVER YAMUNA AT MOHENA PALWAL ROAD, HARYANA | YAMUNA AT MOHENA PALWAL ROAD, HARYANA",2020 2021 2023 2024,4,high,,28.21916,77.459387,Medium,ESRI_LIVINGATLAS_WQ_RIVERS_2023,Yamuna,Faridabad,quarterly,1
WQS0372,"RIVER YAMUNA AT PALLA,SONEPAT",HARYANA,10005,"RIVER YAMUNA AT PALLA,SONEPAT",2020 2021 2023 2024,4,high,,28.861862,77.207316,Medium,ESRI_LIVINGATLAS_WQ_RIVERS_2023,Yamuna,Sonipat,monthly,1
WQS0373,"RIVER YAMUNA AT SONAULI ROAD, SHAMLI BORDER , PANIPAT (HARYANA)",HARYANA,30032,"RIVER YAMUNA AT SONAULI ROAD, SHAMLI BORDER , PANIPAT (HARYANA) | YAMUNA AT SONAULI ROAD, SHAMLI BORDER , PANIPAT (HARYANA)",2020 2021 2023 2024,4,high,,29.383776,77.154398,Medium,ESRI_LIVINGATLAS_WQ_RIVERS_2023,Yamuna,Shamli,quarterly,1
WQS0374,RIVER YAMUNA AT SONEPAT,HARYANA,1119,"RIVER YAMUNA AT SONEPAT | YAMUNA AT SONEPAT | YAMUNA AT SONEPAT, HARYANA",2016 2017 2018 2019 2020 2021 2022 2023 2024,9,high,,29.002116,77.023752,Medium,ESRI_LIVINGATLAS_WQ_RIVERS_2023,Yamuna,Sonipat,monthly,1
WQS0375,"RIVER YAMUNA AT SONIPAT, BAGHPAT ROAD(HARYANA)",HARYANA,30029,"RIVER YAMUNA AT SONIPAT, BAGHPAT ROAD(HARYANA) | YAMUNA AT SONIPAT, BAGHPAT ROAD(HARYANA)",2020 2021 2023 2024,4,high,,28.943495,77.20329,Medium,ESRI_LIVINGATLAS_WQ_RIVERS_2023,Yamuna,Baghpat,quarterly,1
WQS0376,ALHI RIVER-NOG(NEAR WATER SUPPLY SCHEME INTAKE)TRIBUTARY OF RIVER SUTLEJ,HIMACHAL PRADESH,4464,ALHI RIVER-NOG(NEAR WATER SUPPLY SCHEME INTAKE) TRIUTARY OF RIVER SUTLEJ | ALHI RIVER-NOG(NEAR WATER SUPPLY SCHEME INTAKE)TRIBUTARY OF RIVER SUTLEJ | RIVER ALHI NOG(NEAR WATER SUPPLY SCHEME INTAKE)TRIBUTARY OF SUTLEJ,2019 2020 2021,3,high,,,,Ambiguous / unresolved,,,,,1
WQS0377,ASHWANI AT U/S YASHWANT NAGAR,HIMACHAL PRADESH,2620,ASHWANI AT U/S YASHWANT NAGAR | ASHWANI KHAD U/S OF YASHWANT NAGAR BEFORE CONF. WITH RIVER GIRI AT YASHWANT NAGAR | ASHWANI U/S YASHWANT NAGAR | RIVER ASHWANI AT U/S YASHWANT NAGAR,2016 2018 2019 2020 2021 2022 2023 2024,8,medium,,30.892361,77.210569,Medium,ESRI_LIVINGATLAS_WQ_RIVERS_2023,,Sirmaur,monthly,1
WQS0378,ASHWANI KHAD AFTER CONFLUENCE OF LIFT NALLAH NEAR DOGRHA BRIDGE,HIMACHAL PRADESH,4429,ASHWANI KHAD AFTER CONFLUENCE OF LIFT NALLAH NEAR DOGRHA BRIDGE,2022 2023 2024,3,medium,,31.027695,77.176476,Medium,ESRI_LIVINGATLAS_WQ_RIVERS_2023,,Shimla,monthly,1
WQS0379,"ASHWANI KHAD D/S OF VILLAGE SADHUPIL, TEHSIL KANDAGHAT, DISTRICT SOLAN.",HIMACHAL PRADESH,4461,"ASHWANI KHAD D/S OF VILLAGE SADHUPIL, TEHSIL KANDAGHAT, DISTRICT SOLAN.",2022 2023 2024,3,high,,30.993175,77.158821,Medium,ESRI_LIVINGATLAS_WQ_RIVERS_2023,,Solan,monthly,1
WQS0380,ASHWANI KHAD U/S OF SADHUPUL VILLAGE (NEARBY 800 METERS U/S OF THE BRIDGE),HIMACHAL PRADESH,4479,ASHWANI KHAD U/S OF SADHUPUL VILLAGE (NEARBY 800 METERS U/S OF THE BRIDGE) | ASHWANI RIVER AT SADHUPUL (U/S OF BRIDGE TOWARDS CHAIL. ) | ASHWANI RIVER AT SADHUPUL (U/S OF BRIDGE TOWARDS CHAIL.) | RIVER ASHWANI AT SADHUPUL (U/S OF BRIDGE TOWARDS CHAIL.),2019 2020 2021 2022 2023 2024,6,high,,30.993685,77.160996,Medium,ESRI_LIVINGATLAS_WQ_RIVERS_2023,,Solan,monthly,1
WQS0381,BANER KHAD D/S CHAMUNDA TEMPLE,HIMACHAL PRADESH,4458,BANER KHAD D/S CHAMUNDA TEMPLE | RIVER BANER KHAD D/S CHAMUNDA TEMPLE,2019 2020 2021 2022 2023 2024,6,high,,32.005553,76.156208,Medium,ESRI_LIVINGATLAS_WQ_RIVERS_2023,,Kangra,monthly,1
WQS0382,BANER KHAD U/S CHAMUNDA TEMPLE,HIMACHAL PRADESH,4457,BANER KHAD U/S CHAMUNDA TEMPLE | RIVER BANER KHAD U/S CHAMUNDA TEMPLE,2019 2020 2021 2022 2023 2024,6,high,,32.022035,76.228191,Medium,ESRI_LIVINGATLAS_WQ_RIVERS_2023,,Kangra,monthly,1
WQS0383,BANOI KHAD AT KALAPUL ON CANT ROAD DHARAMSHALA,HIMACHAL PRADESH,5769,BANOI KHAD AT KALAPUL ON CANT ROAD DHARAMSHALA | Banoi khad at kalapul on cant road Dharamshala,2023 2024,2,high,,32.23446,76.31869,Medium,ESRI_LIVINGATLAS_WQ_RIVERS_2023,,Kangra,,1
WQS0384,BARAGRAM NALLAH BEFORE CONFLUENCE TO RIVER BEAS,HIMACHAL PRADESH,3868,BARAGRAM NALLAH BEFORE CONFLUENCE TO RIVER BEAS,2020,1,single_year,single-year station,,,Ambiguous / unresolved,,Beas,,,1
WQS0385,BASPA AT U/S RESERVOIR BASPA PROJECT,HIMACHAL PRADESH,2612,BASPA AT U/S RESERVOIR BASPA PROJECT | BASPA U/S RESERVOIR BASPA PROJECT | RIVER BASPA AT U/S RESERVOIR BASPA PROJECT | RIVER BASPA U/S RESERVOIR BASPA HEP AT KUPPA,2016 2017 2018 2019 2020 2021 2022 2023 2024,9,high,,31.389297,78.353714,Medium,ESRI_LIVINGATLAS_WQ_RIVERS_2023,,Kinnaur,monthly,1
WQS0386,BATHER KHAD WATER SUPPLY SCHEME AT DAL LAKE,HIMACHAL PRADESH,4470,BATHER KHAD WATER SUPPLY SCHEME AT DAL LAKE,2022 2023 2024,3,high,,,,Ambiguous / unresolved,ESRI_LIVINGATLAS_WQ_RIVERS_2023,,Kangra,monthly,1
WQS0387,BATTA AT U/S PAONTA,HIMACHAL PRADESH,2626,BATTA AT U/S PAONTA | BATTA U/S PAONTA | RIVER BATTA AT U/S PAONTA | RIVER BATTA U/S PAONTA AT KISHANPURA,2016 2018 2019 2020 2021 2022 2023 2024,8,high,,30.455225,77.584234,Medium,ESRI_LIVINGATLAS_WQ_RIVERS_2023,,Sirmaur,monthly,1
WQS0388,BEAS AT D/S AUT,HIMACHAL PRADESH,1003 | 1008,"BEAS AT D/S AUT | BEAS AT D/S AUT, H.P. | BEAS D/S AUT | RIVER BEAS AT D/S AUT | RIVER BEAS D/S AUT",2016 2017 2018 2019 2020 2021 2022 2023 2024,9,high,,31.740194,77.207533,Medium,ESRI_LIVINGATLAS_WQ_RIVERS_2023,Beas,Mandi,monthly,2
WQS0389,BEAS AT D/S JAISINGHPUR,HIMACHAL PRADESH,1693 | 2604,BEAS AT D/S JAISINGHPUR | BEAS D/S JAISINGHPUR | RIVER BEAS AT D/S JAISINGHPUR,2016 2017 2018 2019 2020 2021 2022 2023 2024,9,medium,,31.880753,76.614514,Medium,ESRI_LIVINGATLAS_WQ_RIVERS_2023,Beas,Hamirpur,monthly,2
WQS0390,BEAS AT D/S KULU,HIMACHAL PRADESH,1002 | 1007,"BEAS AT D/S KULU | BEAS AT D/S KULU, H.P. | BEAS D/S KULU | RIVER BEAS AT D/S KULU | RIVER BEAS D/S KULLU",2016 2017 2018 2019 2020 2021 2022 2023 2024,9,high,,31.963639,77.116392,Medium,ESRI_LIVINGATLAS_WQ_RIVERS_2023,Beas,Kullu,monthly,2
WQS0391,BEAS AT D/S MANALI,HIMACHAL PRADESH,2601 | 2604,BEAS AT D/S MANALI | BEAS D/S MANALI | RIVER BEAS AT D/S MANALI,2016 2017 2018 2019 2020 2021 2022 2023 2024,9,high,,32.263247,77.185664,Medium,ESRI_LIVINGATLAS_WQ_RIVERS_2023,Beas,Kullu,monthly,2
WQS0392,BEAS AT D/S MANDI,HIMACHAL PRADESH,1006 | 3855,"BEAS AT D/S MANDI | BEAS AT D/S MANDI, H.P. | BEAS D/S MANDI | RIVER BEAS AT D/S MANDI | RIVER BEAS D/S MANDI TOWN",2016 2017 2018 2019 2020 2021 2022 2023 2024,9,medium,,31.712408,76.933089,Medium,ESRI_LIVINGATLAS_WQ_RIVERS_2023,Beas,Mandi,monthly,2
WQS0393,BEAS AT D/S PANDOH DAM,HIMACHAL PRADESH,1011 | 2603,"BEAS AT D/S PANDOH DAM | RIVER BEAS AT D/S PANDOH DAM | RIVER BEAS, D/S PANDOH DAM",2016 2017 2018 2019 2020 2021 2022 2023 2024,9,medium,,31.686472,77.045619,Medium,ESRI_LIVINGATLAS_WQ_RIVERS_2023,Beas,Mandi,monthly,2
WQS0394,BEAS AT EXIT OF TUNNEL DEHAL POWER HOUSE,HIMACHAL PRADESH,1005 | 2602,"BEAS AT EXIT OF TUNNEL DEHAL POWER HOUSE | BEAS AT EXIT OF TUNNEL DEHAL POWER HOUSE, H.P. | BEAS EXIT OF TUNNEL DEHAL POWER HOUSE | RIVER BEAS AT EXIT OF DEHAR POWER HOUSE | RIVER BEAS AT EXIT OF TUNNEL DEHAL POWER HOUSE",2016 2017 2018 2019 2020 2021 2022 2023 2024,9,high,,31.422647,76.812947,Low,ESRI_LIVINGATLAS_WQ_RIVERS_2023,Beas,Mandi,monthly,2
WQS0395,BEAS AT U/S KULLU,HIMACHAL PRADESH,1294 | 2602,"BEAS AT U/S KULLU | BEAS U/S KULLU | RIVER BEAS AT U/S KULLU | RIVER BEAS, U/S KULLU",2016 2017 2018 2019 2020 2021 2022 2023 2024,9,medium,,31.958136,77.115783,Medium,ESRI_LIVINGATLAS_WQ_RIVERS_2023,Beas,Kullu,monthly,2
WQS0396,BEAS AT U/S PANDON DAM,HIMACHAL PRADESH,1004 | 1009,"BEAS AT U/S PANDOH DAM | BEAS AT U/S PANDON DAM | BEAS AT U/S PANDON DAM, H.P. | RIVER BEAS AT PANDOH DAM | RIVER BEAS AT U/S PANDOH DAM",2017 2018 2019 2020 2021 2023 2024,7,high,,31.669367,77.064236,Medium,ESRI_LIVINGATLAS_WQ_RIVERS_2023,Beas,Mandi,monthly,2
WQS0397,BEAS U/S MANDI,HIMACHAL PRADESH,1550 | 2603,"BEAS RIVER, U/S OF MANDI TOWN | BEAS U/S MANDI | RIVER BEAS U/S MANDI | U/S MANDI, H.P",2016 2017 2018 2019 2020 2021 2022 2023 2024,9,high,,31.705853,76.934903,Medium,ESRI_LIVINGATLAS_WQ_RIVERS_2023,Beas,Mandi,monthly,2
WQS0398,BINWA AT D/S PAPROLA/BAIJNATH,HIMACHAL PRADESH,2608,BINWA AT D/S PAPROLA/BAIJNATH | BINWA D/S PAPROLA/BAIJNATH | RIVER BINWA AT D/S PAPROLA/BAIJNATH,2016 2017 2018 2019 2020 2021 2022 2023 2024,9,high,,32.052972,76.649286,Medium,ESRI_LIVINGATLAS_WQ_RIVERS_2023,,Kangra,monthly,1
WQS0399,CHAKKI KHAD AT LAHROO D/S OF PHINNA SINGH IRRIGATION SCHEME,HIMACHAL PRADESH,5766,CHAKKI KHAD AT LAHROO D/S OF PHINNA SINGH IRRIGATION SCHEME | Chakki khad at Lahroo D/S of Phinna Singh Irrigation Scheme,2023 2024,2,high,,32.2871,75.76696,Medium,ESRI_LIVINGATLAS_WQ_RIVERS_2023,,Pathankot,,1
WQS0400,CHARAN KHAND U/S BHAGSUNAG,HIMACHAL PRADESH,4460,CHARAN KHAD U/S BHAGSUNAG | CHARAN KHAND U/S BHAGSUNAG,2019 2020 2021 2022 2023 2024,6,high,,32.221173,76.329502,Medium,ESRI_LIVINGATLAS_WQ_RIVERS_2023,,Kangra,monthly,1
WQS0401,D/S OF ASHWANI KHAD (AFTER CONFLUENCE OF LIFT NALLAH),HIMACHAL PRADESH,4429,D/S OF ASHWANI KHAD (AFTER CONFLUENCE OF LIFT NALLAH),2019 2020,2,medium,,,,Ambiguous / unresolved,,,,,1
WQS0402,DHAULI KHAD AT CHARAN GANGA MEDI,HIMACHAL PRADESH,4432,DHAULI KHAD AT CHARAN GANGA MEDI,2019 2020 2021 2022 2023 2024,6,high,,31.52808,76.161891,Medium,ESRI_LIVINGATLAS_WQ_RIVERS_2023,,Una,monthly,1
WQS0403,GAJ KHAD NEAR WATER SUPPLY SCHEME DHARAMSHALA CANTT.,HIMACHAL PRADESH,4469,GAJ KHAD NEAR WATER SUPPLY SCHEME DHARAMSHALA CANTT.,2022 2023 2024,3,high,,32.217077,76.307192,Medium,ESRI_LIVINGATLAS_WQ_RIVERS_2023,,Kangra,monthly,1
WQS0404,GIRI AT D/S YASHWANT NAGAR,HIMACHAL PRADESH,2621,GIRI AT D/S YASHWANT NAGAR | GIRI D/S YASHWANT NAGAR | RIVER GIRI AT D/S YASHWANT NAGAR | RIVER GIRI AT D/S YASHWANT NAGAR AFTER CONF. WITH ASHWANI KHAD AT YASHWANT NAGAR- NEAR SHANI MANDIR,2016 2018 2019 2020 2021 2022 2023 2024,8,medium,,30.882006,77.211344,Medium,ESRI_LIVINGATLAS_WQ_RIVERS_2023,,Sirmaur,monthly,1
WQS0405,GIRI AT U/S CCI MINES,HIMACHAL PRADESH,2622,GIRI AT U/S CCI MINES | GIRI U/S CCI MINES | RIVER GIRI AT U/S CCI MINES | RIVER GIRI AT U/S CCI MINES AT VILLAGE NADI,2016 2018 2019 2020 2021 2022 2023 2024,8,high,,30.522537,77.667622,Medium,ESRI_LIVINGATLAS_WQ_RIVERS_2023,,Sirmaur,monthly,1
WQS0406,GIRI D/S SATAUN,HIMACHAL PRADESH,2623,GIRI D/S SATAUN | RIVER GIRI D/S SATAUN,2016 2018 2019 2020 2021 2022 2023 2024,8,high,,30.552658,77.643922,Medium,ESRI_LIVINGATLAS_WQ_RIVERS_2023,,Sirmaur,monthly,1
WQS0407,HARABAGH(INTAKE FROM BBMB SOURCE-BBMB ADIT HARABGH)WATE SPRING,HIMACHAL PRADESH,4465,HARABAGH(INTAKE FROM BBMB SOURCE-BBMB ADIT HARABGH) WATER SPRING | HARABAGH(INTAKE FROM BBMB SOURCE-BBMB ADIT HARABGH)WATE SPRING | RIVER HARABAGH(INTAKE FROM BBMB SOURCE-BBMB ADIT HARABGH)WATE SPRING,2019 2020 2021,3,high,,,,Ambiguous / unresolved,,,,,1
WQS0408,"KUNNI PUL, VILL SAMAHU, PO KUNIHAR, TEHSIL ARKI",HIMACHAL PRADESH,4036,"KUNNI PUL, VILL SAMAHU, PO KUNIHAR, TEHSIL ARKI | RIVER ASHWANI, KUNNI PUL, VILL SAMAHU, PO KUNIHAR, TEHSIL ARKI",2019 2020 2021,3,high,,,,Ambiguous / unresolved,,,,,1
WQS0409,"LARGI AT D/S, DWADA",HIMACHAL PRADESH,1090,"LARGI AT D/S MANDI | LARGI AT D/S, | LARGI AT D/S, DWADA | LARGI AT D/S, H.P. | RIVER LARGI AT D/S, DWADA HIMACHAL PRADESH",2016 2017 2018 2019 2020 2021,6,medium,,,,Ambiguous / unresolved,,,,,1
WQS0410,MANALSU NALLAH BEFORE CONFLUENCE TO RIVER BEAS,HIMACHAL PRADESH,3866,MANALSU NALLAH BEFORE CONFLUENCE TO RIVER BEAS | RIVER BEAS BEFORE CONFLUENCE TO MANALSU NALLAH,2020 2021,2,medium,,,,Ambiguous / unresolved,,Beas,,,1
WQS0411,MANJHI KHAD D/S DHARAMSHALA AT CHETRU,HIMACHAL PRADESH,4024,MANJHI KHAD D/S DHARAMSHALA AT CHETRU,2019 2020 2021 2022 2023 2024,6,high,,32.156344,76.267619,Medium,ESRI_LIVINGATLAS_WQ_RIVERS_2023,,Kangra,monthly,1
WQS0412,MANJHI KHAD U/S DHARAMSHALA OF KHANIYARA,HIMACHAL PRADESH,4023,MANJHI KHAD U/S DHARAMSHALA OF KHANIYARA,2019 2020 2021 2022 2023 2024,6,high,,32.214684,76.354446,Medium,ESRI_LIVINGATLAS_WQ_RIVERS_2023,,Kangra,monthly,1
WQS0413,MOL KHAD D/S PALAMPU,HIMACHAL PRADESH,4026,MOL KHAD D/S PALAMPU | MOL KHAD D/S PALAMPUR,2019 2020 2021 2022 2023 2024,6,high,,32.125412,76.544342,Medium,ESRI_LIVINGATLAS_WQ_RIVERS_2023,,Kangra,monthly,1
WQS0414,MOL KHAD U/S PALAMPU,HIMACHAL PRADESH,4025,MOL KHAD U/S PALAMPU | MOL KHAD U/S PALAMPUR,2019 2020 2021 2022 2023 2024,6,high,,32.129837,76.545715,Medium,ESRI_LIVINGATLAS_WQ_RIVERS_2023,,Kangra,monthly,1
WQS0415,NEUGAL AT D/S THURAL,HIMACHAL PRADESH,2609,NEUGAL AT D/S THURAL | NEUGAL D/S THURAL | NEUGAL KHAD D/S THURAL | RIVER NEUGAL AT D/S THURAL,2016 2017 2018 2019 2020 2021 2022 2023 2024,9,high,,31.908625,76.466739,Medium,ESRI_LIVINGATLAS_WQ_RIVERS_2023,,Kangra,monthly,1
WQS0416,"NEUGAL KHAD NEAR WATER SUPPLY SCHEME AT BANDLA, PALAMPUR",HIMACHAL PRADESH,4471,"NEUGAL KHAD NEAR WATER SUPPLY SCHEME AT BANDLA, PALAMPUR",2022 2023 2024,3,high,,,,Ambiguous / unresolved,ESRI_LIVINGATLAS_WQ_RIVERS_2023,,Kangra,monthly,1
WQS0417,PARVATI AT D/S MANIKARAN,HIMACHAL PRADESH,2606,PARVATI AT D/S MANIKARAN | PARVATI D/S MANIKARAN | RIVER PARVATI AT D/S MANIKARAN,2016 2017 2018 2019 2020 2021 2022 2023 2024,9,high,,32.019789,77.331117,Medium,ESRI_LIVINGATLAS_WQ_RIVERS_2023,,Kullu,monthly,1
WQS0418,PARVATI AT U/S MANIKARAN,HIMACHAL PRADESH,2605,PARVATI AT U/S MANIKARAN | PARVATI U/S MANIKARAN | RIVER PARVATI AT U/S MANIKARAN,2016 2017 2018 2019 2020 2021 2022 2023 2024,9,high,,32.027531,77.348536,Medium,ESRI_LIVINGATLAS_WQ_RIVERS_2023,,Kullu,monthly,1
WQS0419,PARVATI BEFORE CONF. TO RIVER BEAS,HIMACHAL PRADESH,1290,"PARVATI B/C TO BEAS | PARVATI BEFORE CONF. TO RIVER BEAS | PARVATI BEFORE CONF. TO RIVER BEAS, H.P. | RIVER PARVATI BEFORE CONF. TO RIVER BEAS | RIVER PARVATI BEFORE CONF. TO RIVER BEAS AT BHUNTER",2016 2017 2018 2019 2020 2021 2022 2023 2024,9,high,,31.896167,77.147692,Medium,ESRI_LIVINGATLAS_WQ_RIVERS_2023,,Kullu,monthly,1
WQS0420,RAVI AT CHAMERA RESERVOIR,HIMACHAL PRADESH,2614,RAVI AT AT CHAMERA RESERVOIR | RAVI AT CHAMERA RESERVOIR | RIVER RAVI AT CHAMERA RESERVOIR | RIVER RAVI CHAMERA-I RESERVOIR,2016 2017 2018 2019 2020 2021 2022 2023 2024,9,high,,32.6083,76.013308,Medium,ESRI_LIVINGATLAS_WQ_RIVERS_2023,,Chamba,monthly,1
WQS0421,RAVI AT D/S OF CHAMBA TOWN,HIMACHAL PRADESH,2613,RAVI AT D/S OF CHAMBA TOWN | RAVID/S OF CHAMBA TOWN | RIVER RAVI AT D/S OF CHAMBA TOWN,2016 2017 2018 2019 2020 2021 2022 2023 2024,9,high,,32.57045,76.119792,Medium,ESRI_LIVINGATLAS_WQ_RIVERS_2023,,Chamba,monthly,1
WQS0422,RAVI AT U/S CHAMBA,HIMACHAL PRADESH,1089,RAVI AT U/S CHAMBA | RAVI U/S CHAMBA | RIVER RAVI AT U/S CHAMBA | RIVER RAVI U/S CHAMBA,2016 2017 2019 2020 2021 2022 2023 2024,8,high,,32.555144,76.121039,Medium,ESRI_LIVINGATLAS_WQ_RIVERS_2023,,Chamba,monthly,1
WQS0423,RAW WATER FROM AT GUMMA NAUTI KHAD,HIMACHAL PRADESH,4424,RAW WATER AT GUMMA NAUTI KHAD | RAW WATER FOR LWSS OF NAUTI KHAD AT GUMMA (BASANTPUR) | RAW WATER FROM AT GUMMA NAUTI KHAD,2019 2020 2021 2022 2023,5,high,,31.9513,77.141019,Medium,ESRI_LIVINGATLAS_WQ_RIVERS_2023,,Kullu,monthly,1
WQS0424,RIVER ANDHRA B/C TO RIVER PABBAR AT CHIRGAON,HIMACHAL PRADESH,5767,RIVER ANDHRA B/C TO RIVER PABBAR AT CHIRGAON | River Andhra B/C to River Pabbar at Chirgaon,2023 2024,3,high,duplicate of another row with identical values,,,Ambiguous / unresolved,ESRI_LIVINGATLAS_WQ_RIVERS_2023,,Shimla,,1
WQS0425,RIVER BALD D/S LANDFILLSITE AT BADDI,HIMACHAL PRADESH,4486,RIVER BALD D/S LANDFILLSITE AT BADDI,2022 2023 2024,3,high,,,,Ambiguous / unresolved,ESRI_LIVINGATLAS_WQ_RIVERS_2023,,S A S Nagar,monthly,1
WQS0426,RIVER BATTA BEFORE CONFLUENCE TO YAMUNA,HIMACHAL PRADESH,2627,BATTA B/C TO YAMUNA | BATTA BEFORE CONFLUENCE TO YAMUNA | RIVER BATTA BEFORE CONFLUENCE TO YAMUNA,2016 2018 2019 2020 2021 2022 2023 2024,8,high,,30.429819,77.578623,Medium,ESRI_LIVINGATLAS_WQ_RIVERS_2023,,Sirmaur,monthly,1
WQS0427,RIVER BEAS AT D/S ALAMPUR,HIMACHAL PRADESH,1007 | 1694,"BEAS AT D/S ALAMPUR | BEAS AT D/S ALAMPUR, H.P. | BEAS D/S ALAMPUR | RIVER BEAS AT D/S ALAMPUR",2016 2017 2018 2019 2020 2021 2022 2023 2024,9,medium,,31.83865,76.505144,Medium,ESRI_LIVINGATLAS_WQ_RIVERS_2023,Beas,Hamirpur,monthly,2
WQS0428,RIVER BEAS AT D/S DEHRAGOPIPUR,HIMACHAL PRADESH,1008 | 1695,"BEAS AT D/S DEHRAGOPIPUR | BEAS AT D/S DEHRAGOPIPUR, H.P. | RIVER BEAS AT D/S DEHRAGOPIPUR",2017 2018 2019 2020 2021 2022 2023 2024,8,medium,,31.878094,76.203311,Medium,ESRI_LIVINGATLAS_WQ_RIVERS_2023,Beas,Kangra,monthly,2
WQS0429,RIVER BEAS AT D/S PONG DAM,HIMACHAL PRADESH,1009 | 1010,"BEAS AT D/S PONG DAM | BEAS AT D/S PONG DAM, H.P. | BEAS D/S PONG DAM | RIVER BEAS AT D/S PONG DAM",2016 2017 2018 2019 2020 2021 2022 2023 2024,9,medium,,31.935022,76.053444,Medium,ESRI_LIVINGATLAS_WQ_RIVERS_2023,Beas,Kangra,monthly,2
WQS0430,"RIVER BEAS AT PONG DAM ,PONG VILLAGE",HIMACHAL PRADESH,1292,"RIVER BEAS AT PONG DAM ,PONG VILLAGE",2023 2024,2,high,,31.6953,77.1578,Medium,ESRI_LIVINGATLAS_WQ_RIVERS_2023,Beas,Mandi,,1
WQS0431,RIVER BEAS AT RAISON,HIMACHAL PRADESH,4443,RIVER BEAS AT RAISON,2019 2020 2021 2022 2023 2024,6,high,,32.055762,77.135767,Medium,ESRI_LIVINGATLAS_WQ_RIVERS_2023,Beas,Kullu,monthly,1
WQS0432,RIVER BEAS AT TALWARA (PONG DAM),HIMACHAL PRADESH | INTER-STATE,30083,BEAS AT TALWARA (PONG DAM) | RIVER BEAS AT TALWARA (PONG DAM),2019 2020 2022 2023 2024,5,high,,31.992975,76.104857,Medium,ESRI_LIVINGATLAS_WQ_RIVERS_2023,Beas,Kangra,quarterly,1
WQS0433,RIVER BEAS AT U/S MANALI,HIMACHAL PRADESH,1001 | 1006,BEAS AT U/S MANALI | BEAS U/S MANALI | RIVER BEAS AT U/S MANALI,2016 2017 2019 2020 2021 2022 2023 2024,8,high,,32.237794,77.190564,Medium,ESRI_LIVINGATLAS_WQ_RIVERS_2023,Beas,Kullu,monthly,2
WQS0434,RIVER BEAS D/S MANALSU NALLAH,HIMACHAL PRADESH,4037,RIVER BEAS D/S MANALSU NALLAH,2019 2020 2021 2022 2023 2024,6,high,,32.254308,77.181865,Medium,ESRI_LIVINGATLAS_WQ_RIVERS_2023,Beas,Kullu,monthly,1
WQS0435,"RIVER BEAS D/S NADAUN BRIDGE, VILL BHADOLI",HIMACHAL PRADESH,1696 | 3855,"BEAS D/S NADAUN BRIDGE, VILL BHADOLI | RIVER BEAS D/S NADAUN BRIDGE, VILL BHADOLI",2017 2018 2019 2020 2021 2022 2023 2024,8,medium,,31.791444,76.345222,Medium,ESRI_LIVINGATLAS_WQ_RIVERS_2023,Beas,Kangra,monthly,2
WQS0436,RIVER BEAS D/S NADAUN TOWN AFTER CONFLUENCE OF MAAN KHAD,HIMACHAL PRADESH,4438,RIVER BEAS D/S NADAUN TOWN AFTER CONFLUENCE OF MAAN KHAD,2019 2020 2021 2022 2023 2024,6,high,,31.773095,76.315363,Medium,ESRI_LIVINGATLAS_WQ_RIVERS_2023,Beas,Hamirpur,monthly,1
WQS0437,RIVER BEAS D/S NEW BAJAURA BRIDGE,HIMACHAL PRADESH,5765,RIVER BEAS D/S NEW BAJAURA BRIDGE | River Beas D/S New bajaura Bridge,2023 2024,2,high,,31.85086,77.17021,Medium,ESRI_LIVINGATLAS_WQ_RIVERS_2023,Beas,Kullu,,1
WQS0438,RIVER BEAS D/S OF WPF AT KULLU,HIMACHAL PRADESH,4445,RIVER BEAS D/S OF WASTE PROCESSING FACILITY AT KULLU | RIVER BEAS D/S OF WPF AT KULLU,2019 2020 2021 2022 2023 2024,6,high,,31.956695,77.114211,Medium,ESRI_LIVINGATLAS_WQ_RIVERS_2023,Beas,Kullu,monthly,1
WQS0439,RIVER BEAS D/S OF WPF AT MANALI,HIMACHAL PRADESH,4444,RIVER BEAS D/S OF WASTE PROCESSING FACILITY AT MANALI | RIVER BEAS D/S OF WPF AT MANALI,2019 2020 2021 2022 2023 2024,6,high,,32.235933,77.190982,Medium,ESRI_LIVINGATLAS_WQ_RIVERS_2023,Beas,Kullu,monthly,1
WQS0440,RIVER BEAS D/S SUJANPUR TIHRA,HIMACHAL PRADESH,4436,RIVER BEAS D/S SUJANPUR TIHRA,2019 2020 2021 2022 2023 2024,6,high,,31.838933,76.510001,Medium,ESRI_LIVINGATLAS_WQ_RIVERS_2023,Beas,Hamirpur,monthly,1
WQS0441,RIVER BEAS U/S BEFORE CONF. OF MANALSU NALLAH,HIMACHAL PRADESH,3866,RIVER BEAS U/S BEFORE CONF. OF MANALSU NALLAH,2022 2023 2024,3,medium,,32.254608,77.18548,Medium,ESRI_LIVINGATLAS_WQ_RIVERS_2023,Beas,Kullu,monthly,1
WQS0442,RIVER BEAS U/S NADAUM TOWN,HIMACHAL PRADESH,4437,RIVER BEAS U/S NADAUM TOWN,2019 2020 2021 2022 2023 2024,6,high,,31.783778,76.339531,Medium,ESRI_LIVINGATLAS_WQ_RIVERS_2023,Beas,Hamirpur,monthly,1
WQS0443,RIVER BEAS U/S SUJANPUR TIHRA,HIMACHAL PRADESH,4435,RIVER BEAS U/S SUJANPUR TIHRA,2019 2020 2021 2022 2023 2024,6,high,,31.834143,76.494413,Medium,ESRI_LIVINGATLAS_WQ_RIVERS_2023,Beas,Kangra,monthly,1
WQS0444,RIVER BHAGGA U/S BEFORE CONFLUENCE TO RIVER CHENAB,HIMACHAL PRADESH,5254,RIVER BHAGGA U/S BEFORE CONFLUENCE TO RIVER CHENAB,2022 2023 2024,3,high,,32.55016,76.98081,Medium,ESRI_LIVINGATLAS_WQ_RIVERS_2023,,Lahaul And Spiti,,1
WQS0445,"RIVER BHAWA KHAD AT RESERVIOR SITE OF ALLIAN DUHANGAN HEP,PRINI,MANALI",HIMACHAL PRADESH,5489,"RIVER BHAWA KHAD AT RESERVIOR SITE OF ALLIAN DUHANGAN HEP,PRINI,MANALI",2023,1,single_year,single-year station,32.22537,77.19945,Medium,ESRI_LIVINGATLAS_WQ_RIVERS_2023,,Kullu,,1
WQS0446,RIVER CHANDRA U/S BEFORE CONFLUENCE TO RIVER CHENAB,HIMACHAL PRADESH,5255,RIVER CHANDRA U/S BEFORE CONFLUENCE TO RIVER CHENAB,2022 2023 2024,3,high,,32.55084,76.94632,Medium,ESRI_LIVINGATLAS_WQ_RIVERS_2023,,Lahaul And Spiti,,1
WQS0447,RIVER CHENAB D/S AT TANDI (L & S),HIMACHAL PRADESH,5256,RIVER CHENAB D/S AT TANDI (L & S),2022 2023 2024,3,high,,32.55385,76.97233,Medium,ESRI_LIVINGATLAS_WQ_RIVERS_2023,,Lahaul And Spiti,,1
WQS0448,RIVER GIRI AFTER CONFLUENCE OF ASHWANI RIVER AT VILLAGE MARYOG,HIMACHAL PRADESH,3876,"GIRI RIVER AFTER CONFLUENCE OF ASHWANI RIVER AT GIRIPUL, YASHWANT NAGAR | RIVER GIRI AFTER CONFLUENCE OF ASHWANI RIVER AT GIRIPUL, YASHWANT NAGAR | RIVER GIRI AFTER CONFLUENCE OF ASHWANI RIVER AT VILLAGE MARYOG",2019 2020 2021 2022 2023 2024,6,high,,30.891819,77.21002,Medium,ESRI_LIVINGATLAS_WQ_RIVERS_2023,,Solan,monthly,1
WQS0449,"RIVER GIRI AT NIHARI, KOTKHAL",HIMACHAL PRADESH,5292,"RIVER GIRI AT NIHARI, KOTKHAL",2022 2023 2024,3,high,,30.70992,77.35407,Medium,ESRI_LIVINGATLAS_WQ_RIVERS_2023,,Sirmaur,,1
WQS0450,RIVER GIRI B/C WITH ASHWANI KHAD U/S OF WSS YASHWANT NAGAR,HIMACHAL PRADESH,5764,RIVER GIRI B/C WITH ASHWANI KHAD U/S OF WSS YASHWANT NAGAR | River Giri B/C with Ashwani khad U/S of WSS Yashwant Nagar,2023 2024,2,high,,31.06283,77.15857,Medium,ESRI_LIVINGATLAS_WQ_RIVERS_2023,,Shimla,,1
WQS0451,"RIVER GIRI D/S CEMENT CORPORATION OF INDIA, RAJBAN AT BANGRAN BRIDGE",HIMACHAL PRADESH,3860,"GIRI RIVER D/S CEMENT CORPORATION OF INDIA, RAJBA | GIRI RIVER D/S CEMENT CORPORATION OF INDIA, RAJBAN | RIVER GIRI D/S CEMENT CORPORATION OF INDIA, RAJBAN | RIVER GIRI D/S CEMENT CORPORATION OF INDIA, RAJBAN AT BANGRAN BRIDGE",2019 2020 2021 2022 2023 2024,6,high,,30.526326,77.66857,Medium,ESRI_LIVINGATLAS_WQ_RIVERS_2023,,Sirmaur,monthly,1
WQS0452,"RIVER GIRI D/S LAIGIDHAR TRUST, BARU SAHIB",HIMACHAL PRADESH,4028,"RIVER GIRI D/S KALGIDHAR TRUST, BARU SAHIB | RIVER GIRI D/S LAIGIDHAR TRUST, BARU SAHIB",2019 2020 2021 2022 2023 2024,6,high,,30.760455,77.303572,Medium,ESRI_LIVINGATLAS_WQ_RIVERS_2023,,Sirmaur,monthly,1
WQS0453,RIVER GIRI D/S LWSS AT SAINJ,HIMACHAL PRADESH,3878,GIRI RIVER D/S LWSS AT SAINJ | RIVER GIRI D/S LWSS AT SAINJ,2019 2020 2021 2022 2023 2024,6,high,,31.785054,77.330491,Medium,ESRI_LIVINGATLAS_WQ_RIVERS_2023,,Kullu,monthly,1
WQS0454,RIVER GIRI D/S PROPOSED SITE OF RENUKA DAM,HIMACHAL PRADESH,4473,RIVER GIRI D/S PROPOSED SITE OF RENUKA DAM,2022 2023 2024,3,high,,30.604642,77.440521,Medium,ESRI_LIVINGATLAS_WQ_RIVERS_2023,,Sirmaur,monthly,1
WQS0455,RIVER GIRI D/S PROPOSED SITE OF SRI RENUKAJI DAM SITE NEAR BRIDGE AT DADAHU- RENUKAJI,HIMACHAL PRADESH,4442,RIVER GIRI D/S PROPOSED SITE OF SRI RENUKAJI DAM S | RIVER GIRI D/S PROPOSED SITE OF SRI RENUKAJI DAM SITE NEAR BRIDGE AT DADAHU- RENUKAJI,2019 2020 2022 2023 2024,5,high,,30.603186,77.441056,Medium,ESRI_LIVINGATLAS_WQ_RIVERS_2023,,Sirmaur,monthly,1
WQS0456,RIVER GIRI D/S RAJGARH TOWN,HIMACHAL PRADESH,4027,RIVER GIRI D/S RAJGARH TOWN,2019 2020 2021 2022 2023 2024,6,high,,30.799381,77.282001,Medium,ESRI_LIVINGATLAS_WQ_RIVERS_2023,,Sirmaur,monthly,1
WQS0457,RIVER GIRI U/S CHAILLA,HIMACHAL PRADESH,4427,RIVER GIRI U/S CHAILLA,2019 2020 2021 2022 2023 2024,6,high,,30.914863,77.243539,Medium,ESRI_LIVINGATLAS_WQ_RIVERS_2023,,Solan,monthly,1
WQS0458,RIVER GIRI U/S LWSS AT SAINJ,HIMACHAL PRADESH,3877,GIRI RIVER U/S LWSS AT SAINJ | RIVER GIRI U/S LWSS AT SAINJ,2019 2020 2021 2022 2023 2024,6,high,,31.769476,77.306086,Medium,ESRI_LIVINGATLAS_WQ_RIVERS_2023,,Kullu,monthly,1
WQS0459,RIVER GIRI U/S PROPOSED SITE OF SRI RENUKAJI DAM SITE.,HIMACHAL PRADESH,4441,RIVER GIRI U/S PROPOSED SITE OF SRI RENUKAJI DAM SITE | RIVER GIRI U/S PROPOSED SITE OF SRI RENUKAJI DAM SITE.,2019 2020 2022 2023 2024,5,high,,30.613634,77.442374,Medium,ESRI_LIVINGATLAS_WQ_RIVERS_2023,,Sirmaur,monthly,1
WQS0460,RIVER KOSHALYA AT U/S PARWANOO,HIMACHAL PRADESH,30013,RIVER KOSHALYA AT U/S PARWANOO,2022,1,single_year,single-year station,,,Ambiguous / unresolved,,,,,1
WQS0461,RIVER MARKANDA AFTER CONFLUENCE OF RAMPUR JATTAN MOGINAND NALA,HIMACHAL PRADESH,3864,RIVER MARKANDA AFTER CONFLUENCE OF RAMPUR JATTAN MOGINAND NALA,2022,1,single_year,single-year station,,,Ambiguous / unresolved,,,,,1
WQS0462,RIVER MARKANDA AFTER CONFLUENCE WITH SALANI KHAD AT MOGINAND KALA AMB,HIMACHAL PRADESH,3862,RIVER MARKANDA AFTER CONFLUENCE WITH SALANI KHAD AT MOGINAND KALA AMB,2022,1,single_year,single-year station,,,Ambiguous / unresolved,,,,,1
WQS0463,"RIVER MARKANDA AT SHAMBUWALA, DISTT. SIRMOUR",HIMACHAL PRADESH,1871,"RIVER MARKANDA AT SHAMBUWALA, DISTT. SIRMOUR",2022,1,single_year,single-year station,,,Ambiguous / unresolved,,,,,1
WQS0464,RIVER MARKANDA D/S KALA AMB/ BOUNDARY OF HARYANA,HIMACHAL PRADESH,2625,RIVER MARKANDA D/S KALA AMB/ BOUNDARY OF HARYANA,2022,1,single_year,single-year station,,,Ambiguous / unresolved,,,,,1
WQS0465,RIVER MARKANDA U/S KALA AMB,HIMACHAL PRADESH,2624,RIVER MARKANDA U/S KALA AMB,2022,1,single_year,single-year station,,,Ambiguous / unresolved,,,,,1
WQS0466,RIVER PABBAR AT HATKOTI RESERVOIR,HIMACHAL PRADESH,5488,RIVER PABBAR AT HATKOTI RESERVOIR,2023 2024,2,high,,31.12634,77.747857,Medium,ESRI_LIVINGATLAS_WQ_RIVERS_2023,,Shimla,,1
WQS0467,RIVER PABBAR AT U/S DHAMBARI,HIMACHAL PRADESH,2617,PABBAR AT U/S DHAMBARI | PABBAR U/S DHAMBARI | RIVER PABBAR AT U/S DHAMBARI,2016 2018 2019 2020 2021 2022 2023 2024,8,high,,31.126891,77.74353,Medium,ESRI_LIVINGATLAS_WQ_RIVERS_2023,,Shimla,monthly,1
WQS0468,RIVER PABBAR AT U/S ROHRU,HIMACHAL PRADESH,2618,PABBAR AT U/S ROHRU | PABBAR U/S ROHRU | RIVER PABBAR AT U/S ROHRU,2016 2018 2019 2020 2021 2022 2023 2024,8,high,,31.200297,77.753211,Medium,ESRI_LIVINGATLAS_WQ_RIVERS_2023,,Shimla,monthly,1
WQS0469,RIVER PABBAR D/S SWARAKUDDU,HIMACHAL PRADESH,2619,PABBAR AT D/S SWARAKUDDU | PABBAR D/S SWARAKUDDU | RIVER PABBAR AT D/S SWARAKUDDU | RIVER PABBAR D/S SWARAKUDDU,2016 2018 2019 2021 2022 2023 2024,7,high,,31.083417,77.802406,Medium,ESRI_LIVINGATLAS_WQ_RIVERS_2023,,Shimla,monthly,1
WQS0470,RIVER PABBAR U/S HATKOTI,HIMACHAL PRADESH,4039,RIVER PABBAR U/S HATKOTI,2019 2020 2021 2022 2023 2024,6,high,,31.131481,77.748914,Medium,ESRI_LIVINGATLAS_WQ_RIVERS_2023,,Shimla,monthly,1
WQS0471,RIVER RATTA BEFORE CONF. TO RIVER SIRSA,HIMACHAL PRADESH,4488,RIVER RATTA BEFORE CONF. TO RIVER SIRSA,2022 2023 2024,3,high,,,,Ambiguous / unresolved,ESRI_LIVINGATLAS_WQ_RIVERS_2023,,Patiala,monthly,1
WQS0472,RIVER RAVI AT U/S MADHOPUR,HIMACHAL PRADESH,1088,RAVI AT U/S MADHOPUR | RAVI U/S MADHOPUR | RIVER RAVI AT U/S MADHOPUR,2016 2017 2019 2020 2021 2022 2023 2024,8,high,,32.492399,76.176291,Medium,ESRI_LIVINGATLAS_WQ_RIVERS_2023,,Chamba,monthly,1
WQS0473,RIVER RAVI D/S CHAMERA- III HEP DAM,HIMACHAL PRADESH,2615,RAVI AT AT D/S CHAMERA III HEP | RAVI AT D/S AT CHAMERA III HEP | RAVI AT D/S CHAMERA III HEP | RAVI D/S CHAMERA III HEP | RIVER RAVI AT D/S CHAMERA III HEP | RIVER RAVI D/S CHAMERA- III HEP DAM,2016 2017 2018 2019 2020 2021 2022 2023 2024,9,high,,32.596661,75.992383,Medium,ESRI_LIVINGATLAS_WQ_RIVERS_2023,,Chamba,monthly,1
WQS0474,RIVER RAVI D/S STP AT BHAGOT,HIMACHAL PRADESH,3874,RIVER RAVI D/S STP AT BHAGOT | RIVER RAVI D/S STP BHAGOT (CHAMBA),2017 2021 2022 2023 2024,5,high,,32.57,76.161388,Medium,ESRI_LIVINGATLAS_WQ_RIVERS_2023,,Chamba,monthly,1
WQS0475,RIVER RAVI U/S STP AT BHARGA,HIMACHAL PRADESH,3873,RIVER RAVI U/S STP AT BHARGA | RIVER RAVI U/S STP BARGA (CHAMBA),2017 2021 2022 2023 2024,5,high,,32.769722,76.328888,Low,ESRI_LIVINGATLAS_WQ_RIVERS_2023,,Chamba,monthly,1
WQS0476,RIVER SAINJ D/S LARJI,HIMACHAL PRADESH,1090,RIVER SAINJ D/S LARJI,2022 2023 2024,3,medium,,31.701264,77.169233,Medium,ESRI_LIVINGATLAS_WQ_RIVERS_2023,,Mandi,monthly,1
WQS0477,RIVER SIRSA AFTER CONF. TO RIVER RATTA,HIMACHAL PRADESH,4489,RIVER SIRSA AFTER CONF. TO RIVER RATTA | RIVER SIRSA D/S RIVER RATTA,2021 2022 2023 2024,4,medium,,,,Ambiguous / unresolved,ESRI_LIVINGATLAS_WQ_RIVERS_2023,,Kurukshetra,monthly,1
WQS0478,RIVER SIRSA D/S HOUSING BOARD NALLAH,HIMACHAL PRADESH,4487,RIVER SIRSA D/S HOUSING BOARD NALLAH,2021 2022 2023 2024,4,high,,,,Ambiguous / unresolved,ESRI_LIVINGATLAS_WQ_RIVERS_2023,,Patiala,monthly,1
WQS0479,RIVER SIRSA D/S NALAGARH BRIDGE,HIMACHAL PRADESH,1552,"RIVER SIRSA , D/S NALAGARH BRIDGE, H.P | RIVER SIRSA D/S NALAGARH BRIDGE | SIRSA , D/S NALAGARH BRIDGE | SIRSA RIVER, D/S NALAGARH BRIDGE",2016 2017 2018 2019 2020 2021 2022 2023 2024,9,high,,30.915403,76.791131,Medium,ESRI_LIVINGATLAS_WQ_RIVERS_2023,,Solan,monthly,1
WQS0480,RIVER SIRSA U/S SANDHOLI NALLAH,HIMACHAL PRADESH,4485,RIVER SIRSA U/S SANDHOLI NALLAH,2021 2022 2023 2024,4,high,,,,Ambiguous / unresolved,ESRI_LIVINGATLAS_WQ_RIVERS_2023,,Patiala,monthly,1
WQS0481,RIVER STLUJ D/S LANDFILL SITE RAMPUR,HIMACHAL PRADESH,4447,RIVER STLUJ D/S LANDFILL SITE RAMPUR | RIVER SUTLEJ D/S LANDFILL SITE RAMPUR,2019 2020 2021 2022 2023 2024,6,high,,31.443072,77.627852,Medium,ESRI_LIVINGATLAS_WQ_RIVERS_2023,Sutlej,Kullu,monthly,1
WQS0482,RIVER SUTLEJ AFTER CONF. OF RIVER BASPA AT KARCHAM DAM,HIMACHAL PRADESH,3870,RIVER SUTLEJ AFTER CONF. OF RIVER BASPA AT KARCHAM DAM | RIVER SUTLEJ AT KARCHAM DRAIN | SUTLEJ B/C WITH KARCHAM DRAIN,2019 2020 2021 2022 2023 2024,6,high,,31.500595,78.176732,Medium,ESRI_LIVINGATLAS_WQ_RIVERS_2023,Sutlej,Kinnaur,monthly,1
WQS0483,RIVER SUTLEJ AFTER CONFLUENCES OF RIVER BASPA,HIMACHAL PRADESH,4453,RIVER SUTLEJ AFTER CONFLUENCES OF RIVER BASPA | RIVER SUTLEJ D/S CONFLUENCES OF RIVER BASPA,2019 2021 2022 2023 2024,5,high,,31.500812,78.176998,Medium,ESRI_LIVINGATLAS_WQ_RIVERS_2023,Sutlej,Kinnaur,monthly,1
WQS0484,RIVER SUTLEJ AT D/S RAMPUR,HIMACHAL PRADESH,1087,"RIVER SUTLEJ AT D/S RAMPUR | SATLUJ AT D/S RAMPUR | SATLUJ D/S RAMPUR | SUTLEJ AT D/S RAMPUR | SUTLEJ AT D/S RAMPUR, H.P.",2016 2017 2018 2019 2020 2021 2022 2023 2024,9,high,,31.432236,77.622567,Medium,ESRI_LIVINGATLAS_WQ_RIVERS_2023,Sutlej,Shimla,monthly,1
WQS0485,RIVER SUTLEJ AT NANGAL (H.P.),HIMACHAL PRADESH | INTER-STATE,30009,RIVER SUTLEJ AT NANGAL (H.P.) | SUTLEJ AT NANGAL (H.P.),2020 2021 2022 2023 2024,5,high,,31.407469,76.389551,Medium,ESRI_LIVINGATLAS_WQ_RIVERS_2023,Sutlej,Rupnagar,quarterly,1
WQS0486,RIVER SUTLEJ AT U/S RAMPUR,HIMACHAL PRADESH,1086,"RIVER SUTLEJ AT U/S RAMPUR | SATLUJ AT U/S RAMPUR | SATLUJ U/S RAMPUR | SUTLEJ AT U/S RAMPUR | SUTLEJ AT U/S RAMPUR, H.P.",2016 2017 2018 2019 2020 2021 2022 2023 2024,9,high,,31.448039,77.628283,Medium,ESRI_LIVINGATLAS_WQ_RIVERS_2023,Sutlej,Kullu,monthly,1
WQS0487,RIVER SUTLEJ AT U/S TATAPANI,HIMACHAL PRADESH,1013,"RIVER SUTLEJ AT U/S TATAPANI | SATLUJ AT U/S TATAPANI | SATLUJ U/S TATAPANI | SUTLEJ AT U/S TATAPANI | SUTLEJ AT U/S TATAPANI, H.P.",2016 2017 2018 2019 2020 2021 2022 2023 2024,9,high,,31.247458,77.088208,Medium,ESRI_LIVINGATLAS_WQ_RIVERS_2023,Sutlej,Mandi,monthly,1
WQS0488,RIVER SUTLEJ AT WANGTOO BRIDGE,HIMACHAL PRADESH,1389,RIVER SUTLEJ AT WANGTOO BRIDGE,2022 2023 2024,3,medium,,31.859386,77.165125,Low,ESRI_LIVINGATLAS_WQ_RIVERS_2023,Sutlej,Kullu,monthly,1
WQS0489,RIVER SUTLEJ BEFORE CONF. WITH RIVER SPITI AT KHAB,HIMACHAL PRADESH,1867,"RIVER SUTLEJ BEFORE CONF. WITH RIVER SPITI AT KHAB | RIVER SUTLEJ RIVER B/C WITH RIVER SPITI AT KHAB, DISTT.KINNAUR | SATLUJ B/C WITH SPITI AT KHAB, DISTT.KINNAUR, | SATLUJ RIVER B/C WITH RIVER SPITI AT KHAB, DISTT.KINNAUR | SUTLEJ RIVER B/C WITH RIVER SPITI AT KHAB, DISTT. KINNAUR | SUTLEJ RIVER B/C WITH RIVER SPITI AT KHAB, DISTT.KINNAUR",2016 2017 2019 2020 2021 2022 2023,7,high,,31.804453,78.643214,Medium,ESRI_LIVINGATLAS_WQ_RIVERS_2023,Sutlej,Kinnaur,yearly,1
WQS0490,RIVER SUTLEJ D/S ACC BARMANA,HIMACHAL PRADESH,4032,RIVER SUTLEJ D/S ACC BARMANA,2022 2023 2024,3,medium,,31.339444,76.751667,Medium,ESRI_LIVINGATLAS_WQ_RIVERS_2023,Sutlej,Bilaspur,monthly,1
WQS0491,RIVER SUTLEJ D/S BHAKHRA,HIMACHAL PRADESH,1016,"RIVER SUTLEJ AT D/S BHAKHRA | RIVER SUTLEJ D/S BHAKHRA | SATLUJ AT D/S BHAKHRA | SATLUJ D/S BHAKHRA | SUTLEJ AT D/S BHAKHRA | SUTLEJ AT D/S BHAKHRA, H.P.",2016 2017 2018 2019 2020 2021 2022 2023 2024,9,high,,31.425772,76.421883,Medium,ESRI_LIVINGATLAS_WQ_RIVERS_2023,Sutlej,Una,monthly,1
WQS0492,RIVER SUTLEJ D/S CONFLUENCE WITH GANVI KHAD,HIMACHAL PRADESH,4451,RIVER SUTLEJ AFTER CONFLUENCE WITH GANVI KHAD | RIVER SUTLEJ D/S CONFLUENCE WITH GANVI KHAD,2019 2020 2021 2022 2023 2024,6,high,,31.536062,77.777423,Medium,ESRI_LIVINGATLAS_WQ_RIVERS_2023,Sutlej,Shimla,monthly,1
WQS0493,RIVER SUTLEJ D/S CONFLUENCES OF RIVER TIDONG,HIMACHAL PRADESH,4449,RIVER SUTLEJ AFTER CONFLUENCES WITH RIVER TIDONG | RIVER SUTLEJ D/S CONFLUENCES OF RIVER TIDONG,2019 2020 2021 2022 2023 2024,6,high,,31.582156,78.428551,Medium,ESRI_LIVINGATLAS_WQ_RIVERS_2023,Sutlej,Kinnaur,monthly,1
WQS0494,RIVER SUTLEJ D/S OF EXIT POINT OF DEHAR POWER HOUSE,HIMACHAL PRADESH,1015,"RIVER SUTLEJ AT D/S SLAPPER | RIVER SUTLEJ D/S OF EXIT POINT OF DEHAR POWER HOUSE | SATLUJ AT D/S SLAPPER | SATLUJ D/S SLAPPER | SUTLEJ AT D/S SLAPPER | SUTLEJ AT D/S SLAPPER, H.P.",2016 2017 2018 2019 2020 2021 2022 2023 2024,9,low,,31.412833,76.874881,Medium,ESRI_LIVINGATLAS_WQ_RIVERS_2023,Sutlej,Bilaspur,monthly,1
WQS0495,"RIVER SUTLEJ D/S OLINDA, NEAR BHAKRA DAM, H.P.",HIMACHAL PRADESH,30088,"RIVER SUTLEJ D/S OLINDA, NEAR BHAKRA DAM, H.P.",2022 2023 2024,3,high,,31.414467,76.414779,Medium,ESRI_LIVINGATLAS_WQ_RIVERS_2023,Sutlej,Una,quarterly,1
WQS0496,RIVER SUTLEJ D/S POWER HOUSE KASHANG HEP,HIMACHAL PRADESH | PUNJAB,3871,RIVER SATLUJ D/S POWER HOUSE KASHANG HEP | RIVER SUTLEJ D/S POWER HOUSE KASHANG HEP | SUTLEJ RIVER D/S POWER HOUSE KASHANG HEP,2017 2019 2020 2021 2022 2023 2024,7,high,,31.599289,78.304295,Medium,ESRI_LIVINGATLAS_WQ_RIVERS_2023,Sutlej,Kinnaur,monthly,1
WQS0497,RIVER SUTLEJ D/S TIDONG HEP,HIMACHAL PRADESH | PUNJAB,3872,RIVER SUTLEJ D/S TIDONG HEP | SATLUJ RIVER D/S TIDONG HEP | SUTLEJ RIVER D/S TIDONG HEP,2017 2019 2020 2021 2022 2023 2024,7,high,,31.575155,78.445304,Medium,ESRI_LIVINGATLAS_WQ_RIVERS_2023,Sutlej,Kinnaur,monthly,1
WQS0498,RIVER SUTLEJ D/S TRT OF RAMPUR HYDEL ELECTRIC PROJECT,HIMACHAL PRADESH | PUNJAB,3869,RIVER SUTLEJ D/S TRT OF RAMPUR HYDEL ELECTRIC PROJECT | SATLUJ RIVER D/S TRT OF RAMPUR HYDEL ELECTRIC PROJECT | SUTLEJ RIVER D/S TRT OF RAMPUR HYDEL ELECTRIC PROJECT,2017 2019 2020 2021 2022 2023 2024,7,high,,31.399332,77.589413,Medium,ESRI_LIVINGATLAS_WQ_RIVERS_2023,Sutlej,Kullu,monthly,1
WQS0499,RIVER SUTLEJ NEAR LUHNOO GROUND,HIMACHAL PRADESH,4033,RIVER SUTLEJ NEAR LUHNOO GROUND,2022 2023 2024,3,medium,,31.358333,76.760278,Medium,ESRI_LIVINGATLAS_WQ_RIVERS_2023,Sutlej,Bilaspur,monthly,1
WQS0500,"RIVER SUTLEJ U/S AT OLINDA, NEAR BHAKRA DAM, H.P.",HIMACHAL PRADESH | INTER-STATE,30087,"RIVER SUTLEJ U/S AT OLINDA, NEAR BHAKRA DAM, H.P.",2020 2022 2023 2024,4,high,,31.41804,76.393821,Medium,ESRI_LIVINGATLAS_WQ_RIVERS_2023,Sutlej,Bilaspur,quarterly,1
WQS0501,RIVER SUTLEJ U/S CONFLUENCE WITH GANVI KHAND,HIMACHAL PRADESH,4450,RIVER SUTLEJ BEFORE CONFLUENCE WITH GANVI KHAND | RIVER SUTLEJ U/S CONFLUENCE WITH GANVI KHAND,2019 2020 2021 2022 2023 2024,6,high,,31.547992,77.792487,Medium,ESRI_LIVINGATLAS_WQ_RIVERS_2023,Sutlej,Shimla,monthly,1
WQS0502,RIVER SUTLEJ U/S CONFLUENCES OF RIVER BASPA,HIMACHAL PRADESH,4452,RIVER SUTLEJ BEFORE CONFLUENCES OF RIVER BASPA | RIVER SUTLEJ U/S CONFLUENCES OF RIVER BASPA,2019 2020 2021 2022 2023 2024,6,high,,31.498702,78.207331,Medium,ESRI_LIVINGATLAS_WQ_RIVERS_2023,Sutlej,Kinnaur,monthly,1
WQS0503,RIVER SUTLEJ U/S CONFLUENCES OF RIVER TIDONG,HIMACHAL PRADESH,4448,RIVER SUTLEJ BEFORE CONFLUENCES WITH RIVER TIDONG | RIVER SUTLEJ U/S CONFLUENCES OF RIVER TIDONG,2019 2020 2021 2022 2023 2024,6,high,,31.590541,78.441513,Medium,ESRI_LIVINGATLAS_WQ_RIVERS_2023,Sutlej,Kinnaur,monthly,1
WQS0504,RIVER SUTLEJ U/S IANDFILL SITE RAMPUR,HIMACHAL PRADESH,4446,RIVER SUTLEJ U/S IANDFILL SITE RAMPUR,2019 2020 2021 2022 2023 2024,6,high,,31.448534,77.63401,Medium,ESRI_LIVINGATLAS_WQ_RIVERS_2023,Sutlej,Shimla,monthly,1
WQS0505,RIVER SUTLEJ U/S OF EXIT POINT OF DEHAR POWER HOUSE,HIMACHAL PRADESH,1014,"RIVER SUTLEJ AT U/S SLAPPER | RIVER SUTLEJ U/S OF EXIT POINT OF DEHAR POWER HOUSE | SATLUJ AT U/S SLAPPER | SATLUJ U/S SLAPPER | SUTLEJ AT U/S SLAPPER | SUTLEJ AT U/S SLAPPER, H.P.",2016 2017 2018 2019 2020 2021 2022 2023 2024,9,low,,31.421014,76.837836,Medium,ESRI_LIVINGATLAS_WQ_RIVERS_2023,Sutlej,Mandi,monthly,1
WQS0506,RIVER SWAN AFTER CONF. GARNI KHAD AT CHURURU,HIMACHAL PRADESH,4031,RIVER SWAN AFTER CONF. GARNI KHAD AT CHURURU | RIVER SWAN RIVER A/C GARNI KHAD | SWAN RIVER A/C GARNI KHAD,2019 2020 2021 2022 2023 2024,6,high,,31.576741,76.153032,Medium,ESRI_LIVINGATLAS_WQ_RIVERS_2023,,Una,monthly,1
WQS0507,RIVER SWAN BEFORE CONF. OF GARNI KHAD AT CHURURU,HIMACHAL PRADESH,4030,RIVER SWAN B/C OF GARNI KHAD | RIVER SWAN BEFORE CONF. OF GARNI KHAD AT CHURURU | SWAN RIVER B/C OF GARNI KHAD,2019 2020 2021 2022 2023 2024,6,high,,31.594396,76.144815,Medium,ESRI_LIVINGATLAS_WQ_RIVERS_2023,,Una,monthly,1
WQS0508,RIVER SWAN D/S BELA BATHARI (BHANGLA),HIMACHAL PRADESH,1869,RIVER SWAN D/S BELA BATHARI (BHANGLA),2022 2023 2024,3,medium,,31.365081,76.306519,Medium,ESRI_LIVINGATLAS_WQ_RIVERS_2023,,Una,monthly,1
WQS0509,RIVER SWAN D/S OF UNA AT RAMPUR BRIDGE,HIMACHAL PRADESH,4433,RIVER SWAN D/S OF UNA AT RAMPUR BRIDGE | SWAN RIVER D/S OF UNA AT RAMPUR BRIDGE,2019 2020 2022 2023 2024,5,high,,31.480187,76.222113,Medium,ESRI_LIVINGATLAS_WQ_RIVERS_2023,,Una,monthly,1
WQS0510,RIVER SWAN U/S SANTOSHGARH BRIDGE,HIMACHAL PRADESH,3858,RIVER SWAN U/S SANTOSHGARH BRIDGE | SWAN RIVER U/S SANTOSHGARH BRIDGE,2017 2019 2020 2021 2022 2023 2024,7,high,,31.356798,76.310396,Medium,ESRI_LIVINGATLAS_WQ_RIVERS_2023,,Una,monthly,1
WQS0511,RIVER TIRTHAN B/C TO RIVER SUTLEJ,HIMACHAL PRADESH,4038,RIVER TIRTHAN B/C TO RIVER SUTLEJ | RIVER TIRTHAN BEFORE CONF. TO RIVER SUTLEJ,2019 2020 2021 2022 2023 2024,6,high,,31.706232,77.261636,Medium,ESRI_LIVINGATLAS_WQ_RIVERS_2023,,Kullu,monthly,1
WQS0512,RIVER TONS AT TIUNI (HIMACHAL PRADESH/UTTRA KHAND BORDER),HIMACHAL PRADESH,1510,"RIVER TONS AT TIUNI (HIMACHAL PRADESH/UTTRA KHAND BORDER) | RIVER TONS SIRMAUR | TONS RIVER | TONS RIVER AT SIRMAUR | TONS RIVER, H.P | TONS RIVER, SIRMAUR",2016 2018 2019 2020 2021 2022 2023 2024,8,high,,30.556089,77.777152,Medium,ESRI_LIVINGATLAS_WQ_RIVERS_2023,,Sirmaur,monthly,1
WQS0513,"RIVER UHL D/S OF IIT, MANDI",HIMACHAL PRADESH,5248,"RIVER UHL D/S OF IIT, MANDI",2022 2023 2024,3,high,,31.78309,77.00029,Medium,ESRI_LIVINGATLAS_WQ_RIVERS_2023,,Mandi,,1
WQS0514,RIVER YAMUNA AT PONTA SAHIB (H.P),HIMACHAL PRADESH | INTER-STATE,30027,RIVER YAMUNA AT PONTA SAHIB | RIVER YAMUNA AT PONTA SAHIB (H.P) | YAMUNA AT PONTA SAHIB (H.P),2020 2021 2023 2024,4,high,,30.432892,77.625932,Medium,ESRI_LIVINGATLAS_WQ_RIVERS_2023,Yamuna,Dehradun,quarterly,1
WQS0515,RIVER YAMUNA D/S PAONTA SAHIB,HIMACHAL PRADESH,1554,"RIVER YAMUNA , D/S PAONTA SAHIB, H.P | RIVER YAMUNA D/S PAONTA SAHIB | YAMUNA D/S PAONTA SAHIB | YAMUNA RIVER, D/S PAONTA SAHIB",2016 2017 2018 2019 2020 2021 2022 2023 2024,9,high,,30.465256,77.661758,Medium,ESRI_LIVINGATLAS_WQ_RIVERS_2023,Yamuna,Sirmaur,monthly,1
WQS0516,RIVER YAMUNA D/S SUN PHARMACEUTICALS,HIMACHAL PRADESH,4440,RIVER YAMUNA D/S RANBAXY | RIVER YAMUNA D/S SUN PHARMACEUTICALS,2019 2021 2022 2023 2024,5,low,,30.429123,77.603639,Medium,ESRI_LIVINGATLAS_WQ_RIVERS_2023,Yamuna,Dehradun,monthly,1
WQS0517,RIVER YAMUNA U/S PAONTA SAHIB,HIMACHAL PRADESH,1553,"RIVER YAMUNA , U/S PAONTA SAHIB, H.P | RIVER YAMUNA U/S PAONTA SAHIB | YAMUNA RIVER, U/S PAONTA SAHIB | YAMUNA U/S PAONTA SAHIB",2016 2017 2018 2019 2020 2021 2022 2023 2024,9,high,,30.392244,77.572103,Medium,ESRI_LIVINGATLAS_WQ_RIVERS_2023,Yamuna,Sirmaur,monthly,1
WQS0518,RIVER YAMUNA U/S SUN PHARMACEUTICALS,HIMACHAL PRADESH,4439,RIVER YAMUNA U/S RANBAXY | RIVER YAMUNA U/S SUN PHARMACEUTICALS,2019 2021 2022 2023 2024,5,low,,30.427477,77.589102,Medium,ESRI_LIVINGATLAS_WQ_RIVERS_2023,Yamuna,Sirmaur,monthly,1
WQS0519,SARVARI NALLAH BEFORE CONFLUENCE TO RIVER BEAS,HIMACHAL PRADESH,3867,SARVARI NALLAH BEFORE CONFLUENCE TO RIVER BEAS,2020,1,single_year,single-year station,,,Ambiguous / unresolved,,Beas,,,1
WQS0520,SATLUJ AT NEPTHA ZAKHAI,HIMACHAL PRADESH,1389,"RIVER SUTLEJ AT NEPTHA ZAKHAI | SATLUJ AT NEPTHA ZAKHAI | SUTLEJ AT NEPTHA ZAKHAI | SUTLEJ AT NEPTHA ZAKHAI, H.P",2016 2017 2018 2019 2020 2021,6,medium,,,,Ambiguous / unresolved,,Sutlej,,,1
WQS0521,SEER KHAD U/S INTAKE POINT OF WSS GHUMARWIN TOWN,HIMACHAL PRADESH,5252,SEER KHAD U/S INTAKE POINT OF WSS GHUMARWIN TOWN,2022 2023 2024,3,high,,31.52722,76.69956,Medium,ESRI_LIVINGATLAS_WQ_RIVERS_2023,,Bilaspur,,1
WQS0522,SHIKARI KHAD BEFORE CONFLUENCE TO RIVER PABBAR NEAR HRTC ROHRU BUS STAND,HIMACHAL PRADESH,4431,SHIKARI BEFORE CONFLUENCE TO RIVER PABBAR NEAR HRTC ROHRU BUS STAND | SHIKARI KHAD B/ C RIVER PABBAR NEAR HRTC ROHRU BUS STAND | SHIKARI KHAD BEFORE CONFLUENCE TO RIVER PABBAR NEAR HRTC ROHRU BUS STAND,2019 2020 2021 2022 2023 2024,6,high,,31.203302,77.750076,Medium,ESRI_LIVINGATLAS_WQ_RIVERS_2023,,Shimla,monthly,1
WQS0523,"SIRSA RIVER , U/S SITOMAJRI NALLAHGARH",HIMACHAL PRADESH,1551,"RIVER SIRSA , U/S SITOMAJRI NALLAHGARH, H.P | RIVER SIRSA U/S SITOMAJRI NALLAH | RIVER SIRSA U/S SITOMAJRI NALLAHGARH | SIRSA , U/S SITOMAJRI NALLAHGARH | SIRSA RIVER , U/S SITOMAJRI NALLAHGARH",2016 2017 2018 2019 2020 2021 2022 2023 2024,9,high,,30.919003,76.806214,Medium,ESRI_LIVINGATLAS_WQ_RIVERS_2023,,Panchkula,monthly,1
WQS0524,SIRSA RIVER AT D/S NALAGARH DISTT. SOLAN,HIMACHAL PRADESH,1868,"RIVER SIRSA AT D/S NALAGARH DISTT. SOLAN | RIVER SIRSA AT D/S NALAGARH DISTT. SOLAN, H.P. | RIVER SIRSA D/S NALAGARH TOWN | SIRSA D/S NALAGARH DISTT. SOLAN | SIRSA RIVER AT D/S NALAGARH DISTT. SOLAN",2016 2017 2018 2019 2020 2021 2022 2023 2024,9,high,,30.998567,76.738231,Medium,ESRI_LIVINGATLAS_WQ_RIVERS_2023,,Solan,monthly,1
WQS0525,SIUEL AT D/S SURGANI,HIMACHAL PRADESH,2616,RIVER BAIRA SIUL D/S SURGANI | RIVER SIUEL AT D/S SURGANI | SIUEL AT D/S SURGANI | SIUEL D/S SURGANI,2016 2017 2018 2019 2020 2021 2022 2023 2024,9,high,,32.721486,76.089586,Medium,ESRI_LIVINGATLAS_WQ_RIVERS_2023,,Chamba,monthly,1
WQS0526,SPITI AT KHAB,HIMACHAL PRADESH,2610,RIVER SPITI AT KHAB | RIVER SPITI BEFORE CONF.WITH RIVER SUTLEJ AT KHAB | SPITI AT KHAB,2016 2017 2018 2019 2020 2021 2022 2023 2024,9,high,,31.806619,78.641953,Medium,ESRI_LIVINGATLAS_WQ_RIVERS_2023,,Kinnaur,yearly,1
WQS0527,SUKETI KHAD AT D/S MANDI,HIMACHAL PRADESH,2607,RIVER SUKETI KHAD AT D/S MANDI | SUKETI KHAD AT D/S MANDI | SUKETI KHAD BEFORE CONF. WITH RIVER BEAS | SUKETI KHAD D/S MANDI,2016 2017 2018 2019 2020 2021 2022 2023 2024,9,low,,31.756389,76.936111,Medium,ESRI_LIVINGATLAS_WQ_RIVERS_2023,,Mandi,monthly,1
WQS0528,SUKETI KHAD D/S SWM SITE AT SUNDER NAGAR,HIMACHAL PRADESH,5251,SUKETI KHAD D/S SWM SITE AT SUNDER NAGAR,2022 2023 2024,3,high,,31.54503,76.89314,Medium,ESRI_LIVINGATLAS_WQ_RIVERS_2023,,Mandi,,1
WQS0529,"SUKHANA RIVER AT PARWANOO, DISTT. SOLAN",HIMACHAL PRADESH,1870,"SUKHANA RIVER AT PARWANOO, DISTT. SOLAN",2019 2020,2,high,,,,Ambiguous / unresolved,,,,,1
WQS0530,SUTLEJ AT D/S KHAIRIAN SOLID WASTE DUMPING SITE BILASPUR,HIMACHAL PRADESH,4033,D/S KHAIRIAN SOLID WASTE DUMPING SITE BILASPUR | RIVER SUTLEJ D/S KHAIRIAN SOLID WASTE DUMPING SITE BILASPUR | SUTLEJ AT D/S KHAIRIAN SOLID WASTE DUMPING SITE BILASPUR,2019 2020 2021,3,medium,,,,Ambiguous / unresolved,,Sutlej,,,1
WQS0531,SUTLEJ AT KHAB,HIMACHAL PRADESH,2611,RIVER SUTLEJ AFTER CONF. WITH RIVER SPIT AT KHAB | RIVER SUTLEJ AT KHAB | SATLUJ AT KHAB | SUTLEJ AT KHAB,2016 2017 2018 2019 2020 2021 2022 2023 2024,9,high,,31.798494,78.639769,Medium,ESRI_LIVINGATLAS_WQ_RIVERS_2023,Sutlej,Kinnaur,yearly,1
WQS0532,SUTLEJ AT U/S KHAIRIAN SOLID WASTE DUMPING SITE BILASPUR,HIMACHAL PRADESH,4032,RIVER SUTLEJ U/S KHAIRIAN SOLID WASTE DUMPING SITE BILASPUR | SUTLEJ AT U/S KHAIRIAN SOLID WASTE DUMPING SITE BILASPUR | U/S KHAIRIAN SOLID WASTE DUMPING SITE BILASPUR,2019 2020 2021,3,medium,,,,Ambiguous / unresolved,,Sutlej,,,1
WQS0533,SWAN RIVER AT D/S NANGAL DISTT. UNA,HIMACHAL PRADESH,1869,"RIVER SWAN AT D/S NANGAL DISTT. UNA | RIVER SWAN AT D/S NANGAL DISTT. UNA, H.P. | SWAN D/S NANGAL DISTT. UNA | SWAN RIVER AT D/S NANGAL DISTT. UNA",2016 2017 2018 2019 2020 2021,6,medium,,,,Ambiguous / unresolved,,,,,1
WQS0534,SWAN RIVER D/S GAGRET,HIMACHAL PRADESH,3857,RIVER SWAN D/S GAGRET | RIVER SWAN D/S INDUSTRIAL AREA GAGRET | SWAN RIVER D/S GAGRET,2017 2019 2020 2021 2022 2023 2024,7,high,,31.662493,76.077951,Medium,ESRI_LIVINGATLAS_WQ_RIVERS_2023,,Una,monthly,1
WQS0535,SWAN RIVER U/S GAGRET,HIMACHAL PRADESH,3856,RIVER SWAN U/S GAGRET | RIVER SWAN U/S INDUSTRIAL AREA GAGRET | SWAN RIVER U/S GAGRET,2017 2019 2020 2021 2022 2023 2024,7,high,,31.684629,76.075096,Medium,ESRI_LIVINGATLAS_WQ_RIVERS_2023,,Una,monthly,1
WQS0536,SWAN RIVER U/S UNA TOWN GHALLUWAL BRIDGE,HIMACHAL PRADESH,3859,RIVER SWAN U/S UNA TOWN AT GHALLUWAL BRIDGE | RIVER SWAN U/S UNA TOWN GHALLUWAL BRIDGE | SWAN RIVER U/S UNA TOWN GHALLUWAL BRIDGE,2017 2019 2020 2021 2022 2023 2024,7,high,,31.482709,76.221968,Medium,ESRI_LIVINGATLAS_WQ_RIVERS_2023,,Una,monthly,1
WQS0537,U/S OF WEIR SITE OF WTP NEAR ASHWANI BRIDGE,HIMACHAL PRADESH,4428,ASHWANI KHAD U/S OF WEIR SITE OF WTP NEAR ASHWANI BRIDGE | ASHWINI KHAD U/S OF WEIR SITE OF WTP NEAR ASHWANI BRIDGE | U/S OF WEIR SITE OF WTP NEAR ASHWANI BRIDGE,2019 2020 2021 2022 2023 2024,6,high,,31.075267,77.153808,Medium,ESRI_LIVINGATLAS_WQ_RIVERS_2023,,Shimla,monthly,1
WQS0538,JHELAM D/S ANANTNAG,JAMMU & KASHMIR,1304,"JHELAM AT ANANTNAG D/S | JHELAM D/S ANANTNAG | JHELUM AT ANANTNAG D/S | JHELUM AT ANANTNAG D/S, J&K | RIVER JHELAM AT ANANTNAG D/S | RIVER JHELUM AT ANANTNAG D/S",2016 2017 2018 2019 2020 2021,6,high,,,,Ambiguous / unresolved,,,,,1
WQS0539,"MANWAR TAWI AT NOWSHERA, CONFLUENCE POINT OF TRIBUTARIES IN MANWAR TAWI)",JAMMU & KASHMIR,4076,"MANWAR TAWI AT NOWSHERA, CONFLUENCE POINT OF TRIBUTARIES IN MANWAR TAWI)",2019,1,single_year,single-year station,,,Ambiguous / unresolved,,,,,1
WQS0540,MANWAR TAWI AT TARHALI BRIDGE ( 5 KM U/S SALAINI BRIDGE),JAMMU & KASHMIR,4079,MANWAR TAWI AT TARHALI BRIDGE ( 5 KM U/S SALAINI BRIDGE),2019,1,single_year,single-year station,,,Ambiguous / unresolved,,,,,1
WQS0541,MANWAR TAWI AT VILLAGE KALLAR (ABOUT 15 KM D/S SALAINI BRIDGE),JAMMU & KASHMIR,4075,MANWAR TAWI AT VILLAGE KALLAR (ABOUT 15 KM D/S SALAINI BRIDGE) | RIVER MANWAR TAWI AT VILLAGE KALLAR (ABOUT 15 KM D/S SALAINI BRIDGE),2019 2021,2,high,,,,Ambiguous / unresolved,,,,,1
WQS0542,"RIVER BANGANGA (BATHING GHAT), KATRA,",JAMMU & KASHMIR,2755,"BANGANGA (BATHING GHAT), KATRA | BANGANGA (BATHING GHAT), KATRA, | BANGANGA (BATHING GHAT), KATRA, J&K | RIVER BANGANGA (BATHING GHAT), KATRA,",2016 2017 2018 2019 2020 2021 2022 2023 2024,9,high,,32.983326,74.90052,Medium,ESRI_LIVINGATLAS_WQ_RIVERS_2023,,Reasi,monthly,1
WQS0543,RIVER BANGANGA (IN FRONT OF PONY SHED NEAR REASI BRIDGE)KATRA,JAMMU & KASHMIR,2756,BANGANGA (IN FRONT OF PONY SHED NEAR REASI BRIDGE ) KATRA | BANGANGA (IN FRONT OF PONY SHED NEAR REASI BRIDGE) | BANGANGA (IN FRONT OF PONY SHED NEAR REASI BRIDGE)KATRA | RIVER BANGANGA (IN FRONT OF PONY SHED NEAR REASI BRIDGE)KATRA,2016 2017 2018 2019 2020 2021 2022 2023 2024,9,high,,33.072819,74.834372,Medium,ESRI_LIVINGATLAS_WQ_RIVERS_2023,,Reasi,monthly,1
WQS0544,RIVER BASANTER D/S(R.H.S.) SAMBA (AT CHAK MANGA GUJJAR,JAMMU & KASHMIR,2753,"BASANTER)D/S(R.H.S.) SAMBA (AT CHAK MANGA GUJJAR | RIVER BASANTER D/S(R.H.S.) SAMBA (AT CHAK MANGA GUJJAR | SAMBA (AT CHAK MANGA GUJJAR BASANTAR)D/S(R.H.S.), | SAMBA (AT CHAK MANGA GUJJAR) BASANTAR D/S (R.H.S)",2016 2017 2018 2021 2022 2023 2024,7,high,,32.653333,75.096389,Medium,ESRI_LIVINGATLAS_WQ_RIVERS_2023,,Samba,monthly,1
WQS0545,"RIVER BASANTER U/S (R.H.S) SAMBA (BELOW NH-1A BRIDGE),",JAMMU & KASHMIR,2752,"BASANTER U/S (R.H.S) SAMBA (BELOW NH-1A BRIDGE), | BASANTER US (R.H.S) SAMBA (BELOW NH1A BRIDGE), | RIVER BASANTER U/S (R.H.S) SAMBA (BELOW NH-1A BRIDGE), | SAMBA (BELOW NH-1A BRIDGE), BASANTAR US (R.H.S) | SAMBA(BELOW NH-1A BRIDGE) BASANTAR US (R.H.S.)",2016 2017 2018 2019 2020 2021 2022 2023 2024,9,high,,32.635833,75.170278,Medium,ESRI_LIVINGATLAS_WQ_RIVERS_2023,,Samba,monthly,1
WQS0546,RIVER CHENAB AT BLIND CURVE SHAMSHAN GHAT (1.5 KM U/S FROM SPOT),JAMMU & KASHMIR,2749,"BLIND CURVE SHAMSHAN GHAT (1.5 KM U/S FROM SPOT), | CHENAB AT BLIND CURVE SHAMSHAN GHAT (1.5 KM U/S FR | CHENAB AT BLIND CURVE SHAMSHAN GHAT (1.5 KM U/S FROM SPOT) | CHENAB, BLIND CURVE, SHAMSHAN GHAT | RIVER CHENAB AT BLIND CURVE SHAMSHAN GHAT (1.5 KM U/S FROM SPOT)",2016 2017 2018 2019 2020 2021 2022 2023 2024,9,high,,32.956944,74.961389,Medium,ESRI_LIVINGATLAS_WQ_RIVERS_2023,,Jammu,monthly,1
WQS0547,RIVER CHENAB AT CHADRA GAON VIEW POINT(4 KM U/S FROM SPOT),JAMMU & KASHMIR,2750,"CHADRA GAON VIEW POINT(4 KM U/S FROM SPOT), J&K | CHENAB RIVER AT CHADRA GAON VIEW POINT(4 KM U/S F | CHENAB RIVER AT CHADRA GAON VIEW POINT(4 KM U/S FROM SPOT) | CHENAB, CHADRA GAON VIEW POINT | RIVER CHENAB AT CHADRA GAON VIEW POINT(4 KM U/S FROM SPOT)",2016 2017 2018 2019 2020 2021 2022 2023 2024,9,high,,33.013333,74.774167,Medium,ESRI_LIVINGATLAS_WQ_RIVERS_2023,,Jammu,monthly,1
WQS0548,RIVER CHENAB AT JAL PATAN MANDIR AFTER MEETING WITH MAIN DRAIN OF AKHNOOR CITY(1.5 KMD/S FROM SPOT),JAMMU & KASHMIR,2751,"CHENAB AT JAL PATAN MANDIR AFTER MEETING WITH MAIN DRAIN OF AKHNOOR CITY(1.5 KMD/S FROM SPOT) | CHENAB, JAI PATAN MANDIR AFTER MEETING WITH MAIN DRAIN OF AKHNOOR CITY | JAL PATAN MANDIR AFTER MEETING WITH MAIN DRAIN | RIVER CHENAB AT JAL PATAN MANDIR AFTER MEETING WITH MAIN DRAIN OF AKHNOOR CITY(1.5 KMD/S FROM SPOT)",2016 2017 2018 2019 2020 2021 2022 2023 2024,9,medium,,32.895309,74.740171,Medium,ESRI_LIVINGATLAS_WQ_RIVERS_2023,,Jammu,monthly,1
WQS0549,RIVER CHENAB AT JAMMU D/S,JAMMU & KASHMIR,1305,RIVER CHENAB AT JAMMU D/S,2021,1,single_year,single-year station,,,Ambiguous / unresolved,,,,,1
WQS0550,RIVER CHENAB AT L.H.S.(BELOW BRIDGE CHENAB),JAMMU & KASHMIR,2748,"CHENAB AT L.H.S.(BELOW BRIDGE CHENAB) | CHENAB, L.H.S. (BELOW BRIDGE CHENAB) | L.H.S.(BELOW BRIDGE CHENAB), J&K | RIVER CHENAB AT L.H.S.(BELOW BRIDGE CHENAB)",2016 2017 2018 2019 2020 2021 2022 2023 2024,9,high,,33.151325,74.882478,Medium,ESRI_LIVINGATLAS_WQ_RIVERS_2023,,Reasi,monthly,1
WQS0551,RIVER CHUNT KOL (MAULANA AZAD BRIDGE),JAMMU & KASHMIR,1307,"CHUNT KOL (MAULANA AZAD BRIDGE) | CHUNT KOL (MAULANA AZAD BRIDGE), J&K | RIVER CHUNT KOL (MAULANA AZAD BRIDGE)",2016 2017 2018 2019 2020 2021 2023 2024,8,high,,34.078121,74.813495,Medium,ESRI_LIVINGATLAS_WQ_RIVERS_2023,,Srinagar,monthly,1
WQS0552,"RIVER DEVAK 2 KM D/S FROM SHIV MANDIR AT UDHAMPUR,",JAMMU & KASHMIR,4062,"RIVER DEVAK 2 KM D/S FROM SHIV MANDIR AT UDHAMPUR,",2022 2023 2024,3,high,,32.893892,75.111563,Medium,ESRI_LIVINGATLAS_WQ_RIVERS_2023,,Udhampur,monthly,1
WQS0553,"RIVER DEVAK ABOUT 10 KM D/S FROM SHIV MANDIR, BELOW RAILWAY BRIDGE, UDHAMPUR",JAMMU & KASHMIR,4063,"RIVER DEVAK ABOUT 10 KM D/S FROM SHIV MANDIR, BELOW RAILWAY BRIDGE, UDHAMPUR",2022 2023 2024,3,high,,32.938527,75.165483,Medium,ESRI_LIVINGATLAS_WQ_RIVERS_2023,,Udhampur,monthly,1
WQS0554,"RIVER DEVAK AT PURMANDAL, NEAR TEMPLE",JAMMU & KASHMIR,4058,"RIVER DEVAK AT PURMANDAL, NEAR TEMPLE",2022 2023 2024,3,high,,32.927918,75.137128,Medium,ESRI_LIVINGATLAS_WQ_RIVERS_2023,,Udhampur,monthly,1
WQS0555,RIVER DEVAK AT UTTERBEHNI,JAMMU & KASHMIR,2757,"DEVAK AT UTTERBEHNI. | DEVAK RIVER AT UTTERBEHN | DEVAK RIVER AT UTTERBEHNI | RIVER DEVAK AT UTTERBEHNI | RIVER DEVAK AT UTTERBEHNI, J&K",2016 2017 2018 2019 2020 2021 2022 2023 2024,9,high,,32.571694,75.111288,Medium,ESRI_LIVINGATLAS_WQ_RIVERS_2023,,Samba,monthly,1
WQS0556,RIVER DEVAK UDHAMPUR(NEAR SHIV MANDIR D/S)L.H.S.,JAMMU & KASHMIR,2754,"DEVAK RIVER UDHAMPUR(NEAR SHIV MANDIR D/S)L.H.S. | DEVAK RIVERUDHAMPUR(NEAR SHIV MANDIRD/S)L.H.S. | DEVAK UDHAMPUR(NEAR SHIV MANDIR), L.H.S. | RIVER DEVAK UDHAMPUR(NEAR SHIV MANDIR D/S)L.H.S. | RIVER DEVAK UDHAMPUR(NEAR SHIV MANDIRD/S)L.H.S.",2016 2017 2018 2019 2020 2021 2022 2023 2024,9,high,,32.920611,75.125547,Medium,ESRI_LIVINGATLAS_WQ_RIVERS_2023,,Udhampur,monthly,1
WQS0557,"RIVER GAWKADAL, SRG (SHERGHARI, SRG)",JAMMU & KASHMIR,1306,"GAWKADAL, SRG (SHERGHARI, SRG) | GAWKADAL, SRG (SHERGHARI, SRG), J&K | RIVER GAWKADAL, SRG (SHERGHARI, SRG)",2016 2017 2018 2019 2020 2021 2023 2024,8,high,,34.074254,74.807199,Medium,ESRI_LIVINGATLAS_WQ_RIVERS_2023,,Srinagar,monthly,1
WQS0558,RIVER JHELAM AT CHATTABAL WEIR (OUTLET,JAMMU & KASHMIR,1411,"JHELAM AT CHATTABAL WEIR (OUTLET | JHELAM AT CHATTABAL WEIR (OUTLET) | JHELUM AT CHATTABAL WEIR (OUTLET | JHELUM AT CHATTABAL WEIR (OUTLET), J&K | RIVER JHELAM AT CHATTABAL WEIR (OUTLET | RIVER JHELUM AT CHATTABAL WEIR (OUTLET",2016 2017 2018 2019 2020 2021 2023 2024,8,high,,34.09033,74.784796,Medium,ESRI_LIVINGATLAS_WQ_RIVERS_2023,,Srinagar,monthly,1
WQS0559,"RIVER JHELAM AT DALAGATE (INLET), SRINAGAR",JAMMU & KASHMIR,1410,"JHELAM AT DALAGATE (INLET), SRINAGAR | JHELUM AT DALAGATE (INLET), SRINAGAR | JHELUM AT DALAGATE (INLET), SRINAGAR, J&K | RIVER JHELAM AT DALAGATE (INLET), SRINAGAR | RIVER JHELUM AT DALAGATE (INLET), SRINAGAR",2016 2017 2018 2019 2020 2021 2023 2024,8,high,,34.07107,74.827465,Medium,ESRI_LIVINGATLAS_WQ_RIVERS_2023,,Srinagar,monthly,1
WQS0560,RIVER JHELUM AT AWANTIPORA,JAMMU & KASHMIR,3274,JHELUM AT AWANTIPORA | JHELUM RIVER AT AWANTIPORA | RIVER JHELUM AT AWANTIPORA,2016 2017 2018 2019 2020 2021 2023 2024,8,high,,33.922416,75.011699,Medium,ESRI_LIVINGATLAS_WQ_RIVERS_2023,,Pulwama,monthly,1
WQS0561,RIVER JHELUM AT BARAMULLA D/S,JAMMU & KASHMIR,3277,JHELUM D/S ATBARAMULLA | JHELUM RIVER AT BARAMULLA D/S | JHELUM RIVER ATBARAMULLA D/S | RIVER JHELUM AT BARAMULLA D/S,2016 2017 2018 2019 2020 2021 2023 2024,8,high,,34.208794,74.334486,Medium,ESRI_LIVINGATLAS_WQ_RIVERS_2023,,Baramulla,monthly,1
WQS0562,RIVER JHELUM AT BIJEHARA,JAMMU & KASHMIR,4053,RIVER JHELUM AT BIJEHARA,2019 2020 2021 2023 2024,5,high,,33.788097,75.10493,Medium,ESRI_LIVINGATLAS_WQ_RIVERS_2023,,Anantnag,monthly,1
WQS0563,RIVER JHELUM AT PAMPORE,JAMMU & KASHMIR,3275,JHELUM AT PAMPORE | JHELUM RIVER AT PAMPORE | RIVER JHELUM AT PAMPORE,2016 2017 2018 2019 2020 2021 2023 2024,8,high,,34.005819,74.912056,Medium,ESRI_LIVINGATLAS_WQ_RIVERS_2023,,Pulwama,monthly,1
WQS0564,RIVER JHELUM AT PANTHACHOWK,JAMMU & KASHMIR,4054,RIVER JHELUM AT PANTHACHOWK,2019 2020 2021 2023 2024,5,high,,34.038738,74.883134,Medium,ESRI_LIVINGATLAS_WQ_RIVERS_2023,,Srinagar,monthly,1
WQS0565,"RIVER JHELUM AT SANGAM, CONFLUENCE POINT OF VISHAV NALLAH",JAMMU & KASHMIR,3273,"JHELUM AT SANGAM, CONFLUENCE POINT OF VISHAV NALLAH | JHELUM RIVER AT SANGAM, CONFLUENCE POINT OF VISHAV NALLAH | RIVER JHELUM AT SANGAM, CONFLUENCE POINT OF VISHAV | RIVER JHELUM AT SANGAM, CONFLUENCE POINT OF VISHAV NALLAH",2016 2017 2018 2019 2020 2021 2023 2024,8,high,,34.202011,75.475319,Low,ESRI_LIVINGATLAS_WQ_RIVERS_2023,,Anantnag,monthly,1
WQS0566,"RIVER JHELUM AT SOPORE, CONFLUENCE POINT OF WULAR LAKE",JAMMU & KASHMIR,3276,"JHELUM ATSPORE, CONFLUENCE POINT OF WULAR LAKE | JHELUM RIVER AT SOPORE, CONFLUENCE POINT OF WULAR LAKE | JHELUM RIVER ATSPORE, CONFLUENCE POINT OF WULAR LAKE | RIVER JHELUM AT SOPORE, CONFLUENCE POINT OF WULAR LAKE",2016 2017 2018 2019 2020 2021 2023 2024,8,high,,34.207703,74.353433,Medium,ESRI_LIVINGATLAS_WQ_RIVERS_2023,,Baramulla,monthly,1
WQS0567,RIVER JHELUM AT VERINAG,JAMMU & KASHMIR,3272,JHELUM AT VERINAG | JHELUM RIVER AT VERINAG | RIVER JHELUM AT VERINAG,2016 2017 2018 2019 2020 2021 2023 2024,8,high,,33.542289,75.253556,Medium,ESRI_LIVINGATLAS_WQ_RIVERS_2023,,Anantnag,monthly,1
WQS0568,RIVER LIDDER AT BUS ADDA,JAMMU & KASHMIR,3280,LIDDER AT BUS ADDA | LIDDER NALLAH AT BUS ADDA | RIVER LIDDER AT BUS ADDA,2016 2017 2018 2019 2020 2021 2023 2024,8,high,,34.246647,74.767647,Medium,ESRI_LIVINGATLAS_WQ_RIVERS_2023,,Ganderbal,monthly,1
WQS0569,RIVER LIDDER AT CLUB PARK,JAMMU & KASHMIR,3279,LIDDER AT CLUB PARK | LIDDER NALLAH AT CLUB PARK | RIVER LIDDER AT CLUB PARK,2016 2017 2018 2019 2020 2021 2023 2024,8,high,,34.021817,75.317388,Medium,ESRI_LIVINGATLAS_WQ_RIVERS_2023,,Anantnag,monthly,1
WQS0570,RIVER LIDDER AT LARIPORA,JAMMU & KASHMIR,3278,LIDDER AT LARIPORA | LIDDER NALLAH AT LARIPORA | RIVER LIDDER AT LARIPORA,2016 2017 2018 2019 2020 2021 2023 2024,8,high,,34.035358,75.324533,Medium,ESRI_LIVINGATLAS_WQ_RIVERS_2023,,Anantnag,monthly,1
WQS0571,RIVER LIDDER AT NUNWAN,JAMMU & KASHMIR,4051,RIVER LIDDER AT NUNWAN,2020 2021 2023 2024,4,high,,34.003293,75.316204,Medium,ESRI_LIVINGATLAS_WQ_RIVERS_2023,,Anantnag,monthly,1
WQS0572,"RIVER LIDDER AT YANEER, D/S OF PHALGUM",JAMMU & KASHMIR,3281,"LIDDER AT YANEER, D/S OF PHALGUM | LIDDER NALLAH AT YANEER, D/S OF PHALGUM | RIVER LIDDER AT YANEER, D/S OF PHALGUM",2016 2017 2018 2019 2020 2021 2023 2024,8,high,,34.013002,75.31251,Medium,ESRI_LIVINGATLAS_WQ_RIVERS_2023,,Anantnag,monthly,1
WQS0573,RIVER LIDDER NEAR LAVENDER PARK,JAMMU & KASHMIR,4052,RIVER LIDDER NEAR LAVENDER PARK,2020 2021 2023 2024,4,high,,34.017888,75.316001,Medium,ESRI_LIVINGATLAS_WQ_RIVERS_2023,,Anantnag,monthly,1
WQS0574,"RIVER LIDDER NERA BUMZOO, ANANTNAG",JAMMU & KASHMIR,3282,"LIDDER NALLAH NERA BUMZOO, ANANTNAG | LIDDER NERA BUMZOO, ANANTNAG | RIVER LIDDER NERA BUMZOO, ANANTNAG",2016 2017 2018 2019 2020 2021 2023 2024,8,high,,33.717786,75.091692,Medium,ESRI_LIVINGATLAS_WQ_RIVERS_2023,,Kulgam,monthly,1
WQS0575,"RIVER RAVI AT BAJU NALLAH AT KHOKHYAL NEAR BARAGE, CONFLUENCE POINT OF SAHAR-KHAD AND KATHUA CITY NALLAHS",JAMMU & KASHMIR,4082,"BAJU NALLAH AT KHOKHYAL NEAR BARAGE, CONFLUENCE POINT OF SAHAR-KHAD AND KATHUA CITY NALLAHS | RIVER RAVI AT BAJU NALLAH AT KHOKHYAL NEAR BARAGE, CONFLUENCE POINT OF SAHAR-KHAD AND KATHUA CITY NALLAHS",2019 2020,2,high,,,,Ambiguous / unresolved,,,,,1
WQS0576,RIVER RAVI AT DAM-SITE AT THEIN,JAMMU & KASHMIR,4060,DAM-SITE AT THEIN | RIVER RAVI AT DAM-SITE AT THEIN,2019 2020 2021 2022 2023 2024,6,high,,32.413614,75.689685,Medium,ESRI_LIVINGATLAS_WQ_RIVERS_2023,,Kathua,monthly,1
WQS0577,"RIVER RAVI AT LAKHANPUR, 1 KM D/S FROM MADHOPUR BRIDGE",JAMMU & KASHMIR,4061,"RIVER RAVI AT LAKHANPUR, 1 KM D/S FROM MADHOPUR BRIDGE | RIVER RAVI AT LAKHANPUR, 1 km D/s FROM MADHOPUR BRIDGE",2019 2020 2021 2022 2023 2024,6,high,,32.379336,75.59833,Medium,ESRI_LIVINGATLAS_WQ_RIVERS_2023,,Kathua,monthly,1
WQS0578,"RIVER RAVI AT LAKHANPUR, J & K",JAMMU & KASHMIR,30089,"RIVER RAVI AT LAKHANPUR, | RIVER RAVI AT LAKHANPUR, J & K",2022 2023 2024,3,high,,32.379219,75.597276,Medium,ESRI_LIVINGATLAS_WQ_RIVERS_2023,,Kathua,quarterly,1
WQS0579,"RIVER RAVI AT RANJIT SAGAR DAM, AT PANAGAR (BASOHIL)",JAMMU & KASHMIR,4059,"RANJIT SAGAR DAM, AT PANAGAR (BASOHIL) | RIVER RAVI AT RANJIT SAGAR DAM, AT PANAGAR (BASOHIL)",2019 2020 2021 2022 2023 2024,6,high,,32.495603,75.821496,Medium,ESRI_LIVINGATLAS_WQ_RIVERS_2023,,Kathua,monthly,1
WQS0580,RIVER SINDH AT DUDERHAMA,JAMMU & KASHMIR,3286,RIVER SINDH AT DUDERHAMA | SINDH AT DUDERHAMA | SINDH RIVER AT DUDERHAMA,2016 2017 2018 2019 2020 2021 2023 2024,8,high,,34.21323,74.768681,Medium,ESRI_LIVINGATLAS_WQ_RIVERS_2023,,Ganderbal,monthly,1
WQS0581,"RIVER SINDH AT RANGIL, SRINAGAR",JAMMU & KASHMIR,3287,"RIVER SINDH AT RANGIL, SRINAGAR | SINDH AT RANGIL, SRINAGAR | SINDH RIVER AT RANGIL, SRINAGAR",2016 2017 2018 2019 2020 2021 2023 2024,8,high,,34.195508,74.769814,Medium,ESRI_LIVINGATLAS_WQ_RIVERS_2023,,Ganderbal,monthly,1
WQS0582,RIVER SINDH AT SONAMARG D/S,JAMMU & KASHMIR,3284,RIVER SINDH AT SONAMARG D/S | SINDH D/S SONAMARG | SINDH RIVER AT SONAMARG D/S,2016 2017 2018 2019 2020 2021 2023 2024,8,high,,34.307819,75.283686,Medium,ESRI_LIVINGATLAS_WQ_RIVERS_2023,,Ganderbal,monthly,1
WQS0583,RIVER SINDH AT SONAMARG U/S,JAMMU & KASHMIR,3283,RIVER SINDH AT SONAMARG U/S | SINDH RIVER AT SONAMARG U/S | SINDH U/S SONAMARG,2016 2017 2018 2019 2020 2021 2023 2024,8,high,,34.3045,75.292767,Medium,ESRI_LIVINGATLAS_WQ_RIVERS_2023,,Ganderbal,monthly,1
WQS0584,RIVER SINDH AT WAIL BRIDGE,JAMMU & KASHMIR,3285,RIVER SINDH AT WAIL BRIDGE | SINDH AT WAIL BRIDGE | SINDH RIVER AT WAIL BRIDGE,2016 2017 2018 2019 2020 2021 2023 2024,8,high,,34.229837,74.762405,Medium,ESRI_LIVINGATLAS_WQ_RIVERS_2023,,Ganderbal,monthly,1
WQS0585,RIVER TAWI AT 1 KM D/S BELOW STP DISCHARGE POINT AT BHAGWATI NAGAR,JAMMU & KASHMIR,4055,RIVER TAWI AT 1 KM D/S BELOW STP DISCHARGE POINT AT BHAGWATI NAGAR,2021 2022 2023,3,high,,32.720956,74.843086,Medium,ESRI_LIVINGATLAS_WQ_RIVERS_2023,,Jammu,monthly,1
WQS0586,RIVER TAWI AT BAGH-E-BAHU LIFTING POINT(1 KM U/S TAWI BRIDGE),JAMMU & KASHMIR,2743,"BAGH-E-BAHU LIFTING POINT(1 KM U/S TAWI BRIDGE) | RIVER TAWI AT BAGH-E-BAHU LIFTING POINT(1 KM U/S TAWI BRIDGE) | TAWI AT BAGH-E-BAHU LIFTING POINT(1 KM U/S TAWI BRIDGE | TAWI AT BAGH-E-BAHU LIFTING POINT(1 KM U/S TAWI BRIDGE) | TAWI AT BAGHEBAHU LIFTING POINT(1 KM U/S TAWI BRIDGE) | TAWI,U/S TAWI BRUDGE, BAGH – E-BAHU LIFTING POINT",2016 2017 2018 2019 2020 2021 2022 2023 2024,10,high,duplicate of another row with identical values,32.724181,74.875506,Medium,ESRI_LIVINGATLAS_WQ_RIVERS_2023,,Jammu,monthly,1
WQS0587,"RIVER TAWI AT BALOL NALLAH, NEAR NIT COLLEGE, MIRAN SAHIB, BEFORE MIXING",JAMMU & KASHMIR,4056,"RIVER TAWI AT BALOL NALLAH, NEAR NIT COLLEGE, MIRAN SAHIB, BEFORE MIXING",2021 2022 2023 2024,4,high,,32.658276,74.829651,Medium,ESRI_LIVINGATLAS_WQ_RIVERS_2023,,Jammu,monthly,1
WQS0588,RIVER TAWI AT BELICHARANA(4KM D/S TAWI BRIDGE),JAMMU & KASHMIR,2746,"BELICHARANA(4KM D/S TAWI BRIDGE), J&K | RIVER TAWI AT BELICHARANA(4KM D/S TAWI BRIDGE) | TAWI AT BELICHARANA(4KM D/S TAWI BRIDGE) | TAWI,D/S TAWIBRIDGE , BELICHARANA",2016 2017 2018 2019 2020 2021 2022 2023 2024,10,high,duplicate of another row with identical values,32.698334,74.830353,Medium,ESRI_LIVINGATLAS_WQ_RIVERS_2023,,Jammu,monthly,1
WQS0589,"RIVER TAWI AT JAMMU U/S, (TAWI BRIDGE )",JAMMU & KASHMIR,1412,"RIVER TAWI AT JAMMU U/S, (TAWI BRIDGE ) | TAWI AT JAMMU U/S, (TAWI BRIDGE )",2019 2020 2021 2022 2023,5,high,,32.721426,74.85681,Medium,ESRI_LIVINGATLAS_WQ_RIVERS_2023,,Jammu,monthly,1
WQS0590,RIVER TAWI AT SHETALI LIFTING POINT NAGROTA(5KM U/S TAWI BRIDGE),JAMMU & KASHMIR,2742,"RIVER TAWI AT SHETALI LIFTING POINT NAGROTA(5KM U/S TAWI BRIDGE) | SHETALI LIFTING POINT NAGROTA(5KM U/S TAWI BRIDGE) | TAWI AT SHETALI LIFTING POINT NAGROTA(5KM U/S TAWI | TAWI AT SHETALI LIFTING POINT NAGROTA(5KM U/S TAWI BRIDGE) | U/S TAWI BRIDGE SHEETLI LIFTING, POINT, , NAGROTA",2016 2017 2018 2019 2020 2021 2022 2023 2024,10,high,duplicate of another row with identical values,32.804021,74.923034,Medium,ESRI_LIVINGATLAS_WQ_RIVERS_2023,,Jammu,monthly,1
WQS0591,"RIVER TAWI AT SURAJPUR CHATHA(10 KM D/S TAWI BRIDGE)BELOW BRIDGE NEAR CHATHA MSW DUMPING SITE, J&K",JAMMU & KASHMIR,2747,"RIVER TAWI AT SURAJPUR CHATHA(10 KM D/S TAWI BRIDGE)BELOW BRIDGE NEAR CHATHA MSW DUMPING SITE, J&K | SURAJPUR CHATHA(10 KM D/S TAWI BRIDGE)BELOW BRIDGE | TAWI AT SURAJPUR CHATHA(10 KM D/S TAWI BRIDGE)BELO | TAWI AT SURAJPUR CHATHA(10 KM D/S TAWI BRIDGE)BELOW BRIDGE NEAR CHATHA MSW DUMPING SITE, J&K",2017 2018 2019 2020 2021 2022 2023 2024,8,high,,32.786667,74.978889,Medium,ESRI_LIVINGATLAS_WQ_RIVERS_2023,,Jammu,monthly,1
WQS0592,RIVER TAWI BELOW TAWI BRIDGE,JAMMU & KASHMIR,2744,"BELOW TAWI BRIDGE, J&K | RIVER TAWI BELOW TAWI BRIDGE | TAWI BELOW TAWI BRIDGE | TAWI, BELOW TAWI BRIDGE",2016 2017 2018 2019 2020 2021 2022 2023 2024,10,high,duplicate of another row with identical values,32.72058,74.857312,Medium,ESRI_LIVINGATLAS_WQ_RIVERS_2023,,Jammu,monthly,1
WQS0593,"RIVER UJH AT DAM SITE(L.H.S.), KATHUA",JAMMU & KASHMIR,2758,"RIVER UJH AT DAM SITE(L.H.S.), KATHUA | RIVER UJH AT DAM SITE(L.H.S.), KATHUA, J&K | UJH AT DAM SITE | UJH RIVER AT DAM SITE(L.H.S.), KATHUA",2016 2017 2018 2020 2021 2022 2023 2024,8,high,,32.667971,75.486415,Medium,ESRI_LIVINGATLAS_WQ_RIVERS_2023,,Kathua,monthly,1
WQS0594,SURAN RIVER BELOW SHER-E-KASHMIR BRIDGE AT POONCH,JAMMU & KASHMIR,4081,SURAN RIVER BELOW SHER-E-KASHMIR BRIDGE AT POONCH | SURAN RIVER RIVER BELOW SHER-E-KASHMIR BRIDGE AT POONCH,2019 2023 2024,3,high,,33.759848,74.095031,Medium,ESRI_LIVINGATLAS_WQ_RIVERS_2023,,Poonch,monthly,1
WQS0595,TAWI BAGHWATI NAGAR (2KM D/S TAWI BRIDGE,JAMMU & KASHMIR,2745,"BAGHWATI NAGAR (2KM D/S TAWI BRIDGE), J&K | RIVER TAWI BAGHWATI NAGAR (2KM D/S TAWI BRIDGE | TAWI BAGHWATI NAGAR (2KM D/S TAWI BRIDGE",2017 2018 2019 2020 2021 2022 2023,8,high,duplicate of another row with identical values,32.720904,74.835609,Medium,ESRI_LIVINGATLAS_WQ_RIVERS_2023,,Jammu,monthly,1
WQS0596,DAMODAR AT PANCHET DAM,JHARKHAND,2391,DAMODAR AT PANCHET DAM | RIVER DAMODAR AT PANCHET DAM,2016 2018 2019 2020 2021 2022 2023 2024,8,high,,23.681006,86.751872,Medium,ESRI_LIVINGATLAS_WQ_RIVERS_2023,,Dhanbad,monthly,1
WQS0597,DAMODAR AT PHUSRO ROAD BRIDGE,JHARKHAND,2382,DAMODAR AT PHUSRO ROAD BRIDGE | RIVER DAMODAR AT PHUSRO ROAD BRIDGE,2016 2018 2019 2020 2021 2022 2023 2024,8,high,,23.761172,86.011903,Medium,ESRI_LIVINGATLAS_WQ_RIVERS_2023,,Bokaro,monthly,1
WQS0598,DAMODAR AT RAMGARH ROAD BRIDGE,JHARKHAND,2380,DAMODAR AT RAMGARH ROAD BRIDGE | RIVER DAMODAR AT RAMGARH ROAD BRIDGE,2016 2019 2020 2022 2023,5,high,,23.640906,85.510328,Medium,ESRI_LIVINGATLAS_WQ_RIVERS_2023,,Ramgarh,monthly,1
WQS0599,DAMODAR D/S BHAIRABI AT RAJRAPPA,JHARKHAND,2378,DAMODAR D/S BHAIRABI AT RAJRAPPA | RIVER DAMODAR D/S BHAIRABI AT RAJRAPPA,2016 2019 2020 2022 2023,5,high,,23.633408,85.709433,Medium,ESRI_LIVINGATLAS_WQ_RIVERS_2023,,Bokaro,monthly,1
WQS0600,GANGA AT RAJMAHAL,JHARKHAND,1059,"GANGA AT RAJMAHAL | GANGA AT RAJMAHAL, | RIVER GANGA AT RAJMAHAL, BIHAR | RIVER GANGA AT RAJMAHAL, JHARKHAND",2016 2017 2018 2019 2020 2021 2022 2023 2024,9,high,,25.054889,87.838639,High,CPCB_NGT_GANGA_7,Ganga,,monthly,1
WQS0601,JUMAR AT KANKE DAM,JHARKHAND,2396,JUMAR AT KANKE DAM | RIVER JUMAR AT KANKE DAM,2016 2018 2019 2020 2021 2022 2023 2024,8,high,,23.455233,85.310539,Medium,ESRI_LIVINGATLAS_WQ_RIVERS_2023,,Ranchi,monthly,1
WQS0602,KONAR AT KONAR DAM,JHARKHAND,2389,KONAR AT KONAR DAM | RIVER KONAR AT KONAR DAM,2016 2019 2020 2023,4,high,,23.925367,85.765203,High,NGT_OA23_2024_EZ_CPCB,,,monthly,1
WQS0603,KONAR AT TENUGHAT DAM,JHARKHAND,2390,KONAR AT TENUGHAT DAM | RIVER KONAR AT TENUGHAT DAM,2016 2018 2019 2020 2021 2022 2023 2024,8,high,,23.780586,85.876131,High,NGT_OA23_2024_EZ_CPCB,,,monthly,1
WQS0604,KONAR AT TILAYA DAM,JHARKHAND,2388,KONAR AT TILAYA DAM | RIVER BARAKAR AT TILAYA DAM,2016 2019 2020 2023,4,high,,24.324314,85.522031,Medium,ESRI_LIVINGATLAS_WQ_RIVERS_2023,,Koderma,monthly,1
WQS0605,NALKARI TRIBUTARY AT PATRATU,JHARKHAND,2379,NALKARI TRIBUTARY AT PATRATU | RIVER NALKARI TRIBUTARY AT PATRATU,2016 2019 2020 2022 2023,5,high,,23.652631,85.318525,Medium,ESRI_LIVINGATLAS_WQ_RIVERS_2023,,Ramgarh,monthly,1
WQS0606,RIVER AJAY AT MASANJORE DAM,JHARKHAND,2401,AJAY AT MASANJORE DAM | AJAY RIVER AT MASANJORE DAM | RIVER AJAY AT MASANJORE DAM,2016 2018 2020 2021 2022 2023 2024,7,high,,24.112461,87.310836,Medium,ESRI_LIVINGATLAS_WQ_RIVERS_2023,,Dumka,monthly,1
WQS0607,RIVER BARAKAR AT MAITHAN DAM,JHARKHAND,2392,BARAKAR AT MAITHAN DAM | RIVER BARAKAR AT MAITHAN DAM,2016 2018 2021 2022 2023 2024,6,high,,23.785806,86.813612,Medium,ESRI_LIVINGATLAS_WQ_RIVERS_2023,,Dhanbad,monthly,1
WQS0608,RIVER BOKARO AT ZARANGDIH BRIDGE,JHARKHAND,2381,BOKARO AT JARANDI | BOKARO AT ZARANGDIH BRIDGE | RIVER BOKARO AT ZARANGDIH BRIDGE,2016 2018 2019 2020 2021 2022 2023 2024,8,medium,,23.770609,85.922067,Medium,ESRI_LIVINGATLAS_WQ_RIVERS_2023,,Bokaro,monthly,1
WQS0609,"RIVER DAMODAR AT CONFLUENCE OF BOKARO & DAMODAR NEAR ZARANGDIH BRIDGE, BOKARO",JHARKHAND,3556,"CONFLUENCE OF BOKARO & DAMODAR RIVER NEAR ZARANGDI | CONFLUENCE OF BOKARO & DAMODAR RIVER NEAR ZARANGDIH BRIDGE, | RIVER DAMODAR AT CONFLUENCE OF BOKARO & DAMODAR NEAR ZARANGDIH BRIDGE, BOKARO",2018 2019 2020 2021 2022 2023 2024,7,high,,23.746417,85.845914,Medium,ESRI_LIVINGATLAS_WQ_RIVERS_2023,,Bokaro,monthly,1
WQS0610,RIVER DAMODAR AT DOMGARH WATER WORKS D/S SINDRI,JHARKHAND,2384,DAMODAR AT DOMGARH WATER WORKS D/S SINDRI | DAMODAR D/S SINDRI | RIVER DAMODAR AT DOMGARH WATER WORKS D/S SINDRI,2016 2018 2019 2020 2021 2022 2023 2024,8,high,,23.643092,86.464492,Medium,ESRI_LIVINGATLAS_WQ_RIVERS_2023,,Dhanbad,monthly,1
WQS0611,RIVER DAMODAR AT SINDRI,JHARKHAND | WEST BENGAL,30066,RIVER DAMODAR AT SINDRI,2021 2022 2023 2024,4,high,,23.668051,86.413068,Medium,ESRI_LIVINGATLAS_WQ_RIVERS_2023,,Dhanbad,quarterly,1
WQS0612,"RIVER DAMODAR NEAR BERMO RAILWAY STATION, BOKARO",JHARKHAND,3557,"DAMODAR RIVER NEAR BERMO RAILWAY STATION, BOKARO | RIVER DAMODAR NEAR BERMO RAILWAY STATION, BOKARO",2018 2019 2020 2021 2022 2023 2024,7,high,,23.766122,86.022026,Medium,ESRI_LIVINGATLAS_WQ_RIVERS_2023,,Bokaro,monthly,1
WQS0613,"RIVER DAMODAR NEAR ROHINI PROJECT, NK AREA, PO-DAKRA, RANCHI",JHARKHAND,4083,"DAMODAR RIVER NEAR ROHINI PROJECT, NK AREA, PO-DAKRA, RANCHI | RIVER DAMODAR NEAR ROHINI PROJECT, NK AREA, PO-DAKRA, RANCHI",2019 2020 2021 2022 2023 2024,6,high,,23.68358,85.008402,Medium,ESRI_LIVINGATLAS_WQ_RIVERS_2023,,Chatra,monthly,1
WQS0614,RIVER DAMODAR NEAR TELMUCHO BRIDGE,JHARKHAND,3553,DAMODAR RIVER NEAR TELMUCHO BRIDGE | RIVER DAMODAR NEAR TELMUCHO BRIDGE,2018 2019 2020 2021 2022 2023 2024,7,high,,23.718122,86.201578,Medium,ESRI_LIVINGATLAS_WQ_RIVERS_2023,,Dhanbad,monthly,1
WQS0615,"RIVER DAMODAR NEAR ZARANGDIH BRIDGE, BOKARO",JHARKHAND,3555,"DAMODAR RIVER NEAR ZARANGDIH BRIDGE, BOKARO | RIVER DAMODAR NEAR ZARANGDIH BRIDGE, BOKARO",2018 2019 2020 2021 2022 2023 2024,7,high,,23.771032,85.913316,Medium,ESRI_LIVINGATLAS_WQ_RIVERS_2023,,Bokaro,monthly,1
WQS0616,RIVER DAMODAR U/S JAMADOBA WATER WORKS,JHARKHAND,2383,DAMODAR U/S JAMADOBA WATER WORKS | DAMODAR U/S JAMADOVA | RIVER DAMODAR U/S JAMADOBA WATER WORKS,2016 2018 2019 2020 2021 2022 2023 2024,8,high,,23.700981,86.372953,Medium,ESRI_LIVINGATLAS_WQ_RIVERS_2023,,Dhanbad,monthly,1
WQS0617,"RIVER GALUDIH BARRAGE, GALUDIH, E.S",JHARKHAND,4742,"RIVER GALUDIH BARRAGE, GALUDIH, E.S",2023 2024,2,high,,22.647472,86.399111,Medium,ESRI_LIVINGATLAS_WQ_RIVERS_2023,,East Singhbum,monthly,1
WQS0618,RIVER GANGA AT SANGI DALAN,JHARKHAND,10146,RIVER GANGA AT SANGI DALAN | SANGI DALAN,2018 2019 2020 2021 2022 2023 2024,7,high,,25.05634,87.83515,Medium,ESRI_LIVINGATLAS_WQ_RIVERS_2023,Ganga,Sahebganj,monthly,1
WQS0619,RIVER GANGA D/S NEAR JANTA GHAT,JHARKHAND,10145,D/S NEAR JANTA GHAT | RIVER GANGA D/S NEAR JANTA GHAT,2018 2019 2020 2021 2022 2023 2024,7,high,,25.210819,87.769721,Medium,ESRI_LIVINGATLAS_WQ_RIVERS_2023,Ganga,Sahebganj,monthly,1
WQS0620,RIVER GANGA U/S NEAR LCT GHAT,JHARKHAND,10144,RIVER GANGA U/S NEAR LCT GHAT | U/S NEAR LCT GHAT,2018 2019 2020 2021 2022 2023 2024,7,high,,25.292498,87.63183,High,CPCB_NGT_GANGA_7,Ganga,,monthly,1
WQS0621,RIVER GARGA NEAR TELMUCHO BRIDGE,JHARKHAND,4000,GARGA RIVER NEAR TELMUCHO BRIDGE | RIVER GARGA NEAR TELMUCHO BRIDGE,2019 2020 2021 2022 2023 2024,6,high,,23.7127,86.192737,Medium,ESRI_LIVINGATLAS_WQ_RIVERS_2023,,Bokaro,monthly,1
WQS0622,RIVER HARMU BEFORE METTING TO SWARNREKHA RIVER,JHARKHAND,4754,RIVER HARMU BEFORE METTING TO SWARNREKHA RIVER,2022 2023 2024,3,high,,,,Ambiguous / unresolved,,Subarnarekha,,,1
WQS0623,"RIVER HARMU NEAR HARMU BRIDGE, HARMU, RANCHI",JHARKHAND,4753,"RIVER HARMU NEAR HARMU BRIDGE, HARMU, RANCHI",2022 2023 2024,3,high,,,,Ambiguous / unresolved,,Subarnarekha,,,1
WQS0624,"RIVER JAMUNIA NEAR LOHAPATTI BRIDGE, MAHUDA, DHANBAD",JHARKHAND,4738,"RIVER JAMUNIA NEAR LOHAPATTI BRIDGE, MAHUDA, DHANBAD",2022 2023 2024,3,high,,23.769473,86.183249,Medium,ESRI_LIVINGATLAS_WQ_RIVERS_2023,,Bokaro,monthly,1
WQS0625,"RIVER JUMAR AT BIT MESRA, RANCHI",JHARKHAND,4085,"JUMAR RIVER AT BIT MESRA, RANCHI | RIVER JUMAR AT BIT MESRA, RANCHI",2019 2020 2021 2022 2023 2024,6,high,,23.411517,85.402979,Medium,ESRI_LIVINGATLAS_WQ_RIVERS_2023,,Ranchi,monthly,1
WQS0626,"RIVER KARO AT LOHOJIMI U/S, JHARKAND",JHARKHAND,1035,"KARO AT LOHOJIMI U/S, JHARKAND | KARO U/S LOHOJIMI | RIVER KARO AT LOHOJIMI U/S, JHARKAND",2016 2018 2019 2020 2021 2022 2023 2024,8,high,,,,Ambiguous / unresolved,,,,,1
WQS0627,"RIVER KATRI RIVER, NEAR BHATINDA FALL, AT-TETENGABAD, MOONIDIH, DHANBAD",JHARKHAND,4739,"RIVER KATRI RIVER, NEAR BHATINDA FALL, AT-TETENGABAD, MOONIDIH, DHANBAD",2022 2023 2024,3,high,,23.731853,86.316924,Medium,ESRI_LIVINGATLAS_WQ_RIVERS_2023,,Dhanbad,monthly,1
WQS0628,RIVER KHARKHAI BEFORE MEETING SWARNREKHA RIVER,JHARKHAND,4745,RIVER KHARKHAI BEFORE MEETING SWARNREKHA RIVER,2023 2024,2,high,,22.828921,86.158853,Medium,ESRI_LIVINGATLAS_WQ_RIVERS_2023,,Saraikela Kharsawan,monthly,1
WQS0629,"RIVER KOEL AT BASIA, DAM U/S, JHARKHAND",JHARKHAND | ODISHA,1033,"KOEL AT BASIA, DAM U/S, JHARKHAND | KOEL AT BASIA,DAM U/S,JHARKHAND | RIVER KOEL AT BASIA, DAM U/S, JHARKHAND",2016 2017 2018 2021 2022 2023 2024,7,high,,,,Ambiguous / unresolved,,,,,1
WQS0630,"RIVER KOEL AT MANOHARPUR AFTER MEETING KOINA RIVER D/S, JHARKAND",JHARKHAND,1036,"KOEL AT MANOHARPUR AFTER MEETING KOINA RIVER D/S, | KOEL AT MANOHARPUR AFTER MEETING KOINA RIVER D/S, JHARKAND | KOEL AT MANOHARPUR AFTER MEETING KOINA RIVER D/S,J | RIVER KOEL AT MANOHARPUR AFTER MEETING KOINA RIVER D/S, | RIVER KOEL AT MANOHARPUR AFTER MEETING KOINA RIVER D/S, JHARKAND",2016 2017 2018 2021 2022 2023 2024,7,high,,,,Ambiguous / unresolved,,,,,1
WQS0631,"RIVER KOINA RIVER, MANOHARPUR, W.S",JHARKHAND,4747,"RIVER KOINA RIVER, MANOHARPUR, W.S",2023 2024,2,high,,22.371809,85.202468,Medium,ESRI_LIVINGATLAS_WQ_RIVERS_2023,,West Singhbhum,monthly,1
WQS0632,"RIVER KONAR NEAR SWANG COAL WASHERY, BOKARO",JHARKHAND,3554,"KONAR RIVER NEAR SWANG COAL WASHERY, BOKARO | RIVER KONAR NEAR SWANG COAL WASHERY, BOKARO",2018 2019 2020 2021 2022 2023 2024,7,high,,23.79413,85.863369,High,NGT_OA23_2024_EZ_CPCB,,,monthly,1
WQS0633,RIVER KURWA DUMKA WATER INTAKE POINT,JHARKHAND,4490,RIVER KURWA DUMKA WATER INTAKE POINT,2023 2024,2,high,,24.281485,87.208617,Medium,ESRI_LIVINGATLAS_WQ_RIVERS_2023,,Dumka,monthly,1
WQS0634,"RIVER NORTH KOEL D/S BCCL, REHLA",JHARKHAND,2377,"NORTH KOEL D/S BCCL, REHLA | RIVER NORTH KOEL D/S BCCL, REHLA",2016 2018 2021 2022 2023 2024,6,high,,,,Ambiguous / unresolved,,,,,1
WQS0635,RIVER NORTH KOEL U/S DALTANGANJ,JHARKHAND | ODISHA,2376,NORTH KOEL U/S DALTANGANJ | RIVER NORTH KOEL U/S DALTANGANJ,2016 2017 2018 2021 2022 2023 2024,7,high,,,,Ambiguous / unresolved,,,,,1
WQS0636,"RIVER SANKH AT BOLBA, JHARKAND",JHARKHAND | ODISHA,1034,"RIVER SANKH AT BOLBA, JHARKAND | SANKH AT BOLBA | SANKH AT BOLBA, | SANKH AT BOLBA, JHARKAND",2016 2017 2018 2019 2020 2021 2022 2023 2024,9,high,,,,Ambiguous / unresolved,,,,,1
WQS0637,RIVER SUBARNAREKHA AFTER CONFLUENCE OF KHARKAI RIVER,JHARKHAND,4746,RIVER SUBARNAREKHA AFTER CONFLUENCE OF KHARKAI RIVER | RIVER SUBARNREKHA AFTER CONFLUENCE OF KHARKAI RIVER | RIVER SWARNREKHA AFTER CONFLUENCE OF KHARKAI RIVER,2021 2022 2023 2024,4,high,,,,Ambiguous / unresolved,,Subarnarekha,,,1
WQS0638,RIVER SUBARNAREKHA AT BEHRAGORA ODISHA-JHARKHAND,INTER-STATE | JHARKHAND,30067,RIVER SUBARNAREKHA AT BEHRAGORA (JHARKHAND) | RIVER SUBARNAREKHA AT BEHRAGORA ODISHA-JHARKHAND | SUBARNAREKHA AT BEHRAGORA (JHARKHAND),2020 2021 2022 2023 2024,5,high,,,,Ambiguous / unresolved,,Subarnarekha,,,1
WQS0639,"RIVER SUBARNAREKHA AT D/S JAMSHEDPUR, (TATA NAGAR)",JHARKHAND,49,"RIVER SUBARNAREKHA AT D/S JAMSHEDPUR, (TATA NAGAR) | SUBARNAREKHA AT D/S JAMSHEDPUR, (TATA NAGAR) | SUBARNAREKHA AT D/S JAMSHEDPUR, (TATA NAGAR), JHAR | SUBARNAREKHA AT D/S JAMSHEDPUR,(TATA NAGAR),JHARKA",2016 2017 2018 2019 2020 2021 2022 2023 2024,9,high,,,,Ambiguous / unresolved,,Subarnarekha,,,1
WQS0640,"RIVER SUBARNAREKHA AT RANCHI, (TATISILWAI)",JHARKHAND,23,"RIVER SUBARNAREKHA AT RANCHI, (TATISILWAI) | SUBARNAREKHA AT RANCHI, (TATISILWAI) | SUBARNAREKHA AT RANCHI, (TATISILWAI) JHARKHAND | SUBARNAREKHA AT RANCHI,(TATISILWAI) JHARKHAND",2016 2017 2018 2019 2020 2021 2022 2023 2024,9,high,,,,Ambiguous / unresolved,,Subarnarekha,,,1
WQS0641,"RIVER SUBARNAREKHA AT RUCCA DAM, RUCCA, RANCHI",JHARKHAND,4756,"RIVER SUBARNAREKHA AT RUCCA DAM, RUCCA, RANCHI | RIVER SUBARNREKHA AT RUCCA DAM, RUCCA, RANCHI | RIVER SWARNREKHA AT RUCCA DAM, RUCCA, RANCHI",2021 2022 2023 2024,4,high,,,,Ambiguous / unresolved,,Subarnarekha,,,1
WQS0642,RIVER SUBARNAREKHA BEFORE MEETING KHARKAI RIVER,JHARKHAND,4744,RIVER SUBARNAREKHA BEFORE MEETING KHARKAI RIVER | RIVER SUBARNREKHA BEFORE MEETING KHARKAI RIVER | RIVER SWARNREKHA BEFORE MEETING KHARKAI RIVER,2021 2022 2023 2024,4,high,,,,Ambiguous / unresolved,,Subarnarekha,,,1
WQS0643,RIVER SUBARNAREKHA NEAR INTAKE WELL HATIA RAILWAY,JHARKHAND,4750,RIVER SUBARNAREKHA NEAR INTAKE WELL HATIA RAILWAY | RIVER SUBARNREKHA NEAR INTAKE WELL HATIA RAILWAY | RIVER SWARNREKHA NEAR INTAKE WELL HATIA RAILWAY,2021 2022 2023 2024,4,high,,,,Ambiguous / unresolved,,Subarnarekha,,,1
WQS0644,"RIVER SUBARNAREKHA NEAR OBERIA ROAD BRIDGE, HATIA RANCH",JHARKHAND,4752,"RIVER SUBARNAREKHA NEAR OBERIA ROAD BRIDGE, HATIA RANCH | RIVER SUBARNREKHA NEAR OBERIA ROAD BRIDGE, HATIA RANCH | RIVER SWARNREKHA NEAR OBERIA ROAD BRIDGE, HATIA RANCH",2021 2022 2023 2024,4,high,,,,Ambiguous / unresolved,,Subarnarekha,,,1
WQS0645,"RIVER SUBARNAREKHA U/S HCL GHATSHILA, E.S",JHARKHAND,4743,"RIVER SUBARNAREKHA U/S HCL GHATSHILA, E.S | RIVER SUBARNREKHA U/S HCL GHATSHILA, E.S | RIVER SWARNREKHA U/S HCL GHATSHILA, E.S",2021 2022 2023 2024,4,high,,,,Ambiguous / unresolved,,Subarnarekha,,,1
WQS0646,"RIVER SUBARNAREKHA U/S HINDALCO IND LTD, MURLI WORKS, CHHOTAMURI, RANCHI",JHARKHAND,4086,"RIVER SUBARNAREKHA U/S HINDALCO IND LTD, MURLI WORKS, CHHOTAMURI, RANCHI | RIVER SUBARNREKHA U/S HINDALCO IND LTD, MURLI WORKS, CHHOTAMURI, RANCHI | RIVER SWARNREKHA U/S HINDALCO IND LTD, MURLI WORKS, CHHOTAMURI, RANCHI | SUBARNREKHA RIVER U/S HINDALCO IND LTD, MURLI WORKS, CHHOTAMURI, RANCHI",2019 2021 2022 2023 2024,5,high,,,,Ambiguous / unresolved,,Subarnarekha,,,1
WQS0647,"RIVER SUBARNAREKHA, NEAR RING ROAD BRIDGE SEMBO, NAGRI, RANCHI",JHARKHAND,4749,"RIVER SUBARNAREKHA, NEAR RING ROAD BRIDGE SEMBO, NAGRI, RANCHI | RIVER SUBARNREKHA , NEAR RING ROAD BRIDGE SEMBO, NAGRI, RANCHI | RIVER SWARNREKHA , NEAR RING ROAD BRIDGE SEMBO, NAGRI, RANCHI",2021 2022 2023 2024,4,high,,,,Ambiguous / unresolved,,Subarnarekha,,,1
WQS0648,"RIVER SURBARNREKHA AT HATIA ROAD BRIDGE, RANCHI",JHARKHAND,4084,"RIVER SURBARNREKHA AT HATIA ROAD BRIDGE, RANCHI | SURBARNREKHA RIVER AT HATIA ROAD BRIDGE, RANCHI",2019 2021 2022 2023 2024,5,high,,,,Ambiguous / unresolved,,Subarnarekha,,,1
WQS0649,"RIVER SWARNKEKHA AT BAHARAGORA ROAD BRIDGE, P.O- BAHARAGORA, E.S",JHARKHAND,4748,"RIVER SUBARNAREKHA AT BAHARAGORA ROAD BRIDGE, P.O- BAHARAGORA, E.S | RIVER SWARNKEKHA AT BAHARAGORA ROAD BRIDGE, P.O- BAHARAGORA, E.S",2021 2022 2023 2024,4,high,,,,Ambiguous / unresolved,,Subarnarekha,,,1
WQS0650,SUBAREKHA AT GHATISLA ROAD BRIDGE,JHARKHAND,2387,RIVER SUBAREKHA AT GHATISLA ROAD BRIDGE | RIVER SUBARNAREKHA AT GHATISLA ROAD BRIDGE | SUBAREKHA AT GHATISLA ROAD BRIDGE,2016 2017 2018 2019 2020 2021 2022 2023 2024,9,high,,,,Ambiguous / unresolved,,Subarnarekha,,,1
WQS0651,SUBARNAREKHA AT CHANDIL BRIDGE,JHARKHAND,2399 | 48,"RIVER SUBARNAREKHA AT CHANDIL BRIDGE | SUBARNAREKHA AT CHANDIL BRIDGE | SUBARNAREKHA AT CHANDIL BRIDGE, JHARKAND",2016 2017 2018 2019 2020 2021 2022 2023 2024,9,high,station listed twice in year with different values,,,Ambiguous / unresolved,,Subarnarekha,,,2
WQS0652,SUBARNAREKHA AT CHANDIL DAM,JHARKHAND,2399,RIVER SUBARNAREKHA AT CHANDIL DAM | SUBARNAREKHA AT CHANDIL DAM,2016 2017 2018 2019 2020 2021 2022 2023 2024,9,medium,station listed twice in year with different values,,,Ambiguous / unresolved,,Subarnarekha,,,1
WQS0653,SUBARNAREKHA AT GATALSUD DAM,JHARKHAND,2397,RIVER SUBARNAREKHA AT GATALSUD DAM | SUBARNAREKHA AT GATALSUD DAM,2016 2017 2018 2019 2020 2021 2022 2023 2024,9,high,,,,Ambiguous / unresolved,,Subarnarekha,,,1
WQS0654,SUBARNAREKHA AT HATIA DAM,JHARKHAND,2395,RIVER SUBARNAREKHA AT HATIA DAM | SUBARNAREKHA AT HATIA DAM,2016 2017 2018 2019 2020 2021 2023 2024,8,high,,,,Ambiguous / unresolved,,Subarnarekha,,,1
WQS0655,SUBARNAREKHA AT JAMSHEDPUR,JHARKHAND,24,"RIVER SUBARNAREKHA AT JAMSHEDPUR | SUBARNAREKHA AT JAMSHEDPUR | SUBARNAREKHA AT JAMSHEDPUR, JHARKHAND",2016 2017 2018 2019 2020 2021 2022 2023 2024,9,high,,,,Ambiguous / unresolved,,Subarnarekha,,,1
WQS0656,SUBARNAREKHA AT MURI ROAD BRIDGE,JHARKHAND,2386,RIVER SUBARNAREKHA AT MURI ROAD BRIDGE | SUBARNAREKHA AT MURI ROAD BRIDGE,2016 2017 2018 2019 2020 2021 2022 2023 2024,9,high,,,,Ambiguous / unresolved,,Subarnarekha,,,1
WQS0657,SUBARNAREKHA AT NAMKUM ROAD BRIDGE,JHARKHAND,2385,RIVER SUBARNAREKHA AT NAMKUM ROAD BRIDGE | SUBARNAREKHA AT NAMKUM ROAD BRIDGE,2016 2017 2018 2019 2020 2021 2022 2023 2024,9,high,,,,Ambiguous / unresolved,,Subarnarekha,,,1
WQS0658,"ARKAVATHI AT D/S OF KANAKAPURA TOWN,",KARNATAKA,1165,"ARKAVATHI AT D/S OF KANAKAPURA TOWN | ARKAVATHI AT D/S OF KANAKAPURA TOWN, | ARKAVATHI AT D/S OF KANAKAPURA TOWN, KARNATAKA | ARKAVATHI D/S OF KANAKAPURA TOWN | RIVER ARKAVATHI AT D/S OF KANAKAPURA | RIVER ARKAVATHI AT D/S OF KANAKAPURA TOWN | RIVER ARKAVATHI AT D/S OF KANAKAPURA TOWN,",2016 2017 2018 2019 2020 2021 2022 2023 2024,9,high,,,,Ambiguous / unresolved,,,,,1
WQS0659,"ARKAVATHI AT HESARAGHATTA RESERVOIR,",KARNATAKA,2779,"ARKAVATHI AT HESARAGHATTA RESERVOIR, | ARKAVATHI AT HESARAGHATTA RESERVOIR, KARNATAKA | RIVER ARKAVATHI AT HESARAGHATTA RESERVOIR | RIVER ARKAVATHI AT HESARAGHATTA RESERVOIR,",2018 2019 2020 2021 2023,5,high,,,,Ambiguous / unresolved,,,,,1
WQS0660,ARKAVATHI AT T.G. HALLI RESERVOIR,KARNATAKA,2778,"ARKAVATHI AT T.G. HALLI RESERVOIR | ARKAVATHI AT T.G. HALLI RESERVOIR, , | ARKAVATHI AT T.G. HALLI RESERVOIR, , KARNATAKA | RIVER ARKAVATHI AT T.G. HALLI RESERVOIR, | RIVER ARKAVATHI AT TIPPAGONDANAHALLI RESERVOIR",2016 2017 2018 2019 2020 2021 2023 2024,8,high,,,,Ambiguous / unresolved,,,,,1
WQS0661,ASANGI NALLA AT ASANGI VILLAGE,KARNATAKA,2763,"ASANGI NALLA AT ASANGI VILLAGE | ASANGI NALLA AT ASANGI VILLAGE,",2016 2017,2,medium,,16.503131,75.116569,Medium,ESRI_LIVINGATLAS_TS_2020_2025:CPCB,,Bagalkote,,1
WQS0662,"BHIMA AT D/S OF BDG. NEAR YADGIR,",KARNATAKA,1167,"BHIMA AT D/S OF BDG. NEAR YADGIR, | BHIMA AT D/S OF BDG. NEAR YADGIR, KARNATAKA | BHIMA D/S OF BDG. NEAR YADGIR | RIVER BHIMA AT D/S OF BDG. NEAR YADGIR | RIVER BHIMA AT D/S OF BDG. NEAR YADGIR,",2016 2017 2018 2019 2020 2021 2022 2023 2024,9,high,,16.7341,77.130744,Medium,ESRI_LIVINGATLAS_TS_2020_2025:CPCB,,Kalaburagi,,1
WQS0663,"BHIMA AT D/S OF ROAD BRIDGE AT GANGAPUR VILLAGE,",KARNATAKA,1183,"BHIMA AT D/S OF ROAD BRIDGE AT GANGAPUR VILLAGE, | BHIMA AT D/S OF ROAD BRIDGE AT GANGAPUR VILLAGE, KARNATAKA | BHIMA D/S OF ROAD BRIDGE AT GANGAPUR VILLAGE | RIVER BHIMA AT D/S OF ROAD BRIDGE AT GANGAPUR VILLAGE | RIVER BHIMA AT D/S OF ROAD BRIDGE AT GANGAPUR VILLAGE,",2016 2017 2018 2019 2020 2021 2022 2023 2024,9,high,,17.179219,76.566603,Medium,ESRI_LIVINGATLAS_TS_2020_2025:CPCB,,Kalaburagi,,1
WQS0664,"BHIMA AT FEROZABAD VILLAGE (D/S),",KARNATAKA,1184,"BHIMA AT FEROZABAD VILLAGE (D/S), | BHIMA AT FEROZABAD VILLAGE (D/S), KARNATAKA | BHIMA D/S FEROZABAD VILLAGE | RIVER BHIMA AT FEROZABAD VILLAGE (D/S) | RIVER BHIMA AT FEROZABAD VILLAGE (D/S),",2016 2017 2018 2019 2020 2021 2022 2023 2024,9,high,,17.069328,76.794283,Medium,ESRI_LIVINGATLAS_TS_2020_2025:CPCB,,Kalaburagi,,1
WQS0665,BHIMA RIVER AT CONFLUENCE OF JEWARGI TOWN SEWAGE DISPOSAL POINT,KARNATAKA,1888,BHIMA AT CONFLUENCE OF JEWARGI TOWN SEWAGE DISPOSAL POINT | BHIMA RIVER AT CONFLUENCE OF JEWARGI TOWN SEWAGE DISPOSAL POINT | RIVER BHIMA AT CONFLUENCE OF JEWARGI TOWN SEWAGE DISPOSAL POINT,2016 2017 2018 2019 2020 2021 2022 2023 2024,9,high,,17.043481,76.814478,Medium,ESRI_LIVINGATLAS_TS_2020_2025:CPCB,,Kalaburagi,,1
WQS0666,"CAUVERY AT KRS DAM, BALAMURIKSHETRA",KARNATAKA,33,"CAUVERY AT KRS DAM, BALAMURIKSHETRA | CAUVERY AT KRS DAM, BALAMURIKSHETRA, KARNATAKA | RIVER CAUVERY AT KRS DAM, BALAMURIKSHETRA",2016 2017 2018 2019 2020 2021 2023 2024,8,high,,,,Ambiguous / unresolved,,Cauvery,,,1
WQS0667,"CAUVERY AT KUSHAL NAGAR U/S (NEAR BAICHANAHALLI),",KARNATAKA,1195,"CAUVERY AT KUSHAL NAGAR U/S (NEAR BAICHANAHALLI) | CAUVERY AT KUSHAL NAGAR U/S (NEAR BAICHANAHALLI), | CAUVERY U/SKUSHAL NAGAR (NEAR BAICHANAHALLI) | RIVER CAUVERY AT KUSHAL NAGAR U/S (NEAR BAICHANAHALLI) | RIVER CAUVERY AT KUSHAL NAGAR U/S (NEAR BAICHANAHALLI),",2016 2017 2018 2019 2020 2021 2022 2023 2024,9,high,,,,Ambiguous / unresolved,,Cauvery,,,1
WQS0668,CAUVERY AT SATHYAGALAM BRIDGE,KARNATAKA,34,"CAUVERY AT SATHYAGALAM BRIDGE | CAUVERY AT SATHYAGALAM BRIDGE, KARNATAKA | RIVER CAUVERY AT SATHYAGALAM BRIDGE",2016 2017 2018 2019 2020 2021 2022 2023 2024,9,high,,12.25531,77.163515,Medium,ESRI_LIVINGATLAS_TS_2020_2025:CPCB,Cauvery,Chamarajanagara,,1
WQS0669,CAUVERY AT WATER SUPPLY INTAKE POINT AT T K HALLI,KARNATAKA,1451 | 3581,CAUVERY AT WATER SUPPLY INTAKE POINT AT T K HALLI | RIVER CAUVERY AT WATER SUPPLY INTAKE POINT AT T K HALLI | RIVER CAUVERY AT WATER SUPPLY INTAKE POINT AT TORE KADANA HALLI | WATER SUPPLY INTAKE POINT AT T K HALLI,2017 2018 2019 2020 2021 2022 2023 2024,8,medium,,12.414678,77.194984,Medium,ESRI_LIVINGATLAS_TS_2020_2025:CPCB,Cauvery,Mandya,,2
WQS0670,CAUVERY AT WATER SUPPLY INTAKE POINT TO MADIKERI TOWN,KARNATAKA,1320 | 3574,CAUVERY AT WATER SUPPLY INTAKE POINT TO MADIKERI | CAUVERY AT WATER SUPPLY INTAKE POINT TO MADIKERI TOWN | RIVER CAUVERY AT WATER SUPPLY INTAKE POINT TO MADIKERI TOWN | WATER SUPPLY INTAKE POINT TO MADIKERI TOWN,2017 2018 2020 2021,4,high,,,,Ambiguous / unresolved,,Cauvery,,,2
WQS0671,CAUVERY AT WATER SUPPLY INTAKE POINT TO MYSORE PUMP HOUSE,KARNATAKA,1323 | 3576,CAUVERY AT WATER SUPPLY INTAKE POINT TO MYSORE PUMP HOUSE | RIVER CAUVERY AT WATER SUPPLY INTAKE POINT TO MYSORE | RIVER CAUVERY AT WATER SUPPLY INTAKE POINT TO MYSORE PUMP HOUSE | WATER SUPPLY INTAKE POINT TO MYSORE PUMP HOUSE,2017 2018 2019 2020 2021 2022 2023 2024,8,medium,,,,Ambiguous / unresolved,,Cauvery,,,2
WQS0672,DAKSHINA PINAKINI RIVER NEAR MUGALUR BRIDGE MUGALU,KARNATAKA,4107,"DAKSHINA PINAKINI RIVER NEAR MUGALUR BRIDGE MUGALU | RIVER DAKSHINA PINAKINI NEAR MUGALUR BRIDGE MUGALUR, BENGALURU",2018 2021,2,high,,13.3839,78.020738,Medium,ESRI_LIVINGATLAS_TS_2020_2025:CPCB,,Kolar,,1
WQS0673,"GHATPRABHA AT W.A. POINT TO GOKAK TOWN,",KARNATAKA,1163,"GHATPRABHA AT W.A. POINT TO GOKAK TOWN | GHATPRABHA AT W.A. POINT TO GOKAK TOWN, | GHATPRABHA AT W.A. POINT TO GOKAK TOWN, KARNATAKA | RIVER GHATAPRABHA AT W.A. POINT TO GOKAK TOWN | RIVER GHATPRABHA AT W.A. POINT TO GOKAK TOWN,",2016 2017 2018 2019 2020 2021 2022 2023 2024,9,high,,,,Ambiguous / unresolved,,,,,1
WQS0674,"GUNDAL RESERVOIR, GUNDAL KOLLEGALA TQ & CHAMARAJAN",KARNATAKA,4101,"GUNDAL RESERVOIR, GUNDAL KOLLEGALA TQ & CHAMARAJAN | RIVER GUNDAL AT GUNDAL RESERVOIR, KOLLEGALA TQ & CHAMARAJANAGARA DIST",2018 2020 2021,3,high,,12.086597,77.198793,Medium,ESRI_LIVINGATLAS_TS_2020_2025:CPCB,Cauvery,Chamarajanagara,,1
WQS0675,KAGINA D/S OF SEWAGE DISPOSAL POINT,KARNATAKA,1895 | 2777,KAGINA D/S OF SEWAGE DISPOSAL POINT | RIVER KAGINA D/S OF SEWAGE DISPOSAL POINT,2016 2017 2019 2020 2021 2022 2023 2024,8,high,,17.107483,76.955311,Medium,ESRI_LIVINGATLAS_TS_2020_2025:CPCB,,Kalaburagi,,2
WQS0676,KRISHNA - ANKALI BRIDGE ALONG CHIKKODI KAGWAD ROAD,KARNATAKA,1889,KRISHNA - ANKALI BRIDGE ALONG CHIKKODI KAGWAD ROAD | KRISHNA ANKALI BRIDGE ALONG CHIKKODI KAGWAD ROAD | RIVER KRISHNA - ANKALI BRIDGE ALONG CHIKKODI KAGWAD ROAD,2016 2017 2018 2019 2020 2021 2022 2023 2024,9,high,,,,Ambiguous / unresolved,,Krishna,,,1
WQS0677,"KRISHNA AT D/S OF ALAMATTI DAM,",KARNATAKA,2781,"KRISHNA AT D/S OF ALAMATTI DAM, | KRISHNA AT D/S OF ALAMATTI DAM, KARNATAKA | KRISHNA D/S OF ALAMATTI DAM | RIVER KRISHNA AT D/S OF ALAMATTI DAM | RIVER KRISHNA AT D/S OF ALAMATTI DAM,",2016 2017 2018 2019 2020 2021 2022 2023 2024,9,high,,16.325069,75.899925,Medium,ESRI_LIVINGATLAS_TS_2020_2025:CPCB,Krishna,Bijapur,,1
WQS0678,"KRISHNA AT D/S OF NARAYANPURA DAM,",KARNATAKA,1181,"KRISHNA AT D/S OF NARAYANPURA DAM, | KRISHNA AT D/S OF NARAYANPURA DAM, KARNATAKA | KRISHNA D/S OF NARAYANPURA DAM | RIVER KRISHNA AT D/S OF NARAYANPURA DAM | RIVER KRISHNA AT D/S OF NARAYANPURA DAM,",2016 2017 2018 2019 2020 2021 2023 2024,9,medium,duplicate of another row with identical values,16.242436,76.370678,Medium,ESRI_LIVINGATLAS_TS_2020_2025:CPCB,Krishna,Kalaburagi,,1
WQS0679,"KRISHNA AT TINTINI BRIDGE,",KARNATAKA,1028,"KRISHNA AT TINTINI BRIDGE | KRISHNA AT TINTINI BRIDGE, | KRISHNA AT TINTINI BRIDGE, KARNATAKA | RIVER KRISHNA AT TINTINI BRIDGE | RIVER KRISHNA AT TINTINI BRIDGE,",2016 2017 2018 2019 2020 2021 2022 2023 2024,9,high,,16.369172,76.656647,Medium,ESRI_LIVINGATLAS_TS_2020_2025:CPCB,Krishna,Kalaburagi,,1
WQS0680,"KRISHNA AT U/S OF UGARKHURD BARRAGE,",KARNATAKA,1182,"KRISHNA AT U/S OF UGARKHURD BARRAGE, | KRISHNA AT U/S OF UGARKHURD BARRAGE, KARNATAKA | KRISHNA U/S OF UGARKHURD BARRAGE | RIVER KRISHNA AT U/S OF UGARKHURD BARRAGE | RIVER KRISHNA AT U/S OF UGARKHURD BARRAGE,",2016 2017 2018 2019 2020 2021 2022 2023 2024,9,high,,,,Ambiguous / unresolved,,Krishna,,,1
WQS0681,"MALPRABHA AT BADAMI BRIDGE,",KARNATAKA,2764,"MALPRABHA AT BADAMI BRIDGE | MALPRABHA AT BADAMI BRIDGE, | MALPRABHA AT BADAMI BRIDGE, KARNATAKA | RIVER MALAPRABHA AT BADAMI BRIDGE | RIVER MALPRABHA AT BADAMI BRIDGE,",2016 2017 2018 2019 2020 2021 2022 2023 2024,9,high,,15.875672,75.722272,Medium,ESRI_LIVINGATLAS_TS_2020_2025:CPCB,,Bagalkote,,1
WQS0682,"MALPRABHA AT D/S OF AIHOLE TOWN,",KARNATAKA,1186,"MALPRABHA AT D/S OF AIHOLE TOWN, | MALPRABHA AT D/S OF AIHOLE TOWN, KARNATAKA | MALPRABHA D/S OF AIHOLE TOWN | RIVER MALAPRABHA AT D/S OF AIHOLE TOWN | RIVER MALPRABHA AT D/S OF AIHOLE TOWN,",2016 2017 2018 2019 2020 2021 2022 2023 2024,9,high,,16.009319,75.878022,Medium,ESRI_LIVINGATLAS_TS_2020_2025:CPCB,,Bagalkote,,1
WQS0683,"MALPRABHA AT D/S OF KHANAPUR VILLAGE,",KARNATAKA,1187,"MALPRABHA AT D/S OF KHANAPUR VILLAGE, | MALPRABHA AT D/S OF KHANAPUR VILLAGE, KARNATAKA | MALPRABHA D/S OF KHANAPUR VILLAGE | RIVER MALPRABHA AT D/S OF KHANAPUR VILLAGE | RIVER MALPRABHA AT D/S OF KHANAPUR VILLAGE,",2016 2017 2018 2019 2020 2021 2022 2023 2024,9,high,,,,Ambiguous / unresolved,,,,,1
WQS0684,"MALPRABHA AT WATER ABSTR. PT. TO HUBLI, DHARWAR,",KARNATAKA,1164,"MALPRABHA AT WATER ABSTR. PT. TO HUBLI, DHARWAR | MALPRABHA AT WATER ABSTR. PT. TO HUBLI, DHARWAR, | MALPRABHA AT WATER ABSTR. PT. TO HUBLI, DHARWAR, K | RIVER MALAPRABHA AT WATER ABSTRACTION POINT TO HUBLI, DHARWAD | RIVER MALPRABHA AT WATER ABSTR. PT. TO HUBLI, DHARWAR,",2016 2017 2018 2019 2020 2021 2022 2023 2024,9,high,,,,Ambiguous / unresolved,,,,,1
WQS0685,NETRAVATHI U/S OF DHARMASTALA AT WATER SUPPLY INTAKE POINT,KARNATAKA,1892,NETRAVATHI U/S OF DHARMASTALA AT WATER SUPPLY INTAKE POINT,2016,1,single_year,single-year station,,,Ambiguous / unresolved,,,,,1
WQS0686,RIVER AKRAVATHI BEFORE CONFLUENCE AT SANGAM,KARNATAKA,4108,AKRAVATHI RIVER BEFORE CONFLUENCE AT SANGAM | AKRAVATHIR RIVER BEFORE CONFLUENCE AT SANGAM | RIVER AKRAVATHI BEFORE CONFLUENCE AT SANGAM,2018 2020 2021 2022 2023 2024,6,high,,,,Ambiguous / unresolved,,,,,1
WQS0687,"RIVER ARKAVATHI AT MANCHANBELE RESERVOIR, MANCHANABALE DAM",KARNATAKA,4501,"RIVER ARKAVATHI AT MANCHANBELE RESERVOIR, MANCHANABALE DAM",2023 2024,2,high,,,,Ambiguous / unresolved,,,,,1
WQS0688,RIVER BHADRA AT D/S OF BHADRAVATHI,KARNATAKA,1387,"BHADRA AT D/S OF BHADRAVATHI | BHADRA AT D/S OF BHADRAVATHI, | BHADRA AT D/S OF BHADRAVATHI, KARNATAKA | BHADRA D/S OF BHADRAVATHI | RIVER BHADRA AT D/S OF BHADRAVATHI | RIVER BHADRA AT D/S OF BHADRAVATHI,",2016 2017 2018 2019 2020 2021 2022 2023 2024,9,high,,13.832272,75.713164,Medium,ESRI_LIVINGATLAS_TS_2020_2025:CPCB,,Shivamogga,,1
WQS0689,"RIVER BHADRA AT D/S OF KIOCL ROAD BRIDGE, NEAR HOLEHUNNUR",KARNATAKA,1169,"BHADRA AT D/S OF KIOCL ROAD BRIDGE, NEAR HOLEHUNNU | BHADRA AT D/S OF KIOCL ROAD BRIDGE, NEAR HOLEHUNNUR | BHADRA AT D/S OF KIOCL ROAD BRIDGE, NEAR HOLEHUNNUR, | BHADRA D/S OF KIOCL ROAD BRIDGE, NEAR HOLEHUNNUR | RIVER BHADRA AT D/S OF KIOCL ROAD BRIDGE, NEAR HOLEHUNNUR | RIVER BHADRA AT D/S OF KIOCL ROAD BRIDGE, NEAR HOLEHUNNUR,",2016 2017 2018 2019 2020 2021 2022 2023 2024,9,high,,,,Ambiguous / unresolved,,,,,1
WQS0690,RIVER BHADRA AT MALLESWARAM D/S OF KIOCL,KARNATAKA,1091,BHADRA AT MALLESWARAM D/S OF KIOCL | BHADRA AT MALLESWARAM D/S OF KIOCL KARNATAKA | BHADRA D/S MALLESWARAM OF KIOCL | RIVER BHADRA AT MALLESWARAM D/S OF KIOCL,2016 2017 2018 2019 2020 2021 2022 2023 2024,9,high,,,,Ambiguous / unresolved,,,,,1
WQS0691,RIVER BHADRA AT U/S OF KIOCL,KARNATAKA,2771,"BHADRA AT U/S OF KIOCL | BHADRA AT U/S OF KIOCL, | BHADRA AT U/S OF KIOCL, KARNATAKA | BHADRA U/S OF KIOCL | RIVER BHADRA AT U/S OF KIOCL | RIVER BHADRA AT U/S OF KIOCL,",2016 2017 2018 2019 2020 2021 2022 2023 2024,10,medium,duplicate of another row with identical values,13.212753,75.234217,Medium,ESRI_LIVINGATLAS_TS_2020_2025:CPCB,,Chikkamagaluru,,1
WQS0692,RIVER BHADRA AT U/S OF MPM,KARNATAKA,2765,"BHADRA AT U/S OF MPM | BHADRA AT U/S OF MPM, | BHADRA AT U/S OF MPM, KARNATAKA | BHADRA U/S OF MPM, | RIVER BHADRA AT U/S OF MPM | RIVER BHADRA AT U/S OF MPM,",2016 2017 2018 2019 2020 2021 2022 2023 2024,9,high,,13.812647,75.716319,Medium,ESRI_LIVINGATLAS_TS_2020_2025:CPCB,,Shivamogga,,1
WQS0693,"RIVER BHADRA D/S MYSORE PAPER MILL (MPM), BHADRAWATI, SHIVAMOGGA",KARNATAKA,4105,"RIVER BHADRA D/S MYSORE PAPER MILL (MPM), BHADRAWATI, SHIVAMOGGA",2023 2024,2,high,,13.845247,75.704467,Medium,ESRI_LIVINGATLAS_TS_2020_2025:CPCB,,Shivamogga,,1
WQS0694,RIVER BHIMA AT GANGAPUR (BANGALORE),INTER-STATE | KARNATAKA,30057,BHIMA AT GANGAPUR (BANGALORE) | RIVER BHIMA AT GANGAPUR (BANGALORE),2020 2021 2022 2023 2024,5,high,,17.169773,76.935497,Medium,ESRI_LIVINGATLAS_TS_2020_2025:CPCB,,Kalaburagi,,1
WQS0695,"RIVER BHIMA DOWNSTREAM, DHULKED VILL",KARNATAKA,5582,"RIVER BHIMA DOWNSTREAM, DHULKED VILL | River Bhima Downstream, Dhulked Vill",2023 2024,2,high,,,,Ambiguous / unresolved,,,,,1
WQS0696,RIVER CAUVERY AT AJJIBORE (BANGALORE),INTER-STATE | KARNATAKA | RD_BANGALORE,30052,CAUVERY AT AJJIBORE (BANGALORE) | RIVER CAUVERY AT AJJIBORE (BANGALORE),2018 2019 2020 2021 2022 2023 2024,7,high,,12.24452,77.471777,Medium,ESRI_LIVINGATLAS_TS_2020_2025:CPCB,Cauvery,Chamarajanagara,,1
WQS0697,RIVER CAUVERY AT BALMAVATI BRIDGE TO THANDRA HOLE TRIBUTARY,KARNATAKA,5587,RIVER CAUVERY AT BALMAVATI BRIDGE TO THANDRA HOLE TRIBUTARY | River Cauvery At Balmavati Bridge To Thandra Hole Tributary,2023 2024,2,high,,,,Ambiguous / unresolved,,Cauvery,,,1
WQS0698,RIVER CAUVERY AT BANNUR BRIDGE,KARNATAKA,2773,"CAUVERY AT BANNUR BRIDGE | CAUVERY AT BANNUR BRIDGE, | CAUVERY AT BANNUR BRIDGE, KARNATAKA | RIVER CAUVERY AT BANNUR BRIDGE | RIVER CAUVERY AT BANNUR BRIDGE,",2016 2017 2018 2019 2020 2021 2022 2023 2024,9,high,,,,Ambiguous / unresolved,,Cauvery,,,1
WQS0699,RIVER CAUVERY AT D/S OF KAREKUARA VILLAGE,KARNATAKA,1386,"CAUVERY AT D/S OF KAREKUARA VILLAGE | CAUVERY AT D/S OF KAREKUARA VILLAGE, | CAUVERY AT D/S OF KAREKUARA VILLAGE, KARNATAKA | CAUVERY D/S OF KAREKUARA VILLAGE | RIVER CAUVERY AT D/S OF KAREKUARA VILLAGE | RIVER CAUVERY AT D/S OF KAREKUARA VILLAGE,",2016 2017 2018 2019 2020 2021 2022 2023 2024,9,high,,12.418187,76.679259,Medium,ESRI_LIVINGATLAS_TS_2020_2025:CPCB,Cauvery,Mandya,,1
WQS0700,"RIVER CAUVERY AT GANJAM WATER SUPPLY INTAKE POINT NEAR GOSAI GHAT, SRIRANGAPATNA",KARNATAKA,5590,"RIVER CAUVERY AT GANJAM WATER SUPPLY INTAKE POINT NEAR GOSAI GHAT, SRIRANGAPATNA | River Â Cauvery at Ganjam Water supply intake point near Gosai ghat, Srirangapatna",2023 2024,2,high,,,,Ambiguous / unresolved,ESRI_LIVINGATLAS_TS_2020_2025:CPCB,Cauvery,Mandya,,1
WQS0701,"RIVER CAUVERY AT KARIGHATTA NIMISHAMBA TEMPLE ROAD BRIDGE SRIRANGAPATNA,MAYDYA",KARNATAKA,5579,"RIVER CAUVERY AT KARIGHATTA NIMISHAMBA TEMPLE ROAD BRIDGE SRIRANGAPATNA,MAYDYA | River CauveryÂ At Karighatta Nimishamba Temple Road Bridge Srirangapatna,Maydya",2023 2024,2,high,,,,Ambiguous / unresolved,,Cauvery,,,1
WQS0702,RIVER CAUVERY AT KRS DAM MANDYA,KARNATAKA,3566 | 3576,CAUVERY AT KRS DAM MANDYA | KRS DAM MANDYA | RIVER CAUVERY AT KRS DAM MANDYA,2017 2018 2019 2020 2021 2022 2023 2024,8,high,,,,Ambiguous / unresolved,,Cauvery,,,2
WQS0703,"RIVER CAUVERY AT MAHADEVPURA ROAD BRIDGE,MAYDYA",KARNATAKA,5581,"RIVER CAUVERY AT MAHADEVPURA ROAD BRIDGE,MAYDYA | River CauveryÂ At Mahadevpura Road Bridge,Maydya",2023 2024,2,high,,,,Ambiguous / unresolved,,Cauvery,,,1
WQS0704,RIVER CAUVERY AT NAPOKULU BDG (D/S),KARNATAKA,1198,"CAUVERY AT NAPOKULU BDG (D/S) | CAUVERY AT NAPOKULU BDG (D/S), | CAUVERY D/S NAPOKULU BDG | RIVER CAUVERY AT NAPOKULU BDG (D/S) | RIVER CAUVERY AT NAPOKULU BDG (D/S),",2016 2017 2019 2020 2021 2022 2023 2024,8,high,,,,Ambiguous / unresolved,,Cauvery,,,1
WQS0705,RIVER CAUVERY AT RANGANATHITTU,KARNATAKA,2774,"CAUVERY AT RANGANATHITTU | CAUVERY AT RANGANATHITTU, | CAUVERY AT RANGANATHITTU, KARNATAKA | RIVER CAUVERY AT RANGANATHITTU | RIVER CAUVERY AT RANGANATHITTU,",2016 2017 2018 2019 2020 2021 2022 2023 2024,9,high,,12.425022,76.653544,Medium,ESRI_LIVINGATLAS_TS_2020_2025:CPCB,Cauvery,Mandya,,1
WQS0706,"RIVER CAUVERY AT SRI RANGAPATTANNA, D/S OF ROAD BDG.",KARNATAKA,1171,"CAUVERY AT SRI RANGAPATTANNA, D/S OF ROAD BDG. | CAUVERY AT SRI RANGAPATTANNA, D/S OF ROAD BDG., | CAUVERY AT SRI RANGAPATTANNA, D/S OF ROAD BDG., KA | CAUVERYD/S SRI RANGAPATTANNA, OF ROAD BDG | RIVER CAUVERY AT SRI RANGAPATTANNA, D/S OF ROAD BDG. | RIVER CAUVERY AT SRI RANGAPATTANNA, D/S OF ROAD BDG.,",2016 2017 2018 2019 2020 2021 2022 2023 2024,9,high,,12.423705,76.693672,Medium,ESRI_LIVINGATLAS_TS_2020_2025:CPCB,Cauvery,Mandya,,1
WQS0707,RIVER CAUVERY AT WATER SUPPLY INTAKE POINT AT KOLLEGALA DASANAPURA,KARNATAKA,1324 | 3579,CAUVERY AT WATER SUPPLY INTAKE POINT AT KOLLEGALA | CAUVERY AT WATER SUPPLY INTAKE POINT AT KOLLEGALA DASANAPURA | RIVER CAUVERY AT WATER SUPPLY INTAKE POINT AT KOLLEGALA DASANAPURA | WATER SUPPLY INTAKE POINT AT KOLLEGALA DASANAPURA,2017 2018 2019 2020 2021 2022 2023 2024,8,medium,,12.259171,77.161325,Medium,ESRI_LIVINGATLAS_TS_2020_2025:CPCB,Cauvery,Mandya,,2
WQS0708,RIVER CAUVERY AT WATER SUPPLY INTAKE POINT TO MANDYA TOWN,KARNATAKA,3569 | 3579,CAUVERY AT WATER SUPPLY INTAKE POINT TO MANDYA TOWN | RIVER CAUVERY AT WATER SUPPLY INTAKE POINT TO MANDYA TOWN | WATER SUPPLY INTAKE POINT TO MANDYA TOWN,2017 2018 2019 2020 2021 2022 2023 2024,8,high,,12.427942,76.67245,Medium,ESRI_LIVINGATLAS_TS_2020_2025:CPCB,Cauvery,Mandya,,2
WQS0709,RIVER CAUVERY AT WATER SUPPLY INTAKE POINT TO SRIRANGAPATNA TOWN,KARNATAKA,3568 | 3578,CAUVERY AT WATER SUPPLY INTAKE POINT TO SRIRANGAPATANAN | CAUVERY AT WATER SUPPLY INTAKE POINT TO SRIRANGAPATNA TOWN | RIVER CAUVERY AT WATER SUPPLY INTAKE POINT TO SRIRANGAPATNA | RIVER CAUVERY AT WATER SUPPLY INTAKE POINT TO SRIRANGAPATNA TOWN | WATER SUPPLY INTAKE POINT TO SRIRANGAPATNA TOWN,2017 2018 2019 2020 2021 2022 2023 2024,8,high,,,,Ambiguous / unresolved,ESRI_LIVINGATLAS_TS_2020_2025:CPCB,Cauvery,Mandya,,2
WQS0710,"RIVER CAUVERY ATGANJAM WATER SUPPLY INTAKE POINT NEAR GOSAI GHAT, SRIRANGAPATNA,MAYDYA",KARNATAKA,5580,"RIVER CAUVERY ATGANJAM WATER SUPPLY INTAKE POINT NEAR GOSAI GHAT, SRIRANGAPATNA,MAYDYA | River CauveryÂ Atganjam Water Supply Intake Point Near Gosai Ghat, Srirangapatna,Maydya",2023 2024,2,high,,,,Ambiguous / unresolved,ESRI_LIVINGATLAS_TS_2020_2025:CPCB,Cauvery,Mandya,,1
WQS0711,RIVER CAUVERY BEFORE CONFLUENCE AT SANGAM,KARNATAKA,4109,CAUVERY RIVER BEFORE CONFLUENCE AT SANGAM | RIVER CAUVERY BEFORE CONFLUENCE AT SANGAM,2018 2019 2020 2021 2022 2023 2024,7,high,,12.407656,76.72181,Medium,ESRI_LIVINGATLAS_TS_2020_2025:CPCB,Cauvery,Mandya,,1
WQS0712,RIVER CAUVERY D/S AT BHAGAMANDALA BRIDGE,KARNATAKA,4102,D/S OF CAUVERY AT BHAGAMANDALA BRIDGE | RIVER CAUVERY D/S AT BHAGAMANDALA BRIDGE,2018 2020 2021 2022 2023 2024,6,high,,,,Ambiguous / unresolved,,Cauvery,,,1
WQS0713,"RIVER CAUVERY D/S AT KANIVE RAMALINGESWARA TEMPLE BRIDGE, KUSHALANAGAR",KARNATAKA,4103,"D/S OF CAUVERY AT KANIVE RAMALINGESWARA TEMPLE BRI | D/s OF CAUVERY AT KANIVE RAMALINGESWARA TEMPLE BRI | RIVER CAUVERY D/S AT KANIVE RAMALINGESWARA TEMPLE BRIDGE, KUSHALANAGAR | RIVER CAUVERY D/S AT KANIVE RAMALINGESWARA TEMPLE BRIDGE, KUSHALNAGAR",2018 2020 2021 2022 2023 2024,6,high,,,,Ambiguous / unresolved,,Cauvery,,,1
WQS0714,RIVER CAUVERY D/S AT KONDANAGIRI BRIDGE,KARNATAKA,5583,RIVER CAUVERY D/S AT KONDANAGIRI BRIDGE | RIver Cauvery D/S At Kondanagiri Bridge,2023 2024,2,high,,,,Ambiguous / unresolved,,Cauvery,,,1
WQS0715,"RIVER CAUVERY D/S BHARACHUKI FALLS, SATHEGALA, KOLLEGALA",KARNATAKA,4099,"CAUVERY RIVER D/S BARACHUKI FALLS, SATHEGALA, KOLL | CAUVERY RIVER D/S BARACHUKI FALLS, SATHEGALA, KOLLEGALA | RIVER CAUVERY D/S BARACHUKI FALLS, SATHEGALA, KOLLEGALA | RIVER CAUVERY D/S BHARACHUKI FALLS, SATHEGALA, KOLLEGALA",2018 2019 2020 2021 2022 2023 2024,7,high,,12.28783,77.183667,Medium,ESRI_LIVINGATLAS_TS_2020_2025:CPCB,Cauvery,Chamarajanagara,,1
WQS0716,"RIVER CAUVERY D/S OF AT BETHRI BRIDGE , MURNAD",KARNATAKA,5584,"RIVER CAUVERY D/S OF AT BETHRI BRIDGE , MURNAD | River Cauvery D/S Of At Bethri Bridge , Murnad",2023 2024,2,high,,,,Ambiguous / unresolved,,Cauvery,,,1
WQS0717,"RIVER CAUVERY D/S OF AT DUBARE, HANGING BRIDGE (THEPPA DA KINDI)",KARNATAKA,5586,"RIVER CAUVERY D/S OF AT DUBARE, HANGING BRIDGE (THEPPA DA KINDI) | River Cauvery D/S Of At Dubare, Hanging Bridge (Theppa Da Kindi)",2023 2024,2,high,,,,Ambiguous / unresolved,,Cauvery,,,1
WQS0718,"RIVER CAUVERY D/S OF AT NELLU DIKERI BRIDGE, SIDDAPURA",KARNATAKA,5585,"RIVER CAUVERY D/S OF AT NELLU DIKERI BRIDGE, SIDDAPURA | River Cauvery D/S Of At Nellu Dikeri Bridge, Siddapura",2023 2024,2,high,,,,Ambiguous / unresolved,,Cauvery,,,1
WQS0719,RIVER CAUVERY D/S OF KR NAGAR BRIDGE,KARNATAKA,3570 | 3581,CAUVERY D/S OF KR NAGAR BRIDGE | D/S OF KR NAGAR BRIDGE | RIVER CAUVERY D/S OF KR NAGAR BRIDGE,2017 2018 2019 2020 2021 2022 2023 2024,8,high,,,,Ambiguous / unresolved,,Cauvery,,,2
WQS0720,RIVER CAUVERY D/S OF KUSHALANAGAR TOWN,KARNATAKA,3573 | 51,CAUVERY D/S OF KUSHALANAGAR TOWN | D/S OF KUSHALANAGAR TOWN | RIVER CAUVERY D/S OF KUSHALANAGAR TOWN,2017 2018 2019 2020 2021 2022 2023 2024,8,high,,,,Ambiguous / unresolved,,Cauvery,,,2
WQS0721,RIVER CAUVERY D/S OF MADDUR WATER SUPPLY TREATMENT PLANT AT BACHALLI,KARNATAKA,3015 | 3578,CAUVERY D/S OF MADDUR WATER SUPPLY TREATMENT PLAN | CAUVERY D/S OF MADDUR WATER SUPPLY TREATMENT PLANT AT BACHALLI | D/S OF CAUVERY MADDUR WATER SUPPLY TREATMENT PLANT | RIVER CAUVERY D/S OF MADDUR WATER SUPPLY TREATMENT PLANT AT BACHALLI,2017 2018 2019 2020 2021 2022 2023 2024,8,medium,,12.585609,77.04289,Medium,ESRI_LIVINGATLAS_TS_2020_2025:CPCB,Cauvery,Mandya,,2
WQS0722,RIVER CAUVERY U/S OF KR NAGAR,KARNATAKA,1322 | 3571,CAUVERY U/S OF KR NAGAR | RIVER CAUVERY U/S OF KR NAGAR | U/S OF KR NAGAR,2017 2018 2019 2020 2021 2022 2023 2024,8,high,,,,Ambiguous / unresolved,,Cauvery,,,2
WQS0723,RIVER GHATAPRABHA AT D/S OF MUDHOL ROAD CROSS BDG.,KARNATAKA,1185,"GHATPRABHA AT D/S OF MUDHOL RD. CROSS BDG. | GHATPRABHA AT D/S OF MUDHOL RD. CROSS BDG., | GHATPRABHA D/S OF MUDHOL RD. CROSS BDG | RIVER GHATAPRABHA AT D/S OF MUDHOL ROAD CROSS BDG. | RIVER GHATPRABHA AT D/S OF MUDHOL RD. CROSS BDG.,",2016 2017 2019 2020 2021 2022 2023 2024,8,high,,16.328103,75.268333,Medium,ESRI_LIVINGATLAS_TS_2020_2025:CPCB,,Bagalkote,,1
WQS0724,RIVER GHATAPRABHA DAVALSHWAR BARRAGE JACKWELL FOR DRINKING WATER SUPPLY,KARNATAKA,4104,RIVER GHATAPRABHA DAVALSHWAR BARRAGE JACKWELL FOR DRINKING WATER SUPPLY | RIVER GHATPRABHA DAVALSHWAR BARRAGE JACKWELL FOR DRINKING WATER SUPPLY,2022 2023 2024,3,high,,16.321964,75.245115,Medium,ESRI_LIVINGATLAS_TS_2020_2025:CPCB,,Bagalkote,,1
WQS0725,RIVER GODAVARI AT BASER(BANGALORE),KARNATAKA,30051,RIVER GODAVARI AT BASER(BANGALORE),2021 2022,2,high,,,,Ambiguous / unresolved,,Godavari,,,1
WQS0726,RIVER HEMAVATHI AT D/S OF HOLENARASIPURA TOWN AT RAMADEV WEIR,KARNATAKA,1199,HEMAVATI AT D/S OF HOLENARASIPURA TOWN AT RAMADEVA | HEMAVATI AT D/S OF HOLENARASIPURA TOWN AT RAMADEVALA WEIR | HEMAVATI D/S OF HOLENARASIPURA TOWN AT RAMADEVALA WEIR | RIVER HEMAVATHI AT D/S OF HOLENARASIPURA TOWN AT RAMADEV WEIR | RIVER HEMAVATI AT D/S OF HOLENARASIPURA TOWN AT RAMADEVALA WEIR,2016 2017 2019 2020 2021 2022 2023 2024,8,high,,12.809694,76.205642,Medium,ESRI_LIVINGATLAS_TS_2020_2025:CPCB,,Hassan,,1
WQS0727,"RIVER KABINI AT BATHING GHAT, NANJANAGUD",KARNATAKA,2775,"KABBANI AT BATHING GHAT, NANJANAGUD, KARNATAKA | KABINI AT BATHING GHAT, NANJANAGUD | KABINI AT BATHING GHAT, NANJANAGUD, | RIVER KABINI AT BATHING GHAT, NANJANAGUD",2016 2017 2018 2019 2020 2021 2022 2023 2024,9,high,,,,Ambiguous / unresolved,,,,,1
WQS0728,RIVER KABINI AT CAUSE WAY SATTUR,KARNATAKA,41,"KABBANI AT CAUSE WAY SATTUR | KABBANI AT CAUSE WAY SATTUR, KARNATAKA | KABINI AT CAUSE WAY SATTUR | RIVER KABINI AT CAUSE WAY SATTUR",2016 2017 2018 2019 2020 2021 2022 2023 2024,9,high,,,,Ambiguous / unresolved,,,,,1
WQS0729,RIVER KABINI AT SARAGUR VILLAGE D/S,KARNATAKA,1197,"KABBANI AT SARAGUR VILLAGE D/S, KARNATAKA | KABBANI D/S SARAGUR VILLAGE | KABINI AT SARAGUR VILLAGE D/S, | RIVER KABINI AT SARAGUR VILLAGE D/S | RIVER KABINI AT SARAGUR VILLAGE D/S,",2016 2017 2018 2019 2020 2021 2022 2023 2024,10,high,duplicate of another row with identical values,,,Ambiguous / unresolved,,,,,1
WQS0730,RIVER KABINI AT WATER INTAKE OF KIADB AT NANJANGUD,KARNATAKA,1445,"KABBANI AT WATER INTAKE OF KIADB AT NANJANGUD | KABBANI AT WATER INTAKE OF KIADB AT NANJANGUD, KAR | KABINI AT WATER INTAKE OF KIADB AT NANJANGUD | KABINI AT WATER INTAKE OF KIADB AT NANJANGUD, | RIVER KABINI AT WATER INTAKE OF KIADB AT NANJANGUD | RIVER KABINI AT WATER INTAKE OF KIADB AT NANJANGUD,",2016 2017 2018 2019 2020 2021 2022 2023 2024,9,high,,,,Ambiguous / unresolved,,,,,1
WQS0731,RIVER KABINI AT WATER SUPPLY INTAKE POINT TO T. NARASIPURA,KARNATAKA,3577,KABINI AT WATER SUPPLY INTAKE POINT TO T. NARASIPURA | RIVER KABINI AT WATER SUPPLY INTAKE POINT TO T. NARASIPURA,2017 2021 2022 2023 2024,5,high,,,,Ambiguous / unresolved,,,,,1
WQS0732,RIVER KABINI U/S INTAKE POINT TO NANJANAGUD & GUNDLUPET AT DEBUR,KARNATAKA,3575,KABINI U/S INTAKE POINT TO NANJANAGUD & GUNDLUPET AT DEBUR | RIVER KABINI U/S INTAKE POINT TO NANJANAGUD & GUNDLUPET AT DEBUR,2017 2021 2022 2023 2024,5,high,,,,Ambiguous / unresolved,,,,,1
WQS0733,"RIVER KAGINA AT D/S OF BRIDGE CUM BARRAGE, SADEM",KARNATAKA,4500,"RIVER KAGINA AT D/S OF BRIDGE CUM BARRAGE, SADEM",2022 2023 2024,3,high,,17.220551,77.263611,Medium,ESRI_LIVINGATLAS_TS_2020_2025:CPCB,,Kalaburagi,,1
WQS0734,RIVER KAGINA AT SHAHABAD BRIDGE,KARNATAKA,2777,"KAGINA AT SHAHABAD BRIDGE | KAGINA AT SHAHABAD BRIDGE, | KAGINA AT SHAHABAD BRIDGE, KARNATAKA | RIVER KAGINA AT SHAHABAD BRIDGE | RIVER KAGINA AT SHAHABAD BRIDGE,",2016 2017 2018 2019 2020 2021 2022 2023 2024,9,medium,,17.139369,76.966739,Medium,ESRI_LIVINGATLAS_TS_2020_2025:CPCB,,Kalaburagi,,1
WQS0735,"RIVER KRISHNA AT ALMATTI DAM HAVELI , OLD JACKWELL POINT, BAGALKOTE",KARNATAKA,5597,"RIVER KRISHNA AT ALMATTI DAM HAVELI , OLD JACKWELL POINT, BAGALKOTE | River Krishna At Almatti Dam Haveli , Old Jackwell Point, Bagalkote",2023 2024,2,high,,,,Ambiguous / unresolved,,Krishna,,,1
WQS0736,RIVER KRISHNA AT ASANGI VILLAGE (JAMAKANDI VILLAGE),KARNATAKA,2763,RIVER KRISHNA AT ASANGI VILLAGE (JAMAKANDI VILLAGE),2022 2023 2024,3,medium,,,,Ambiguous / unresolved,,Krishna,,,1
WQS0737,RIVER KRISHNA AT D/S OF DEVASAGAR BDG.,KARNATAKA,1170,"KRISHNA AT D/S OF DEVASAGAR BDG. | KRISHNA AT D/S OF DEVASAGAR BDG., | KRISHNA AT D/S OF DEVASAGAR BDG., KARNATAKA | KRISHNA AT D/S OF DEVASAGAR BLDG. | KRISHNAD/S OF DEVASAGAR BDG. | RIVER KRISHNA AT D/S OF DEVASAGAR BDG. | RIVER KRISHNA AT D/S OF DEVASAGAR BDG.,",2016 2017 2018 2019 2020 2021 2022 2023 2024,9,high,,16.380508,77.362725,Medium,ESRI_LIVINGATLAS_TS_2020_2025:CPCB,Krishna,Raichur,,1
WQS0738,RIVER KRISHNA AT DEODURGA (BANGALORE),KARNATAKA,30056,RIVER KRISHNA AT DEODURGA (BANGALORE),2021 2022 2023 2024,4,high,,16.423975,76.935497,Medium,ESRI_LIVINGATLAS_TS_2020_2025:CPCB,Krishna,Raichur,,1
WQS0739,RIVER LAKSHMANTIRTHA AT D/S OF HUNSUR TOWN,KARNATAKA,1196,"LAKSHMANTIRTHA AT D/S OF HUNSUR TOWN | LAKSHMANTIRTHA AT D/S OF HUNSUR TOWN, | LAKSHMANTIRTHA AT D/S OF HUNSUR TOWN, KARNATAKA | LAKSHMANTIRTHA D/S OF HUNSUR TOWN | RIVER LAKSHMANTIRTHA AT D/S OF HUNSUR TOWN | RIVER LAKSHMANTIRTHA AT D/S OF HUNSUR TOWN,",2016 2017 2018 2019 2020 2021 2022 2023 2024,9,high,,,,Ambiguous / unresolved,,,,,1
WQS0740,RIVER LAKSHMANTIRTHA AT D/S OF KATTEMALAVADI,KARNATAKA,2772,"LAKSHMANTIRTHA AT D/S OF KATTEMALAVADI, | LAKSHMANTIRTHA AT D/S OF KATTEMALAVADI, KARNATAKA | LAKSHMANTIRTHA D/S OF KATTEMALAVADI | RIVER LAKSHMANTIRTHA AT D/S OF KATTEMALAVADI",2016 2017 2018 2019 2020 2021 2022 2023 2024,9,high,,,,Ambiguous / unresolved,,,,,1
WQS0741,RIVER LAKSHMANTIRTHA AT WATER SUPPLY INTAKE POINT TO HUNSUR TOWN,KARNATAKA,3572,LAKSHMANTIRTHA AT WATER SUPPLY INTAKE POINT TO HUN | LAKSHMANTIRTHA AT WATER SUPPLY INTAKE POINT TO HUNSUR TOWN | RIVER LAKSHMANTIRTHA AT WATER SUPPLY INTAKE POINT TO HUNSUR TOWN | WATER SUPPLY INTAKE POINT TO HUNSUR TOWN,2018 2019 2020 2021 2022 2023 2024,7,high,,,,Ambiguous / unresolved,,,,,1
WQS0742,RIVER MANJEERA AT D/S INTAKE POINT TO BIDAR CITY,ANDHRA PRADESH | KARNATAKA,1891,MANJEERA AT D/S IN INTAKE POINT TO BIDAR CITY | RIVER MANJEERA AT D/S IN INTAKE POINT TO BIDAR CITY | RIVER MANJEERA AT D/S INTAKE POINT TO BIDAR CITY,2017 2021 2022 2023 2024,5,high,,,,Ambiguous / unresolved,,,,,1
WQS0743,RIVER MANJEERA AT JANWADA(BANGALORE),KARNATAKA,30055,RIVER MANJEERA AT JANWADA(BANGALORE),2021 2022 2023 2024,4,high,,17.975036,77.411781,Medium,ESRI_LIVINGATLAS_TS_2020_2025:CPCB,,Bidar,,1
WQS0744,RIVER MARKANDEYA AT RAKKASAKOPPA RESRVOIR,KARNATAKA,4098,RIVER MARKANDEYA AT RAKKASAKOPPA RESRVOIR,2023 2024,2,high,,,,Ambiguous / unresolved,,,,,1
WQS0745,"RIVER SHIMSHA AT D/S OF BRIDGE, HALAGUR",KARNATAKA,1166,"RIVER SHIMSHA AT D/S OF BRIDGE, HALAGUR | RIVER SHIMSHA AT D/S OF BRIDGE, HALAGUR, | SHIMSHA AT D/S OF BRIDGE, HALAGUR | SHIMSHA AT D/S OF BRIDGE, HALAGUR, | SHIMSHA AT D/S OF BRIDGE, HALAGUR, KARNATAKA | SHIMSHA D/S OF BRIDGE, HALAGUR",2016 2017 2018 2019 2020 2021 2022 2023 2024,9,high,,12.422764,77.226144,Medium,ESRI_LIVINGATLAS_TS_2020_2025:CPCB,,Mandya,,1
WQS0746,"RIVER SHIMSHA AT D/S OF HIGHWAY BRIDGE, YEDIYUR",KARNATAKA,1200,"RIVER SHIMSHA AT D/S OF HIGHWAY BRIDGE, YEDIYAR, | RIVER SHIMSHA AT D/S OF HIGHWAY BRIDGE, YEDIYUR | SHIMSHA AT D/S OF HIGHWAY BRIDGE, YEDIYAR | SHIMSHA AT D/S OF HIGHWAY BRIDGE, YEDIYAR, | SHIMSHA AT D/S OF HIGHWAY BRIDGE, YEDIYAR, KARNATA | SHIMSHA D/S OF HIGHWAY BRIDGE, YEDIYAR",2016 2017 2018 2019 2020 2021 2022 2023 2024,9,high,,,,Ambiguous / unresolved,,,,,1
WQS0747,RIVER SHIMSHA D/S NEAR MADDUAR TOWN,KARNATAKA,3567,D/S SHIMSHA NEAR MADDUAR TOWN | RIVER SHIMSHA D/S NEAR MADDUAR TOWN | SHIMSHA D/S NEAR MADDUAR TOWN,2017 2018 2019 2020 2021 2022 2023 2024,8,high,,12.584716,77.049787,Medium,ESRI_LIVINGATLAS_TS_2020_2025:CPCB,,Mandya,,1
WQS0748,"RIVER SHIMSHA DOWNSTREAM OF MADDUR NEAR VYDYANATHESWARA TEMPLE ROAD BRIDGE,MAYDYA",KARNATAKA,5578,"RIVER SHIMSHA DOWNSTREAM OF MADDUR NEAR VYDYANATHESWARA TEMPLE ROAD BRIDGE,MAYDYA | River Shimsha Downstream OfÂ Maddur Near Vydyanatheswara Temple Road Bridge,Maydya",2023 2024,2,high,,,,Ambiguous / unresolved,,,,,1
WQS0749,RIVER THENPENNAIYAR AT CHOKKARASANAHALLI BRIDGE (BANGALORE),KARNATAKA,30053,RIVER THENPENNAIYAR AT CHOKKARASANAHALLI BRIDGE (BANGALORE),2023 2024,2,high,,,,Ambiguous / unresolved,,,,,1
WQS0750,RIVER TUNGA AT D/S OF SHIMOGA TOWN,KARNATAKA,1168,"RIVER TUNGA AT D/S OF SHIMOGA TOWN | RIVER TUNGA AT D/S OF SHIMOGA TOWN, | TUNGA AT D/S OF SHIMOGA TOWN | TUNGA AT D/S OF SHIMOGA TOWN, | TUNGHA AT D/S OF SHIMOGA TOWN, KARNATAKA | TUNGHA D/S OF SHIMOGA TOWN",2016 2017 2018 2019 2020 2021 2022 2023 2024,9,high,,13.926464,75.583336,Medium,ESRI_LIVINGATLAS_TS_2020_2025:CPCB,,Shivamogga,,1
WQS0751,RIVER TUNGA U/S SHIVAMOGGA CITY,KARNATAKA,4106,RIVER TUNGA U/S SHIVAMOGGA CITY,2023 2024,2,high,,13.702869,75.4042,Medium,ESRI_LIVINGATLAS_TS_2020_2025:CPCB,,Chikkamagaluru,,1
WQS0752,RIVER TUNGABHADRA AT AIRANI,KARNATAKA,5592,RIVER TUNGABHADRA AT AIRANI | River TUNGABHADRA atÂ Airani,2023 2024,2,high,,,,Ambiguous / unresolved,ESRI_LIVINGATLAS_TS_2020_2025:CPCB,,Haveri,,1
WQS0753,RIVER TUNGABHADRA AT ARAVI,KARNATAKA,4495,RIVER TUNGABHADRA AT ARAVI,2021 2022 2023 2024,4,high,,,,Ambiguous / unresolved,ESRI_LIVINGATLAS_TS_2020_2025:CPCB,,Haveri,,1
WQS0754,RIVER TUNGABHADRA AT CONFLUENCE POINT OF TUNGA AND BHADRA AT KUDLI,KARNATAKA,1896,CONFLUENCE POINT OF TUNGA AND BHADRA AT KUDLI | RIVER TUNGABHADRA AT CONFLUENCE POINT OF TUNGA AND BHADRA AT KUDLI | TUNGABHADRA AT CONFLUENCE POINT OF TUNGA AND BHADRA AT KUDLI,2016 2017 2018 2019 2020 2021 2022 2023 2024,9,high,,14.011333,75.676667,Medium,ESRI_LIVINGATLAS_TS_2020_2025:CPCB,,Shivamogga,,1
WQS0755,RIVER TUNGABHADRA AT D/S OF GANGAWATHI,KARNATAKA,2776,"RIVER TUNGABHADRA AT D/S OF GANGAWATHI | RIVER TUNGABHADRA AT D/S OF GANGAWATHI, | TUNGABHADRA AT D/S OF GANGAWATHI | TUNGABHADRA AT D/S OF GANGAWATHI, | TUNGABHADRA AT D/S OF GANGAWATHI, KARNATAKA | TUNGABHADRA D/S OF GANGAWATHI",2016 2017 2018 2019 2020 2021 2022 2023 2024,9,high,,15.41225,76.58625,Medium,ESRI_LIVINGATLAS_TS_2020_2025:CPCB,,Koppal,,1
WQS0756,RIVER TUNGABHADRA AT D/S OF HARIHAR POLYFIBERS,KARNATAKA,2768,"RIVER TUNGABHADRA AT D/S OF HARIHAR POLYFIBERS | RIVER TUNGABHADRA AT D/S OF HPF, | TUNGABHADRA AT D/S OF HPF | TUNGABHADRA AT D/S OF HPF, | TUNGABHADRA AT D/S OF HPF, KARNATAKA | TUNGABHADRA D/S OF HPF",2016 2017 2018 2019 2020 2021 2022 2023 2024,9,high,,,,Ambiguous / unresolved,ESRI_LIVINGATLAS_TS_2020_2025:CPCB,,Haveri,,1
WQS0757,RIVER TUNGABHADRA AT DADESUGUR BRIDGE GAUGING STATION,KARNATAKA,3558,RIVER TUNGABHADRA AT DADESUGUR BRIDGE GAUGING STATION,2021 2022 2023 2024,4,high,,15.691848,76.895721,Medium,ESRI_LIVINGATLAS_TS_2020_2025:CPCB,,Raichur,,1
WQS0758,RIVER TUNGABHADRA AT HARIHAR WATER SUPPLY INTAKE,KARNATAKA,2770,"RIVER TUNGABHADRA AT HARIHAR WATER SUPPLY INTAKE | RIVER TUNGABHADRA AT HARIHAR WATER SUPPLY INTAKE, | TUNGABHADRA AT HARIHAR WATER SUPPLY INTAKE | TUNGABHADRA AT HARIHAR WATER SUPPLY INTAKE, | TUNGABHADRA AT HARIHAR WATER SUPPLY INTAKE, KARNAT",2016 2017 2018 2019 2020 2021 2022 2023 2024,9,high,,,,Ambiguous / unresolved,,,,,1
WQS0759,RIVER TUNGABHADRA AT HIREBIDARI,KARNATAKA,5593,RIVER TUNGABHADRA AT HIREBIDARI | River TUNGABHADRA atÂ Hirebidari,2023 2024,2,high,,,,Ambiguous / unresolved,,,,,1
WQS0760,RIVER TUNGABHADRA AT HOCHECHALLI (BANGALORE),KARNATAKA,30054,RIVER TUNGABHADRA AT HOCHECHALLI (BANGALORE),2021 2022 2023 2024,4,high,,15.766044,76.98655,Medium,ESRI_LIVINGATLAS_TS_2020_2025:CPCB,,Ballari,,1
WQS0761,RIVER TUNGABHADRA AT HONNALI BRIDGE,KARNATAKA,2766 | 38,"RIVER TUNGABHADRA AT HONNALI BRIDGE | TUNGABHADRA AT HONNALI BRIDGE | TUNGHABHADRA AT HONNALI BRIDGE | TUNGHABHADRA AT HONNALI BRIDGE, KARNATAKA",2016 2017 2018 2021 2022 2023 2024,7,high,station listed twice in year with different values,,,Ambiguous / unresolved,ESRI_LIVINGATLAS_TS_2020_2025:CPCB,,Haveri,,2
WQS0762,RIVER TUNGABHADRA AT JACKWELL POINT,KARNATAKA,2769,"RIVER TUNGABHADRA AT JACKWELL POINT | RIVER TUNGABHADRA AT JACKWELL POINT, | TUNGABHADRA AT JACKWELL POINT | TUNGABHADRA AT JACKWELL POINT, | TUNGABHADRA AT JACKWELL POINT, KARNATAKA",2016 2017 2018 2019 2020 2021 2022 2023 2024,9,high,,,,Ambiguous / unresolved,,,,,1
WQS0763,RIVER TUNGABHADRA AT KONANATHAMBIGE,KARNATAKA,5594,RIVER TUNGABHADRA AT KONANATHAMBIGE | River TUNGABHADRA atÂ Konanathambige,2023 2024,2,high,,,,Ambiguous / unresolved,,,,,1
WQS0764,RIVER TUNGABHADRA AT KURUVATHI,KARNATAKA,5596,RIVER TUNGABHADRA AT KURUVATHI | River TUNGABHADRA atÂ Kuruvathi,2023 2024,2,high,,,,Ambiguous / unresolved,,,,,1
WQS0765,RIVER TUNGABHADRA AT MYLARA,KARNATAKA,4494,RIVER TUNGABHADRA AT MYLARA,2021 2022 2023 2024,4,high,,,,Ambiguous / unresolved,ESRI_LIVINGATLAS_TS_2020_2025:CPCB,,Ballari,,1
WQS0766,RIVER TUNGABHADRA AT NADIHARALAHALLI,KARNATAKA,5591,RIVER TUNGABHADRA AT NADIHARALAHALLI | River TUNGABHADRA at Nadiharalahalli,2023 2024,2,high,,,,Ambiguous / unresolved,,,,,1
WQS0767,RIVER TUNGABHADRA AT NEW BRIDGE,KARNATAKA,2766,"RIVER TUNGABHADRA AT NEW BRIDGE | RIVER TUNGABHADRA AT NEW BRIDGE, | TUNGABHADRA AT NEW BRIDGE | TUNGABHADRA AT NEW BRIDGE, | TUNGABHADRA AT NEW BRIDGE, KARNATAKA",2016 2017 2018 2019 2020 2021 2022 2023 2024,9,medium,station listed twice in year with different values,,,Ambiguous / unresolved,ESRI_LIVINGATLAS_TS_2020_2025:CPCB,,Haveri,,1
WQS0768,RIVER TUNGABHADRA AT SOMALAPURA,KARNATAKA,5595,RIVER TUNGABHADRA AT SOMALAPURA | River TUNGABHADRA at Somalapura,2023 2024,2,high,,,,Ambiguous / unresolved,ESRI_LIVINGATLAS_TS_2020_2025:CPCB,,Ballari,,1
WQS0769,RIVER TUNGABHADRA AT U/S OF HARIHAR POLYFIBERS,KARNATAKA,2767,"RIVER TUNGABHADRA AT U/S OF HARIHAR POLYFIBERS | RIVER TUNGABHADRA AT U/S OF HPF, | TUNGABHADRA AT U/S OF HPF | TUNGABHADRA AT U/S OF HPF, | TUNGABHADRA AT U/S OF HPF, KARNATAKA | TUNGABHADRA U/S OF HPF",2016 2017 2018 2019 2020 2021 2022 2023 2024,9,high,,,,Ambiguous / unresolved,ESRI_LIVINGATLAS_TS_2020_2025:CPCB,,Haveri,,1
WQS0770,SHIMSHA AT WATER SUPPLY INTAKE POINT AT MADDUAR,KARNATAKA,3580,RIVER CAUVERY AT WATER SUPPLY INTAKE POINT AT SHIVANSAMUDRA | RIVER SHIMSHA AT WATER SUPPLY INTAKE POINT AT MADDUAR | RIVER SHIMSHA AT WATER SUPPLY INTAKE POINT AT SHIVANSAMUDRA | SHIMSHA AT WATER SUPPLY INTAKE POINT AT MADDUAR | WATER SUPPLY INTAKE POINT AT MADDUAR,2017 2018 2019 2020 2021 2022 2023 2024,8,high,,12.584216,77.041515,Medium,ESRI_LIVINGATLAS_TS_2020_2025:CPCB,Cauvery,Mandya,,1
WQS0771,"SUVARANVATHI RESERVOIR, ATTIGULLIPURA CHAMARAJANAG",KARNATAKA,4100,"RIVER SUVARANVATHI RESERVOIR, ATTIGULLIPURA CHAMARAJANAGAR | SUVARANVATHI RESERVOIR, ATTIGULLIPURA CHAMARAJANAG",2018 2021,2,high,,11.827676,77.026369,Medium,ESRI_LIVINGATLAS_TS_2020_2025:CPCB,,Chamarajanagara,,1
WQS0772,"TUNGABHADRA AT HARALAHALLI BRIDGE,",KARNATAKA,1029,"RIVER TUNGABHADRA AT HARALAHALLI BRIDGE | RIVER TUNGABHADRA AT HARALAHALLI BRIDGE, | TUNGABHADRA AT HARALAHALLI BRIDGE, | TUNGHABHADRA AT HARALAHALLI BRIDGE | TUNGHABHADRA AT HARALAHALLI BRIDGE, KARNATAKA",2016 2017 2018 2019 2020 2021 2022 2023 2024,9,high,,,,Ambiguous / unresolved,ESRI_LIVINGATLAS_TS_2020_2025:CPCB,,Haveri,,1
WQS0773,TUNGABHADRA AT ULLANUR,KARNATAKA,29,"RIVER TUNGABHADRA AT ULENOOR | RIVER TUNGABHADRA AT ULLANUR | TUNGABHADRA AT ULLANUR | TUNGHABHADRA AT ULLANUR | TUNGHABHADRA AT ULLANUR, KARNATAKA",2016 2017 2018 2019 2020 2021 2022 2023 2024,9,high,,15.494844,76.692417,Medium,ESRI_LIVINGATLAS_TS_2020_2025:CPCB,,Koppal,,1
WQS0774,YAGACHI RIVER NEAR PUMPING STATION. HASSAN CITY,KARNATAKA,1893,"RIVER YAGACHI NEAR PUMPING STATION, HASSAN CITY | RIVER YAGACHI NEAR PUMPING STATION. HASSAN CITY | YAGACHI NEAR PUMPING STATION. HASSAN CITY | YAGACHI RIVER NEAR PUMPING STATION. HASSAN CITY",2016 2018 2019 2020 2021 2022 2023 2024,8,high,,13.006814,76.099553,Medium,ESRI_LIVINGATLAS_TS_2020_2025:CPCB,,Hassan,,1
WQS0775,"KABINI AT MUTHANKARA, KERALA",KERALA,1207,"KABBANI AT MUTHANKARA | KABBANI AT MUTHANKARA, KERALA | KABINI AT MUTHANKARA, KERALA | RIVER KABANI AT MUTHANKARA, WAYANAD | RIVER KABINI AT MUTHANKARA, KERALA",2016 2017 2018 2019 2020 2021 2022 2023 2024,9,high,,,,Ambiguous / unresolved,,,,,1
WQS0776,"RIVER BHAVANI AT ELACHIVAZHY, PALAKKAD",KERALA,1208,"BHAVANI AT ELACHIVAZHY | BHAVANI AT ELACHIVAZHY, KERALA | RIVER BHAVANI AT ELACHIVAZHY, KERALA | RIVER BHAVANI AT ELACHIVAZHY, PALAKKAD",2016 2017 2018 2021 2022 2023 2024,7,high,,,,Ambiguous / unresolved,,,,,1
WQS0777,"RIVER KABANI AT BANASURA SAGAR DAM AT KALPETTA,WAYANAD",KERALA,5229,"RIVER KABANI AT BANASURA SAGAR DAM AT KALPETTA,WAYANAD",2023 2024,2,high,,,,Ambiguous / unresolved,,,,,1
WQS0778,"RIVER KABANI AT MUTHANGA,WAYANAD",KERALA,5228,"RIVER KABANI AT MUTHANGA,WAYANAD",2022 2023 2024,3,high,,,,Ambiguous / unresolved,,,,,1
WQS0779,"RIVER KALINDI AT BAVALI, WAYANAD",KERALA,5227,"RIVER KALINDI AT BAVALI, WAYANAD",2022 2023 2024,3,high,,,,Ambiguous / unresolved,,,,,1
WQS0780,"RIVER PAPANASINI AT THIRUNELLY, WAYANAD",KERALA,5226,"RIVER PAPANASINI AT THIRUNELLY, WAYANAD",2022 2023 2024,3,high,,,,Ambiguous / unresolved,,,,,1
WQS0781,ANAS RIVER NEAR ROAD BRIDGE JHABUA,MADHYA PRADESH,3848,ANAS RIVER NEAR ROAD BRIDGE JHABUA | RIVER ANAS NEAR ROAD BRIDGE JHABUA | RIVER ANAS RIVER NEAR ROAD BRIDGE JHABUA,2017 2018 2019 2020 2021 2022 2023 2024,8,high,,22.769157,74.605708,Medium,ESRI_LIVINGATLAS_WQ_RIVERS_2023,,Jhabua,monthly,1
WQS0782,"BANJAR AT MALANJKHAND NEAR W/S INTAKE POINT, JABALPUR",MADHYA PRADESH,3305,"BANJAR AT MALANJKHAND NEAR W/S INTAKE POINT, JABALPUR | RIVER BANJAR AT MALANJKHAND NEAR W/S INTAKE POINT, | RIVER BANJAR AT MALANJKHAND NEAR W/S INTAKE POINT, JABALPUR",2016 2017 2018 2019 2020 2021 2022 2023 2024,9,high,,,,Ambiguous / unresolved,,,,,1
WQS0783,"BANSAGAR CANAL AT SON RIVER, WATER SAMPLE AT BAGHWAR VILLAGE, NEAR TOL PLAZA, DIST SIDHI",MADHYA PRADESH,3852,"BANSAGAR CANAL AT SON RIVER, WATER SAMPLE AT BAGHWAR VILLAGE, NEAR TOL PLAZA, DIST SIDHI",2022 2023 2024,3,high,,24.373062,81.601823,Medium,ESRI_LIVINGATLAS_WQ_RIVERS_2023,,Sidhi,monthly,1
WQS0784,"BETWA AT CHARANTIRGHAT, VIDISHA",MADHYA PRADESH,2124,"BETWA AT CHARANTIRGHAT, VIDISHA | RIVER BETWA AT CHARANTIRGHAT, VIDISHA",2016 2018 2019 2020 2021 2022 2023 2024,8,high,,23.540606,77.802246,Medium,ESRI_LIVINGATLAS_WQ_RIVERS_2023,,Vidisha,monthly,1
WQS0785,BETWA D/S AFTER MIXING OF RIVER BAIS AT VIDISHA,MADHYA PRADESH,2125,BETWA D/S AFTER MIXING OF BAIS AT VIDISHA | BETWA D/S AFTER MIXING OF RIVER BAIS AT VIDISHA | RIVER BETWA D/S AFTER MIXING OF BAIS AT VIDISHA | RIVER BETWA D/S AFTER MIXING OF RIVER BAIS AT VIDISHA,2016 2018 2019 2020 2021 2022 2023 2024,8,high,,23.550512,77.79947,Medium,ESRI_LIVINGATLAS_WQ_RIVERS_2023,,Vidisha,monthly,1
WQS0786,BETWA D/S BEENA,MADHYA PRADESH,2108,"BETWA D/S BEENA | BETWA D/S, BEENA",2016 2018,2,medium,,,,Ambiguous / unresolved,,,,,1
WQS0787,BETWA U/S BEENA,MADHYA PRADESH,2107,"BETWA U/S BEENA | BETWA U/S, BEENA",2016 2018,2,medium,,,,Ambiguous / unresolved,,,,,1
WQS0788,"BICHIA, BRIDGE GOVINDGARH ROAD",MADHYA PRADESH,2117,"BICHIA, BRIDGE GOVINDGARH ROAD | RIVER BICHIA, BRIDGE GOVINDGARH ROAD | RIVER BICHIA,GOVINDGARH ROAD BRIDGE ,NEAR INTAKE POINT,REWA",2016 2018 2019 2020 2021 2022 2023 2024,8,high,,24.518131,81.299578,Medium,ESRI_LIVINGATLAS_WQ_RIVERS_2023,,Rewa,monthly,1
WQS0789,"CHAMBAL AT TAL VILLAGE NEAR BRIDGE, UJJAIN",MADHYA PRADESH,3309,"CHAMBAL AT TAL VILLAGE NEAR BRIDGE, UJJAIN | RIVER CHAMBAL AT TAL VILLAGE NEAR BRIDGE, UJJAIN",2016 2018 2019 2020 2021 2022 2023 2024,8,high,,23.725166,75.377851,Medium,ESRI_LIVINGATLAS_WQ_RIVERS_2023,,Ratlam,monthly,1
WQS0790,"CHAMLA AT W/S INTAKE POINT BADNAGAR, UJJAIN",MADHYA PRADESH,3310,"CHAMLA AT W/S INTAKE POINT BADNAGAR, UJJAIN | RIVER CHAMLA AT W/S INTAKE POINT BADNAGAR, UJJAIN",2016 2018 2019 2020 2021 2022 2023 2024,8,high,,23.056541,75.388095,Medium,ESRI_LIVINGATLAS_WQ_RIVERS_2023,,Ujjain,monthly,1
WQS0791,"CHOTA TAWA BEFORE CONFL. WITH RIVER NARMADA, M.P.",MADHYA PRADESH,1236,"CHOTA TAWA B/C, WITH NARMADA | CHOTA TAWA BEFORE CONFL. WITH RIVER NARMADA, M.P. | RIVER CHOTA TAWA BEFORE CONFL. WITH NARMADA, M.P. | RIVER CHOTA TAWA BEFORE CONFL. WITH RIVER NARMADA, M.P.",2016 2017 2019 2020 2021 2022 2023 2024,8,high,,,,Ambiguous / unresolved,,,,,1
WQS0792,"DENWA NEAR SARNI, ROAD BRIDGE",MADHYA PRADESH,2127,"DENWA NEAR SARNI, ROAD BRIDGE | RIVER DENWA NEAR SARNI, ROAD BRIDGE",2016 2017 2018 2019 2021 2022 2023,7,high,,,,Ambiguous / unresolved,,,,,1
WQS0793,"GOHAD DAM, GOHAD, M.P",MADHYA PRADESH,1607,"GOHAD DAM, GOHAD | GOHAD DAM, GOHAD, M.P | RIVER BASLI GOHAD DAM, GOHAD, M.P | RIVER VAISHALI AT GOHAD DAM, GOHAD, M.P",2016 2018 2019 2020 2021 2022 2023 2024,8,high,,26.429359,78.430415,Medium,ESRI_LIVINGATLAS_WQ_RIVERS_2023,,Bhind,monthly,1
WQS0794,"GOPAD AT NIGARI, SARAI DIST, SINGROULI",MADHYA PRADESH,3835,"GOPAD AT NIGARI, SARAI DIST, SINGROULI | RIVER GOPAD AT NIGARI, SARAI DIST, SINGROULI",2019 2021 2022 2023,4,high,,24.044837,82.730077,Medium,ESRI_LIVINGATLAS_WQ_RIVERS_2023,,Singrauli,monthly,1
WQS0795,"GOUR RIVER BHOGA DOOR, JABALPUR",MADHYA PRADESH,2100,"GOUR RIVER BHOGA DOOR, JABALPUR | RIVER GOUR BHOGA DOOR, JABALPUR | RIVER GOUR NEAR BHOGDWAR WSS INTAKE POINT | RIVER GOUR NEAR BHOGDWAR WSS INTAKE POINT, JABALPUR",2016 2017 2018 2019 2020 2021 2022 2023 2024,12,high,duplicate of another row with identical values,,,Ambiguous / unresolved,,,,,1
WQS0796,"HIRAN, NH 7 ROAD BRIDGE, SIHORA, DIST JABALPUR",MADHYA PRADESH,3828,"HIRAN, NH 7 ROAD BRIDGE, SIHORA, DIST JABALPUR | RIVER HIRAN, NH 7 ROAD BRIDGE, SIHORA, | RIVER HIRAN, NH 7 ROAD BRIDGE, SIHORA, DIST JABALP | RIVER HIRAN, NH 7 ROAD BRIDGE, SIHORA, DIST JABALPUR",2017 2018 2019 2020 2021 2022 2023 2024,8,high,,,,Ambiguous / unresolved,,Narmada,,,1
WQS0797,KATNI RIVER NEAR NAGAR NIGAM,MADHYA PRADESH,2101,KATNI NEAR NAGAR NIGAM | KATNI RIVER NEAR NAGAR NIGAM | RIVER KATNI NEAR NAGAR NIGAM,2016 2017 2018 2021 2022,5,high,,,,Ambiguous / unresolved,,,,,1
WQS0798,"KOLAR DAM WATER SUPPLY INTAKE WELL, DISTT. SEHORE,",MADHYA PRADESH,1613,"KOLAR DAM WATER SUPPLY INTAKE WELL, DISTT. SEHORE, | RIVER KOLAR DAM WATER SUPPLY INTAKE WELL, DISTT. SEHORE, M.P",2016 2021,2,high,,,,Ambiguous / unresolved,,,,,1
WQS0799,"KSHIPRA AT GAUGHAT, UJJAIN",MADHYA PRADESH,3315,"KSHIPRA AT GAUGHAT, UJJAIN | RIVER KSHIPRA AT GAUGHAT, UJJAIN",2016 2018 2019 2020 2021 2022 2023 2024,8,high,,22.975913,75.917152,Medium,ESRI_LIVINGATLAS_WQ_RIVERS_2023,,Dewas,monthly,1
WQS0800,"KSHIPRA AT U/S OF MAHIDPUR CITY, UJJAIN",MADHYA PRADESH,3316,"KSHIPRA AT U/S OF MAHIDPUR CITY, UJJAIN | RIVER KSHIPRA AT U/S OF MAHIDPUR CITY, UJJAIN",2016 2018 2019 2020 2021 2022 2023 2024,8,high,,23.486294,75.654008,Medium,ESRI_LIVINGATLAS_WQ_RIVERS_2023,,Ujjain,monthly,1
WQS0801,"KSHIPRA AT W/S INTAKE POINT OF DEWAS, UJJAIN",MADHYA PRADESH,3317,"KSHIPRA AT W/S INTAKE POINT OF DEWAS, UJJAIN | RIVER KSHIPRA AT W/S INTAKE POINT OF DEWAS, UJJAIN",2016 2018 2019 2020 2021 2022 2023 2024,8,high,,22.969472,76.056836,Medium,ESRI_LIVINGATLAS_WQ_RIVERS_2023,,Dewas,monthly,1
WQS0802,"MAHI AT RANISINGH VILLAGE, RATLAM, UJJAIN",MADHYA PRADESH,3318,"MAHI AT RANISINGH VILLAGE, RATLAM, UJJAIN | RIVER MAHI AT RANISINGH VILLAGE, RATLAM, UJJAIN",2016 2017 2018 2019 2020 2021 2022 2023 2024,10,high,station listed twice in year with different values,23.177764,74.92737,Medium,ESRI_LIVINGATLAS_WQ_RIVERS_2023,Mahi,Ratlam,monthly,1
WQS0803,"NARMADA AT AMARKANTAKE FROM ORIGIN POINT, REWA",MADHYA PRADESH,3321,"NARMADA AT AMARKANTAK FROM ORIGIN POINT, REWA RIVER NARMADA AT DINDORI,U/S INTAKE POINT,DISTT.DINDORI(M.P.) | NARMADA AT AMARKANTAKE FROM ORIGIN POINT, REWA | RIVER NARMADA AT AMARKANTAK FROM ORIGIN POINT, | RIVER NARMADA AT AMARKANTAK FROM ORIGIN POINT, REWA NARMADA AT DINDORI,U/S INTAKE POINT,DISTT.INDORE",2016 2017 2018 2019 2020 2021 2022 2023 2024,9,high,,,,Ambiguous / unresolved,,Narmada,,,1
WQS0804,NARMADA AT D S OF OMKARESHWAR M.P.,MADHYA PRADESH,1430,NARMADA AT D S OF OMKARESHWAR | NARMADA AT D S OF OMKARESHWAR M.P. | RIVER NARMADA AT D/S OF OMKARESHWAR M.P.,2016 2017 2018 2019 2020 2021 2022 2023 2024,9,high,,,,Ambiguous / unresolved,,Narmada,,,1
WQS0805,NARMADA AT HOSHANGABAD D S M.P.,MADHYA PRADESH,1235,NARMADA AT HOSHANGABAD D S | NARMADA AT HOSHANGABAD D S M.P. | RIVER NARMADA AT HOSHANGABAD 100 METER D/ S AFTER CONFLUENCE OF SPM NALLA M.P. | RIVER NARMADA AT HOSHANGABAD D S M.P.,2016 2017 2018 2019 2020 2021 2022 2023 2024,9,low,,,,Ambiguous / unresolved,,Narmada,,,1
WQS0806,NARMADA AT HOSHANGABAD U S M.P.,MADHYA PRADESH,1234,NARMADA AT HOSHANGABAD U S | NARMADA AT HOSHANGABAD U S M.P.,2016 2017 2018 2019 2020,5,medium,,,,Ambiguous / unresolved,,Narmada,,,1
WQS0807,NARMADA AT KORIGHAT HOSHANGABAD,MADHYA PRADESH,2123,NARMADA AT KORIGHAT HOSHANGABAD | RIVER NARMADA AT KORIGHAT HOSHANGABAD,2016 2017 2018 2019 2020 2021 2022 2023 2024,9,high,,,,Ambiguous / unresolved,,Narmada,,,1
WQS0808,"NARMADA AT LALPUR, NEAR WATER SUPPLY INTAKE POINT, JABALPUR",MADHYA PRADESH,3323,"NARMADA AT LALPUR, NEAR WATER SUPPLY INTAKE POINT, | NARMADA AT LALPUR, NEAR WATER SUPPLY INTAKE POINT, JABALPUR | RIVER NARMADA AT LALPUR, NEAR WATER SUPPLY INTAKE POINT, JABALPUR | RIVER NARMADA AT TILWARAGHAT, | RIVER NARMADA AT TILWARAGHAT, JABALPUR",2016 2017 2018 2019 2020 2021 2022 2023 2024,9,high,,,,Ambiguous / unresolved,,Narmada,,,1
WQS0809,"NARMADA AT MANDLA, NEAR SHAMSHANGHAT, JABALPUR",MADHYA PRADESH,3322,"NARMADA AT MANDLA, NEAR SHAMSHANGHAT, JABALPUR | RIVER NARMADA AT MANDLA, NEAR SHAMSHANGHAT, JABALPUR",2016 2017 2018 2019 2020 2021 2022 2023 2024,9,high,,,,Ambiguous / unresolved,,Narmada,,,1
WQS0810,NARMADA AT NARSINGHPUR M.P.,MADHYA PRADESH,1240,"NARMADA AT NARSINGHPUR | NARMADA AT NARSINGHPUR M.P. | RIVER NARMADA AT BARMANGHAT, NARSINGHPUR M.P. | RIVER NARMADA AT NARSINGHPUR M.P.",2016 2017 2018 2019 2020 2021 2022 2023 2024,9,high,,,,Ambiguous / unresolved,,Narmada,,,1
WQS0811,NARMADA AT SETHANIGHAT,MADHYA PRADESH,44,NARMADA AT SETHANIGHAT | NARMADA AT SETHANIGHAT M.P. | RIVER NARMADA AT SETHANIGHAT,2016 2017 2018 2019 2020 2021 2022 2023 2024,9,high,,,,Ambiguous / unresolved,,Narmada,,,1
WQS0812,"NARMADA LALPUR, JABALPUR",MADHYA PRADESH,2099,"NARMADA LALPUR, JABALPUR | RIVER NARMADA AT LALPUR, JABALPUR | RIVER NARMADA LALPUR, JABALPUR",2016 2017 2018 2019 2020 2021 2022 2023 2024,9,high,,,,Ambiguous / unresolved,,Narmada,,,1
WQS0813,NARMADA NEAR SOURCE AT AMARKANTAK M.P.,MADHYA PRADESH,1242,NARMADA NEAR SOURCE AT AMARKANTAK | NARMADA NEAR SOURCE AT AMARKANTAK M.P. | RIVER NARMADA NEAR ORIGIN POINT AT AMARKANTAK | RIVER NARMADA NEAR ORIGIN POINT AT AMARKANTAK M.P. | RIVER NARMADA NEAR SOURCE AT AMARKANTAK M.P.,2016 2017 2018 2019 2020 2021 2022 2023 2024,9,high,,,,Ambiguous / unresolved,,Narmada,,,1
WQS0814,NARMADA RIVER AT D/S OF KAPILDHARA,MADHYA PRADESH,2118,NARMADA AT D/S OF KAPILDHARA | NARMADA RIVER AT D/S OF KAPILDHARA | RIVER NARMADA AT D/S OF KAPILDHARA | RIVER NARMADA RIVER AT D/S OF KAPILDHARA,2016 2017 2018 2019 2020 2021 2022 2023 2024,9,high,,,,Ambiguous / unresolved,,Narmada,,,1
WQS0815,NARMADA RIVER AT DHARAMPURI,MADHYA PRADESH,3847,NARMADA RIVER AT DHARAMPURI | RIVER NARMADA AT DHARAMPURI,2017 2018 2019 2020 2021 2022 2023 2024,8,high,,,,Ambiguous / unresolved,,Narmada,,,1
WQS0816,"NEWAJ AT U/S NEAR W/S INTAKE POINT, RAJGARH, GUNA",MADHYA PRADESH,3320,"NEWAJ AT U/S NEAR W/S INTAKE POINT, RAJGARH, GUNA | RIVER NEWAJ AT U/S NEAR W/S INTAKE POINT, RAJGARH, GUNA | RIVER NEWAJ U/S NEAR W/S INTAKE POINT, RAJGARH",2018 2019 2020 2021 2022 2023 2024,7,high,,24.010655,76.734197,Medium,ESRI_LIVINGATLAS_WQ_RIVERS_2023,,Rajgarh,monthly,1
WQS0817,"PARVATI A/C OF VINDHYACHAL NALLA, PILUKHEDI",MADHYA PRADESH,2126,"PARVATI A/C OF VINDHYACHAL NALLA, PILUKHEDI | RIVER PARVATI A/C OF VINDHYACHAL NALLA, PILUKHEDI | RIVER PARVATI D/S AFTER VINDHYACHAL NALLA AT PILUKHEDI,RAJGARH",2016 2018 2019 2020 2021 2022 2023 2024,8,medium,,23.495145,77.100818,Medium,ESRI_LIVINGATLAS_WQ_RIVERS_2023,,Sehore,monthly,1
WQS0818,"PARVATI NEAR VILLAGE BATAODAPAR, M.P.",MADHYA PRADESH,1432,"PARVATI NEAR VILLAGE BATAODAPAR, M.P. | RIVER PARVATI NEAR VILLAGE BATAODAPAR, | RIVER PARVATI NEAR VILLAGE BATAODAPAR, M.P.",2018 2019 2020 2021 2022 2023 2024,7,high,,24.586045,77.069419,Medium,ESRI_LIVINGATLAS_WQ_RIVERS_2023,,Guna,monthly,1
WQS0819,"PARVATI RIVER, GUNA",MADHYA PRADESH,2109,"PARVATI RIVER, GUNA | RIVER PARVATI AT NEEMKHEDI, GUNA | RIVER PARVATI RIVER, GUNA",2018 2019 2020 2021 2022 2023 2024,7,high,,24.634714,77.2978,Medium,ESRI_LIVINGATLAS_WQ_RIVERS_2023,,Guna,monthly,1
WQS0820,"RIVER AJAB BOURALI AT PETLAWAD DAM PETLAVAD, JHABUA",MADHYA PRADESH,4620,"RIVER AJAB BOURALI AT PETLAWAD DAM PETLAVAD, JHABUA",2022 2023 2024,3,high,,23.012867,74.795587,Medium,ESRI_LIVINGATLAS_WQ_RIVERS_2023,,Jhabua,monthly,1
WQS0821,"RIVER BANJAR RIVER NEAR ROAD BRIDGE, VILL. KHARRADHAR MALANJKHAND.",MADHYA PRADESH,4616,"RIVER BANJAR RIVER NEAR ROAD BRIDGE, VILL. KHARRADHAR MALANJKHAND.",2022 2023 2024,3,high,,,,Ambiguous / unresolved,,,,,1
WQS0822,"RIVER BEBUS AT RAJGHAT DAM, SAGAR",MADHYA PRADESH,3833,"BETWA AT RAJGHAT DAM, SAGAR | RIVER BEBUS AT RAJGHAT DAM, SAGAR | RIVER BETWA AT RAJGHAT DAM, SAGAR",2019 2021 2022 2023 2024,5,high,,23.726307,78.753626,Low,ESRI_LIVINGATLAS_WQ_RIVERS_2023,,Sagar,monthly,1
WQS0823,RIVER BEEHAR D/S NEAR FOREST OFFICE,MADHYA PRADESH,2116,BIHAR D/S NEAR FOREST OFFICE | RIVER BEEHAR D/S NEAR FOREST OFFICE | RIVER BIHAR D/S NEAR FOREST OFFICE,2016 2018 2021 2022 2023 2024,7,high,duplicate of another row with identical values,24.539646,81.282014,Medium,ESRI_LIVINGATLAS_WQ_RIVERS_2023,,Rewa,monthly,1
WQS0824,"RIVER BETWA AT KANJIA ROAD BRIDGE, KANJIA DIST.ASHOK NAGAR (M.P.)",INTER-STATE | MADHYA PRADESH,30080,"BETWA AT KANJIA ROAD BRIDGE, ASHOK NAGAR (M.P.) | RIVER BETWA AT KANJIA ROAD BRIDGE, ASHOK NAGAR (M.P.) | RIVER BETWA AT KANJIA ROAD BRIDGE, KANJIA DIST.ASHOK NAGAR (M.P.)",2019 2020 2021 2022 2023 2024,6,high,,24.398043,78.17802,Medium,ESRI_LIVINGATLAS_WQ_RIVERS_2023,,Ashoknagar,quarterly,1
WQS0825,"RIVER BETWA AT M/S J.P. THERMAL POWER, BINA",MADHYA PRADESH,2108,"RIVER BETWA AT M/S J.P. THERMAL POWER, BINA",2019 2020 2021 2022 2023 2024,6,medium,,24.317042,78.127198,Medium,ESRI_LIVINGATLAS_WQ_RIVERS_2023,,Sagar,monthly,1
WQS0826,"RIVER BETWA AT NAYAPUR D/S MANDIDEEP INDL. AREA NO.1,DIST.RAISEN",MADHYA PRADESH,2119,"BETWA AT NAYAPUR D/S MANDIDEEP INDL. AREA NO.1, DI | BETWA AT NAYAPUR D/S MANDIDEEP INDL. AREA NO.1, DIST.RAISEN | BETWA AT NAYAPUR D/S MANDIDEEP INDL. AREA NO.1, DISTRICT RAISEN | RIVER BETWA AT NAYAPUR D/S MANDIDEEP INDL. AREA NO.1, DIST.RAISEN | RIVER BETWA AT NAYAPUR D/S MANDIDEEP INDL. AREA NO.1,DIST.RAISEN",2016 2018 2019 2021 2022 2023 2024,8,high,duplicate of another row with identical values,23.070703,77.536902,Medium,ESRI_LIVINGATLAS_WQ_RIVERS_2023,,Raisen,monthly,1
WQS0827,"RIVER BETWA AT U/S AT MAHUTA GHAT, AGASOD",MADHYA PRADESH,2107,"RIVER BETWA AT U/S AT MAHUTA GHAT, AGASOD | RIVER BETWA AT U/S AT MAHUTA GHAT, AGASOD, BINA",2019 2020 2021 2022 2023 2024,6,medium,,,,Ambiguous / unresolved,ESRI_LIVINGATLAS_WQ_RIVERS_2023,,Jhansi,monthly,1
WQS0828,RIVER BETWA AT U/S NEAR ROAD BRIDGE ORCHHA,MADHYA PRADESH,3832,BETWA AT U/S NEAR ROAD BRIDGE ORCHHA | RIVER BETWA AT U/S NEAR ROAD BRIDGE ORCHHA,2019 2020 2021 2022 2023 2024,6,high,,25.393032,78.661879,Medium,ESRI_LIVINGATLAS_WQ_RIVERS_2023,,Niwari,monthly,1
WQS0829,"RIVER BETWA NEAR ROAD BRIDGE, BHOJPUR",MADHYA PRADESH,2121,"BETWA NEAR ROAD BRIDGE, BHOJPUR | RIVER BETWA NEAR ROAD BRIDGE, BHOJPUR",2016 2018 2019 2021 2022 2023 2024,7,high,,23.141901,77.615943,Medium,ESRI_LIVINGATLAS_WQ_RIVERS_2023,,Raisen,monthly,1
WQS0830,RIVER BETWA NEAR W/S INTAKE WELL POINT RAISEN,MADHYA PRADESH,2122,BETWA NEAR W/S INTAKE WELL POINT RAISEN | RIVER BETWA NEAR W/S INTAKE WELL POINT RAISEN,2016 2018 2019 2021 2022 2023 2024,7,high,,23.333714,77.778319,Medium,ESRI_LIVINGATLAS_WQ_RIVERS_2023,,Raisen,monthly,1
WQS0831,"RIVER BETWA NEAR WATER SUPPLY INTAKE WELL , VIDISHA( M.P)",MADHYA PRADESH,1614,"BETWA NEAR INTAKE POINT, VIDISHA | BETWA NEAR INTAKE POINT, VIDISHA, M.P | R.BETWA NEAR INTAKE POINT, VIDISHA, M.P | RIVER BETWA NEAR INTAKE POINT, VIDISHA | RIVER BETWA NEAR WATER SUPPLY INTAKE WELL , VIDISHA( M.P)",2016 2018 2019 2020 2021 2022 2023 2024,9,high,duplicate of another row with identical values,23.541173,77.801938,Medium,ESRI_LIVINGATLAS_WQ_RIVERS_2023,,Vidisha,monthly,1
WQS0832,RIVER CHAMBAL AT 100M D/S OF GANDHI SAGAR DAM. MANDSAUR,MADHYA PRADESH,4610,RIVER CHAMBAL AT 100M D/S OF GANDHI SAGAR DAM. MANDSAUR,2021 2022 2023 2024,4,high,,24.701686,75.548578,Medium,ESRI_LIVINGATLAS_WQ_RIVERS_2023,,Neemuch,monthly,1
WQS0833,"RIVER CHAMBAL AT DHOLPUR, M.P",MADHYA PRADESH,1609,"CHAMBAL AT DHOLPUR | R. CHAMBAL AT DHOLPUR, M.P | RIVER CHAMBAL AT DHOLPUR, | RIVER CHAMBAL AT DHOLPUR, M.P",2016 2018 2021 2022 2023 2024,6,high,,26.660536,77.904557,Medium,ESRI_LIVINGATLAS_WQ_RIVERS_2023,,Dholpur,monthly,1
WQS0834,RIVER CHAMBAL AT FISH FARM NEAR GANDHISAGAR DAM (MP & RJASTHAN),MADHYA PRADESH,30060,"RIVER CHAMBAL AT FISH FARM NEAR GANDHISAGAR DAM (MP & RJASTHAN) | RIVER CHAMBAL AT FISH FARM, GANDHISAGAR",2021 2022 2023 2024,4,high,,24.700092,75.552627,Medium,ESRI_LIVINGATLAS_WQ_RIVERS_2023,,Neemuch,quarterly,1
WQS0835,"RIVER CHAMBAL AT GANDHI SAGAR DAM, RAMPURA, M.P",MADHYA PRADESH,1418,"CHAMBAL AT GANDHI SAGAR DAM, RAMPURA | CHAMBAL AT GANDHI SAGAR DAM, RAMPURA, MP | RIVER CHAMBAL AT GANDHI SAGAR DAM, RAMPURA, M.P | RIVER CHAMBAL AT GANDHI SAGAR DAM, RAMPURA, MP",2016 2018 2021 2022 2023 2024,6,high,,24.699027,75.551954,Medium,ESRI_LIVINGATLAS_WQ_RIVERS_2023,,Neemuch,monthly,1
WQS0836,RIVER CHAMBAL AT ITAWA ROAD BRIDGE BHIND,MADHYA PRADESH,4607,RIVER CHAMBAL AT ITAWA ROAD BRIDGE BHIND,2021 2022 2023 2024,4,high,,26.697563,78.934885,Medium,ESRI_LIVINGATLAS_WQ_RIVERS_2023,,Etawah,monthly,1
WQS0837,"RIVER CHAMBAL AT JANAPAWA, FROM ORIGIN POINT, INDORE",MADHYA PRADESH,3308,"CHAMBAL AT JAWNPAWA, FROM ORIGIN POINT, INDORE | RIVER CHAMBAL AT JANAPAWA, FROM ORIGIN POINT, INDORE | RIVER CHAMBAL AT JAWNPAWA, FROM ORIGIN POINT, INDORE",2016 2018 2021 2022 2023 2024,6,high,,22.429328,75.508403,Medium,ESRI_LIVINGATLAS_WQ_RIVERS_2023,,Dhar,monthly,1
WQS0838,"RIVER CHAMBAL AT NAGDA D/S, M.P.",MADHYA PRADESH,1366,"CHAMBAL AT NAGDA D/S, M.P. | CHAMBAL D/S NAGDA | RIVER CHAMBAL AT NAGDA D/S, M.P.",2016 2018 2019 2020 2021 2022 2023 2024,8,high,,,,Ambiguous / unresolved,ESRI_LIVINGATLAS_WQ_RIVERS_2023,,Dhar,monthly,1
WQS0839,RIVER CHAMBAL AT NAGDA U/S (WATER INTAKE POINT) M.P.,MADHYA PRADESH,1365,CHAMBAL AT NAGDA U/S (WATER INTAKE POINT) | CHAMBAL AT NAGDA U/S (WATER INTAKE POINT) M.P. | RIVER CHAMBAL AT NAGDA U/S (WATER INTAKE POINT) M.P.,2016 2018 2019 2020 2021 2022 2023 2024,8,high,,,,Ambiguous / unresolved,ESRI_LIVINGATLAS_WQ_RIVERS_2023,,Dhar,monthly,1
WQS0840,"RIVER CHAMBAL PALI NEAR ROAD BRIDGE ,SHEOPUR",MADHYA PRADESH,5544,"RIVER CHAMBAL PALI NEAR ROAD BRIDGE ,SHEOPUR | River Chambal Pali Near Road Bridge ,Sheopur",2023 2024,2,high,,25.86346,76.57626,Medium,ESRI_LIVINGATLAS_WQ_RIVERS_2023,,Sheopur,,1
WQS0841,RIVER CHILLAR AT SHAJAPUR,MADHYA PRADESH,2105,CHILLAR AT SHAJAPUR | RIVER CHILLAR AT SHAJAPUR,2016 2017 2018 2021 2022 2023 2024,7,high,,23.396067,76.291283,Medium,ESRI_LIVINGATLAS_WQ_RIVERS_2023,,Shajapur,monthly,1
WQS0842,"RIVER CHOUPAN D/S AFTER NFL NALLA, AT VIJAYPUR ,GUNA",MADHYA PRADESH,3307,"CHOUPAN AT VIJAYPUR 100 METRE D/S OF NFL NALLA, GUNA | RIVER CHOUPAN AT VIJAYPUR 100 METRE D/S OF NFL NAL | RIVER CHOUPAN AT VIJAYPUR 100 METRE D/S OF NFL NALLA, GUNA | RIVER CHOUPAN D/S AFTER NFL NALLA, AT VIJAYPUR ,GUNA",2018 2019 2020 2021 2022 2023 2024,7,medium,,24.51305,77.155586,Medium,ESRI_LIVINGATLAS_WQ_RIVERS_2023,,Guna,monthly,1
WQS0843,"RIVER CHOUPAN U/S AT VIJAYPUR , GUNA",MADHYA PRADESH,3306,"CHOUPAN AT VIJAYPUR U/S NFL NALLA, GUNA | RIVER CHOUPAN AT VIJAYPUR U/S NFL NALLA, GUNA | RIVER CHOUPAN U/S AT VIJAYPUR , GUNA",2018 2019 2020 2021 2022 2023 2024,7,high,,24.516301,77.147711,Medium,ESRI_LIVINGATLAS_WQ_RIVERS_2023,,Guna,monthly,1
WQS0844,RIVER GAMBHIR AT DAM SITE UJJAIN,MADHYA PRADESH,4611,RIVER GAMBHIR AT DAM SITE UJJAIN,2023 2024,2,high,,23.208633,75.63501,Medium,ESRI_LIVINGATLAS_WQ_RIVERS_2023,,Ujjain,monthly,1
WQS0845,RIVER HATHNI NANPUR FATA DAM ALIRAJPUR,MADHYA PRADESH,4621,RIVER HATHNI NANPUR FATA DAM ALIRAJPUR,2023 2024,2,high,,22.291974,74.580008,Medium,ESRI_LIVINGATLAS_WQ_RIVERS_2023,,Alirajpur,monthly,1
WQS0846,"RIVER HIRAN AFTER MIXING PARIYAT RIVER NEAR ROAD BRIDGE AT VILL GANIYARI, JABALPUR",MADHYA PRADESH,4613,"RIVER HIRAN AFTER MIXING PARIYAT RIVER NEAR ROAD BRIDGE AT VILL GANIYARI, | RIVER HIRAN AFTER MIXING PARIYAT RIVER NEAR ROAD BRIDGE AT VILL GANIYARI, JABALPUR",2022 2023 2024,3,high,,,,Ambiguous / unresolved,,,,,1
WQS0847,"RIVER HIRAN, NH -12 ROAD BRIDGE VIL VIKRAMPUR ,DIST NARSINGPUR",MADHYA PRADESH,3829,"HIRAN, NH -12 ROAD BRIDGE VIL VIKRAMPUR ,DIST NARSINGPUR | HIRAN, NH -12 ROAD BRIDGE VIL VIKRAMPUR ,DIST. NARSINGPUR | HIRAN, NH 12 ROAD BRIDGE VIL VIKRAMPUR ,DIST NARSINGPUR | RIVER HIRAN, NH - 12 ROAD BRIDGE VIL VIKRAMPUR ,DIS | RIVER HIRAN, NH - 12 ROAD BRIDGE VIL VIKRAMPUR ,DIST NARSINGPUR | RIVER HIRAN, NH -12 ROAD BRIDGE VIL VIKRAMPUR ,DIST NARSINGPUR",2017 2018 2019 2020 2021 2022 2023 2024,8,high,,,,Ambiguous / unresolved,,Narmada,,,1
WQS0848,"RIVER JAMMER AT DHOLABAD, RATLAM",MADHYA PRADESH,2103,"JAMMER AT DHOLOWAD, RATLAM | RIVER JAMMER AT DHOLABAD, RATLAM | RIVER JAMMER AT DHOLOWAD, RATLAM",2016 2017 2018 2021 2022 2023 2024,7,high,,23.330385,75.034646,Medium,ESRI_LIVINGATLAS_WQ_RIVERS_2023,,Ratlam,monthly,1
WQS0849,"RIVER JAMUNI AT BARIYAGHAT U/S NEAR INTAKE POINT, TIKAMGARH",MADHYA PRADESH,3311,"JAMUNI AT BARIYAGHAT U/S NEAR INTAKE POINT, TIKAMG | JAMUNI AT BARIYAGHAT U/S NEAR INTAKE POINT, TIKAMGARH | JAMUNI U/S BARIYAGHAT NEAR INTAKE POINT, TIKAMGARH | RIVER JAMUNI AT BARIYAGHAT U/S NEAR INTAKE POINT, TIKAMGARH",2016 2018 2019 2020 2021 2022 2023 2024,8,high,,24.746865,78.829917,Medium,ESRI_LIVINGATLAS_WQ_RIVERS_2023,,Tikamgarh,monthly,1
WQS0850,"RIVER JOHILA NEAR NAROJABAD NEAR UMARIA ROAD BRIDGE, M.P",MADHYA PRADESH,1611,"JOHILA NEAR NAROJABAD NEAR UMARIA ROAD BRIDGE | R.JOHILA NEAR NAROJABAD NEAR UMARIA ROAD BRIDGE, M | RIVER JOHILA NEAR NAROJABAD NEAR UMARIA ROAD BRIDGE, M.P",2016 2018 2021 2022 2023 2024,6,high,,23.382156,81.003573,Medium,ESRI_LIVINGATLAS_WQ_RIVERS_2023,,Umaria,monthly,1
WQS0851,"RIVER KALIASOT DAM OUTLATE NEAR DAM GATE,BHOPAL",MADHYA PRADESH,5538,"RIVER KALIASOT DAM OUTLATE NEAR DAM GATE,BHOPAL | River Kaliasot Dam Outlate Near Dam Gate,Bhopal",2023 2024,2,high,,23.19787,77.39094,Medium,ESRI_LIVINGATLAS_WQ_RIVERS_2023,,Bhopal,,1
WQS0852,"RIVER KALIASOT NEAR ROAD BRIDGE, MANDIDEEP",MADHYA PRADESH,2120,"KALIASOT NEAR ROAD BRIDGE, MANDIDEEP | RIVER KALIASOT NEAR ROAD BRIDGE, MANDIDEEP",2016 2018 2021 2022 2023 2024,7,high,duplicate of another row with identical values,23.110272,77.508595,Medium,ESRI_LIVINGATLAS_WQ_RIVERS_2023,,Raisen,monthly,1
WQS0853,"RIVER KANHAN AT CHINDWARA BEFORE MIXING BOREGAON GROWTH CENTRE NALLA, JABALPUR",MADHYA PRADESH,3312,"KANHAN AT CHINDWARA BEFORE MIXING BOREGAON GROWTH | KANHAN AT CHINDWARA BEFORE MIXING BOREGAON GROWTH CENTRE NALLA, JABALPUR | RIVER KANHAN AT CHINDWARA BEFORE MIXING BOREGAON GROWTH CENTRE NALLA, JABALPUR | RIVER KANHAN AT CHINDWARA BEFORE MIXING BOREGAON GROWTHCENTRE NALLA, JABALPUR",2016 2017 2018 2019 2021 2022 2023 2024,8,high,,,,Ambiguous / unresolved,,,,,1
WQS0854,"RIVER KANHAN NEAR MANDIR MAIN GHAT KHAPPADIWAR, CHHINDWARA",MADHYA PRADESH,5537,"RIVER KANHAN NEAR MANDIR MAIN GHAT KHAPPADIWAR, CHHINDWARA | River Kanhan Near Mandir Main Ghat Khappadiwar, Chhindwara",2023 2024,2,high,,,,Ambiguous / unresolved,,,,,1
WQS0855,"RIVER KARIYARI U/S NEAR M/S UTCL BELA CEMENT PLANT,VILL.SONARA , REWA,",MADHYA PRADESH,3313,"KARIYARI U/S BEFORE MIXING WITH WASTE WATER OF M/S | KARIYARI U/S BEFORE MIXING WITH WASTE WATER OF M/S J.P. CEMENT , REWA | RIVER KARIYARI U/S BEFORE MIXING WITH WASTE WATER OF M/S J.P. CEMENT , REWA | RIVER KARIYARI U/S NEAR M/S UTCL BELA CEMENT PLANT,VILL.SONARA , REWA,",2018 2019 2020 2021 2022 2023 2024,7,low,,24.5415,81.1523,Medium,ESRI_LIVINGATLAS_WQ_RIVERS_2023,,Satna,monthly,1
WQS0856,"RIVER KARIYARI,D/S, NEAR M/S J.P. CEMENT,VILL.NAUBASTA, REWA",MADHYA PRADESH,3314,"KARIYARI 100 MTR. D/S AFTER MIXING WITH WASTE WATE | KARIYARI 100 MTR. D/S AFTER MIXING WITH WASTE WATER OF M/S J.P. CEMENT, REWA | RIVER KARIYARI 100 MTR. D/S AFTER MIXING WITH WASTE WATER OF M/S J.P. CEMENT, REWA | RIVER KARIYARI,D/S, NEAR M/S J.P. CEMENT,VILL.NAUBASTA, REWA",2018 2019 2020 2021 2022 2023 2024,7,low,,24.5849,81.1207,Medium,ESRI_LIVINGATLAS_WQ_RIVERS_2023,,Satna,monthly,1
WQS0857,RIVER KEN NEAR ROAD BRIDGE AT PANNA,MADHYA PRADESH,4606,RIVER KEN NEAR ROAD BRIDGE AT PANNA,2022 2023 2024,3,high,,24.733586,80.005468,Medium,ESRI_LIVINGATLAS_WQ_RIVERS_2023,,Panna,monthly,1
WQS0858,RIVER KHAN AT KABIT KHEDI (NEAR INDORE) M.P.,MADHYA PRADESH,1367,KHAN AT KABIT KHEDI (NEAR INDORE) | KHAN AT KABIT KHEDI (NEAR INDORE) M.P. | RIVER KHAN AT KABIT KHEDI (NEAR INDORE) M.P.,2016 2018 2019 2020 2021 2022 2023 2024,8,high,,22.703363,75.877149,Medium,ESRI_LIVINGATLAS_WQ_RIVERS_2023,,Indore,monthly,1
WQS0859,"RIVER KHAN AT SAKKAR KHADI, INDORE",MADHYA PRADESH,2110,"KHAN AT SAKKAR KHADI, INDORE | RIVER KHAN AT SAKKAR KHADI, INDORE",2016 2018 2019 2020 2021 2022 2023 2024,8,high,,22.703191,75.877117,Medium,ESRI_LIVINGATLAS_WQ_RIVERS_2023,,Indore,monthly,1
WQS0860,RIVER KHAN AT SANWER,MADHYA PRADESH,2111,KHAN AT SANWER | RIVER KHAN AT SANWER,2016 2018 2019 2020 2021 2022 2023 2024,8,high,,22.970572,75.838654,Medium,ESRI_LIVINGATLAS_WQ_RIVERS_2023,,Indore,monthly,1
WQS0861,"RIVER KHAN RAMWASA STOP DAM,UJJAIN",MADHYA PRADESH,5539,"RIVER KHAN RAMWASA STOP DAM,UJJAIN | River Khan Ramwasa Stop Dam,Ujjain",2023 2024,2,high,,23.20883,75.63382,Medium,ESRI_LIVINGATLAS_WQ_RIVERS_2023,,Ujjain,,1
WQS0862,"RIVER KSHIPRA AT RAMGHAT AT UJJAIN, M.P.",MADHYA PRADESH,1369,"KSHIPRA AT RAMGHAT AT UJJAIN | KSHIPRA AT RAMGHAT AT UJJAIN, M.P. | RIVER KSHIPRA AT RAMGHAT AT UJJAIN, M.P.",2016 2018 2019 2020 2021 2022 2023 2024,8,high,,23.187353,75.764282,Medium,ESRI_LIVINGATLAS_WQ_RIVERS_2023,,Ujjain,monthly,1
WQS0863,"RIVER KSHIPRA AT SIDDHAWAT (D/S) OF UJJAIN., M.P.",MADHYA PRADESH,1468,"KSHIPRA AT SIDDHAWAT (D/S) OF UJJAIN | KSHIPRA AT SIDDHAWAT (D/S) OF UJJAIN., M.P. | RIVER KSHIPRA AT SIDDHAWAT (D/S) OF UJJAIN., M.P.",2016 2018 2019 2020 2021 2022 2023 2024,8,high,,23.211447,75.774618,Medium,ESRI_LIVINGATLAS_WQ_RIVERS_2023,,Ujjain,monthly,1
WQS0864,"RIVER KSHIPRA AT TRIVENISANGAM (1 KM. D/S OF SANGAM), M.P.",MADHYA PRADESH,1370,"KSHIPRA AT TRIVENISANGAM (1 KM. D/S OF SANGAM) | KSHIPRA AT TRIVENISANGAM (1 KM. D/S OF SANGAM), M. | KSHIPRA AT TRIVENISANGAM (1 KM. D/S OF SANGAM), M.P. | RIVER KSHIPRA AT TRIVENISANGAM (1 KM. D/S OF SANGAM), M.P.",2016 2018 2019 2020 2021 2022 2023 2024,8,high,,22.97582,75.917157,Medium,ESRI_LIVINGATLAS_WQ_RIVERS_2023,,Indore,monthly,1
WQS0865,RIVER KUNDA AT KHARGONE,MADHYA PRADESH,2114,KUNDA AT KHARGONE | RIVER KUNDA AT KHARGONE,2016 2019 2020 2021 2022 2023 2024,7,high,,,,Ambiguous / unresolved,,,,,1
WQS0866,"RIVER MAHANADI NEAR ROAD BRIDGE, BARHI ROAD KATNI.",MADHYA PRADESH,4623,"RIVER MAHANADI NEAR ROAD BRIDGE, BARHI ROAD KATNI.",2022,1,single_year,single-year station,,,Ambiguous / unresolved,,Mahanadi,,,1
WQS0867,"RIVER MAHI AT BADNAWAR, M.P.",MADHYA PRADESH,1233,"MAHI AT BADNAWAR | MAHI AT BADNAWAR, M.P. | RIVER MAHI AT BADNAWAR, M.P.",2016 2017 2018 2019 2020 2021 2022 2023 2024,9,high,,23.031056,75.210878,Medium,ESRI_LIVINGATLAS_WQ_RIVERS_2023,Mahi,Dhar,monthly,1
WQS0868,RIVER MAHI AT VILLAGE BAJNA (MP & RJASTHAN),MADHYA PRADESH,30058,RIVER MAHI AT VILLAGE BAJNA (M.P.) | RIVER MAHI AT VILLAGE BAJNA (MP & RJASTHAN),2021 2022 2023 2024,4,high,,23.313242,74.635278,Medium,ESRI_LIVINGATLAS_WQ_RIVERS_2023,Mahi,Ratlam,quarterly,1
WQS0869,RIVER MAHI FOREST GUEST HOUSE RAJAPUR MATAJI SHIVGARH RATLAM.,MADHYA PRADESH,4608,RIVER MAHI FOREST GUEST HOUSE RAJAPUR MATAJI SHIVGARH RATLAM.,2021 2022 2023 2024,4,high,,23.342055,74.726385,Medium,ESRI_LIVINGATLAS_WQ_RIVERS_2023,Mahi,Ratlam,monthly,1
WQS0870,RIVER MALEI AT JAORA,MADHYA PRADESH,2104,MALEI AT JAORA | RIVER MALEI AT JAORA,2016 2017 2018 2019 2020 2021 2022 2023 2024,9,high,,23.639659,75.126136,Medium,ESRI_LIVINGATLAS_WQ_RIVERS_2023,,Ratlam,monthly,1
WQS0871,"RIVER MANDAKINI , ORIGIN POINT SATI ANSUIYA ,CHITRAKOOT",MADHYA PRADESH,5540,"RIVER MANDAKINI , ORIGIN POINT SATI ANSUIYA ,CHITRAKOOT | River Mandakini , Origin Point Sati Ansuiya ,Chitrakoot",2023 2024,2,high,,25.172394,80.869776,Medium,ESRI_LIVINGATLAS_WQ_RIVERS_2023,,Satna,,1
WQS0872,"RIVER MANDAKINI AT CHITRAKUT, M.P.",MADHYA PRADESH,1372,"MANDAKINI AT CHITRAKUT | MANDAKINI AT CHITRAKUT, M.P. | RIVER MANDAKINI AT CHITRAKUT, M.P.",2016 2018 2022 2023 2024,5,high,,25.167996,80.867736,Medium,ESRI_LIVINGATLAS_WQ_RIVERS_2023,,Satna,monthly,1
WQS0873,RIVER NARMADA 500 M.D/S NEAR JAIN MANDER VILLAGE NEMAWAR,MADHYA PRADESH,4595,NARMADA 500 M.D/S NEAR JAIN MANDER VILLAGE NEMAWAR | RIVER NARMADA 500 M.D/S NEAR JAIN MANDER VILLAGE NEMAWAR,2020 2021 2022 2023 2024,5,high,,,,Ambiguous / unresolved,,Narmada,,,1
WQS0874,"RIVER NARMADA AT BADWANI, M.P.",MADHYA PRADESH,1239,"NARMADA AT BADWANI | NARMADA AT BADWANI, | NARMADA AT BADWANI, M.P. | RIVER NARMADA AT BADWANI, M.P.",2016 2017 2018 2019 2020 2021 2022 2023 2024,9,high,,,,Ambiguous / unresolved,,Narmada,,,1
WQS0875,RIVER NARMADA AT BEFOR CONFLU. OF RIVER JAMNER VILL. NEMAWAR,MADHYA PRADESH,4594,NARMADA AT BEFOR CONFLU. OF RIVER JAMNER VILL. NEMAWAR | RIVER NARMADA AT BEFOR CONFLU. OF JAMNER VILL. NEMAWAR | RIVER NARMADA AT BEFOR CONFLU. OF RIVER JAMNER VILL. NEMAWAR,2020 2021 2022 2023 2024,5,high,,,,Ambiguous / unresolved,,Narmada,,,1
WQS0876,"RIVER NARMADA AT BUDHNIGHAT, BUDHNI DISTRICT SEHORE( M.P.)",MADHYA PRADESH,4592,"RIVER NARMADA AT BUDHNIGHAT, BUDHNI | RIVER NARMADA AT BUDHNIGHAT, BUDHNI DISTRICT SEHORE( M.P.)",2020 2021 2022 2023 2024,5,high,,,,Ambiguous / unresolved,,Narmada,,,1
WQS0877,"RIVER NARMADA AT CHANDANGHAT NEAR ROAD BRIDGE, DINDORI",MADHYA PRADESH,4577,"RIVER NARMADA AT CHANDANGHAT NEAR ROAD BRIDGE | RIVER NARMADA AT CHANDANGHAT NEAR ROAD BRIDGE, DINDORI",2021 2022 2023 2024,4,high,,,,Ambiguous / unresolved,,Narmada,,,1
WQS0878,RIVER NARMADA AT D/S OF VILL. JAIT,MADHYA PRADESH,4589,NARMADA AT D/S OF VILL. JAIT | RIVER NARMADA AT D/S OF VILL. JAIT | RIVER NARMADA AT D/S OF VILLAGE JAIT,2020 2021 2022 2023 2024,5,high,,,,Ambiguous / unresolved,,Narmada,,,1
WQS0879,RIVER NARMADA AT DINDORI D/S AFTER MIXING TO CITY DOMESTIC NEAR JOGOTIKARIA GHAT,MADHYA PRADESH,4579,RIVER NARMADA AT DINDORI D/S AFTER MIXING TO CITY DOMESTIC NEAR JOGOTIKARIA GHAT,2021 2022 2023 2024,4,high,,,,Ambiguous / unresolved,,Narmada,,,1
WQS0880,"RIVER NARMADA AT DOWN-STREAM AFTER CONFLUENCE OF RIVER TAWA NEAR RAMNAGAR,DISTRICT SEHORE (M.P.)",MADHYA PRADESH,4591,"NARMADA D/S AFTER CONFLU. RIVER TAWA RAMNAGAR | RIVER NARMADA AT DOWN-STREAM AFTER CONFLUENCE OF RIVER TAWA NEAR RAMNAGAR,DISTRICT SEHORE (M.P.) | RIVER NARMADA D/S AFTER CONFLUENCE TAWA RAMNAGAR",2020 2021 2022 2023 2024,5,high,,,,Ambiguous / unresolved,,Narmada,,,1
WQS0881,RIVER NARMADA AT DOWN-STREAM OF TEXTILE UNIT VILLAGE. HOLIPURA BUDNI DISTRICT SEHORE (M.P.),MADHYA PRADESH,4593,NARMADA AT D/S OF TEXTILE UNIT VILLAGE. HOLIPURA BUDNI | RIVER NARMADA AT D/S OF TEXTILE UNIT VILLAGE. HOLIPURA BUDNI | RIVER NARMADA AT DOWN-STREAM OF TEXTILE UNIT VILLAGE. HOLIPURA BUDNI DISTRICT SEHORE (M.P.),2020 2021 2022 2023 2024,5,high,,,,Ambiguous / unresolved,,Narmada,,,1
WQS0882,RIVER NARMADA AT HANUWANTIA DIST. KHANDWA,MADHYA PRADESH,4596,NARMADA AT HANUWANTIA DIST. KHANDWA | RIVER NARMADA AT HANUWANTIA DIST. KHANDWA,2020 2021 2022 2023 2024,5,high,,,,Ambiguous / unresolved,,Narmada,,,1
WQS0883,"RIVER NARMADA AT JAMTARA, NEAR RAILWAY BRIDGE",MADHYA PRADESH,4582,"NARMADA AT JAMTARA, NEAR RAILWAY BRIDGE | RIVER NARMADA AT JAMTARA, NEAR RAILWAY BRIDGE",2020 2021 2022 2023 2024,5,high,,,,Ambiguous / unresolved,,Narmada,,,1
WQS0884,"RIVER NARMADA AT KAKRANA, INTERSTATE BOUNDRY, ALIRAJPUR",MADHYA PRADESH,4605,"RIVER NARMADA AT KAKRANA, INTERSTATE BOUNDRY, ALIRAJPUR",2021 2022 2023 2024,4,high,,,,Ambiguous / unresolved,,Narmada,,,1
WQS0885,RIVER NARMADA AT KHALGHAT,MADHYA PRADESH,4601,NARMADA AT KHALGHAT | RIVER NARMADA AT KHALGHAT,2020 2021 2022 2023 2024,5,high,,,,Ambiguous / unresolved,,Narmada,,,1
WQS0886,RIVER NARMADA AT KOTESHWAR,MADHYA PRADESH,4603,RIVER NARMADA AT KOTESHWAR,2021 2022 2023 2024,4,high,,,,Ambiguous / unresolved,,Narmada,,,1
WQS0887,"RIVER NARMADA AT MAHESHWAR, M. P.",MADHYA PRADESH,1431,"NARMADA AT MAHESHWAR | NARMADA AT MAHESHWAR, | NARMADA AT MAHESHWAR, M. P. | RIVER NARMADA AT MAHESHWAR, M. P.",2016 2017 2018 2019 2020 2021 2022 2023 2024,9,high,,,,Ambiguous / unresolved,,Narmada,,,1
WQS0888,RIVER NARMADA AT MANDLA NEAR ROAD BRIDGE. M.P.,MADHYA PRADESH,1241,NARMADA AT MANDLA NEAR ROAD BDG | NARMADA AT MANDLA NEAR ROAD BDG. M.P. | RIVER NARMADA AT MANDLA NEAR ROAD BRIDGE. M.P.,2016 2017 2019 2020 2021 2022 2023 2024,8,high,,,,Ambiguous / unresolved,,Narmada,,,1
WQS0889,RIVER NARMADA AT MANDLESHWAR,MADHYA PRADESH,45,NARMADA AT MANDLESHWAR | NARMADA AT MANDLESHWAR M.P. | RIVER NARMADA AT MANDLESHWAR,2016 2018 2019 2020 2021 2022 2023 2024,8,high,,,,Ambiguous / unresolved,,Narmada,,,1
WQS0890,"RIVER NARMADA AT NEAR ROAD BRIDGE, SANDIA",MADHYA PRADESH,4587,"NARMADA AT NEAR ROAD BRIDGE, SANDIA | RIVER NARMADA AT NEAR ROAD BRIDGE, SANDIA",2020 2021 2022 2023 2024,5,high,,,,Ambiguous / unresolved,,Narmada,,,1
WQS0891,RIVER NARMADA AT NEMAWAR,MADHYA PRADESH,2106,NARMADA AT NEMAWAR | RIVER NARMADA AT NEMAWAR,2016 2017 2018 2019 2020 2021 2022 2023 2024,9,high,,,,Ambiguous / unresolved,,Narmada,,,1
WQS0892,"RIVER NARMADA AT PANCHWATIGHAT, BEFORE MIXING WITH BAWANGANGA RIVER, JABALPUR",MADHYA PRADESH,3324,"NARMADA AT PANCHWATIGHAT, BEFORE MIXING WITH BAWAN | NARMADA AT PANCHWATIGHAT, BEFORE MIXING WITH BAWANGANGA JABALPUR | NARMADA AT PANCHWATIGHAT, BEFORE MIXING WITH BAWANGANGA RIVER, JABALPUR | RIVER NARMADA AT PANCHWATIGHAT, BEFORE MIXING WITH BAWANGANGA RIVER, JABALPUR",2016 2017 2018 2019 2020 2021 2022 2023 2024,9,high,,,,Ambiguous / unresolved,,Narmada,,,1
WQS0893,RIVER NARMADA AT PUSKAR DAM AMARKANTAK,MADHYA PRADESH,4578,RIVER NARMADA AT PUSKAR DAM AMARKANTAK,2021 2022 2023 2024,5,high,duplicate of another row with identical values,,,Ambiguous / unresolved,,Narmada,,,1
WQS0894,"RIVER NARMADA AT SARSWATIGHAT, AFTER MIXING WITH BAWANGANGA RIVER, JABALPUR",MADHYA PRADESH,3325,"NARMADA AT SARSWATIGHAT, AFTER MIXING WITH BAWANGA | NARMADA AT SARSWATIGHAT, AFTER MIXING WITH BAWANGANGA JABALPUR | NARMADA AT SARSWATIGHAT, AFTER MIXING WITH BAWANGANGA RIVER, JABALPUR | RIVER NARMADA AT SARSWATIGHAT, AFTER MIXING WITH BAWANGANGA RIVER, JABALPUR",2016 2017 2018 2019 2020 2021 2022 2023 2024,9,high,,,,Ambiguous / unresolved,,Narmada,,,1
WQS0895,RIVER NARMADA AT U/S OMKAREWHWAR DAM KHANDWA,MADHYA PRADESH,4597,NARMADA AT U/S OMKAREWHWAR DAM KHANDWA | RIVER NARMADA AT U/S OMKAREWHWAR DAM KHANDWA,2020 2021 2022 2023 2024,5,high,,,,Ambiguous / unresolved,,Narmada,,,1
WQS0896,RIVER NARMADA AT UP- STREAM OF VILLAGE JAIT NEAR NARYANAPURA DISTRICT SEHORE (M.P.),MADHYA PRADESH,4588,"NARMADA AT U/S OF VILLAGE JAIT | RIVER NARMADA AT U/S OF VILLAGE JAIT NEAR NARAYANAPURA, DIST. SEHORE | RIVER NARMADA AT UP- STREAM OF VILLAGE JAIT NEAR NARYANAPURA DISTRICT SEHORE | RIVER NARMADA AT UP- STREAM OF VILLAGE JAIT NEAR NARYANAPURA DISTRICT SEHORE (M.P.)",2020 2021 2022 2023 2024,5,high,,,,Ambiguous / unresolved,,Narmada,,,1
WQS0897,RIVER NARMADA AT UP-STREAM BEFORE CONFLUENCE OF RIVER TAWA NEAR BANDRABHAN DISTRICT SEHORE M.P.,MADHYA PRADESH,4590,NARMADA U/S BEFOR CONFLU. RIVER TAWA NEAR BANDRABH | RIVER NARMADA AT UP-STREAM BEFORE CONFLUENCE OF RIVER TAWA NEAR BANDRABHAN DISTRICT SEHORE | RIVER NARMADA AT UP-STREAM BEFORE CONFLUENCE OF RIVER TAWA NEAR BANDRABHAN DISTRICT SEHORE M.P. | RIVER NARMADA U/S BEFOR CONFLUENCE TAWA NEAR BANDRABHAN,2020 2021 2022 2023 2024,5,medium,,,,Ambiguous / unresolved,,Narmada,,,1
WQS0898,RIVER NARMADA N.H. 44 NEAR ROAD BRIDGE AT BARMAN. JABALPUR,MADHYA PRADESH,4584,NARMADA N.H. 44 NEAR ROAD BRIDGE AT BARMAN. JABALP | RIVER NARMADA N.H. 44 NEAR ROAD BRIDGE AT BARMAN. JABALPUR,2020 2021 2022 2023 2024,5,high,,,,Ambiguous / unresolved,,Narmada,,,1
WQS0899,RIVER NARMADA NEAR BHAIRAV TAMPLE AT SHHASTRADHARA MANDLA,MADHYA PRADESH,4580,RIVER NARMADA NEAR BHAIRAV TAMPLE AT SHHASTRADHAR MANDLA | RIVER NARMADA NEAR BHAIRAV TAMPLE AT SHHASTRADHARA MANDLA,2021 2022 2023 2024,4,high,,,,Ambiguous / unresolved,,Narmada,,,1
WQS0900,"RIVER NARMADA NEAR MORTAKKA BRIDGE, BADWAH",MADHYA PRADESH,2112,"NARMADA NEAR MORTAKKA BRIDGE, BADWAH | RIVER NARMADA NEAR MORTAKKA BRIDGE, BADWAH",2016 2017 2018 2019 2020 2021 2022 2023 2024,9,high,,,,Ambiguous / unresolved,,Narmada,,,1
WQS0901,"RIVER NARMADA NEAR PUNASA DAM, PUNASA",MADHYA PRADESH,2113,"NARMADA NEAR PUNASA DAM, PUNASA | RIVER NARMADA NEAR PUNASA DAM, PUNASA",2016 2017 2018 2019 2020 2021 2022 2023 2024,9,high,,,,Ambiguous / unresolved,,Narmada,,,1
WQS0902,RIVER NARMADA NEAR ROAD BRIDGE (D/S BARGI DAM) JABALPUR,MADHYA PRADESH,4581,RIVER NARMADA NEAR ROAD BRIDGE (D/S BARGI DAM) JABALPUR,2021 2022 2023 2024,4,high,,,,Ambiguous / unresolved,,Narmada,,,1
WQS0903,RIVER NARMADA NEAR ROAD BRIDGE JHANSINGHAT JABALPUR,MADHYA PRADESH,4583,NARMADA NEAR ROAD BRIDGE JHANSINGHAT JABALPUR | RIVER NARMADA NEAR ROAD BRIDGE JHANSINGHAT JABALPUR,2020 2021 2022 2023 2024,5,high,,,,Ambiguous / unresolved,,Narmada,,,1
WQS0904,RIVER NARMADA NEAR SHAHGANJ GUEST HOUSE DISTRICT SEHORE (M.P.),MADHYA PRADESH,1234,"RIVER NARMADA NEAR SHAHGANJ GUEST HOUSE DISTRICT SEHORE | RIVER NARMADA NEAR SHAHGANJ GUEST HOUSE DISTRICT SEHORE (M.P.) | RIVER NARMADA NEAR SHAHGANJ GUEST HOUSE, DIST.SEHORE",2021 2022 2023 2024,4,medium,,,,Ambiguous / unresolved,,Narmada,,,1
WQS0905,RIVER NARMADA NEAR W/S INTAKE JALLOD,MADHYA PRADESH,4599,NARMADA NEAR W/S INTAKE JALLOD | RIVER NARMADA NEAR W/S INTAKE JALLOD,2020 2021 2022 2023 2024,5,high,,,,Ambiguous / unresolved,,Narmada,,,1
WQS0906,RIVER NARMADA RIVER AT DHARESHWAR,MADHYA PRADESH,4598,NARMADA RIVER AT DHARESHWAR | RIVER NARMADA AT DHARESHWAR | RIVER NARMADA RIVER AT DHARESHWAR,2020 2021 2022 2023 2024,5,high,,,,Ambiguous / unresolved,,Narmada,,,1
WQS0907,RIVER NARMADA RIVER AT SEMALDA U/S OF BARWANI,MADHYA PRADESH,4602,RIVER NARMADA AT SEMALDA U/S OF BARWANI | RIVER NARMADA RIVER AT SEMALDA U/S OF BARWANI,2021 2022 2023 2024,4,high,,,,Ambiguous / unresolved,,Narmada,,,1
WQS0908,RIVER NARMADA RIVER AT SHAHASTRADHARA (JALKOTI),MADHYA PRADESH,4600,NARMADA RIVER AT SHAHASTRADHARA (JALKOTI) | RIVER NARMADA AT SHAHASTRADHARA (JALKOTI) | RIVER NARMADA RIVER AT SHAHASTRADHARA (JALKOTI),2020 2021 2022 2023 2024,5,high,,,,Ambiguous / unresolved,,Narmada,,,1
WQS0909,RIVER NARMADA S.N. 44 NEAR ROAD BRIDGE NEAR JHILKOLI NARSINGPUR,MADHYA PRADESH,4586,NARMADA S.N. 44 NEAE ROAD BRIDGE NEAR JHILKOLI NARSINGPUR | RIVER NARMADA S.N. 44 NEAE ROAD BRIDGE NEAR JHILKOLI NARSINGPUR | RIVER NARMADA S.N. 44 NEAR ROAD BRIDGE NEAR JHILKOLI NARSINGPUR,2020 2021 2022 2023 2024,5,high,,,,Ambiguous / unresolved,,Narmada,,,1
WQS0910,"RIVER NARMADA, BARMANGHAT, 100 MDS OF MAINGHAT",MADHYA PRADESH,4585,"RIVER NARMADA AT BARMANGHAT, 100 MDS OF MAINGHAT | RIVER NARMADA, BARMANGHAT, 100 MDS OF MAINGHAT",2021 2022 2023 2024,4,high,,,,Ambiguous / unresolved,,Narmada,,,1
WQS0911,"RIVER NEWAJ AT W/S INTAKE POINT, SHUJALPUR, UJJAIN",MADHYA PRADESH,3319,"NEWAJ AT W/S INTAKE POINT, SHUJALPUR, UJJAIN | NEWAJ W/S INTAKE POINT, SHUJALPUR, UJJAIN | RIVER NEWAJ AT W/S INTAKE POINT, SHUJALPUR, UJJAIN",2016 2018 2019 2020 2021 2022 2023 2024,8,high,,23.389808,76.720364,Medium,ESRI_LIVINGATLAS_WQ_RIVERS_2023,,Shajapur,monthly,1
WQS0912,"RIVER PARVATI NEAR INTAKE POINT PILLUKHEDI DISTT. RAJGARH, M.P",MADHYA PRADESH,1615,"PARVATI NEAR INTAKE POINT PILLUKHEDI DISTT. RAJG | PARVATI NEAR INTAKE POINT PILLUKHEDI DISTT. RAJGARH | RIVER PARVATI NEAR INTAKE POINT PILLUKHEDI DISTT. RAJGARH, M.P",2016 2018 2021 2022,4,high,,,,Ambiguous / unresolved,,,,,1
WQS0913,"RIVER PENCH AT CHHINDWARA ,NEAR SINGORI ROAD BRIDGE, CHHINDWARA",MADHYA PRADESH,1214,"RIVER PENCH AT CHHINDWARA ,NEAR SINGORI ROAD BRIDGE, CHHINDWARA",2022 2023,2,medium,,,,Ambiguous / unresolved,,,,,1
WQS0914,"RIVER PENCHÂ NEAR ROAD BRIDGE HALLAKHURD,CHHINDWARA",MADHYA PRADESH,5541,"RIVER PENCHÂ NEAR ROAD BRIDGE HALLAKHURD,CHHINDWARA | River PenchÂ Near Road Bridge Hallakhurd,Chhindwara",2023 2024,2,high,,,,Ambiguous / unresolved,,,,,1
WQS0915,"RIVER RIVER SONE AT VILLAGE- KHAIRPUR,(KUDHERI) M.P- U.P.BOUNDARY, DISTT SIDHI",MADHYA PRADESH,4604,"RIVER RIVER SONE AT VILLAGE- KHAIRPUR,(KUDHERI) M.P- U.P.BOUNDARY, DISTT SIDHI | RIVER RIVER SONE AT VILLAGE-KHAIRPUR,(KUDHERI) M.P- U.P.BOUNDARY, DISTT SIDHI | RIVER SONE AT VILLAGE-KHAIRPUR, NEAR ROAD BRIDGE M.P- U.P. BOUNDARY, DISTT SIDHI",2021 2022 2023 2024,4,high,,24.563335,82.355044,Medium,ESRI_LIVINGATLAS_WQ_RIVERS_2023,,Sidhi,monthly,1
WQS0916,"RIVER SANKH AT TIGRA RESERVOIR, M.P.",MADHYA PRADESH,1433,"RIVER SANKH AT TIGRA RESERVOIR, M.P. | SANKH AT TIGRA RESERVOIR | SANKH AT TIGRA RESERVOIR, M.P.",2016 2018 2019 2020 2021 2022 2023 2024,8,high,,26.226494,77.995516,Medium,ESRI_LIVINGATLAS_WQ_RIVERS_2023,,Gwalior,monthly,1
WQS0917,"RIVER SINDH AT DABRA, M.P",MADHYA PRADESH,1608,"R. SINDH AT DABRA, M.P | RIVER SINDH AT DABRA, M.P | SINDH AT DABRA",2016 2018 2021 2022 2023 2024,6,high,,25.888006,78.337099,Medium,ESRI_LIVINGATLAS_WQ_RIVERS_2023,,Gwalior,monthly,1
WQS0918,"RIVER SONE AT AMLAI, M.P.",MADHYA PRADESH,1371,"RIVER SONE AT AMLAI, M.P. | SONE AT AMLAI | SONE AT AMLAI, M.P.",2016 2018 2019 2020 2021 2022 2023 2024,8,high,,23.36049,81.499529,Medium,ESRI_LIVINGATLAS_WQ_RIVERS_2023,,Shahdol,monthly,1
WQS0919,"RIVER SONE AT BHATURAGHAT NEAR ROAD BRIDGE, AMLAI",MADHYA PRADESH,3327,"RIVER SONE AT AMLAI, 100 METRE D/S AFTER MIXING OF ATPS EFFLUENT, REWA | RIVER SONE AT BHATURAGHAT NEAR ROAD BRIDGE, AMLAI | SONE AT AMLAI, 100 METRE D/S AFTER MIXING OF ATPS | SONE AT AMLAI, 100 METRE D/S AFTER MIXING OF ATPS EFFLUENT, REWA",2016 2018 2019 2020 2021 2022 2023 2024,8,high,,23.200563,81.588112,Medium,ESRI_LIVINGATLAS_WQ_RIVERS_2023,,Shahdol,monthly,1
WQS0920,"RIVER SONE AT CHACHAI, M.P.",MADHYA PRADESH,1142,"RIVER SONE AT CHACHAI, M.P. | SONE AT CHACHAI | SONE AT CHACHAI, M.P.",2016 2019 2020 2021 2022 2023 2024,7,high,,23.169815,81.656141,Medium,ESRI_LIVINGATLAS_WQ_RIVERS_2023,,Anuppur,monthly,1
WQS0921,"RIVER SONE AT CHITAWAL NEAR ROAD BRIDGE CHITRANGI, DIST SINGROULI",MADHYA PRADESH,3834,"RIVER SONE AT CHITAWAL NEAR ROAD BRIDGE CHITRANGI, DIST SINGROULI | SONE AT CHITAWAL NEAR ROAD BRIDGE CHITRANGI, DIST SINGROULI",2019 2021 2022 2023 2024,5,high,,24.549617,82.351214,Medium,ESRI_LIVINGATLAS_WQ_RIVERS_2023,,Sidhi,monthly,1
WQS0922,"RIVER SONE AT CHURHAT,DISTT.SIDHI",MADHYA PRADESH,3329,"RIVER SONE AT CHURHAT,DISTT.SIDHI",2021 2022 2023 2024,4,medium,,24.420207,81.674038,Medium,ESRI_LIVINGATLAS_WQ_RIVERS_2023,,Sidhi,monthly,1
WQS0923,"RIVER SONE AT DEVLOAD OUT LET OF BANSAGAR DAM, M.P",MADHYA PRADESH,1612,"R.SONE AT DEVLOAD OUT LET OF BANSAGAR DAM, M.P | RIVER SONE AT DEVLOAD OUT LET OF BANSAGAR DAM | RIVER SONE AT DEVLOAD OUT LET OF BANSAGAR DAM, M.P | SONE AT DEVLOAD OUT LET OF BANSAGAR DAM, | SONE AT DEVLOAD OUT LET OF BANSAGAR DAM, M.P | SONE AT DEVLOAD OUT- LET OF BANSAGAR DAM",2016 2018 2019 2020 2021 2022 2023 2024,8,high,,24.191914,81.287449,Medium,ESRI_LIVINGATLAS_WQ_RIVERS_2023,,Maihar,monthly,1
WQS0924,"RIVER SONE AT JARWAHI NEAR ROAD BRIDGE, SHAHDOL",MADHYA PRADESH,3846,"RIVER SONE AT JARWAHI NEAR ROAD BRIDGE, SHAHDOL | SONE AT JARWAHI NEAR ROAD BRIDGE, SHAHDOL",2019 2020 2021 2022 2023 2024,6,high,,23.314763,81.459256,Medium,ESRI_LIVINGATLAS_WQ_RIVERS_2023,,Shahdol,monthly,1
WQS0925,"RIVER SONE AT ORIGIN AMARKANTAK, M.P",MADHYA PRADESH,1610,"R.SONE AT ORIGINE AMARKANTAK, M.P | RIVER SONE AT ORIGIN AMARKANTAK, M.P | SONE AT ORIGIN AMARKANTAK, M.P | SONE AT ORIGINE AMARKANTAK | SONE AT ORIGINE AMARKANTAK, M.P",2016 2018 2019 2020 2021 2022 2023 2024,8,high,,22.658372,81.766812,Medium,ESRI_LIVINGATLAS_WQ_RIVERS_2023,,Gaurela Pendra Marwahi,monthly,1
WQS0926,"RIVER SONE NEAR BHANVARSEN ROAD BRIDGE AFTER CONFLUENCE OF BANAS RIVER, DIST SIDHI",MADHYA PRADESH,3851,"RIVER SONE NEAR BHANVARSEN ROAD BRIDGE AFTER CONFLUENCE OF BANAS RIVER, DIST SIDHI | SONE NEAR BHANVARSEN ROAD BRIDGE AFTER CONFLUENCE | SONE NEAR BHANVARSEN ROAD BRIDGE AFTER CONFLUENCE OF BANAS RIVER, DIST SIDHI",2019 2020 2021 2022 2023 2024,6,high,,24.485848,81.993897,Medium,ESRI_LIVINGATLAS_WQ_RIVERS_2023,,Sidhi,monthly,1
WQS0927,"RIVER SONE ON KACHAN DAM NEAR IMILYA NORTH COAL MINES VILL MAJHOULI, DIST SINGROULI",MADHYA PRADESH,3836,"RIVER SONE ON KACHAN DAM NEAR IMILYA NORTH COAL MINES VILL MAJHOULI, DIST SINGROULI | SONE ON KACHAN DAM NEAR IMILYA NORTH COAL MINES VILL MAJHOULI, DIST SINGROULI",2019 2021 2022 2023 2024,5,high,,24.161817,82.385269,Medium,ESRI_LIVINGATLAS_WQ_RIVERS_2023,,Singrauli,monthly,1
WQS0928,"RIVER SONE UPSTREAM TOWARDS DEORA, DIST-SINGRAULI (M. P.)",INTER-STATE | MADHYA PRADESH,30082,"RIVER SONE DEORA U/S RIHAND (M. P.) | RIVER SONE UPSTREAM TOWARDS DEORA, DIST-SINGRAULI (M. P.) | SONE DEORA U/S RIHAND (M. P.)",2019 2020 2021 2022 2023 2024,6,high,,24.597064,82.729328,Medium,ESRI_LIVINGATLAS_WQ_RIVERS_2023,,Singrauli,quarterly,1
WQS0929,"RIVER TAPI AT VILLAGE KHEDI, NEAR AMARAWATI ROAD BRIDGE , BETUL",MADHYA PRADESH,1466,"RIVER TAPI AT VILLAGE KHEDI, NEAR AMARAWATI ROAD BRIDGE , BETUL",2022 2023 2024,3,high,,,,Ambiguous / unresolved,,Tapi,,,1
WQS0930,RIVER TAPTI AT NEPA NAGAR 100 METRE D/S AFTER MIXING PANDHAR NALLA,MADHYA PRADESH,2115,RIVER TAPI AT NEPA NAGAR 100 METRE D/S AFTER MIXING PANDHAR NALLA | RIVER TAPTI AT NEPA NAGAR 100 METRE D/S AFTER MIXI | RIVER TAPTI AT NEPA NAGAR 100 METRE D/S AFTER MIXING PANDHAR NALLA | TAPI AT NEPA NAGAR 100 METRE D/S AFTER MIXING PANDHAR NALLA | TAPI AT NEPA NAGAR 100 METRE D/S AFTER MIXING PANDHAR NALLAH | TAPTI AT NEPA NAGAR 100 METRE D/S AFTER MIXING PANDHAR NALLA,2016 2017 2018 2019 2020 2021 2022 2023 2024,9,high,,,,Ambiguous / unresolved,,Subarnarekha / Tapi,,,1
WQS0931,"RIVER TONS AT BASAMAN MAMA TEMPLE, NEAR PURWA FALL, TEHSIL- SEMARIYA, DIST- REWA",MADHYA PRADESH,3853,"RIVER TONS AT BASAMAN MAMA TEMPLE, NEAR PURWA FALL, TEHSIL- SEMARIYA, DIST- REWA | RIVER TONS AT BASAMAN MAMA TEMPLE, NEAR PURWA FALL, TEHSIL-SEMARIYA, DIST- REWA | RIVER TONS AT BASEMAN MAMA TEMPLE, NEAR PURWA FALL, TEHSIL-SEMARIYA, DIST- REWA",2021 2022 2023 2024,4,high,,24.853018,81.313933,Medium,ESRI_LIVINGATLAS_WQ_RIVERS_2023,,Rewa,monthly,1
WQS0932,"RIVER TONS AT CHAKGHAT, M.P.",MADHYA PRADESH,1143,"RIVER TONS AT CHAKGHAT, M.P. | TONS AT CHAKGHAT | TONS AT CHAKGHAT, M.P.",2016 2018 2021 2022 2023 2024,6,high,,25.043083,81.721004,Medium,ESRI_LIVINGATLAS_WQ_RIVERS_2023,,Rewa,monthly,1
WQS0933,"RIVER TONS AT M.P-U.P BOUNDARY, BEFORE MIXING RIVER BELAN CHAKGHAT REWA",MADHYA PRADESH,4609,"RIVER TONS AT M.P-U.P BOUNDARY, BEFORE MIXING RIVER BELAN CHAKGHAT REWA",2022 2023 2024,3,high,,25.043102,81.721755,Medium,ESRI_LIVINGATLAS_WQ_RIVERS_2023,,Rewa,monthly,1
WQS0934,"RIVER TONS AT MADHAVGARH, M.P.",MADHYA PRADESH,1144,"RIVER TONS AT MADHAVGARH, M.P. | TONS AT MADHAVGARH | TONS AT MADHAVGARH, M.P.",2016 2018 2022 2023 2024,5,high,,24.564419,80.909003,Medium,ESRI_LIVINGATLAS_WQ_RIVERS_2023,,Satna,monthly,1
WQS0935,"RIVER TONS AT MADHAVGARH, NEAR PHED W/S INTAKE POINT, SATNA",MADHYA PRADESH,3328,"RIVER TONS AT MADHAVGARH, NEAR PHED W/S INTAKE POINT, SATNA | TONS AT MADHAVGARH, NEAR PHED W/S INTAKE POINT, SA | TONS AT MADHAVGARH, NEAR PHED W/S INTAKE POINT, SATNA",2016 2018 2022 2023 2024,5,high,,24.563732,80.911732,Medium,ESRI_LIVINGATLAS_WQ_RIVERS_2023,,Satna,monthly,1
WQS0936,"RIVER WAINGANGA AT BALAGHAT, M.P.",MADHYA PRADESH,1213,"RIVER WAINGANGA AT BALAGHAT, M.P. | WAINGANGA AT BALAGHAT | WAINGANGA AT BALAGHAT, | WAINGANGA AT BALAGHAT, M.P.",2016 2017 2018 2019 2020 2021 2022 2023 2024,9,high,,,,Ambiguous / unresolved,,,,,1
WQS0937,"RIVER WAINGANGA AT CHHAPARA, NEAR ROAD BRIDGE AFTER MIXING MOTI & CHAMARIYA NALLA, JABALPUR",MADHYA PRADESH,1908 | 3331,"RIVER WAINGANGA AT CHHAPARA, NEAR ROAD BRIDGE AFTER MIXING MOTI & CHAMARIYA NALLA, JABALPUR | WAINGANGA AT CHHAPARA, NEAR ROAD BRIDGE AFTER MIXI | WAINGANGA AT CHHAPARA, NEAR ROAD BRIDGE AFTER MIXING MOTI & CHAMARIYA NALLA, JABALPUR",2016 2017 2018 2021 2022 2023 2024,7,high,,,,Ambiguous / unresolved,,,,,2
WQS0938,"RIVER WAINGANGA RIVER NEAR VILL. BUDUNDA MALANJKHAND, DISTT BALAGHAT",MADHYA PRADESH,4617,"RIVER WAINGANGA NEAR VILL. BUDUNDA MALANJKHAND, DISTT BALAGHAT | RIVER WAINGANGA RIVER NEAR VILL. BUDUNDA MALANJKHAND, BALAGHAT | RIVER WAINGANGA RIVER NEAR VILL. BUDUNDA MALANJKHAND, DISTT BALAGHAT",2021 2022 2023 2024,4,high,,,,Ambiguous / unresolved,,,,,1
WQS0939,RIVER WARDHA AT VILLAGE BANGAON NEAR PANDHURNA (MP & MAHARASHTRA),INTER-STATE | MADHYA PRADESH,30059,RIVER WARDHA AT BANGON VILLAGE NEAR PANDHURNA (M.P.) | RIVER WARDHA AT VILLAGE BANGAON NEAR PANDHURNA (MP & MAHARASHTRA) | WARDHA AT BANGON VILLAGE NEAR PANDHURNA (M.P.),2020 2021 2022 2023 2024,5,high,,,,Ambiguous / unresolved,,,,,1
WQS0940,"River BeeharÂ Khthuliya Intake Well Point ,Rewa",MADHYA PRADESH,5543,"River BeeharÂ Khthuliya Intake Well Point ,Rewa",2023 2024,2,high,,24.53605,81.2839,Medium,ESRI_LIVINGATLAS_WQ_RIVERS_2023,,Rewa,,1
WQS0941,"River KALISINDH NEAR ROAD BRIDGE SARANGPUR, RAJGARH",MADHYA PRADESH,2142,"River KALISINDH NEAR ROAD BRIDGE SARANGPUR, RAJGARH",2023 2024,2,high,,23.571553,76.46671,Medium,ESRI_LIVINGATLAS_WQ_RIVERS_2023,,Rajgarh,,1
WQS0942,"SHIVNA AT RAMGHAT, MANDSAUR",MADHYA PRADESH,2102,"RIVER SHIVNA AT RAMGHAT, MANDSAUR | SHIVNA AT RAMGHAT, MANDSAUR",2016 2017 2019 2020 2021 2022 2023 2024,8,high,,24.05703,75.074378,Medium,ESRI_LIVINGATLAS_WQ_RIVERS_2023,,Mandsaur,monthly,1
WQS0943,"SIMRAR AT KATNI NEAR ACC W/S INTAKE POINT, JABALPUR",MADHYA PRADESH,3326,"RIVER SIMRAR AT KATNI NEAR ACC W/S INTAKE POINT, | RIVER SIMRAR AT KATNI NEAR ACC W/S INTAKE POINT, JABALPUR | SIMRAR AT KATNI NEAR ACC W/S INTAKE POINT, JABALPUR | SIMRAR AT KATNI NEAR ACC W/S INTAKE POINT, JABLAPU | SIMRAR AT KATNI NEAR ACC W/S INTAKE POINT, JABLAPUR",2016 2018 2019 2020 2021 2022,6,high,,,,Ambiguous / unresolved,,Narmada,,,1
WQS0944,TAPI AT BURHANPUR,GUJARAT | MADHYA PRADESH,10,RIVER TAPI AT BURHANPUR | TAPI AT BURHANPUR | TAPI AT BURHANPUR M.P.,2016 2017 2018 2019 2020 2021 2022 2023 2024,9,high,,,,Ambiguous / unresolved,,Tapi,,,1
WQS0945,TAPI AT HATHNUR M.P.,MADHYA PRADESH,1250,RIVER TAPI AT HATNUR | RIVER TAPI AT HATNUR M.P. | TAPI AT HATHNUR | TAPI AT HATHNUR M.P. | TAPI AT HATNUR M.P.,2016 2017 2018 2019 2020 2021 2022 2023 2024,9,high,,,,Ambiguous / unresolved,,Tapi,,,1
WQS0946,TAPI AT NEPANAGAR,GUJARAT | MADHYA PRADESH,9,RIVER TAPI AT NEPANAGAR | TAPI AT NEPANAGAR | TAPI AT NEPANAGAR M.P.,2016 2017 2018 2019 2020 2021 2022 2023 2024,9,high,,,,Ambiguous / unresolved,,Tapi,,,1
WQS0947,"TONS AT CHAKGHAT NEAR W/S PUMPING STATION, REWA",MADHYA PRADESH,3329,"TONS AT CHAKGHAT NEAR W/S PUMPING STATION, REWA",2016 2018,2,medium,,,,Ambiguous / unresolved,,,,,1
WQS0948,"WAINGANGA AT CHHAPARA, NEAR W/S INTAKE POINT, JABALPUR",MADHYA PRADESH,3330,"RIVER RIVER WAINGANGA AT CHHAPARA , SEONI, NEAR WSS INTAKE POINT | RIVER WAINGANGA AT CHHAPARA, NEAR W/S INTAKE POINT, JABALPUR | WAINGANGA AT CHHAPARA, NEAR W/S INTAKE POINT, JABA | WAINGANGA AT CHHAPARA, NEAR W/S INTAKE POINT, JABALPUR",2016 2017 2018 2019 2020 2021 2022 2023 2024,9,high,,,,Ambiguous / unresolved,,,,,1
WQS0949,"WAINGANGA AT CHINDWARA, M.P.",MADHYA PRADESH,1214,"RIVER WAINGANGA AT CHINDWARA, M.P. | WAINGANGA AT CHINDWARA | WAINGANGA AT CHINDWARA, | WAINGANGA AT CHINDWARA, M.P.",2016 2017 2018 2019 2021,5,medium,,,,Ambiguous / unresolved,,,,,1
WQS0950,"AMRAVATI D/S OF DONDAICHA, DHULE",MAHARASHTRA,2652,"AMRAVATI D/S OF DONDAICHA, DHULE | AMRAVATI RIVER D/S OF DONDAICHA, DHULE, DHULE | RIVER AMRAVATI AT D/S. OF DONDAICHA, VILLAGE. DONDAICHA, TALUKA. DHULE, DISTRICT. DHULE. | RIVER AMRAVATI D/S OF DONDAICHA, DHULE, DHULE",2016 2019 2021 2024,4,high,,21.328133,74.569733,High,MPCB_NEWNWMP,,Dhule,monthly,1
WQS0951,"BHIMA AFTER CONF. WITH DAUND, DAUND, PUNE",MAHARASHTRA,1192,"BHIMA A/C WITH DAUNT | BHIMA AFTER CONF. WITH DAUND, DAUND, PUNE | BHIMA AFTER CONF. WITH DAUNT | BHIMA RIVER AT DAUND NEAR MAHADEV TEMPLE,VILLAGE- DAUND, TALUKA- DAUND, DISTRICT- PUNE. | RIVER BHIMA AFTER CONF. WITH DAUND, DAUND, PUNE | RIVER BHIMA AT DAUND NEAR MAHADEV TEMPLE,VILLAGE- DAUND, TALUKA- DAUND, | RIVER BHIMA AT DAUND NEAR MAHADEV TEMPLE,VILLAGE- DAUND, TALUKA- DAUND, DISTRICT-PUNE.",2016 2017 2018 2019 2020 2021 2022 2023 2024,9,high,,18.470567,74.58725,High,MPCB_NEWNWMP,,Pune,monthly,1
WQS0952,"BHIMA AT PUNE, D/S OF BUNDGARDEN, YERWADA, HAWELI, PUNE",MAHARASHTRA,1190,"BHIMA AT PUNE, D/S OF BUNDGARDEN | BHIMA AT PUNE, D/S OF BUNDGARDEN, YERWADA, HAWELI, PUNE | BHIMA D/S, OF BUNDGARDEN PUNE | BHIMA RIVER AT D/S OF BUNDGARDEN, VILLAGE - YERWADA,TALUKA- HAWELI, DISTRICT- PUNE. | RIVER BHIMA AT D/S OF BUNDGARDEN, VILLAGE . YERWADA,TALUKA. HAWELI, DISTRICT. PUNE. | RIVER BHIMA AT D/S OF BUNDGARDEN, VILLAGE YERWADA, TALUKA. HAWELI, DISTRICT. PUNE. | RIVER BHIMA AT PUNE, D/S OF BUNDGARDEN, YERWADA, HAWELI, PUNE",2016 2017 2018 2019 2020 2021 2022 2023 2024,9,high,,18.544117,73.882433,High,MPCB_NEWNWMP,,Pune,monthly,1
WQS0953,BHIMA AT TAKLI,MAHARASHTRA,28,"BHIMA AT TAKLI | BHIMA AT TAKLI, SOUTH SOLAPUR, SOLAPUR | BHIMA RIVER AT TAKLI NEAR KARNATAKA BORDER, VILLAGE-TAKALI, TALUKA- SOUTH SOLAPUR, DISTRICT- SOLAPUR. | RIVER BHIMA AT TAKLI NEAR KARNATAKA BORDER, VILLAGE- TAKALI, TALUKA- SOUTH SOLAPUR, DISTRICT- SOLAPUR. | RIVER BHIMA AT TAKLI NEAR KARNATAKA BORDER, VILLAGE-TAKALI, TALUKA- SOUTH SOLAPUR, DISTRICT- SOLAPUR. | RIVER BHIMA AT TAKLI, SOUTH SOLAPUR, SOLAPUR | River Bhima at Takli near Karnataka border, Village-Takali, Taluka- South Solapur, District- Solapur.",2016 2017 2018 2019 2020 2021 2022 2023 2024,9,high,,17.415167,75.8461,High,MPCB_NEWNWMP,,Solapur,monthly,1
WQS0954,"BHIMA RIVER AT KOREGAON NEAR KOREGAON BRIDGE, SHIRUR, PUNE",MAHARASHTRA,2655,"BHIMA AT KOREGAON NEAR KOREGAON BRIDGE, SHIRUR, PUNE | BHIMA RIVER AT KOREGAON NEAR KOREGAON BRIDGE, SHIRUR, PUNE | BHIMA RIVER AT KOREGAON NEAR KOREGAON BRIDGE, VILLAGE- KOREGAON,TALUKA- SHIRUR, DISTRICT- PUNE. | RIVER BHIMA AT KOREGAON NEAR KOREGAON BRIDGE, SHIRUR, PUNE | RIVER BHIMA AT KOREGAON NEAR KOREGAON BRIDGE, VILLAGE- KOREGAON,TALUKA- SHIRUR, DISTRICT- PUNE. | RIVER BHIMA AT KOREGAON NEAR KOREGAON BRIDGE, VILLAGE- KOREGAON,TALUKA- SHIRUR, DISTRICT-PUNE. | RIVER BHIMA AT KOREGAON NEAR KOREGAON BRIDGE, VILLAGE-KOREGAON,TALUKA-SHIRUR, DISTRICT- PUNE.",2016 2017 2018 2019 2020 2021 2022 2023 2024,9,high,,18.6452,74.05505,High,MPCB_NEWNWMP,,Pune,monthly,1
WQS0955,"BHIMA RIVER-BACKWATER OF UJANI DAM NEAR RAW WATER PUMP HOUSE, KUMBARGAON, INDAPUR, PUNE",MAHARASHTRA,2656,"BHIMA -BACKWATER OF UJANI DAM NEAR RAW WATER PUMP HOUSE, KUMBARGAON, INDAPUR, PUNE | BHIMA RIVER- BACKWATER OF UJANI DAM, NEAR RAW WATER PUMP HOUSE, VILLAGE-KUMBARGAON, TALUKA- INDAPUR, DISTRICT- PUNE. | BHIMA RIVER-BACKWATER OF UJANI DAM NEAR RAW WATER PUMP HOUSE, KUMBARGAON, INDAPUR, PUNE | BHIMA RIVERBACKWATER OF UJANI DAM NEAR RAW WATER PUMP HOUSE, KUMBARGAON, INDAPUR, PUNE | RIVER BHIMA BACKWATER OF UJANI DAM, NEAR RAW WATER PUMP HOUSE, VILLAGE- KUMBARGAON, TALUKA- INDAPUR, DISTRICT- PUNE. | RIVER BHIMA BACKWATER OF UJANI DAM, NEAR RAW WATER PUMP HOUSE, VILLAGE-KUMBARGAON, TALUKA-INDAPUR, DISTRICT- PUNE. | RIVER BHIMA RIVER-BACKWATER OF UJANI DAM NEAR RAW WATER PUMP HOUSE, KUMBARGAON, INDAPUR, PUNE",2016 2017 2018 2019 2020 2021 2022 2023 2024,9,high,,18.27235,74.798217,Medium,MPCB_NEWNWMP,,Pune,monthly,1
WQS0956,"BINDUSARA AT BEED NEAR INTAKE WATER PUMP HOUSE AT DAM, PALIGAON, BEED",MAHARASHTRA,2657,"BINDUSARA AT BEED NEAR INTAKE WATER PUMP HOUSE AT DAM, PALIGAON, BEED | BINDUSARA RIVER AT BEED NEAR INTAKE WATER PUMP HOUSE AT DAM, PALIGAON, BEED | BINDUSARA RIVER AT BEED NEAR INTAKE WATER PUMP HOUSE AT DAM, PALIGAON, BEED, BEED | BINDUSARA RIVER AT BEED, NEAR INTAKE WATER PUMP HOUSE AT DAM, VILLAGE- PALIGAON, TALUKA- BEED, DISTRICT- BEED. | RIVER BINDUSARA AT BEED NEAR INTAKE WATER PUMP HOUSE AT DAM, PALIGAON, BEED, BEED | RIVER BINDUSARA AT BEED, NEAR INTAKE WATER PUMP HOUSE AT DAM, VILLAGE- PALIGAON, TALUKA-BEED, DISTRICT- BEED. | RIVER BINDUSARA AT BEED, NEAR INTAKE WATER PUMP HOUSE AT DAM, VILLAGE-PALIGAON, TALUKA- BEED,",2016 2017 2018 2019 2021 2022 2024,7,high,,18.915367,75.737267,High,MPCB_NEWNWMP,,Beed,monthly,1
WQS0957,"BORI D/S OF AMALNER, JALGAON",MAHARASHTRA,2658,"BORI D/S OF AMALNER, JALGAON | BORI RIVER D/S OF AMALNER, JALGAON | BORI RIVER D/S OF AMALNER, JALGAON, JALGAON | BORI RIVER, D/S OF AMALNER, VILLAGE-AMALNER, TALUKA-JALGAON, DISTRICT-JALGAON. | RIVER BORI D/S OF AMALNER, JALGAON, JALGAON | RIVER BORI D/S OF AMALNER, VILLAGE- AMALNER, TALUKA- JALGAON, DISTRICT- JALGAON. | RIVER BORI D/S OF AMALNER, VILLAGE-AMALNER, TALUKA- JALGAON, DISTRICT-JALGAON.",2016 2017 2018 2019 2021 2022 2024,7,high,,21.056,75.071383,High,MPCB_NEWNWMP,,Jalgaon,monthly,1
WQS0958,CHANDRABHAGA D/S OF PANDHARPUR TOWN,MAHARASHTRA,1912,"CHANDRABHAGA D/S OF PANDHARPUR TOWN | CHANDRABHAGA D/S OF PANDHARPUR TOWN, GURSALE, PANDHARPUR, | CHANDRABHAGA RIVER AT D/S OF PANDHARPUR TOWN REAR VISHNUPANT MANDIR, VILLAGE-GOPALPUR,TALUKA- PANDHARPUR,DISTRICT- SOLAPUR. | RIVER CHANDRABHAGA AT D/S OF PANDHARPUR TOWN REAR VISHNUPANT MANDIR, VILLAGE. GOPALPUR, TALUKA. PANDHARPUR DISTRICT. SOLAPUR. | RIVER CHANDRABHAGA AT D/S OF PANDHARPUR TOWN REAR VISHNUPANT MANDIR, VILLAGE. GOPALPUR, TALUKA. PANDHARPUR, SOLAPUR. | RIVER CHANDRABHAGA AT D/S OF PANDHARPUR TOWN REAR VISHNUPANT MANDIR, VILLAGE. GOPALPUR,TALUKA. PANDHARPUR,DISTRICT. SOLAPUR. | RIVER CHANDRABHAGA D/S OF PANDHARPUR TOWN, GURSALE, PANDHARPUR, SOLAPUR",2016 2017 2018 2019 2021 2022 2023 2024,8,high,,17.6681,75.347317,High,MPCB_NEWNWMP,,Solapur,monthly,1
WQS0959,CHANDRABHAGA U/S OF PANDHARPUR TOWN,MAHARASHTRA,1911,"CHANDRABHAGA RIVER AT U/S OF PANDHARPUR TOWN, VILLAGE- GURSALE,TALUKA- PANDHARPUR, | CHANDRABHAGA U/S OF PANDHARPUR TOWN | CHANDRABHAGA U/S OF PANDHARPUR TOWN, GURSALE, PANDHARPUR, | RIVER CHANDRABHAGA AT U/S OF PANDHARPUR TOWN, VILLAGE. GURSALE, TALUKA. PANDHARPUR, DISTRICT. SOLAPUR. | RIVER CHANDRABHAGA AT U/S OF PANDHARPUR TOWN, VILLAGE. GURSALE, TALUKA. PANDHARPUR, SOLAPUR. | RIVER CHANDRABHAGA AT U/S OF PANDHARPUR TOWN, VILLAGE. GURSALE,TALUKA. PANDHARPUR, DISTRICT. SOLAPUR. | RIVER CHANDRABHAGA U/S OF PANDHARPUR TOWN, GURSALE, PANDHARPUR",2016 2017 2018 2019 2021 2022 2023 2024,8,high,,17.72995,75.312417,High,MPCB_NEWNWMP,,Solapur,monthly,1
WQS0960,"DARNA AT BHAGUR PUMPING STATION NEAR PANDHURLI BRIDGE, BHAGUR, NASHIK",MAHARASHTRA,2663,"DARNA AT BHAGUR PUMPING STATION NEAR PANDHURLI BRIDGE, BHAGUR, NASHIK | DARNA RIVER AT BHAGUR PUMPING STATION NEAR PANDHURLI BRIDGE, BHAGUR, | DARNA RIVER AT BHAGUR PUMPING STATION NEAR PANDHURLI BRIDGE, BHAGUR, NASHIK | DARNA RIVER AT BHAGUR PUMPING STATION NEAR PANDHURLI BRIDGE, VILLAGE-BHAGUR,TALUKA- NASHIK,DISTRICT- NASHIK. | RIVER DARNA AT BHAGUR PUMPING STATION NEAR PANDHURLI BRIDGE, BHAGUR, NASHIK | RIVER DARNA AT BHAGUR PUMPING STATION NEAR PANDHURLI BRIDGE, VILLAGE- BHAGUR, TALUKA-NASHIK, DISTRICT- NASHIK. | RIVER DARNA AT BHAGUR PUMPING STATION NEAR PANDHURLI BRIDGE, VILLAGE-BHAGUR, TALUKA-NASHIK,",2016 2017 2018 2019 2021 2022 2024,7,high,,19.871767,73.83725,High,MPCB_NEWNWMP,,Nashik,monthly,1
WQS0961,"DARNA AT CHEHEDI PUMPING STATION, CHEHEDI, NASHIK",MAHARASHTRA,2660,"DARNA AT CHEHEDI PUMPING STATION, CHEHEDI, NASHIK | DARNA RIVER AT CHEHEDI PUMPING STATION, CHEHEDI, NASHIK | DARNA RIVER AT CHEHEDI PUMPING STATION, CHEHEDI, NASHIK, NASHIK | DARNA RIVER AT CHEHEDI WATER WORKS (PUMPING STATION), VILLAGE- CHEHEDI, TALUKA- NASHIK, DISTRICT- NASHIK. | RIVER DARNA AT CHEHEDI PUMPING STATION, CHEHEDI, NASHIK, NASHIK | RIVER DARNA AT CHEHEDI WATER WORKS (PUMPING STATION), VILLAGE- CHEHEDI, TALUKA- NASHIK, | RIVER DARNA AT CHEHEDI WATER WORKS (PUMPING STATION), VILLAGE- CHEHEDI, TALUKA- NASHIK, DISTRICT- NASHIK.",2016 2017 2018 2019 2021 2022 2024,7,high,,19.931217,73.85715,High,MPCB_NEWNWMP,,Nashik,monthly,1
WQS0962,"DARNA AT MES SITE PUMPING STATION, BHAGUR, NASHIK",MAHARASHTRA,2662,"DARNA AT MES SITE PUMPING STATION, BHAGUR, NASHIK | DARNA RIVER AT MES SITE PUMPING STATION, BHAGUR, | DARNA RIVER AT MES SITE PUMPING STATION, BHAGUR, NASHIK | DARNA RIVER AT MES SITE PUMPING STATION, VILLAGE-BHAGUR, TALUKA- NASHIK, DISTRICT- NASHIK. | RIVER DARNA AT MES SITE PUMPING STATION, BHAGUR, NASHIK | RIVER DARNA AT MES SITE PUMPING STATION, VILLAGE- BHAGUR, TALUKA- NASHIK, | RIVER DARNA AT MES SITE PUMPING STATION, VILLAGE- BHAGUR, TALUKA- NASHIK, DISTRICT- NASHIK.",2016 2017 2018 2019 2021 2022 2024,7,high,,19.868567,73.8277,High,MPCB_NEWNWMP,,Nashik,monthly,1
WQS0963,"DARNA AT SANSARI , NASHIK",MAHARASHTRA,2664,"DARNA AT SANSARI , NASHIK | DARNA RIVER AT SANSARI , NASHIK | DARNA RIVER AT SANSARI , NASHIK, NASHIK | DARNA RIVER AT SANSARI, VILLAGE- SANSARI,TALUKA- NASHIK,DISTRICT- NASHIK. | RIVER DARNA AT SANSARI , NASHIK, NASHIK | RIVER DARNA AT SANSARI, VILLAGE- SANSARI,TALUKA- NASHIK, DISTRICT- NASHIK. | RIVER DARNA AT SANSARI, VILLAGE- SANSARI,TALUKA-NASHIK,DISTRICT- NASHIK.",2016 2017 2018 2019 2021 2022 2024,7,high,,19.905833,73.842433,High,MPCB_NEWNWMP,,Nashik,monthly,1
WQS0964,"DARNA RIVER AT ASWALI (DARNA DAM), LGATPURI, NASHIK",MAHARASHTRA,2661,"DARNA AT ASWALI (DARNA DAM), LGATPURI, NASHIK | DARNA RIVER AT ASWALI ( DARNA DAM),VILLAGE- ASWALI,TALUKA- IGATPURI,DISTRICT- NASHIK. | DARNA RIVER AT ASWALI (DARNA DAM), LGATPURI, NASHIK | RIVER DARNA AT ASWALI ( DARNA DAM),VILLAGE-ASWALI,TALUKA- IGATPURI,DISTRICT- NASHIK. | RIVER DARNA AT ASWALI ( DARNA DAM),VILLAGE-ASWALI,TALUKA-IGATPURI,DISTRICT- NASHIK. | RIVER DARNA AT ASWALI (DARNA DAM), LGATPURI, NASHIK",2016 2017 2018 2019 2021 2022 2024,7,high,,19.803067,73.737933,High,MPCB_NEWNWMP,,Nashik,monthly,1
WQS0965,"GHOD RIVER AT SHIRUR, PUNE",MAHARASHTRA,2665,"GHOD AT SHIRUR, PUNE | GHOD RIVER AT SHIRUR, PUNE | GHOD RIVER AT SHIRUR, VILLAGE-SHIRUR,TALUKA- SHIRUR,DISTRICT- PUNE. | RIVER GHOD AT SHIRUR, PUNE | RIVER GHOD AT SHIRUR, VILLAGE. SHIRUR, TALUKA. SHIRUR, DISTRICT. PUNE. | RIVER GHOD AT SHIRUR, VILLAGE. SHIRUR,TALUKA. SHIRUR,DISTRICT. PUNE.",2016 2017 2018 2019 2021 2022 2023 2024,8,high,,18.832683,74.391733,High,MPCB_NEWNWMP,,Pune,monthly,1
WQS0966,GIRNA AT JALGAON,MAHARASHTRA,1252,"GIRNA AT JALGAON | GIRNA RIVER AT JALGAON AT INTAKE OF GIRNA PUMP HUOSE, VILLAGE-GIRNA PUMP HOUSE AREA, TALUKA-JALGAON, DISTRICT- JALGAON. | RIVER GIRNA AT JALGAON | RIVER GIRNA AT JALGAON AT INTAKE OF GIRNA PUMP HUOSE, VILLAGE- GIRNA PUMP HOUSE AREA, TALUKA- JALGAON, DISTRICT- JALGAON. | RIVER GIRNA AT JALGAON AT INTAKE OF GIRNA PUMP HUOSE, VILLAGE- GIRNA PUMP HOUSE AREA, TALUKA-JALGAON, DISTRICT- JALGAON. | RIVER GIRNA AT JALGAON AT INTAKE OF GIRNA PUMP HUOSE, VILLAGE-GIRNA PUMP HOUSE AREA, TALUKA-JALGAON, DISTRICT- JALGAON.",2016 2017 2018 2019 2021 2022 2023 2024,8,high,,20.989533,75.5157,Medium,MPCB_NEWNWMP,,Jalgaon,monthly,1
WQS0967,GODAVARI AT DHALEGAON,MAHARASHTRA,12,"GODAVARI AT DHALEGAON | GODAVARI AT DHALEGAON, PATHARI, PARBHANI | GODAVARI RIVER AT DHALEGAON, VILLAGE- DHALEGAON, TALUKA- PATHARI, DISTRICT- PARBHANI. | RIVER GODAVARI AT DHALEGAON, PATHARI, PARBHANI | RIVER GODAVARI AT DHALEGAON, VILLAGE- DHALEGAON, TALUKA-PATHARI, | RIVER GODAVARI AT DHALEGAON, VILLAGE-DHALEGAON, TALUKA- PATHARI, DISTRICT- PARBHANI. | River Godavari at Dhalegaon, Village- Dhalegaon, Taluka- Pathari, District- Parbhani.",2016 2017 2018 2019 2021 2022 2023 2024,8,high,,19.2254,76.364233,High,MPCB_NEWNWMP,Godavari,Parbhani,monthly,1
WQS0968,"GODAVARI AT JAYAKWADI DAM, AURNAGABAD, MAHARASHTRA",MAHARASHTRA,1312,"GODAVARI AT JAYAKWADI DAM, AURNAGABAD | GODAVARI AT JAYAKWADI DAM, AURNAGABAD, MAHARASHTRA | GODAVARI AT JAYAKWADI DAM, PAITHAN,AURANAGABAD | RIVER GODAVARI AT JAIKWADI DAM, VILLAGE- PAITHAN, TALUKA- PAITHAN | RIVER GODAVARI AT JAIKWADI DAM, VILLAGE- PAITHAN, TALUKA- PAITHAN, DISTRICT-AURANGABAD. | RIVER GODAVARI AT JAIKWADI DAM, VILLAGE-PAITHAN, TALUKA- PAITHAN, DISTRICT-AURANGABAD. | RIVER GODAVARI AT JAYAKWADI DAM, PAITHAN,AURANAGABAD",2016 2017 2019 2021 2022 2023 2024,7,high,,19.487717,75.3712,High,MPCB_NEWNWMP,Godavari,Aurangabad,monthly,1
WQS0969,GODAVARI AT NANDED,MAHARASHTRA,1210,"GODAVARI AT NANDED | GODAVARI AT VISHNUPURI,NANDED, NANDED | GODAVARI RIVER NEAR INTAKE WATER PUMP HOUSE, VILLAGE- VISHNUPURI, TALUKA-NANDED, DISTRICT- NANDED. | RIVER GODAVARI AT VISHNUPURI,NANDED, NANDED | RIVER GODAVARI NEAR INTAKE WATER PUMP HOUSE, VILLAGE- VISHNUPURI, TALUKA- NANDED, DISTRICT-NANDED. | RIVER GODAVARI NEAR INTAKE WATER PUMP HOUSE, VILLAGE- VISHNUPURI, TALUKA-NANDED,",2016 2017 2018 2019 2021 2022 2023 2024,8,high,,19.12685,77.279383,High,MPCB_NEWNWMP,Godavari,Nanded,monthly,1
WQS0970,GODAVARI RIVER AT NANDUR-MADMESHWAR DAM.,MAHARASHTRA,2160 | 2183,"GODAVARI RIVER AT NANDUR MADMESHWAR DAM. | GODAVARI RIVER AT NANDUR-MADHMESHWAR DAM, VILLAGE-NANDUR, TALUKA-NIPHAD, DISTRICT-NASHIK. | GODAVARI RIVER AT NANDUR-MADMESHWAR DAM, NANDUR, NASHIK | GODAVARI RIVER AT NANDUR-MADMESHWAR DAM. | RIVER GODAVARI AT NANDUR- MADMESHWAR DAM, NANDUR, NASHIK | RIVER GODAVARI AT NANDUR-MADHMESHWAR DAM, VILLAGE- NANDUR, TALUKA- NIPHAD | RIVER GODAVARI AT NANDUR-MADHMESHWAR DAM, VILLAGE- NANDUR, TALUKA- NIPHAD, DISTRICT- NASHIK. | RIVER GODAVARI AT NANDUR-MADHMESHWAR DAM, VILLAGE- NANDUR, TALUKA- NIPHAD, DISTRICT-NASHIK.",2016 2017 2018 2019 2021 2022 2023 2024,8,high,,20.008917,74.132467,High,MPCB_NEWNWMP,Godavari,Nashik,monthly,2
WQS0971,"GODAVARI RIVER AT U/S OF AURANGABAD RESERVOIR, KAIGAON TOKKA NEAR KAIGAON BRIDGE",MAHARASHTRA,2160 | 2363,"GODAVARI RIVER AT U/S OF AURANGABAD RESERVOIR, KAIGAON TOKKA NEAR KAIGAON BRIDGE | GODAVARI RIVER AT U/S OF AURANGABAD RESERVOIR, KAIGAON TOKKA NEAR KAIGAON BRIDGE.",2016 2017,2,medium,,,,Ambiguous / unresolved,ESRI_LIVINGATLAS_TS_2020_2025:CPCB,Godavari,Aurangabad,,2
WQS0972,GODAVARI RIVER NEAR TAPOVAN.,MAHARASHTRA,2159 | 2180,"GODAVARI RIVER AT TAPOVAN, TAPOVAN, NASHIK | GODAVARI RIVER AT TAPOVAN,VILLAGE-TAPOVAN, TALUKA-NASHIK, DISTRICT-NASHIK. | GODAVARI RIVER NEAR TAPOVAN. | RIVER GODAVARI AT TAPOVAN, TAPOVAN, NASHIK | RIVER GODAVARI AT TAPOVAN,VILLAGE- TAPOVAN, TALUKA- NASHIK, DISTRICT- NASHIK. | RIVER GODAVARI AT TAPOVAN,VILLAGE-TAPOVAN, TALUKA- NASHIK, DISTRICT-NASHIK.",2016 2017 2018 2019 2021 2022 2023 2024,8,high,,20.000117,73.815117,High,MPCB_NEWNWMP,Godavari,Nashik,monthly,2
WQS0973,"GOMAI RIVER D/S OF SHAHADA, DHULE",MAHARASHTRA,2666,"GOMAI D/S OF SHAHADA, DHULE | GOMAI RIVER D/S OF SHAHADA, DHULE | GOMAI RIVER D/S. OF SHAHADA, VILLAGE-SHAHADA,TALUKA-DHULE,DISTRICT-DHULE. | RIVER GOMAI D/S OF SHAHADA, DHULE | RIVER GOMAI D/S. OF SHAHADA, VILLAGE-SHAHADA,TALUKA- DHULE,DISTRICT- DHULE. | RIVER GOMAI D/S. OF SHAHADA, VILLAGE-SHAHADA,TALUKA-DHULE,DISTRICT- DHULE.",2016 2017 2018 2019 2021 2022 2023 2024,8,high,,21.545733,74.4603,High,MPCB_NEWNWMP,,Dhule,monthly,1
WQS0974,"HIWARA RIVER D/S OF PACHORA, JALGAON",MAHARASHTRA,2667,"HIWARA D/S OF PACHORA, JALGAON | HIWARA RIVER AT D/S OF PACHORA, VILLAGE-PACHORA,TALUKA-JALGAON,DISTRICT- JALGAON. | HIWARA RIVER D/S OF PACHORA, JALGAON | RIVER HIWARA AT D/S OF PACHORA, VILLAGE-PACHORA,TALUKA- JALGAON,DISTRICT- JALGAON. | RIVER HIWARA AT D/S OF PACHORA, VILLAGE-PACHORA,TALUKA- JALGAON,DISTRICT-JALGAON. | RIVER HIWARA D/S OF PACHORA, JALGAON",2016 2017 2018 2019 2021 2022 2024,7,high,,20.667183,75.357733,High,MPCB_NEWNWMP,,Jalgaon,monthly,1
WQS0975,"INDRAYANI RIVER AT D/S OF MOSHIGAON, HAWELI, PUNE",MAHARASHTRA,2668,"INDRAYANI AT D/S OF MOSHIGAON, HAWELI, PUNE | INDRAYANI RIVER AT D/S OF MOSHI VILLAGE. VILLAGE- MOSHI, TALUKA- HAWELI, DISTRICT- PUNE. | INDRAYANI RIVER AT D/S OF MOSHIGAON, HAWELI, PUNE | RIVER INDRAYANI AT D/S OF MOSHI VILLAGE. VILLAGE- MOSHI, TALUKA- HAWELI, DISTRICT- PUNE. | RIVER INDRAYANI AT D/S OF MOSHI VILLAGE. VILLAGE-MOSHI, TALUKA- HAWELI, DISTRICT- PUNE. | RIVER INDRAYANI AT D/S OF MOSHIGAON, HAWELI, PUNE",2016 2017 2018 2019 2021 2022 2023 2024,8,high,,18.68365,73.87855,High,MPCB_NEWNWMP,,Pune,monthly,1
WQS0976,KANHAN D/S OF NAGPUR,MAHARASHTRA,1909,"KANHAN D/S OF NAGPUR | KANHAN D/S OF NAGPUR, AGARGAON, KUHI, NAGPUR | KANHAN RIVER AT D/S OF NAGPUR, VILLAGE- AGARGAON, TALUKA- KUHI, DISTRICT- NAGPUR. | RIVER KANHAN AT D/S OF NAGPUR, VILLAGE- AGARGAON, TALUKA- KUHI, DISTRICT- NAGPUR. | RIVER KANHAN AT D/S OF NAGPUR, VILLAGE-AGARGAON, TALUKA- KUHI, DISTRICT- NAGPUR. | RIVER KANHAN D/S OF NAGPUR, AGARGAON, KUHI, NAGPUR",2016 2017 2018 2019 2021 2022 2023 2024,8,high,,21.25,79.133333,High,MPCB_NEWNWMP,,Nagpur,monthly,1
WQS0977,"KRISHNA AT KRISHNA BRIDGE, KARAD",MAHARASHTRA,36,"KRISHNA AT KRISHNA BRIDGE, KARAD | KRISHNA AT KRISHNA BRIDGE, KARAD, KARAD, SATARA | KRISHNA RIVER AT KRISHNA BRIDGE, ( KRISHNA RIVER AT NH-4 BRIDGE ) VILLAGE- KARAD, TALUKA- KARAD, DISTRICT-SATARA. | RIVER KRISHNA AT OLD KRISHNA BRIDGE, KARAD STATION ROAD , KARAD, TALUKA- KARAD, DISTRICT- SATARA. | RIVER KRISHNA AT OLD KRISHNA BRIDGE, KARAD STATION ROAD , KARAD, TALUKA- KARAD, DISTRICT-SATARA. | River Krishna at Old Krishna bridge, Karad Station Road , Karad, Taluka- Karad, District- Satara.",2016 2017 2018 2019 2022 2023 2024,7,high,,17.294833,74.188683,High,MPCB_NEWNWMP,Krishna,Satara,monthly,1
WQS0978,KRISHNA AT KRISHNA-VENNA SANGAM AT MAHULI,MAHARASHTRA,2188,"KRISHNA AT KRISHNA-VENNA SANGAM AT MAHULI | KRISHNA RIVER AT KRISHNA-VENNA SANGAM AT MAHULI, SATARA | KRISHNA RIVER AT KRISHNA-VENNA SANGAM MAHULI , VILLAGE- MAHULI,TALUKA- MAHULI, DISTRICT- SATARA. | KRISHNA RIVER AT KRISHNAVENNA SANGAM AT MAHULI. | RIVER KRISHNA AT KRISHNA- VENNA SANGAM MAHULI , VILLAGE- MAHULI,TALUKA- MAHULI, DISTRICT- SATARA. | RIVER KRISHNA AT KRISHNA- VENNA SANGAM MAHULI , VILLAGE- MAHULI,TALUKA- MAHULI, DISTRICT-SATARA. | RIVER KRISHNA AT KRISHNA- VENNA SANGAM MAHULI , VILLAGE-MAHULI,TALUKA- MAHULI, DISTRICT- SATARA. | RIVER KRISHNA AT KRISHNA-VENNA SANGAM AT MAHULI, SATARA",2016 2017 2018 2019 2021 2022 2023 2024,8,high,,17.69075,74.051467,High,MPCB_NEWNWMP,Krishna,Satara,monthly,1
WQS0979,KRISHNA AT KSHETRA MAHULI,MAHARASHTRA,2187,"KRISHNA AT KSHETRA MAHULI | KRISHNA RIVER AT KSHETRA MAHULI, MAHULI, SATARA | KRISHNA RIVER AT KSHETRA MAHULI, VILLAGE- KSHETRA-MAHULI,TALUKA- MAHULI, DISTRICT- SATARA. | KRISHNA RIVER AT KSHETRA MAHULI. | RIVER KRISHNA AT KSHETRA MAHULI, MAHULI, SATARA | RIVER KRISHNA AT KSHETRA MAHULI, VILLAGE- KSHETRA- MAHULI,TALUKA- MAHULI, DISTRICT- SATARA. | RIVER KRISHNA AT KSHETRA MAHULI, VILLAGE- KSHETRA-MAHULI,TALUKA- MAHULI, DISTRICT- SATARA. | RIVER KRISHNA AT KSHETRA MAHULI, VILLAGE-KSHETRA-MAHULI,TALUKA- MAHULI, DISTRICT- SATARA.",2016 2017 2018 2019 2021 2022 2023 2024,8,high,,17.695583,74.054767,High,MPCB_NEWNWMP,Krishna,Satara,monthly,1
WQS0980,KRISHNA AT KURUNDWAD IN KOLHAPUR,MAHARASHTRA,1310 | 30047,"KRISHNA AT KURUNDWAD IN KOLHAPUR | RIVER KRISHNA AT KURUNDWAD, KOLHAPUR, (MAHARASHTRA)",2016 2017 2021 2023,4,medium,,,,Ambiguous / unresolved,,Krishna,,,2
WQS0981,KRISHNA AT MAHABALESHWAR DHOM DAM NEAR KOINA DAM,MAHARASHTRA,1194,"KRISHNA AT MAHABALESHWAR DHOM DAM NEAR KOINA DAM | KRISHNA AT MAHABALESHWAR DHOM DAM NEAR KOINA DAM, MAHABALESHWAR, SATARA | RIVER KRISHNA AT DHOM DAM, VILLAGE- WAI, TALUKA- MAHABALESHWAR, SATARA. | RIVER KRISHNA AT DHOM DAM, VILLAGE- WAI, TALUKA-MAHABALESHWAR, DISTRICT-SATARA. | RIVER KRISHNA AT MAHABALESHWAR DHOM DAM NEAR KOINA DAM, MAHABALESHWAR, SATARA",2016 2017 2019 2021 2022 2023 2024,7,high,,17.966667,73.833333,High,MPCB_NEWNWMP,Krishna,Satara,monthly,1
WQS0982,KRISHNA AT SANGLI,MAHARASHTRA,1181 | 37,"KRISHNA AT GAWALI GALLY,MIRAJ,SANGLI | KRISHNA AT SANGLI | KRISHNA RIVER AT MAIGHAT, VILLAGE- GAWALI GALLY, TALUKA- MIRAJ, DISTRICT- SANGLI. | RIVER KRISHNA AT MAIGHAT, VILLAGE- GAWALI GALLY, TALUKA- MIRAJ, DISTRICT- SANGLI. | RIVER KRISHNA AT MAIGHAT, VILLAGE- GAWALI GALLY, TALUKA-MIRAJ, DISTRICT- SANGLI. | River Krishna at Maighat, Village- Gawali gally, Taluka-Miraj, District- Sangli.",2016 2017 2018 2019 2022 2023 2024,7,high,,16.861833,74.55765,Medium,MPCB_NEWNWMP,Krishna,Sangli,monthly,2
WQS0983,"KRISHNA RIVER AT KURUNDWAD NEAR SANTAJI GHORPADE GHAT , VILLAGE-NARSHINGWADI, KURUNDWAD, TALUKA- SHIROL, DISTRICT- KOLHAPUR.",MAHARASHTRA,1310,"KRISHNA AT KURUNDWAD, SHIROL, KOLHAPUR | KRISHNA RIVER AT KURUNDWAD NEAR SANTAJI GHORPADE GHAT , VILLAGE-NARSHINGWADI, KURUNDWAD, TALUKA- SHIROL, DISTRICT- KOLHAPUR. | RIVER KRISHNA AT KURUNDWAD NEAR SANTAJI GHORPADE GHAT , VILLAGE.NARSHINGWADI, KURUNDWAD, TALUKA. SHIROL, DISTRICT. KOLHAPUR. | RIVER KRISHNA AT KURUNDWAD NEAR SANTAJI GHORPADE GHAT, VILLAGE.NARSHINGWADI, KURUNDWAD, TALUKA. SHIROL, DISTRICT. KOLHAPUR. | RIVER KRISHNA AT KURUNDWAD NEAR SANTAJI GHORPADE GHAT, VILLAGE.NARSHINGWADI, KURUNDWAD, TALUKA. SHIROL, KOLHAPUR. | RIVER KRISHNA AT KURUNDWAD, SHIROL, KOLHAPUR",2018 2019 2021 2022 2023 2024,6,medium,,,,Ambiguous / unresolved,,Krishna,,,1
WQS0984,"MANJEERA RIVER AT D/S OF LATUR NEAR LATURNANDED BRIDGE, BHATKHEDA, LATUR",MAHARASHTRA,,"MANJEERA RIVER AT D/S OF LATUR NEAR LATURNANDED BRIDGE, BHATKHEDA, LATUR",2017,1,single_year,single-year station,18.429431,76.668723,Low,ESRI_LIVINGATLAS_TS_2020_2025:CPCB,,Latur,,1
WQS0985,"MANJRA D/S OF LATUR NEAR LATUR-NANDED BRIDGE, BHATKHEDA, LATUR",MAHARASHTRA,2673,"MANJRA D/S OF LATUR NEAR LATUR-NANDED BRIDGE, BHATKHEDA, LATUR | RIVER MANJEERA AT D/S OF LATUR NEAR LATUR-NANDED BRIDGE, BHATKHEDA, LATUR, LATUR | RIVER MANJRA AT D/S OF LATUR, NEAR LATUR- NANDED BRIDGE, VILLAGE- BHATKHEDA, TALUKA-LATUR, DISTRICT- LATUR. | RIVER MANJRA AT D/S OF LATUR, NEAR LATUR- NANDED BRIDGE, VILLAGE-BHATKHEDA, TALUKA- LATUR, | RIVER MANJRA AT D/S OF LATUR, NEAR LATUR-NANDED BRIDGE, VILLAGE- BHATKHEDA, TALUKA-LATUR, DISTRICT- LATUR.",2016 2021 2022 2023 2024,5,high,,18.430433,76.670883,High,MPCB_NEWNWMP,,Latur,monthly,1
WQS0986,"MOR RIVER NEAR PADALSHE, JALGAON",MAHARASHTRA,2674,"MOR NEAR PADALSHE, JALGAON | MOR RIVER NEAR PADALASHE, VILLAGE-PADALASHE,TALUKA-JALGAON, DISTRICT-JALGAON. | MOR RIVER NEAR PADALSHE, JALGAON | RIVER MOR NEAR PADALASHE, VILLAGE-PADALASHE,TALUKA- JALGAON, DISTRICT- JALGAON. | RIVER MOR NEAR PADALASHE, VILLAGE-PADALASHE,TALUKA-JALGAON, DISTRICT- JALGAON. | RIVER MOR NEAR PADALSHE, JALGAON",2016 2017 2018 2019 2021 2022 2023 2024,8,high,,21.107583,75.791917,High,MPCB_NEWNWMP,,Jalgaon,monthly,1
WQS0987,"MULA AT AUNDH BRIDGE, AUNDGAON",MAHARASHTRA,2193,"MULA AT AUNDH BRIDGE, AUNDGAON | MULA RIVER AT AUNDH BRIDGE, AUNDGAON. | MULA RIVER AT AUNDH BRIDGE, AUNDHGAON, HAWELI, PUNE | MULA RIVER AT AUNDH BRIDGE, VILLAGE- AUNDHGAON,TALUKA-HAWELI, | RIVER MULA AT AUNDH BRIDGE, AUNDHGAON, HAWELI, PUNE | RIVER MULA AT AUNDH BRIDGE, VILLAGE- AUNDHGAON,TALUKA- HAWELI, DISTRICT- PUNE. | RIVER MULA AT AUNDH BRIDGE, VILLAGE-AUNDHGAON,TALUKA- HAWELI, DISTRICT- PUNE. | RIVER MULA AT AUNDH BRIDGE, VILLAGE-AUNDHGAON,TALUKA-HAWELI, DISTRICT- PUNE.",2016 2017 2018 2019 2021 2022 2023 2024,8,high,,18.567483,73.81125,High,MPCB_NEWNWMP,,Pune,monthly,1
WQS0988,"MUTHA RIVER AT KHADAKVASLA DAM, KHADAKVASLA, HAWELI, PUNE.",MAHARASHTRA,2680,"MUTHA AT KHADAKVASLA DAM, KHADAKVASLA, HAWELI, PUNE | MUTHA RIVER AT KHADAKVASLA DAM, KHADAKVASLA, HAWELI, PUNE. | MUTHA RIVER AT KHADAKVASLA DAM, VILLAGE-KHADAKVASLA,TALUKA- HAWELI, DISTRICT- PUNE. | RIVER MUTHA AT KHADAKVASLA DAM, KHADAKVASLA, HAWELI, PUNE. | RIVER MUTHA AT KHADAKVASLA DAM, VILLAGE-KHADAKVASLA,TALUKA- HAWELI, DISTRICT- PUNE. | RIVER MUTHA AT KHADAKVASLA DAM, VILLAGE-KHADAKVASLA,TALUKA-HAWELI, DISTRICT- PUNE.",2016 2017 2018 2019 2021 2022 2023 2024,8,high,,18.44055,73.773517,High,MPCB_NEWNWMP,,Pune,monthly,1
WQS0989,"MUTHA RIVER NEAR VEER SAVARKAR BHAVAN, PUNE",MAHARASHTRA,2678,"MUTHA NEAR VEER SAVARKAR BHAVAN, PUNE | MUTHA RIVER NEAR VEER SAVARKAR BHAVAN, PUNE | MUTHA RIVER NEAR VEER SAVARKAR BHAVAN, VILLAGE-PUNE M.C, TALUKA- PUNE, DISTRICT -PUNE. | RIVER MUTHA NEAR VEER SAVARKAR BHAVAN, PUNE | RIVER MUTHA NEAR VEER SAVARKAR BHAVAN, VILLAGE- PUNE M.C, TALUKA- PUNE, DISTRICT - PUNE. | RIVER MUTHA NEAR VEER SAVARKAR BHAVAN, VILLAGE- PUNE M.C, TALUKA- PUNE, DISTRICT -PUNE.",2016 2017 2018 2019 2021 2022 2023 2024,8,high,,18.52145,73.8503,High,MPCB_NEWNWMP,,Pune,monthly,1
WQS0990,"NIRA AT PULGAON COTTON MILL, WARDHA",MAHARASHTRA,1315,"NIRA AT PULGAON COTTON MILL, WARDHA",2016,1,single_year,single-year station,,,Ambiguous / unresolved,,,,,1
WQS0991,"NIRA D/S OF JUBILANT ORGANOSIS, PUNE",MAHARASHTRA,2195,"NIRA D/S OF JUBILANT ORGANOSIS, PUNE | NIRA RIVER AT D/S OF JUBILANT ORGANOSIS, NIMBUT, BARAMATI,PUNE. | NIRA RIVER AT D/S OF JUBILANT ORGANOSIS, PUNE. | RIVER NIRA AT D/S OF JUBILANT ORGANOSIS, NIMBUT, BARAMATI,PUNE | RIVER NIRA AT D/S OF JUBILANT ORGANOSIS, VILLAGE- NIMBUT, TALUKA- BARAMATI, DISTRICT- PUNE. | RIVER NIRA AT D/S OF JUBILANT ORGANOSIS, VILLAGE- NIMBUT, TALUKA-BARAMATI, PUNE. | RIVER NIRA AT D/S OF JUBILANT ORGANOSIS, VILLAGE-NIMBUT, TALUKA- BARAMATI, DISTRICT- PUNE.",2016 2017 2019 2021 2022 2023 2024,7,high,,18.10155,74.233967,High,MPCB_NEWNWMP,,Pune,monthly,1
WQS0992,"NIRA RIVER AT SANGAVI, PHALTAN, SATARA",MAHARASHTRA,2681,"NIRA AT SANGAVI, PHALTAN, SATARA | NIRA RIVER AT SANGAVI, PHALTAN, SATARA | NIRA RIVER AT SANGAVI, VILLAGE- SANGAVI, TALUKA- PHALTAN, DISTRICT- SATARA. | RIVER NIRA AT SANGAVI, PHALTAN, SATARA | RIVER NIRA AT SANGAVI, VILLAGE- SANGAVI, TALUKA- PHALTAN, DISTRICT- SATARA. | RIVER NIRA AT SANGAVI, VILLAGE- SANGAVI, TALUKA-PHALTAN, DISTRICT- SATARA.",2016 2017 2018 2019 2021 2022 2023 2024,8,high,,18.057067,74.488667,High,MPCB_NEWNWMP,,Satara,monthly,1
WQS0993,"NIRA RIVER AT SHINDEWADI. SHIRVAL, KHANDALA, SATARA",MAHARASHTRA,2683,"NIRA AT SHINDEWADI. SHIRVAL, KHANDALA, SATARA | NIRA RIVER AT SHINDEWADI, VILLAGE- SHIRVAL, TALUKA- KHANDALA, | NIRA RIVER AT SHINDEWADI. SHIRVAL, KHANDALA, SATARA | RIVER NIRA AT SHINDEWADI, VILLAGE- SHIRVAL, TALUKA- KHANDALA, DISTRICT- SATARA. | RIVER NIRA AT SHINDEWADI, VILLAGE-SHIRVAL, TALUKA- KHANDALA, SATARA. | RIVER NIRA AT SHINDEWADI. SHIRVAL, KHANDALA, SATARA",2016 2017 2018 2019 2021 2022 2023 2024,8,high,,18.146183,73.984067,High,MPCB_NEWNWMP,,Satara,monthly,1
WQS0994,"NIRA U/S OF JUBILANT ORGANOSIS (DATTAGHAT), BARAMATI, PUNE",MAHARASHTRA,2682,"NIRA RIVER AT U/S OF JUBILANT ORGANOSIS (DATTAGHAT), BARAMATI, PUNE | NIRA RIVER AT U/S OF JUBILANT ORGANOSIS, NIRA(DATTAGHAT), BARAMATI, PUNE | NIRA RIVER AT U/S OF JUBILANT ORGANOSIS, VILLAGE- NIRA (DATTAGHAT),TALUKA- BARAMATI, DISTRICT- PUNE. | NIRA U/S OF JUBILANT ORGANOSIS (DATTAGHAT), BARAMATI, PUNE | RIVER NIRA AT U/S OF JUBILANT ORGANOSIS, NIRA(DATTAGHAT), BARAMATI, PUNE | RIVER NIRA AT U/S OF JUBILANT ORGANOSIS, VILLAGE- NIRA (DATTAGHAT),TALUKA-BARAMATI, PUNE. | RIVER NIRA AT U/S OF JUBILANT ORGANOSIS, VILLAGE-NIRA (DATTAGHAT),TALUKA- BARAMATI, DISTRICT- PUNE. | RIVER NIRA AT U/S OF JUBILANT ORGANOSIS, VILLAGE-NIRA (DATTAGHAT),TALUKA- BARAMATI, DISTRICT-PUNE.",2016 2017 2018 2019 2021 2022 2023 2024,8,high,,18.09685,74.212167,High,MPCB_NEWNWMP,,Pune,monthly,1
WQS0995,PANCHAGANGA AT ICHALKARANJI,MAHARASHTRA,1131 | 1311,"PANCHAGANGA AT ICHALKARANJI | PANCHAGANGA AT ICHALKARANJI, SHIRADWAD,HATKANANGALE, | PANCHAGANGA AT ICHALKARANJI, SHIRADWAD,HATKANANGALE,KOHLAPUR | RIVER PANCHAGANGA AT ICHALKARANJI NEAR MIDC INTAKE WELL. VILLAGE. SHIRADHWAD (ICHALKARANJI GHAT), TALUKA.HATKANANGALE, | RIVER PANCHAGANGA AT ICHALKARANJI NEAR MIDC INTAKE WELL. VILLAGE. SHIRADHWAD (ICHALKARANJI GHAT), TALUKA.HATKANANGALE, DISTRICT. KOLHAPUR. | RIVER PANCHAGANGA AT ICHALKARANJI, SHIRADWAD,HATKANANGALE,K OHLAPUR",2016 2017 2019 2020 2021 2022 2023 2024,8,high,,16.665833,74.474917,Medium,MPCB_NEWNWMP,,Kolhapur,monthly,2
WQS0996,PANCHAGANGA D/S OF KOLHAPUR TOWN,MAHARASHTRA,1905,"PANCHAGANGA D/S OF KOLHAPUR TOWN | PANCHAGANGA D/S OF KOLHAPUR TOWN, UCHEGAON, KOLHAPUR | PANCHAGANGA RIVER AT D/S OF KOLHAPUR TOWN AT GANDHI NAGAR NEAR NH-4 BRIDGE AND MIDC, VILLAGE- UCHEGAON, TALUKA- KOLHAPUR, DISTRICT- KOLHAPUR. | RIVER PANCHAGANGA AT D/S OF KOLHAPUR TOWN AT GANDHI NAGAR NEAR NH.4 BRIDGE AND MIDC, VILLAGE. UCHEGAON, TALUKA. KOLHAPUR, | RIVER PANCHAGANGA AT D/S OF KOLHAPUR TOWN AT GANDHI NAGAR NEAR NH.4 BRIDGE AND MIDC, VILLAGE. UCHEGAON, TALUKA. KOLHAPUR, DISTRICT. KOLHAPUR. | RIVER PANCHAGANGA D/S OF KOLHAPUR TOWN, UCHEGAON, KOLHAPUR",2016 2017 2018 2019 2020 2021 2022 2023 2024,9,high,,16.711617,74.280367,High,MPCB_NEWNWMP,,Kolhapur,monthly,1
WQS0997,"PANCHAGANGA RIVER AT SHIROL NEAR SHIROL INTAKE WELL, KOLHAPUR",MAHARASHTRA,2163,"PANCHAGANGA AT SHIROL NEAR SHIROL INTAKE WELL. | PANCHAGANGA RIVER AT SHIROL NEAR SHIROL INTAKE WELL, KOLHAPUR | PANCHAGANGA RIVER AT SHIROL NEAR SHIROL INTAKE WELL. | RIVER PANCHAGANGA AT SHIROL NEAR SHIROL INTAKE WELL, KOLHAPUR | RIVER PANCHAGANGA AT SHIROL NEAR SHIROL INTAKE WELL, VILLAGE- SHIROL, TALUKA- SHIROL, | RIVER PANCHAGANGA AT SHIROL NEAR SHIROL INTAKE WELL, VILLAGE- SHIROL, TALUKA- SHIROL, DISTRICT-KOLHAPUR.",2016 2017 2019 2020 2021 2022 2023 2024,8,high,,16.721883,74.594533,High,MPCB_NEWNWMP,,Kolhapur,monthly,1
WQS0998,PANCHAGANGA U/S OF KOLHAPUR TOWN,MAHARASHTRA,1904,"PANCHAGANGA RIVER AT U/S OF KOLHAPUR TOWN NEAR BALINGA PUMPING STATION, VILLAGE-BALINGA, TALUKA- KARVIR, DISTRICT- KOLHAPUR. | PANCHAGANGA U/S OF KOLHAPUR TOWN | PANCHAGANGA U/S OF KOLHAPUR TOWN, BALINGA, KARVIR, KOLHAPUR | RIVER PANCHAGANGA AT U/S OF KOLHAPUR TOWN NEAR BALINGA PUMPING STATION, VILLAGE- BALINGA, TALUKA- KARVIR, KOLHAPUR. | RIVER PANCHAGANGA AT U/S OF KOLHAPUR TOWN NEAR BALINGA PUMPING STATION, VILLAGE-BALINGA, TALUKA- KARVIR, DISTRICT- KOLHAPUR. | RIVER PANCHAGANGA U/S OF KOLHAPUR TOWN, BALINGA, KARVIR, KOLHAPUR",2016 2017 2018 2019 2020 2021 2022 2023 2024,9,high,,16.69255,74.166217,High,MPCB_NEWNWMP,,Kolhapur,monthly,1
WQS0999,"PANZARA RIVER NEAR PANZARAKAN SSK LTD, PANZARA, DHULE",MAHARASHTRA,2684,"PANZARA NEAR PANZARAKAN SSK LTD, PANZARA, DHULE | PANZARA RIVER NEAR PANZARAKAN SSK LTD, PANZARA, DHULE | PANZARA RIVER, NEAR PANZARAKAN SSK LTD, VILLAGE-PANZARA,TALUKA-DHULE, DISTRICT-DHULE. | RIVER PANZARA NEAR PANZARAKAN SSK LTD, PANZARA, DHULE | RIVER PANZARA NEAR PANZARAKAN SSK LTD, VILLAGE- PANZARA,TALUKA-DHULE, | RIVER PANZARA NEAR PANZARAKAN SSK LTD, VILLAGE-PANZARA,TALUKA- DHULE, DISTRICT- DHULE.",2016 2017 2018 2019 2021 2022 2023 2024,8,high,,20.95675,74.2933,High,MPCB_NEWNWMP,,Dhule,monthly,1
WQS1000,"PAWANA RIVER AT CHINCHWADGAON, HAWELI, PUNE",MAHARASHTRA,2693,"PAWANA AT CHINCHWADGAON, HAWELI, PUNE | PAWANA RIVER AT CHINCHWADGAON, HAWELI, PUNE | PAWANA RIVER AT CHINCHWADGAON, VILLAGE-CHINCHWADGAON,TALUKA- HAWELI,DISTRICT- PUNE. | RIVER PAWANA AT CHINCHWADGAON, HAWELI | RIVER PAWANA AT CHINCHWADGAON, VILLAGE. CHINCHWADGAON, TALUKA. HAWELI, DISTRICT. PUNE. | RIVER PAWANA AT CHINCHWADGAON, VILLAGE. CHINCHWADGAON,TALUKA. HAWELI,DISTRICT. PUNE.",2016 2017 2018 2019 2021 2022 2023 2024,8,high,,18.625883,73.778017,High,MPCB_NEWNWMP,,Pune,monthly,1
WQS1001,"PAWANA RIVER AT KASARWADI, HAWELI, PUNE",MAHARASHTRA,2690,"PAWANA AT KASARWADI, HAWELI, PUNE | PAWANA RIVER AT KASARWADI, HAWELI, PUNE | PAWANA RIVER AT KASARWADI, VILLAGE- KASARWADI, TALUKA-HAWELI, DISTRICT- PUNE. | RIVER PAWANA AT KASARWADI, HAWELI, PUNE | RIVER PAWANA AT KASARWADI, VILLAGE- KASARWADI, TALUKA- HAWELI, DISTRICT- PUNE. | RIVER PAWANA AT KASARWADI, VILLAGE- KASARWADI, TALUKA-HAWELI, DISTRICT- PUNE.",2016 2017 2018 2019 2021 2022 2023 2024,8,high,,18.602283,73.821767,High,MPCB_NEWNWMP,,Pune,monthly,1
WQS1002,"PAWANA RIVER AT PIMPRIGAON, HAWELI, PUNE",MAHARASHTRA,2694,"PAWANA AT PIMPRIGAON, HAWELI, PUNE | PAWANA RIVER AT PIMPRIGAON, HAWELI, PUNE | PAWANA RIVER AT PIMPRIGAON, VILLAGE- PIMPRIGAON, TALUKA- HAWELI, DISTRICT- PUNE. | RIVER PAWANA AT PIMPRIGAON, HAWELI, PUNE | RIVER PAWANA AT PIMPRIGAON, VILLAGE-PIMPRIGAON, TALUKA- HAWELI, DISTRICT- PUNE. | RIVER PAWANA AT PIMPRIGAON, VILLAGE-PIMPRIGAON, TALUKA-HAWELI, DISTRICT- PUNE.",2016 2017 2018 2019 2021 2022 2023 2024,8,high,,18.621683,73.798383,High,MPCB_NEWNWMP,,Pune,monthly,1
WQS1003,"PENGANGA RIVER NEAR WATER SUPPLY SCHEME OF UMARKHED MC BELKHED, UMARKHED, YAVATMAL",MAHARASHTRA,2697,"PENGANGA NEAR WATER SUPPLY SCHEME OF UMARKHED MC BELKHED, UMARKHED, YAVATMAL | PENGANGA RIVER NEAR WATER SUPPLY SCHEME OF UMARKHED M.C., VILLAGE- BELKHED,TALUKA- UMARKHED, DISTRICT- YAVATMAL. | PENGANGA RIVER NEAR WATER SUPPLY SCHEME OF UMARKHED MC BELKHED, UMARKHED, YAVATMAL | RIVER PENGANGA NEAR WATER SUPPLY SCHEME OF UMARKHED M.C., VILLAGE. BELKHED, TALUKA. UMARKHED, DISTRICT. YAVATMAL. | RIVER PENGANGA NEAR WATER SUPPLY SCHEME OF UMARKHED M.C., VILLAGE. BELKHED, TALUKA. UMARKHED, YAVATMAL. | RIVER PENGANGA NEAR WATER SUPPLY SCHEME OF UMARKHED M.C., VILLAGE. BELKHED,TALUKA. UMARKHED, DISTRICT. YAVATMAL. | RIVER PENGANGA NEAR WATER SUPPLY SCHEME OF UMARKHED MC BELKHED, UMARKHED, YAVATMAL",2016 2017 2018 2019 2021 2022 2023 2024,8,high,,,,Ambiguous / unresolved,MPCB_NEWNWMP,,Yavatmal,monthly,1
WQS1004,PURNA AT DHUPESHWAR,MAHARASHTRA,1913,"PURNA AT DHUPESHWAR | PURNA AT DHUPESHWAR, MALKAPUR, AKOLA | PURNA RIVER AT DHUPESHWAR AT D/S OF MANKAPUR DIST-BULDANA | RIVER PURNA AT DHUPESHWAR AT U/S OF MALKAPUR WATER WORKS, MALKAPUR, | RIVER PURNA AT DHUPESHWAR AT U/S OF MALKAPUR WATER WORKS, MALKAPUR, DIST.AKOLA | RIVER PURNA AT DHUPESHWAR, MALKAPUR, AKOLA",2016 2017 2018 2019 2021 2022 2023 2024,8,high,,21.0,77.216667,High,MPCB_NEWNWMP,,Akola,monthly,1
WQS1005,RANGAVALI D/S OF NAVAPUR,MAHARASHTRA,1907,"RANGAVALI D/S OF NAVAPUR | RANGAVALI D/S OF NAVAPUR, NANDURBAR | RANGAVALI RIVER AT D/S OF NAVAPUR NEAR RANGAVALI BRIDGE, VILLAGE-NAVAPUR, TALUKA-NAVAPUR, DISTRICT-NANDURBAR. | RIVER RANGAVALI AT D/S OF NAVAPUR NEAR RANGAVALI BRIDGE, VILLAGE- NAVAPUR, TALUKA-NAVAPUR, DISTRICT- NANDURBAR. | RIVER RANGAVALI AT D/S OF NAVAPUR NEAR RANGAVALI BRIDGE, VILLAGE-NAVAPUR, TALUKA-NAVAPUR, DISTRICT-NANDURBAR. | RIVER RANGAVALI D/S OF NAVAPUR, NANDURBAR",2016 2017 2018 2019 2021 2022 2023 2024,9,high,station listed twice in year with different values,21.163233,73.78685,High,MPCB_NEWNWMP,Tapi,Nandurbar,monthly,1
WQS1006,"RIEVR KRISHNA AT GANPATI GHAT, WAI, VILLAGE-WAI,TALUKA- WAI,DISTRICT- SATARA.",MAHARASHTRA,2190,"KRISHNA AT WAI | KRISHNA RIVER AT WAI, SATARA | KRISHNA RIVER AT WAI, VILLAGE- WAI,TALUKA-WAI,DISTRICT- SATARA. | KRISHNA RIVER AT WAI. | RIEVR KRISHNA AT GANPATI GHAT, WAI, VILLAGE- WAI,TALUKA-WAI,DISTRICT- SATARA. | RIEVR KRISHNA AT GANPATI GHAT, WAI, VILLAGE-WAI,TALUKA- WAI,DISTRICT- SATARA. | RIVER KRISHNA AT WAI, SATARA",2016 2017 2018 2019 2021 2022 2023 2024,8,high,,17.571733,74.0477,Medium,MPCB_NEWNWMP,Krishna,Satara,monthly,1
WQS1007,"RIVER BHIMA AFTER CONFLUENCE WITH MULA-MUTHA AT PARGAON NEAR VASANT BANDARA,VILLAGE-PARGAON,TALUKA- DAUND, DISTRICT- PUNE.",MAHARASHTRA,1191,"BHIMA AT PARGAON (A/CWITH MULE MARTHA) | BHIMA AT PARGAON (AFTER CONFL.WITH MULA MUTHA),PARGAON, DAUND, | BHIMA AT PARGAON (AFTER CONFL.WITH MULA MUTHA),PARGAON, DAUND, PUNE | BHIMA AT PARGAON (AFTER CONFL.WITH MULE MARTHA) . | BHIMA RIVER AFTER CONFLUENCE WITH MULA-MUTHA AT PARGAON NEAR VASANT BANDARA,VILLAGE-PARGAON,TALUKA- DAUND, DISTRICT- PUNE. | RIVER BHIMA AFTER CONFLUENCE WITH MULA-MUTHA AT PARGAON NEAR VASANT BANDARA,VILLAGE-PARGAON,TALUKA- DAUND, DISTRICT- PUNE. | RIVER BHIMA AT PARGAON (AFTER CONFL.WITH MULA MUTHA),PARGAON, DAUND, PUNE",2016 2017 2018 2019 2020 2021 2022 2023 2024,9,high,,18.5679,74.378017,High,MPCB_NEWNWMP,,Pune,monthly,1
WQS1008,"RIVER BHIMA AT NARSINGPUR NEAR SANGAM BRIDGE AFTER CONFLUENCE WITH NIRA, VILLAGE-NARSINGPUR, TALUKA-MALSHIRAS, DISTRICT- SOLAPUR.",MAHARASHTRA,1188,"BHIMA AT NARSINGHPUR, (D/S AF.CONFL.WITH R.NIRA) | BHIMA AT NARSINGHPUR, (D/S OF A/C WITH NIRA) | BHIMA AT NARSINGPUR, (D/S AF.CONFL.WITH R.NIRA), NARSINGPUR, MALSHIROS | BHIMA AT NARSINGPUR, (D/S AF.CONFL.WITH R.NIRA), NARSINGPUR, MALSHIROS, SOLAPUR | BHIMA RIVER AT NARSINGPUR NEAR SANGAM BRIDGE AFTER CONFLUENCE WITH NIRA, VILLAGE- NARSINGPUR, TALUKA- MALSHIROS, DISTRICT- SOLAPUR. | RIVER BHIMA AT NARSINGPUR NEAR SANGAM BRIDGE AFTER CONFLUENCE WITH NIRA, VILLAGE- NARSINGPUR, TALUKA-MALSHIRAS, DISTRICT- SOLAPUR. | RIVER BHIMA AT NARSINGPUR NEAR SANGAM BRIDGE AFTER CONFLUENCE WITH NIRA, VILLAGE-NARSINGPUR, TALUKA-MALSHIRAS, DISTRICT- SOLAPUR. | RIVER BHIMA AT NARSINGPUR, (D/S AF.CONFL.WITH R.NIRA), NARSINGPUR, MALSHIROS, SOLAPUR",2016 2017 2018 2019 2020 2021 2022 2023 2024,9,medium,,17.5,75.5,Medium,MPCB_NEWNWMP,,Solapur,monthly,1
WQS1009,"RIVER BHIMA AT PUNE (MUTHA RIVER) AT U/S OF VITHALWADI NEAR SHANKAR MANDIR, VILLAGE. VITHALWADI, TALUKA. HAWELI, DISTRICT. PUNE.",MAHARASHTRA,1189,"BHIMA AT PUNE U/S VITHALWADI | BHIMA AT PUNE U/S VITHALWADI, HAWELI, PUNE | BHIMA RIVER AT PUNE (MUTHA RIVER) AT U/S OF VITHALWADI NEAR SHANKAR MANDIR, VILLAGE- VITHALWADI, TALUKA- HAWELI, DISTRICT- PUNE. | BHIMA U/S VITHALWADI PUNE | RIVER BHIMA AT PUNE (MUTHA RIVER) AT U/S OF VITHALWADI NEAR SHANKAR MANDIR, VILLAGE. VITHALWADI, TALUKA. HAWELI, DISTRICT. PUNE. | RIVER BHIMA AT PUNE U/S VITHALWADI, HAWELI, PUNE",2016 2017 2018 2019 2020 2021 2022 2023 2024,9,high,,18.483533,73.8259,Medium,MPCB_NEWNWMP,,Pune,monthly,1
WQS1010,"RIVER BHIMA AT TAKLI, SOLAPUR, (MAHARASHTRA)",MAHARASHTRA,30046,"RIVER BHIMA AT TAKLI, SOLAPUR, (MAHARASHTRA)",2021 2022 2023,3,high,,,,Ambiguous / unresolved,,,,,1
WQS1011,"RIVER BURAI BEFORE CONFLUENCE TO TAPI RIVER, VILLAGE- MUKUDAS, TALUKA- DHULE, DISTRICT- DHULE.",MAHARASHTRA,2659,"BURAI B/C TO TAPI MUKUDAS, DHULE | BURAI RIVER BEFORE CONFLUECE TO TAPI RIVER, MUKUDAS, DHULE | RIVER BURAI BEFORE CONFLUECE TO TAPI RIVER, MUKUDAS, DHULE | RIVER BURAI BEFORE CONFLUENCE TO TAPI RIVER, VILLAGE- MUKUDAS, TALUKA- DHULE, DISTRICT- DHULE. | RIVER BURAI BEFORE CONFLUENCE TO TAPI RIVER, VILLAGE-MUKUDAS, TALUKA- DHULE,",2016 2019 2021 2022 2023 2024,6,high,,21.301283,75.796967,High,MPCB_NEWNWMP,,Dhule,monthly,1
WQS1012,"RIVER GIRNA AT MALEGAON ROAD BRIDGE, VILLAGE. MALEGAON, TALUKA. MALEGAON, DISTRICT. NASHIK.",MAHARASHTRA,1253,"GIRNA AT MALEGAON (MANMAD) | GIRNA AT MALEGAON (MANMAD), NASHIK | GIRNA RIVER AT MALEGAON ROAD BRIDGE, VILLAGE-MALEGAON, TALUKA-MALEGAON, DISTRICT- NASHIK. | RIVER GIRNA AT MALEGAON (MANMAD), NASHIK | RIVER GIRNA AT MALEGAON ROAD BRIDGE, VILLAGE. MALEGAON, TALUKA. MALEGAON, DISTRICT. NASHIK.",2016 2017 2018 2019 2021 2022 2023 2024,8,high,,20.5351,74.520333,High,MPCB_NEWNWMP,,Nashik,monthly,1
WQS1013,"RIVER GODAVARI AT BELUR,DHARMADABAD, NANDED (MAHARSHTRA)",MAHARASHTRA,30049,"RIVER GODAVARI AT BELUR,DHARMADABAD, NANDED | RIVER GODAVARI AT BELUR,DHARMADABAD, NANDED (MAHARSHTRA)",2021 2022 2023,3,high,,,,Ambiguous / unresolved,,Godavari,,,1
WQS1014,"RIVER GODAVARI AT D/S OF NASHIK NEAR AMARDHAM, VILLAGE- GADGEBABAMAHARAJ NAGAR, TALUKA - NASHIK, DISTRICT- NASHIK.",MAHARASHTRA,1209 | 1211,"GODAVARI AT NASIK D/S | GODAVARI AT NASIK D/S, GADGEBABA MAHARAJ NAGAR, NASHIK | GODAVARI AT NASIK D/S, MAHARASHTRA | GODAVARI RIVER AT D/S OF NASHIK NEAR AMARDHAM, VILLAGE- GADGEBABAMAHARAJ NAGAR, TALUKA - NASHIK, DISTRICT- NASHIK. | RIVER GODAVARI AT D/S OF NASHIK NEAR AMARDHAM, VILLAGE- GADGEBABAMAHARAJ NAGAR, TALUKA - NASHIK, DISTRICT- NASHIK. | RIVER GODAVARI AT D/S OF NASHIK NEAR AMARDHAM, VILLAGE-GADGEBABAMAHARAJ NAGAR, NASHIK, | RIVER GODAVARI AT NASIK D/S, GADGEBABA MAHARAJ NAGAR, NASHIK",2016 2017 2018 2019 2021 2022 2023 2024,8,high,,20.001817,73.797367,High,MPCB_NEWNWMP,Godavari,Nashik,monthly,2
WQS1015,"RIVER GODAVARI AT D/S OF PAITHAN AT PATHEGAON BRIDGE, VILLAGE- PATHEGAON, TALUKA- PAITHAN, DISTRICT- AURANGABAD.",MAHARASHTRA,2159,"GODAVARI RIVER AT D/S OF PAITHAN AT PATHEGAON BRIDGE | GODAVARI RIVER AT D/S OF PAITHAN AT PATHEGAON BRIDGE, PATHEGAON, PAITHAN, AURANGABAD | GODAVARI RIVER AT D/S OF PAITHAN AT PATHEGAON BRIDGE, VILLAGE- PATHEGAON, TALUKA-PAITHAN, DISTRICT-AURANGABAD. | GODAVARI RIVER AT D/S OF PAITHAN AT PATHEGAON BRIDGE. | RIVER GODAVARI AT D/S OF PAITHAN AT PATHEGAON BRIDGE, PATHEGAON, PAITHAN, AURANGABAD | RIVER GODAVARI AT D/S OF PAITHAN AT PATHEGAON BRIDGE, VILLAGE- PATHEGAON, TALUKA- PAITHAN, DISTRICT- AURANGABAD. | RIVER GODAVARI AT D/S OF PAITHAN AT PATHEGAON BRIDGE, VILLAGE- PATHEGAON, TALUKA- PAITHAN, DISTRICT-AURANGABAD.",2016 2017 2018 2019 2021 2022 2023 2024,8,medium,,19.480583,75.39725,High,MPCB_NEWNWMP,Godavari,Aurangabad,monthly,1
WQS1016,"RIVER GODAVARI AT HANUMAN GHAT, VILLAGE-NASHIK CITY, TALUKA- NASHIK, DISTRICT- NASHIK.",MAHARASHTRA,2179,"GODAVARI RIVER AT HANUMAN GHAT, NASHIK CITY | GODAVARI RIVER AT HANUMAN GHAT, NASHIK CITY, NASHIK | GODAVARI RIVER AT HANUMAN GHAT, NASHIK CITY. | RIVER GODAVARI AT HANUMAN GHAT, NASHIK CITY, NASHIK | RIVER GODAVARI AT HANUMAN GHAT, VILLAGE- NASHIK CITY, TALUKA- NASHIK, DISTRICT- NASHIK. | RIVER GODAVARI AT HANUMAN GHAT, VILLAGE-NASHIK CITY, TALUKA- NASHIK, DISTRICT- NASHIK.",2016 2017 2019 2021 2022 2023 2024,7,high,,20.0091,73.783667,High,MPCB_NEWNWMP,Godavari,Nashik,monthly,1
WQS1017,"RIVER GODAVARI AT JALNA INTAKE WATER PUMP HOUSE, VILLAGE- SHAHABAD, TALUKA- AMBAD, DISTRICT- JALNA.",MAHARASHTRA,2161,"GODAVARI AT JALNA INTAKE WATER PUMP HOUSE, SHAHABAD | GODAVARI RIVER AT JALNA INTAKE WATER PUMP HOUSE, SHAHABAD, AMBAD, JALNA | GODAVARI RIVER AT JALNA INTAKE WATER PUMP HOUSE, VILLAGE- SHAHABAD, TALUKA- AMBAD, DISTRICT- JALNA. | RIVER GODAVARI AT JALNA INTAKE WATER PUMP HOUSE, SHAHABAD, AMBAD, JALNA | RIVER GODAVARI AT JALNA INTAKE WATER PUMP HOUSE, VILLAGE- SHAHABAD, TALUKA- AMBAD, DISTRICT- JALNA. | RIVER GODAVARI AT JALNA INTAKE WATER PUMP HOUSE, VILLAGE-SHAHABAD, TALUKA- AMBAD, DISTRICT-JALNA.",2016 2018 2019 2021 2022 2023 2024,7,high,,19.356533,75.7145,High,MPCB_NEWNWMP,Godavari,Jalna,monthly,1
WQS1018,"RIVER GODAVARI AT KAPILA- GODAVARI CONFLUENCE POINT, VILLAGE- TAPOVAN, TALUKA- NASHIK, DISTRICT-NASHIK.",MAHARASHTRA,2158 | 2181,"GODAVARI RIVER AT KAPILA GODAVARI CONFLUENCE POINT, TAPOVAN. | GODAVARI RIVER AT KAPILA- GODAVARI CONFLUENCE POINT, VILLAGE- TAPOVAN, TALUKA- NASHIK, DISTRICT- NASHIK. | GODAVARI RIVER AT KAPILA-GODAVARI CONFLUENCE POINT, TAPOVAN | GODAVARI RIVER AT KAPILA-GODAVARI CONFLUENCE POINT, TAPOVAN, NASHIK | RIVER GODAVARI AT KAPILA- GODAVARI CONFLUENCE POINT, TAPOVAN, NASHIK | RIVER GODAVARI AT KAPILA- GODAVARI CONFLUENCE POINT, VILLAGE- TAPOVAN, | RIVER GODAVARI AT KAPILA- GODAVARI CONFLUENCE POINT, VILLAGE- TAPOVAN, TALUKA- NASHIK, DISTRICT-NASHIK.",2016 2017 2018 2019 2021 2022 2023 2024,8,high,,20.0002,73.815233,High,MPCB_NEWNWMP,Godavari,Nashik,monthly,2
WQS1019,"RIVER GODAVARI AT LATUR WATER INTAKE NEAR PUMP HOUSE. VILLAGE. DHAMEGAON, TALUKA. KALUMB, DISTRICT. OSMANABAD.",MAHARASHTRA,2157,"GODAVARI AT LATUR WATER INTAKE NEAR PUMP HOUSE AT DHAMEGAON | GODAVARI RIVER AT LATUR WATER INTAKE NEAR PUMP HOUSE AT DHAMEGAON, KALUMB, OSMANABAD | GODAVARI RIVER AT LATUR WATER INTAKE NEAR PUMP HOUSE AT DHAMEGAON. | GODAVARI RIVER AT LATUR WATER INTAKE NEAR PUMP HOUSE. VILLAGE-DHAMEGAON, TALUKA- KALUMB, DISTRICT-OSMANABAD. | RIVER GODAVARI AT LATUR WATER INTAKE NEAR PUMP HOUSE AT DHAMEGAON, KALUMB, OSMANABAD | RIVER GODAVARI AT LATUR WATER INTAKE NEAR PUMP HOUSE. VILLAGE. DHAMEGAON, TALUKA. KALUMB, DISTRICT. OSMANABAD.",2016 2017 2018 2019 2021 2022 2023 2024,8,high,,18.55405,76.148317,Medium,MPCB_NEWNWMP,Godavari,Osmanabad,monthly,1
WQS1020,"RIVER GODAVARI AT RAHER, VILLAGE.RAHER, TALUKA. NAYAGAON, DISTRICT. NANDED.",MAHARASHTRA,1209,"GODAVARI AT RAHER | GODAVARI AT RAHER, NAYAGAON, NANDED | GODAVARI RIVER AT RAHER, VILLAGE-RAHER, TALUKA-NAYAGAON, DISTRICT-NANDED. | RIVER GODAVARI AT RAHER, NAYAGAON, NANDED | RIVER GODAVARI AT RAHER, VILLAGE.RAHER, TALUKA. NAYAGAON, DISTRICT. NANDED.",2016 2017 2018 2019 2021 2022 2023 2024,8,medium,,18.89635,77.677667,Medium,MPCB_NEWNWMP,Godavari,Nanded,monthly,1
WQS1021,"RIVER GODAVARI AT RAMKUND, VILLAGE-PANCHAVATI, TALUKA- NASHIK, DISTRICT- NASHIK.",MAHARASHTRA,1096,"GODAVARI AT PANCHAVATI AT RAMKUND | GODAVARI AT PANCHAVATI AT RAMKUND, MAHARASHTRA | GODAVARI AT PANCHAVATI AT RAMKUND,NASHIK | GODAVARI RIVER AT RAMKUND, VILLAGE-PANCHAVATI, TALUKA- NASHIK, DISTRICT- NASHIK. | RIVER GODAVARI AT PANCHAVATI AT RAMKUND,NASHIK | RIVER GODAVARI AT RAMKUND, VILLAGE-PANCHAVATI, NASHIK, | RIVER GODAVARI AT RAMKUND, VILLAGE-PANCHAVATI, TALUKA- NASHIK, DISTRICT- NASHIK.",2016 2017 2018 2019 2021 2022 2023 2024,8,high,,20.008033,73.792367,High,MPCB_NEWNWMP,Godavari,Nashik,monthly,1
WQS1022,"RIVER GODAVARI AT SAIKHEDA VILLAGE, VILLAGE-SAIKHEDA, TALUKA- NIPHAD, DISTRICT- NASHIK.",MAHARASHTRA,2182,"GODAVARI RIVER AT SAIKHEDA | GODAVARI RIVER AT SAIKHEDA VILLAGE, VILLAGE- SAIKHEDA, TALUKA- NIPHAD, DISTRICT- NASHIK. | GODAVARI RIVER AT SAIKHEDA, NIPHAD, NASHIK | GODAVARI RIVER AT SAIKHEDA. | RIVER GODAVARI AT SAIKHEDA VILLAGE, VILLAGE- SAIKHEDA, TALUKA- NIPHAD, | RIVER GODAVARI AT SAIKHEDA VILLAGE, VILLAGE-SAIKHEDA, TALUKA- NIPHAD, DISTRICT- NASHIK. | RIVER GODAVARI AT SAIKHEDA, NIPHAD, NASHIK",2016 2017 2018 2019 2021 2022 2023 2024,8,high,,20.014317,74.005833,High,MPCB_NEWNWMP,Godavari,Nashik,monthly,1
WQS1023,"RIVER GODAVARI AT U/S OF AURANGABAD RESERVOIR,KAIGAON TOKKA NEAR KAIGAON BRIDGE,VILLAGE- KAIGAON,TALUKA- GANGAPUR, DISTRICT- AURANGABAD.",MAHARASHTRA,2160,"GODAVARI RIVER AT U/S OF AURANGABAD RESERVOIR, KAIGAON TOKKA NEAR KAIGAON BRIDGE,KAIGAON, GANGAPUR, AURANGABAD | GODAVARI RIVER AT U/S OF AURANGABAD RESERVOIR, KAIGAON TOKKA NEAR KAIGAON BRIDGE. | GODAVARI RIVER AT U/S OF AURANGABAD RESERVOIR,KAIGAON TOKKA NEAR KAIGAON BRIDGE,VILLAGE-KAIGAON,TALUKA-GANGAPUR,DISTRICT-AURANGABAD. | RIVER GODAVARI AT U/S OF AURANGABAD RESERVOIR, KAIGAON TOKKA NEAR KAIGAON BRIDGE,KAIGAON, GANGAPUR, AURANGABAD | RIVER GODAVARI AT U/S OF AURANGABAD RESERVOIR,KAIGAON TOKKA NEAR KAIGAON BRIDGE,VILLAGE- KAIGAON,TALUKA- GANGAPUR, DISTRICT- AURANGABAD. | RIVER GODAVARI AT U/S OF AURANGABAD RESERVOIR,KAIGAON TOKKA NEAR KAIGAON BRIDGE,VILLAGE-KAIGAON,TALUKA-GANGAPUR, DISTRICT- AURANGABAD.",2017 2018 2019 2021 2022 2023 2024,7,medium,,,,Ambiguous / unresolved,ESRI_LIVINGATLAS_TS_2020_2025:CPCB,Godavari,Aurangabad,,1
WQS1024,"RIVER GODAVARI AT U/S OF GANGAPUR DAM, VILLAGE-GANGAPUR,TALUKA- NASHIK, DISTRICT- NASHIK.",MAHARASHTRA,1095,"GODAVARI AT U/S OF GANGAPUR DAM, NASHIK | GODAVARI AT U/S OF GANGAPUR DAM, NASIK | GODAVARI AT U/S OF GANGAPUR DAM, NASIK, MAHARASHTRA | RIVER GODAVARI AT U/S OF GANGAPUR DAM, NASHIK | RIVER GODAVARI AT U/S OF GANGAPUR DAM, VILLAGE- GANGAPUR, NASHIK, | RIVER GODAVARI AT U/S OF GANGAPUR DAM, VILLAGE-GANGAPUR,TALUKA- NASHIK, DISTRICT- NASHIK.",2016 2017 2019 2021 2022 2023 2024,7,high,,20.04,73.679183,High,MPCB_NEWNWMP,Godavari,Nashik,monthly,1
WQS1025,"RIVER GODAVARI AT U/S OF PAITHAN AT PAITHAN INTAKE PUMP HOUSE, VILLAGE- JAYAKWADI, TALUKA-PAITHAN, DISTRICT- AURANGABAD.",MAHARASHTRA,2158,"GODAVARI RIVER AT U/S OF PAITHAN AT PAITHAN INTAKE PUMP HOUSE AT JAYAKWADI | GODAVARI RIVER AT U/S OF PAITHAN AT PAITHAN INTAKE PUMP HOUSE AT JAYAKWADI . | GODAVARI RIVER AT U/S OF PAITHAN AT PAITHAN INTAKE PUMP HOUSE AT JAYAKWADI, PAITHAN, AURANGABAD | GODAVARI RIVER AT U/S OF PAITHAN AT PAITHAN INTAKE PUMP HOUSE, VILLAGE- JAYAKWADI, TALUKA- PAITHAN, DISTRICT- AURANGABAD. | RIVER GODAVARI AT U/S OF PAITHAN AT PAITHAN INTAKE PUMP HOUSE AT JAYAKWADI, PAITHAN, AURANGABAD | RIVER GODAVARI AT U/S OF PAITHAN AT PAITHAN INTAKE PUMP HOUSE, VILLAGE- JAYAKWADI, TALUKA-PAITHAN, DISTRICT- AURANGABAD. | RIVER GODAVARI AT U/S OF PAITHAN AT PAITHAN INTAKE PUMP HOUSE, VILLAGE-JAYAKWADI, TALUKA- PAITHAN,",2016 2017 2018 2019 2021 2022 2023 2024,8,medium,,19.514783,75.374283,High,MPCB_NEWNWMP,Godavari,Aurangabad,monthly,1
WQS1026,"RIVER GODAVARI NEAR SOMESHWAR TEMPLE, VILLAGE- SOMESHWAR, TALUKA- NASHIK, DISTRICT- NASHIK.",MAHARASHTRA,2177,"GODAVARI RIVER NEAR SOMESHWAR TEMPLE | GODAVARI RIVER NEAR SOMESHWAR TEMPLE, SOMESHWAR, NASHIK | GODAVARI RIVER NEAR SOMESHWAR TEMPLE. | RIVER GODAVARI NEAR SOMESHWAR TEMPLE, SOMESHWAR, NASHIK | RIVER GODAVARI NEAR SOMESHWAR TEMPLE, VILLAGE- SOMESHWAR, TALUKA- NASHIK, DISTRICT- NASHIK. | RIVER GODAVARI NEAR SOMESHWAR TEMPLE, VILLAGE- SOMESHWAR, TALUKA- NASHIK, DISTRICT-NASHIK.",2016 2017 2019 2021 2022 2023 2024,7,high,,20.023183,73.729,High,MPCB_NEWNWMP,Godavari,Nashik,monthly,1
WQS1027,"RIVER INDRAYANI AT D/S OF ALANDIGAON, VILLAGE. ALANDIGAON, TALUKA. HAWELI, DISTRICT. PUNE.",MAHARASHTRA,2197,"INDRAYANI RIVER AT D/S OF ALANDIGAON, HAWELI,PUNE | INDRAYANI RIVER AT D/S OF ALANDIGAON, PUNE | INDRAYANI RIVER AT D/S OF ALANDIGAON, VILLAGE-ALANDIGAON, TALUKA- HAWELI, DISTRICT- PUNE. | INDRAYANID/S OF ALANDIGAON, PUNE | RIVER INDRAYANI AT D/S OF ALANDIGAON, HAWELI,PUNE | RIVER INDRAYANI AT D/S OF ALANDIGAON, VILLAGE. ALANDIGAON, TALUKA. HAWELI, DISTRICT. PUNE.",2016 2017 2018 2019 2021 2022 2023 2024,8,high,,18.657133,73.91,High,MPCB_NEWNWMP,,Pune,monthly,1
WQS1028,"RIVER INDRAYANI AT U/S OF MOSHIGAON,VILLAGE-MOSHI, TALUKA- HAWELI, DISTRICT- PUNE.",MAHARASHTRA,2669,"INDRAYANI RIVER AT U/S OF MOSHIGAON, HAWELI, PUNE | INDRAYANI RIVER AT U/S OF MOSHIGAON,VILLAGE- MOSHI, TALUKA- HAWELI, . | INDRAYANI U/S OF MOSHIGAON, HAWELI, PUNE | RIVER INDRAYANI AT U/S OF MOSHIGAON, HAWELI, PUNE | RIVER INDRAYANI AT U/S OF MOSHIGAON,VILLAGE-MOSHI, TALUKA- HAWELI, DISTRICT- PUNE.",2016 2017 2018 2019 2021 2022 2023 2024,8,high,,18.68885,73.84655,High,MPCB_NEWNWMP,,Pune,monthly,1
WQS1029,"RIVER KANHAN AT D/S OF M/S VIDARBHA PAPER MILLS, VILLAGE- SINORA, TALUKA- PARSEONI, DISTRICT-NAGPUR.",MAHARASHTRA,2171,"KANHAN D/S OF M/S VIDHARBHA PAPER MILL, SINORA | KANHAN RIVER AT D/S OF M/S VIDARBHA PAPER MILLS, VILLAGE-SINORA, TALUKA- PARSEONI, DISTRICT- NAGPUR. | KANHAN RIVER D/S OF M/S VIDHARBHA PAPER MILL, SINORA, PARSEONI, NAGPUR | KANHAN RIVER D/S OF M/S VIDHARBHA PAPER MILL, SINORA. | RIVER KANHAN AT D/S OF M/S VIDARBHA PAPER MILLS, VILLAGE- SINORA, TALUKA- PARSEONI, DISTRICT-NAGPUR. | RIVER KANHAN AT D/S OF M/S VIDARBHA PAPER MILLS, VILLAGE- SINORA, TALUKA-PARSEONI, NAGPUR. | RIVER KANHAN D/S OF M/S VIDHARBHA PAPER MILL, SINORA, PARSEONI, NAGPUR",2016 2017 2018 2019 2021 2022 2023 2024,8,high,,21.209583,79.236717,High,MPCB_NEWNWMP,,Nagpur,monthly,1
WQS1030,"RIVER KANHAN AT U/S OF M/S VIDARBHA PAPER MILLS, VILLAGE- SINORA, TALUKA- PARSEONI, DISTRICT-NAGPUR.",MAHARASHTRA,2170,"KANHAN RIVER AT U/S OF M/S VIDARBHA PAPER MILLS, VILLAGE-SINORA, TALUKA- PARSEONI, DISTRICT- NAGPUR. | KANHAN RIVER U/S OF M/S VIDHARBHA PAPER MILL, SINORA, PARSEONI, NAGPUR | KANHAN RIVER U/S OF M/S VIDHARBHA PAPER MILL, SINORA. | KANHAN U/S OF M/S VIDHARBHA PAPER MILL, SINORA | RIVER KANHAN AT U/S OF M/S VIDARBHA PAPER MILLS, VILLAGE- SINORA, TALUKA- PARSEONI, DISTRICT-NAGPUR. | RIVER KANHAN AT U/S OF M/S VIDARBHA PAPER MILLS, VILLAGE- SINORA, TALUKA- PARSEONI, NAGPUR. | RIVER KANHAN U/S OF M/S VIDHARBHA PAPER MILL, SINORA, PARSEONI, NAGPUR",2016 2017 2018 2019 2021 2022 2023 2024,8,high,,21.211317,79.23545,High,MPCB_NEWNWMP,,Nagpur,monthly,1
WQS1031,"RIVER KOLAR BEFORE CONFLUENCE WITH KANHAN RIVER AT WAREGAON BRIDGE, VILLAGE- WAREGAON, TALUKA-KAMPTEE, DISTRICT -NAGPUR.",MAHARASHTRA,1908,"KOLAR B/C TO KANHAN AT KAMPTEE | KOLAR BEFORE CONFLUENCE TO KANHAN AT KAMPTEE | KOLAR BEFORE CONFLUENCE TO KANHAN AT WAREGAON, KAMPTEE, NAGPUR | KOLAR RIVER BEFORE CONFLUENCE WITH KANHAN RIVER AT WAREGAON BRIDGE, VILLAGE-WAREGAON, TALUKA-KAMPTEE, DISTRICT-NAGPUR. | RIVER KOLAR BEFORE CONFLUENCE TO KANHAN AT WAREGAON, KAMPTEE, NAGPUR | RIVER KOLAR BEFORE CONFLUENCE WITH KANHAN RIVER AT WAREGAON BRIDGE, VILLAGE- WAREGAON, TALUKA-KAMPTEE, DISTRICT -NAGPUR. | RIVER KOLAR BEFORE CONFLUENCE WITH KANHAN RIVER AT WAREGAON BRIDGE, VILLAGE- WAREGAON, TALUKA-KAMPTEE, NAGPUR.",2016 2017 2018 2019 2021 2022 2023 2024,8,medium,,21.216667,79.2,Medium,MPCB_NEWNWMP,,Nagpur,monthly,1
WQS1032,"RIVER KOYNA AT KARAD, VILLAGE- KARAD,TALUKA-KARAD, DISTRICT- SATARA.",MAHARASHTRA,2189,"KOYNA AT KARAD. | KOYNA RIVER AT KARAD, SATARA | KOYNA RIVER AT KARAD, VILLAGE- KARAD,TALUKA- KARAD, DISTRICT-SATARA. | KOYNA RIVER AT KARAD. | RIVER KOYNA AT KARAD, SATARA | RIVER KOYNA AT KARAD, VILLAGE- KARAD,TALUKA- KARAD, DISTRICT- SATARA. | RIVER KOYNA AT KARAD, VILLAGE- KARAD,TALUKA-KARAD, DISTRICT- SATARA.",2016 2017 2018 2019 2021 2022 2023 2024,8,high,,17.2778,74.175467,High,MPCB_NEWNWMP,,Satara,monthly,1
WQS1033,"RIVER KRISHNA AT RAJAPUR WEIR, VILLAGE. RAJAPUR, TALUKA. SHIROL, DISTRICT. KOLHAPUR.",MAHARASHTRA,1153,"KRISHNA AT RAJAPUR WEIR | KRISHNA AT RAJAPUR WEIR, RAJAPUR, SHIROL, KOHLAPUR | KRISHNA RIVER AT RAJAPUR WEIR, VILLAGE- RAJAPUR, TALUKA- SHIROL, DISTRICT- KOLHAPUR. | RIVER KRISHNA AT RAJAPUR WEIR, RAJAPUR, SHIROL, KOHLAPUR | RIVER KRISHNA AT RAJAPUR WEIR, VILLAGE. RAJAPUR, TALUKA. SHIROL, DISTRICT. KOLHAPUR.",2016 2017 2018 2019 2021 2022 2023 2024,8,high,,16.628617,74.664883,Medium,MPCB_NEWNWMP,Krishna,Kolhapur,monthly,1
WQS1034,"RIVER KRISHNA AT WALWA, D/S OF ISLAMPUR NEAR VITHAL TEMPLE, VILLAGE- WALWA, TALUKA- WALWA, DISTRICT- SANGLI.",MAHARASHTRA,1906,"KRISHNA D/S ISLAMPUR | KRISHNA D/S OF ISLAMPUR | KRISHNA D/S OF ISLAMPUR, WALWA, SANGLI | KRISHNA RIVER AT WALWA, D/S OF ISLAMPUR NEAR VITHAL TEMPLE, VILLAGE- WALWA, TALUKA- WALWA, DISTRICT- SANGLI. | RIVER KRISHNA AT WALWA, D/S OF ISLAMPUR NEAR VITHAL TEMPLE, VILLAGE- WALWA, TALUKA- WALWA, DISTRICT- SANGLI. | RIVER KRISHNA D/S OF ISLAMPUR, WALWA, SANGLI",2016 2017 2018 2019 2021 2022 2023 2024,8,high,,17.0279,74.36885,High,MPCB_NEWNWMP,Krishna,Sangli,monthly,1
WQS1035,RIVER MORNA D/S OF RAILWAY BRIDGE AKOLA,MAHARASHTRA,2675,"MORNA D/S RAILWAY BRIDGE, AKOLA | MORNA RIVER AT D/S RAILWAY BRIDGE, AKOLA | MORNA RIVER AT D/S RAILWAY BRIDGE, AKOLA, AKOLA , AKOLA | MORNA RIVER D/S OF RAILWAY BRIDGE AKOLA | RIVER MORNA AT D/S RAILWAY BRIDGE, AKOLA | RIVER MORNA D/S OF RAILWAY BRIDGE AKOLA",2016 2017 2018 2019 2021 2022 2023 2024,8,high,,20.150267,77.560367,High,MPCB_NEWNWMP,,Akola,monthly,1
WQS1036,"RIVER MULA AT HARRISON BRIDGE NEAR MULA-PAWANA SANGAM, VILLAGE- BOPODI,TALUKA- HAWELI, DISTRICT- PUNE.",MAHARASHTRA,2194,"MULA AT HARRISON BRIDGE NEAR MULA- PAWANA SANGAM | MULA RIVER AT HARRISON BRIDGE NEAR MULA PAWANA SANGAM. | MULA RIVER AT HARRISON BRIDGE NEAR MULA-PAWANA SANGAM, BOPODI, HAWELI, | MULA RIVER AT HARRISON BRIDGE NEAR MULA-PAWANA SANGAM, VILLAGE- BOPODI,TALUKA- HAWELI, . | RIVER MULA AT HARRISON BRIDGE NEAR MULA- PAWANA SANGAM, BOPODI, HAWELI, PUNE | RIVER MULA AT HARRISON BRIDGE NEAR MULA-PAWANA SANGAM, VILLAGE- BOPODI,TALUKA- HAWELI, DISTRICT- PUNE.",2016 2017 2018 2019 2021 2022 2023 2024,8,high,,18.574367,73.83565,High,MPCB_NEWNWMP,,Pune,monthly,1
WQS1037,"RIVER MULA-MUTHA AT D/S OF THEUR, VILLAGE. THEUR, TALUKA. HAWELI, DISTRICT. PUNE.",MAHARASHTRA,2677,"MULA-MUTHA D/S OF THEUR, HAWELI, PUNE | MULA-MUTHA RIVER AT D/S OF THEUR, HAWELI, PUNE | MULA-MUTHA RIVER AT D/S OF THEUR, VILLAGE- THEUR, TALUKA- HAWELI, | MULAMUTHA RIVER AT D/S OF THEUR, HAWELI, PUNE | RIVER MULA-MUTHA AT D/S OF THEUR, HAWELI, PUNE | RIVER MULA-MUTHA AT D/S OF THEUR, VILLAGE. THEUR, TALUKA. HAWELI, DISTRICT. PUNE.",2016 2017 2018 2019 2021 2022 2023 2024,8,high,,18.530767,74.34825,Medium,MPCB_NEWNWMP,,Pune,monthly,1
WQS1038,"RIVER MULA-MUTHA AT MUNDHAWA BRIDGE,VILLAGE-MUNDHAWA,TALUKA- HAWELI,DISTRICT- PUNE.",MAHARASHTRA,2192,"MULA - MUTHA RIVER AT MUNDHAWA BRIDGE,VILLAGE- MUNDHAWA,TALUKA- HAWELI, | MULA-MUTHA AT MUNDHAWA BRIDGE | MULA-MUTHA RIVER AT MUNDHAWA BRIDGE, MUNTHAWA,HAWELI, PUNE | MULAMUTHA RIVER AT MUNDHAWA BRIDGE. | RIVER MULA-MUTHA AT MUNDHAWA BRIDGE, MUNTHAWA,HAWELI, PUNE | RIVER MULA-MUTHA AT MUNDHAWA BRIDGE,VILLAGE- MUNDHAWA,TALUKA-HAWELI,DISTRICT- PUNE. | RIVER MULA-MUTHA AT MUNDHAWA BRIDGE,VILLAGE-MUNDHAWA,TALUKA- HAWELI,DISTRICT- PUNE.",2016 2017 2018 2019 2021 2022 2023 2024,8,high,,18.536767,73.933583,High,MPCB_NEWNWMP,,Pune,monthly,1
WQS1039,"RIVER MUTHA AT DECCAN BRIDGE, VILLAGE-DECCAN,TALUKA- PUNE, DISTRICT- PUNE.",MAHARASHTRA,2679,"MUTHA AT DECCAN BRIDGE, DECCAN, PUNE | MUTHA RIVER AT DECCAN BRIDGE, DECCAN, PUNE | MUTHA RIVER AT DECCAN BRIDGE, VILLAGE- DECCAN,TALUKA- PUNE, DISTRICT- PUNE. | RIVER MUTHA AT DECCAN BRIDGE, DECCAN, PUNE | RIVER MUTHA AT DECCAN BRIDGE, VILLAGE-DECCAN,TALUKA- PUNE, DISTRICT- PUNE.",2016 2017 2018 2019 2021 2022 2023 2024,8,high,,18.515167,73.844617,High,MPCB_NEWNWMP,,Pune,monthly,1
WQS1040,"RIVER MUTHA AT SANGAM BRIDGE NEAR GANAPATHYGHAT, VILLAGE . SHIVAJI NAGAR, TALUKA. PUNE, DISTRICT. PUNE.",MAHARASHTRA,2191,"MUTHA AT SANGAM BRIDGE NEAR GANAPATHY GHAT | MUTHA RIVER AT SANGAM BRIDGE NEAR GANAPATHY GHAT, SHIVAJINAGAR, PUNE | MUTHA RIVER AT SANGAM BRIDGE NEAR GANAPATHY GHAT. | MUTHA RIVER AT SANGAM BRIDGE NEAR GANAPATHYGHAT, VILLAGE - SHIVAJI NAGAR, TALUKA- PUNE, DISTRICT- PUNE. | RIVER MUTHA AT SANGAM BRIDGE NEAR GANAPATHY GHAT, SHIVAJINAGAR, PUNE | RIVER MUTHA AT SANGAM BRIDGE NEAR GANAPATHYGHAT, VILLAGE . SHIVAJI NAGAR, TALUKA. PUNE, DISTRICT. PUNE. | RIVER MUTHA AT SANGAM BRIDGE NEAR GANAPATHYGHAT, VILLAGE. SHIVAJI NAGAR, TALUKA. PUNE, DISTRICT. PUNE.",2016 2017 2018 2019 2021 2022 2023 2024,8,high,,18.53025,73.861033,High,MPCB_NEWNWMP,,Pune,monthly,1
WQS1041,"RIVER NIRA AT SAROLA BRIDGE, VILLAGE- SAROLA, TALUKA-BHOR, DISTRICT- PUNE.",MAHARASHTRA,1463,"NIRA AT SAROLA BDG.ON PUNE-BANGLORE HIGHWAY, SAROLA, BHOR, PUNE | NIRA AT SAROLE BDG.ON PUNE-BANGLORE HIGHWAY | NIRA AT SAROLE BDG.ON PUNEBANGLORE HIGHWAY | NIRA RIVER AT SAROLA BRIDGE, VILLAGE- SAROLA, TALUKA-BHOR, | RIVER NIRA AT SAROLA BDG.ON PUNE-BANGLORE HIGHWAY, SAROLA, BHOR, PUNE | RIVER NIRA AT SAROLA BRIDGE, VILLAGE- SAROLA, TALUKA-BHOR, DISTRICT- PUNE. | RIVER NIRA AT SAROLA BRIDGE, VILLAGE- SAROLA, TALUKA-BHOR, DISTRICT-PUNE.",2016 2017 2018 2019 2021 2022 2023 2024,8,high,,18.176467,73.954783,High,MPCB_NEWNWMP,,Pune,monthly,1
WQS1042,"RIVER PAWANA AT DAPODI BRIDGE, AT PAWANA-MULLA SANGAM, VILLAGE- DAPODI, TALUKA- HAWELI, DISTRICT- PUNE.",MAHARASHTRA,2691,"PAWANA AT DAPODI BRIDGE AT PAWANA-MULLA SANGAM, DAPODI, HAWELI, PUNE | PAWANA RIVER AT DAPODI BRIDGE AT PAWANA-MULLA SANGAM, DAPODI, HAWELI, PUNE | PAWANA RIVER AT DAPODI BRIDGE AT PAWANAMULLA SANGAM, DAPODI, HAWELI, PUNE | PAWANA RIVER AT DAPODI BRIDGE, AT PAWANA- MULLA SANGAM, VILLAGE- DAPODI, TALUKA- HAWELI, DISTRICT- PUNE. | RIVER PAWANA AT DAPODI BRIDGE AT PAWANA-MULLA SANGAM, DAPODI, HAWELI, PUNE | RIVER PAWANA AT DAPODI BRIDGE, AT PAWANA-MULLA SANGAM, VILLAGE- DAPODI, TALUKA- HAWELI, DISTRICT- PUNE.",2016 2017 2018 2019 2021 2022 2023 2024,8,high,,18.573817,73.831817,High,MPCB_NEWNWMP,,Pune,monthly,1
WQS1043,"RIVER PAWANA AT RAVET WEIR, VILLAGE. RAVET, TALUKA. HAWELI, DISTRICT. PUNE.",MAHARASHTRA,2692,"PAWANA AT RAVET WEIR, RAVET, HAWELI, PUNE | PAWANA RIVER AT RAVET WEIR, RAVET, HAWELI, PUNE | PAWANA RIVER AT RAVET WEIR, VILLAGE- RAVET, TALUKA- HAWELI, DISTRICT- PUNE. | RIVER PAWANA AT RAVET WEIR, RAVET, HAWELI | RIVER PAWANA AT RAVET WEIR, VILLAGE. RAVET, TALUKA. HAWELI, DISTRICT. PUNE.",2016 2017 2018 2019 2021 2022 2023 2024,8,high,,18.639567,73.747783,High,MPCB_NEWNWMP,,Pune,monthly,1
WQS1044,"RIVER PAWANA AT SANGAVIGAON, VILLAGE-SANGAVIGAON, TALUKA- HAWELI, DISTRICT- PUNE.",MAHARASHTRA,2196,"PAWANA AT SANGAVIGAON, PUNE | PAWANA RIVER AT SANGAVIGAON, HAWELI PUNE. | PAWANA RIVER AT SANGAVIGAON, PUNE. | PAWANA RIVER AT SANGAVIGAON, VILLAGE- SANGAVIGAON, TALUKA- HAWELI, DISTRICT- PUNE. | RIVER PAWANA AT SANGAVIGAON, HAWELI PUNE. | RIVER PAWANA AT SANGAVIGAON, VILLAGE-SANGAVIGAON, TALUKA- HAWELI, DISTRICT- PUNE. | RIVER PAWANA AT SANGAVIGAON, VILLAGE-SANGAVIGAON, TALUKA-HAWELI, DISTRICT- PUNE.",2016 2017 2018 2019 2021 2022 2023 2024,8,high,,18.575667,73.825583,Medium,MPCB_NEWNWMP,,Pune,monthly,1
WQS1045,"RIVER PEDHI NEAR ROAD BRIDGE AT DADHI- PEDHI VILLAGE, VILLAGE- DADHI- PEDHI, TALUKA- BHATKULI, DISTRICT- AMRAVATI.",MAHARASHTRA,2695,"PEDHI NEAR ROAD BRIDGE AT DADHI-PEDHI VILLAGE, BHATKULI, AMRAVATI | PEDHI RIVER NEAR ROAD BRIDGE AT DADHI- PEDHI VILLAGE, VILLAGE-DADHI- PEDHI, TALUKA- BHATKULI, DISTRICT- AMRAVATI. | PEDHI RIVER NEAR ROAD BRIDGE AT DADHI-PEDHI VILLAGE, BHATKULI, | PEDHI RIVER NEAR ROAD BRIDGE AT DADHIPEDHI VILLAGE, BHATKULI, AMRAVATI | RIVER PEDHI NEAR ROAD BRIDGE AT DADHI- PEDHI VILLAGE, VILLAGE- DADHI- PEDHI, TALUKA- BHATKULI, DISTRICT- AMRAVATI. | RIVER PEDHI NEAR ROAD BRIDGE AT DADHI- PEDHI VILLAGE, VILLAGE-DADHI- PEDHI, TALUKA- BHATKULI, DISTRICT- AMRAVATI. | RIVER PEDHI NEAR ROAD BRIDGE AT DADHI-PEDHI VILLAGE, BHATKULI, AMRAVATI",2016 2017 2018 2019 2021 2022 2023 2024,8,high,,20.825533,77.56305,High,MPCB_NEWNWMP,,Amravati,monthly,1
WQS1046,"RIVER PENGANGA AT MEHKAR -BULDANA ROAD BRIDGE, VILLAGE-MEHKAR, TALUKA-MEHKAR,DISTRICT-AKOLA.",MAHARASHTRA,2699,"PENGANGA AT MEHKAR-BULDANA ROAD BRIDGE, MEHKAR, BULDANA | PENGANGA RIVER AT MEHKAR - BULDANA BRIDGE-AKOLA | PENGANGA RIVER AT MEHKAR-BULDANA ROAD BRIDGE, MEHKAR, BULDANA | PENGANGA RIVER AT MEHKARBULDANA ROAD BRIDGE, MEHKAR, BULDANA | RIVER PENGANGA AT MEHKAR -BULDANA ROAD BRIDGE, VILLAGE-MEHKAR, TALUKA-MEHKAR, AKOLA. | RIVER PENGANGA AT MEHKAR -BULDANA ROAD BRIDGE, VILLAGE-MEHKAR, TALUKA-MEHKAR,DISTRICT-AKOLA. | RIVER PENGANGA AT MEHKAR-BULDANA ROAD BRIDGE, MEHKAR, BULDANA",2016 2017 2018 2019 2021 2022 2023 2024,8,high,,20.150167,76.560417,High,MPCB_NEWNWMP,,Buldana,monthly,1
WQS1047,"RIVER PENGANGA D/S OF ISAPUR DAM, VILLAGE-ISAPUR,TALUKA- PUSAD, DISTRICT- YAVATMAL.",MAHARASHTRA,2698,"PENGANGA D/S OF ISAPUR DAM, ISAPUR, PUSAD, YAVATMAL | PENGANGA RIVER D/S OF ISAPUR DAM, ISAPUR, PUSAD, | PENGANGA RIVER D/S OF ISAPUR DAM, ISAPUR, PUSAD, YAVATMAL | PENGANGA RIVER D/S OF ISAPUR DAM, VILLAGE- ISAPUR,TALUKA- PUSAD,DISTRICT- YAVATMAL. | RIVER PENGANGA D/S OF ISAPUR DAM, ISAPUR, PUSAD, YAVATMAL | RIVER PENGANGA D/S OF ISAPUR DAM, VILLAGE-ISAPUR,TALUKA- PUSAD, DISTRICT- YAVATMAL.",2016 2017 2018 2019 2021 2022 2023 2024,8,high,,,,Ambiguous / unresolved,MPCB_NEWNWMP,,Yavatmal,monthly,1
WQS1048,"RIVER PURNA AT D/S OF CONFLUENCE OF MORNA & PURNA RIVER AT ANDURA VILLAGE, VILLAGE-ANDURA, TALUKA- BALAPUR, DISTRICT - AKOLA.",MAHARASHTRA,2155,"PURNA A/C OF MORNA, NANDURA VILLAGE | PURNA RIVER A/C OF MORNA, ANDURA VILLAGE, BALAPUR, | PURNA RIVER A/C OF MORNA, NANDURA VILLAGE | PURNA RIVER AT D/S OF CONFLUENCE OF MORNA AND PURNA, AT ANDURA VILLAGE, VILLAGE- ANDURA, TALUKA- BALAPUR, DISTRICT- AKOLA. | RIVER PURNA A/C OF MORNA, ANDURA VILLAGE, BALAPUR, AKOLA | RIVER PURNA AT D/S OF CONFLUENCE OF MORNA & PURNA RIVER AT ANDURA VILLAGE, VILLAGE-ANDURA, TALUKA- BALAPUR, DISTRICT - AKOLA. | RIVER PURNA AT D/S OF CONFLUENCE OF MORNA & PURNA RIVER AT ANDURA VILLAGE, VILLAGE-ANDURA, TALUKA-BALAPUR, DISTRICT - AKOLA.",2016 2017 2018 2019 2021 2022 2023 2024,8,high,,20.886667,76.856067,High,MPCB_NEWNWMP,,Akola,monthly,1
WQS1049,"RIVER PURNA NEAR ACHALPUR- AMRAVATI ROAD BRIDGE, VILLAGE- ASEGAON,TALUKA- CHANDUR BAZAR, DISTRICT- AMRAVATI.",MAHARASHTRA,2700,"PURNA RIVER NEAR ACHALPUR-AMRAVATI ROAD BRIDGE, ASEGAON, CHANDUR BAZAR, AMRAVATI | PURNA RIVER NEAR ACHALPURAMRAVATI ROAD BRIDGE, ASEGAON, CHANDUR BAZAR, AMRAVATI | RIVER PURNA NEAR ACHALPUR- AMRAVATI ROAD BRIDGE, VILLAGE- ASEGAON,TALUKA- CHANDUR BAZAR, DISTRICT- AMRAVATI. | RIVER PURNA NEAR ACHALPUR-AMRAVATI ROAD BRIDGE, ASEGAON, CHANDUR BAZAR, AMRAVATI | RIVER PURNA NEAR ACHALPUR-AMRAVATI ROAD BRIDGE, VILLAGE-ASEGAON,TALUKA-CHANDUR BAZAR, DISTRICT- AMRAVATI.",2017 2019 2021 2022 2023 2024,6,high,,20.9066,77.613617,High,MPCB_NEWNWMP,,Amravati,monthly,1
WQS1050,"RIVER TAPI AT AJNAD VILLAGE, VILLAGE.AJNAD , TALUKA. RAVER, DISTRICT.JALGAON.",MAHARASHTRA,1313,"RIVER TAPI AT AJAND VILLAGE, RAVER, JALGAON | RIVER TAPI AT AJNAD VILLAGE, VILLAGE.AJNAD , TALUKA. RAVER, DISTRICT.JALGAON. | TAPI AT AJAND VILLAGE, RAVER, JALGAON | TAPI AT AJNAND VILLAGE",2016 2017 2019 2021 2022 2023 2024,7,high,,21.244933,76.1483,High,MPCB_NEWNWMP,Tapi,Jalgaon,monthly,1
WQS1051,"RIVER TAPI AT AJNAD, (MAHARASHTRA)",MAHARASHTRA,30043,"RIVER TAPI AT AJNAD, (MAHARASHTRA)",2021 2022 2023,3,high,,21.193101,74.998197,Medium,ESRI_LIVINGATLAS_TS_2020_2025:CPCB,Tapi,Dhule,,1
WQS1052,"RIVER TAPI AT PRAKASHA, (MAHARASHTRA)",MAHARASHTRA,30044,"RIVER TAPI AT PRAKASHA, (MAHARASHTRA)",2021 2023,2,high,,21.51157,74.341964,Medium,ESRI_LIVINGATLAS_TS_2020_2025:CPCB,Tapi,Nandurbar,,1
WQS1053,"RIVER TAPI AT U/S, BHUSAWAL,VILLAGE. BHUSAWAL RAILWAY COLONY, TALUKA. BHUSAWAL, DISTRICT. JALGAON.",MAHARASHTRA,1251,"RIVER TAPI AT BHUSAWAL U/S, BHUSAWAL RAILWAY COLONY, BHUSAWAL, JALGAON | RIVER TAPI AT U/S, BHUSAWAL,VILLAGE. BHUSAWAL RAILWAY COLONY, TALUKA. BHUSAWAL, DISTRICT. JALGAON. | TAPI AT BHUSAWAL U/S | TAPI AT BHUSAWAL U/S, BHUSAWAL RAILWAY COLONY, BHUSAWAL, JALGAON | TAPI AT BHUSAWAL US | TAPI RIVER AT U/S, BHUSAWAL,VILLAGE-BHUSAWAL RAILWAY COLONY, TALUKA- BHUSAWAL, DISTRICT- JALGAON.",2016 2017 2018 2019 2021 2022 2023 2024,8,high,,21.061183,75.792283,High,MPCB_NEWNWMP,Tapi,Jalgaon,monthly,1
WQS1054,"RIVER TAPI AT UBAD VILLAGE NEAR GUJRATBORDER, VILLAGE. UBAD, TALUKA. SHAHADA, DISTRICT. NANDURBAR.",MAHARASHTRA,1314,"RIVER TAPI AT UBAD VILLAGE NEAR GUJRATBORDER, VILLAGE. UBAD, TALUKA. SHAHADA, DISTRICT. NANDURBAR. | RIVER TAPI AT UBAD VILLAGE,SHAHADA, NANDURBAR | TAPI AT UBAD VILLAGE,SHAHADA, NANDURBAR | TAPI AT UPHAD VILLAGE | TAPI RIVER AT UBAD VILLAGE NEAR GUJRATBORDER, VILLAGE- UBAD, TALUKA- SHAHADA, DISTRICT-NANDURBAR.",2016 2017 2018 2019 2021 2022 2023 2024,8,medium,,21.529983,74.31915,Medium,MPCB_NEWNWMP,Tapi,Nandurbar,monthly,1
WQS1055,"RIVER WAINGANGA AFTER CONFLUENCE WITH KANHAN RIVER, VILLAGE- AMBHORA,TALUKA- KUHI, DISTRICT- NAGPUR.",MAHARASHTRA,1910,"RIVER WAINGANGA AFTER CONFLUENCE WITH KANHAN RIVER, VILLAGE- AMBHORA,TALUKA- KUHI, DISTRICT- NAGPUR. | RIVER WAINGANGA AFTER CONFLUENCE WITH KANHAN RIVER, VILLAGE-AMBHORA,TALUKA- KUHI, DISTRICT- NAGPUR. | RIVER WAINGANGA AFTER CONLUENCE WITH KANHAN, AMBHORA, KUHI, NAGPUR | WAINGANGA A/C WITH KANHAN | WAINGANGA AFTER CONLUENCE WITH KANHAN | WAINGANGA AFTER CONLUENCE WITH KANHAN, AMBHORA, KUHI, NAGPUR | WAINGANGA RIVER AFTER CONFLUENCE WITH KANHAN RIVER, VILLAGE-AMBHORA,TALUKA- KUHI, DISTRICT- NAGPUR.",2016 2017 2018 2019 2021 2022 2023 2024,8,medium,,21.266667,79.166667,Low,MPCB_NEWNWMP,,Nagpur,monthly,1
WQS1056,"RIVER WAINGANGA AT ASHTI, VILLAGE. ASHTI, TALUKA. GONDPIPRI, DISTRICT.CHANDRAPUR.",MAHARASHTRA,11,"RIVER WAINGANGA AT ASHTI, VILLAGE. ASHTI, TALUKA. GONDPIPRI, DISTRICT.CHANDRAPUR. | RIVER WAINGANGA AT ASHTI,GONDPIPRI, CHANDRAPUR | WAINGANGA AT ASHTI | WAINGANGA AT ASHTI,GONDPIPRI, CHANDRAPUR | WAINGANGA RIVER AT ASHTI, VILLAGE- ASHTI, TALUKA-GONDPIPRI, DISTRICT- CHANDRAPUR.",2016 2017 2018 2019 2021 2022 2023 2024,8,high,,,,Ambiguous / unresolved,MPCB_NEWNWMP,,Chandrapur,monthly,1
WQS1057,"RIVER WAINGANGA AT BAPERA, BHANDARA, (MAHARASHTRA)",MAHARASHTRA,30041,"RIVER WAINGANGA AT BAPERA, BHANDARA, | RIVER WAINGANGA AT BAPERA, BHANDARA, (MAHARASHTRA)",2021 2022 2023,3,high,,21.51064,79.894955,Medium,ESRI_LIVINGATLAS_TS_2020_2025:CPCB,,Bhandara,,1
WQS1058,"RIVER WAINGANGA AT D/S OF ELLORA PAPER MILLS, VILLAGE. TUMSAR, TALUKA. TUMSAR, DISTRICT. BHANDARA.",MAHARASHTRA,2172 | 2173,"RIVER WAINGANGA AT D/S OF ELLORA PAPER MILLS, VILLAGE. TUMSAR, TALUKA. TUMSAR, BHANDARA. | RIVER WAINGANGA AT D/S OF ELLORA PAPER MILLS, VILLAGE. TUMSAR, TALUKA. TUMSAR, DISTRICT. BHANDARA. | RIVER WAINGANGA D/S OF ELLORA PAPER MILL, TUMSAR, TUMSAR, BHANDARA | WAINGANGA D/S OF ELLORA PAPER MILL. | WAINGANGA RIVER AT D/S OF ELLORA PAPER MILLS, VILLAGE-TUMSAR, TALUKA- TUMSAR, DISTRICT- BHANDARA. | WAINGANGA RIVER D/S OF ELLORA PAPER MILL.",2016 2017 2018 2021 2022 2023 2024,7,medium,,21.355117,79.79905,Medium,MPCB_NEWNWMP,,Bhandara,monthly,2
WQS1059,"RIVER WAINGANGA AT U/S OF ELLORA PAPER MILLS, VILLAGE. TUMSAR, TALUKA. TUMSAR, DISTRICT. BHANDARA.",MAHARASHTRA,2172 | 2173,"RIVER WAINGANGA AT U/S OF ELLORA PAPER MILLS, VILLAGE. TUMSAR, TALUKA. TUMSAR, BHANDARA. | RIVER WAINGANGA AT U/S OF ELLORA PAPER MILLS, VILLAGE. TUMSAR, TALUKA. TUMSAR, DISTRICT. BHANDARA. | RIVER WAINGANGA U/S OF ELLORA PAPER MILL, TUMSAR, TUMSAR, BHANDARA | WAINGANGA RIVER AT U/S OF ELLORA PAPER MILLS, VILLAGE-TUMSAR, TALUKA- TUMSAR, DISTRICT- BHANDARA. | WAINGANGA RIVER U/S OF ELLORA PAPER MILL, TUMSAR, TUMSAR, BHANDARA | WAINGANGA RIVER U/S OF ELLORA PAPER MILL. | WAINGANGA U/S OF ELLORA PAPER MILL.",2016 2017 2018 2019 2021 2022 2023 2024,8,medium,,21.357567,79.799033,Medium,MPCB_NEWNWMP,,Bhandara,monthly,2
WQS1060,"RIVER WARDHA AT CONFLUENCE POINT OF PENGANGA & WARDHA. VILLAGE. JUGAD, TALUKA. WANI, DISTRICT. YAVATMAL.",MAHARASHTRA,2156,"RIVER WARDHA AT CONFLUENCE POINT OF PENGANGA & WARDHA AT JUGAD, WANI, YAVATMAL | RIVER WARDHA AT CONFLUENCE POINT OF PENGANGA & WARDHA. VILLAGE. JUGAD, TALUKA. WANI, DISTRICT. YAVATMAL. | WARDHA AT CONFLUENCE POINT OF PENGANGA & WARDHA AT JUAD | WARDHA RIVER AT CONFLUENCE POINT OF PENGANGA & WARDHA AT JUAD. | WARDHA RIVER AT CONFLUENCE POINT OF PENGANGA & WARDHA AT JUGAD, WANI, YAVATMAL | WARDHA RIVER AT CONFLUENCE POINT OF PENGANGA & WARDHA. VILLAGE- JUGAD, TALUKA- WANI, DISTRICT- YAVATMAL.",2016 2017 2018 2019 2021 2022 2023 2024,8,high,,19.89905,79.148517,Medium,MPCB_NEWNWMP,,Yavatmal,monthly,1
WQS1061,"RIVER WARDHA AT D/S OF ACC LTD. GHUGGUS NEAR WCL PUMP HOUSE, VILLAGE- GHUGGUS, TALUKA-CHANDRAPUR, DISTRICT- CHANDRAPUR.",MAHARASHTRA,2174,"RIVER WARDHA AT D/S OF ACC LTD. GHUGGUS NEAR WCL PUMP HOUSE, VILLAGE- GHUGGUS, TALUKA-CHANDRAPUR, DISTRICT- CHANDRAPUR. | RIVER WARDHA AT D/S OF ACC LTD. GHUGGUS NEAR WCL PUMP HOUSE, VILLAGE-GHUGGUS, TALUKA- CHANDRAPUR, | RIVER WARDHA D/S OF ACC GHUGGUS, CHANDRAPUR, CHANDRAPUR | WARDHA D/S OF ACC GHUGGUS | WARDHA RIVER AT D/S OF ACC LTD. GHUGGUS NEAR WCL PUMP HOUSE, VILLAGE- GHUGGUS, TALUKA- CHANDRAPUR, DISTRICT-CHANDRAPUR. | WARDHA RIVER D/S OF ACC GHUGGUS, CHANDRAPUR, CHANDRAPUR | WARDHA RIVER D/S OF ACC GHUGGUS.",2016 2017 2018 2019 2021 2022 2023 2024,8,high,,19.90485,79.1149,High,MPCB_NEWNWMP,,Chandrapur,monthly,1
WQS1062,"RIVER WARDHA AT D/S OF ERAI RIVER AT HADASTI NEAR ARUN ENGG. WORKS, VILLAGE- HADASTI, TALUKA- CHANDRAPUR, DISTRICT- CHANDRAPUR.",MAHARASHTRA,2719,"RIVER WARDHA AT D/S OF ERAI RIVER AT HADASTI NEAR ARUN ENGG. WORKS, VILLAGE- HADASTI, TALUKA- CHANDRAPUR, DISTRICT- CHANDRAPUR. | RIVER WARDHA AT D/S OF ERAI RIVER AT HADASTI NEAR ARUN ENGG. WORKS, VILLAGE-HADASTI, TALUKA- CHANDRAPUR, | RIVER WARDHA AT D/S OF ERAI RIVER, HADASTI, CHANDRAPUR, CHANDRAPUR | WARDHA D/S OF ERAI HADASTI, CHANDRAPUR | WARDHA RIVER AT D/S OF ERAI RIVER AT HADASTI NEAR ARUN ENGG. WORKS, VILLAGE- HADASTI, TALUKA- CHANDRAPUR, DISTRICT- CHANDRAPUR. | WARDHA RIVER AT D/S OF ERAI RIVER, HADASTI, CHANDRAPUR | WARDHA RIVER AT D/S OF ERAI RIVER, HADASTI, CHANDRAPUR, CHANDRAPUR",2016 2017 2018 2019 2021 2022 2023 2024,8,high,,19.99055,79.262567,High,MPCB_NEWNWMP,,Chandrapur,monthly,1
WQS1063,"RIVER WARDHA AT PULGAON RAILWAY BRIDGE, VILLAGE- PULGAON,TALUKA - WARDHA, DISTRICT- WARDHA.",MAHARASHTRA,1315,"RIVER WARDHA AT PULGAON RAILWAY BRIDGE, PULGAON, WARDHA, WARDHA | RIVER WARDHA AT PULGAON RAILWAY BRIDGE, VILLAGE- PULGAON,TALUKA - WARDHA, DISTRICT- WARDHA. | RIVER WARDHA AT PULGAON RAILWAY BRIDGE, VILLAGE- PULGAON,TALUKA - WARDHA, DISTRICT-WARDHA. | WARDHA AT PULGAON RAILWAY BRIDGE, PULGAON, WARDHA, WARDHA",2019 2021 2022 2023 2024,5,medium,,20.5,78.333333,Medium,MPCB_NEWNWMP,,Wardha,monthly,1
WQS1064,"RIVER WARDHA AT U/S OF ACC LTD. GHUGGUS NEAR WCL PUMP HOUSE, VILLAGE- GHUGGUS, TALUKA-CHANDRAPUR, DISTRICT- CHANDRAPUR.",MAHARASHTRA,2721,"RIVER WARDHA AT U/S OF ACC GHUGGUS. , CHANDRAPUR, CHANDRAPUR | RIVER WARDHA AT U/S OF ACC LTD. GHUGGUS NEAR WCL PUMP HOUSE, VILLAGE- GHUGGUS, TALUKA-CHANDRAPUR, DISTRICT- CHANDRAPUR. | RIVER WARDHA AT U/S OF ACC LTD. GHUGGUS NEAR WCL PUMP HOUSE, VILLAGE-GHUGGUS, TALUKA-CHANDRAPUR, | WARDHA RIVER AT U/S OF ACC GHUGGUS. , CHANDRAPUR | WARDHA RIVER AT U/S OF ACC GHUGGUS. , CHANDRAPUR, CHANDRAPUR | WARDHA RIVER AT U/S OF ACC LTD. GHUGGUS NEAR WCL PUMP HOUSE, VILLAGE- GHUGGUS, TALUKA- CHANDRAPUR, DISTRICT- CHANDRAPUR. | WARDHA U/S OF ACC GHUGGUS. , CHANDRAPUR",2016 2017 2018 2019 2021 2022 2023 2024,8,high,,19.9056,79.1149,Medium,MPCB_NEWNWMP,,Chandrapur,monthly,1
WQS1065,"RIVER WARDHA AT U/S OF ERAI RIVER AT HADASTI NEAR ARUN ENGG. WORKS, VILLAGE- HADASTI, TALUKA- CHANDRAPUR, DISTRICT- CHANDRAPUR.",MAHARASHTRA,2720,"RIVER WARDHA AT U/S OF ERAI HADASTI, CHANDRAPUR, CHANDRAPUR | RIVER WARDHA AT U/S OF ERAI RIVER AT HADASTI NEAR ARUN ENGG. WORKS, VILLAGE- HADASTI, TALUKA- CHANDRAPUR, DISTRICT- CHANDRAPUR. | RIVER WARDHA AT U/S OF ERAI RIVER AT HADASTI NEAR ARUN ENGG. WORKS, VILLAGE-HADASTI, TALUKA-CHANDRAPUR, | WARDHA RIVER AT U/S OF ERAI RIVER AT HADASTI NEAR ARUN ENGG. WORKS, VILLAGE- HADASTI, TALUKA- CHANDRAPUR, DISTRICT- CHANDRAPUR. | WARDHA RIVER AT U/S OF ERAI RIVER HADASTI, CHANDRAPUR | WARDHA RIVER AT U/S OF ERAI RIVER HADASTI, CHANDRAPUR, CHANDRAPUR | WARDHA U/S OF ERAI RIVER HADASTI, CHANDRAPUR",2016 2017 2018 2019 2021 2022 2023 2024,8,high,,19.987717,79.115117,Medium,MPCB_NEWNWMP,,Chandrapur,monthly,1
WQS1066,"SINA RIVER NEAR LABOTI TOLL NAKA, LABOTI, MOHAL, SOLAPUR",MAHARASHTRA,2705,"RIVER SINA NEAR LABOTI TOLL NAKA, LABOTI, MOHAL | RIVER SINA NEAR LABOTI TOLL NAKA, VILLAGE. LABOTI, TALUKA. MOHAL, DISTRICT. SOLAPUR. | RIVER SINA NEAR LABOTI TOLL NAKA, VILLAGE. LABOTI,TALUKA. MOHAL, DISTRICT. SOLAPUR. | SINA NEAR LABOTI TOLL NAKA, LABOTI, MOHAL, SOLAPUR | SINA RIVER NEAR LABOTI TOLL NAKA, LABOTI, MOHAL, SOLAPUR | SINA RIVER NEAR LABOTI TOLL NAKA, VILLAGE- LABOTI,TALUKA-MOHAL, DISTRICT- SOLAPUR.",2016 2017 2018 2019 2021 2022 2023 2024,8,high,,17.784917,75.709617,High,MPCB_NEWNWMP,,Solapur,monthly,1
WQS1067,"TITUR RIVER D/S OF CHALISGAON, JALGAON",MAHARASHTRA,2710,"RIVER TITUR AT D/S OF CHALISGAON, VILLAGE. CHALISGAON,TALUKA. JALGAON,DISTRICT. JALGAON. | RIVER TITUR D/S OF CHALISGAON, JALGAON | TITUR D/S OF CHALISGAON, JALGAON | TITUR RIVER AT D/S OF CHALISGAON, VILLAGE-CHALISGAON,TALUKA- JALGAON,DISTRICT-JALGAON. | TITUR RIVER D/S OF CHALISGAON, JALGAON",2016 2017 2018 2019 2021 2022 2024,7,high,,20.46645,75.019417,High,MPCB_NEWNWMP,,Jalgaon,monthly,1
WQS1068,"URMODI RIVER, NAGTHANE, SATARA",MAHARASHTRA,2711,"RIVER URMODI AT NAGTHNE KT WARE, VILLAGE-NAGTHANE,TALUKA- SATARA, DISTRICT- SATARA. | RIVER URMODI AT NAGTHNE KT WARE, VILLAGE-NAGTHANE,TALUKA- SATARA, DISTRICT-SATARA. | RIVER URMODI RIVER, NAGTHANE, SATARA | URMODI NAGTHANE, SATARA | URMODI RIVER AT NAGTHNE, VILLAGE- NAGTHANE,TALUKA- SATARA, DISTRICT- SATARA. | URMODI RIVER, NAGTHANE, SATARA",2016 2017 2018 2019 2021 2022 2023 2024,8,high,,17.57175,74.047717,High,MPCB_NEWNWMP,,Satara,monthly,1
WQS1069,"VEL RIVER AT SHIKRAPUR, SHIRUR, PUNE",MAHARASHTRA,2715,"RIVER VEL AT SHIKRAPUR, SHIRUR, PUNE | RIVER VEL AT SHIKRAPUR, VILLAGE. SHIKRAPUR, TALUKA. SHIRUR, DISTRICT. PUNE. | RIVER VEL AT SHIKRAPUR, VILLAGE. SHIKRAPUR,TALUKA. SHIRUR, DISTRICT. PUNE. | VEL AT SHIKRAPUR, SHIRUR, PUNE | VEL RIVER AT SHIKRAPUR, SHIRUR, PUNE | VEL RIVER AT SHIKRAPUR, VILLAGE-SHIKRAPUR,TALUKA- SHIRUR, DISTRICT- PUNE.",2016 2017 2018 2019 2021 2022 2023 2024,8,high,,18.693567,74.135333,High,MPCB_NEWNWMP,,Pune,monthly,1
WQS1070,"VENNA RIVER AT MAHABALESHWAR, SATARA",MAHARASHTRA,2716,"RIVER VENNA AT MAHABALESHWAR, SATARA | RIVER VENNA AT MAHABALESHWAR, VILLAGE. MAHABALESHWAR, TALUKA. MAHABALESHWAR, | RIVER VENNA AT MAHABALESHWAR, VILLAGE. MAHABALESHWAR, TALUKA. MAHABALESHWAR, DISTRICT. SATARA. | VENNA AT MAHABALESHWAR, SATARA | VENNA RIVER AT MAHABALESHWAR, SATARA | VENNA RIVER AT MAHABALESHWAR, VILLAGE- MAHABALESHWAR, TALUKA- MAHABALESHWAR,",2016 2017 2018 2019 2021 2022 2023 2024,8,high,,17.9216,73.69125,High,MPCB_NEWNWMP,,Satara,monthly,1
WQS1071,"VENNA RIVER AT MAHULI, SATARA",MAHARASHTRA,2717,"RIVER VENNA AT MAHULI, SATARA | RIVER VENNA AT MAHULI, VILLAGE- MAHULI, TALUKA-MAHULI, DISTRICT- SATARA. | RIVER VENNA AT MAHULI, VILLAGE- MAHULI, TALUKA-MAHULI, DISTRICT-SATARA. | VENNA AT MAHULI, SATARA | VENNA RIVER AT MAHULI, SATARA | VENNA RIVER AT MAHULI, VILLAGE- MAHULI, TALUKA-MAHULI,",2016 2017 2018 2019 2021 2022 2023 2024,8,high,,17.692767,74.050717,High,MPCB_NEWNWMP,,Satara,monthly,1
WQS1072,"VENNA RIVER AT VARYE, SATARA.",MAHARASHTRA,2186,"RIVER VENNA AT VARYE, SATARA. | RIVER VENNA AT VARYE, VILLAGE - VARYE,TALUKA-SATARA, | RIVER VENNA AT VARYE, VILLAGE - VARYE,TALUKA-SATARA, DISTRICT- SATARA. | VENNA AT VARYE, SATARA. | VENNA RIVER AT VARYE, SATARA. | VENNA RIVER AT VARYE, VILLAGE - VARYE,TALUKA- SATARA,",2016 2017 2018 2019 2021 2022 2023 2024,8,high,,17.729883,73.982133,High,MPCB_NEWNWMP,,Satara,monthly,1
WQS1073,"WAGHUR RIVER AT SAKEGAON BEFORE CONFLUENCE WITH TAPI RIVER, JALGAON",MAHARASHTRA,2718,"RIVER WAGHUR AT SAKEGAON BEFORE CONFLUENCE WITH TAPI RIVER, JALGAON | RIVER WAGHUR AT- SAKEGAON BEFORE CONFLUENCE WITH TAPI RIVER, VILLAGE- SAKEGAON, TALUKA- JALGAON, DISTRICT- JALGAON. | RIVER WAGHUR AT- SAKEGAON BEFORE CONFLUENCE WITH TAPI RIVER, VILLAGE- SAKEGAON, TALUKA-JALGAON, DISTRICT- JALGAON. | RIVER WAGHUR AT-SAKEGAON BEFORE CONFLUENCE WITH TAPI RIVER, VILLAGE-SAKEGAON, TALUKA- JALGAON, | WAGHUR B/C SAKEGAON WITH TAPI JALGAON | WAGHUR RIVER AT SAKEGAON BEFORE CONFLUENCE WITH TAPI RIVER, JALGAON | WAGHUR RIVER AT-SAKEGAON BEFORE CONFLUENCE WITH TAPI RIVER, VILLAGE-SAKEGAON,TALUKA-JALGAON,DISTRICT-JALGAON.",2016 2017 2018 2019 2021 2022 2023 2024,8,high,,21.0932,75.694033,High,MPCB_NEWNWMP,,Jalgaon,monthly,1
WQS1074,"WAINGANGA D/S OF GAURAV PAPER MILLS, NEAR JACKWELL.",MAHARASHTRA,2176,"RIVER WAINGANGA AT D/S OF GAURAV PAPER MILLS, NEAR JACKWELL VILLAGE. BRAMHPURI, TALUKA. CHANDRAPUR, DISTRICT. CHANDRAPUR. | RIVER WAINGANGA AT D/S OF GAURAV PAPER MILLS, NEAR JACKWELL, VILLAGE. BRAMHPURI, TALUKA. CHANDRAPUR, | RIVER WAINGANGA AT D/S OF GAURAV PAPER MILLS, NEAR JACKWELL, VILLAGE. BRAMHPURI, TALUKA. CHANDRAPUR, DISTRICT. CHANDRAPUR. | RIVER WAINGANGA D/S OF GAURAV PAPER MILLS, NEAR JACKWELL, BRAMHPURI, CHANDRAPUR | WAINGANGA D/S OF GAURAV PAPER MILLS, NEAR JACKWELL, BRAMHPURI, CHANDRAPUR | WAINGANGA D/S OF GAURAV PAPER MILLS, NEAR JACKWELL. | WAINGANGA RIVER AT D/S OF GAURAV PAPER MILLS, NEAR JACKWELL, VILLAGE- BRAMHPURI, TALUKA- CHANDRAPUR, DISTRICT- CHANDRAPUR.",2016 2017 2018 2019 2021 2022 2023 2024,8,high,,20.619483,79.940133,Medium,MPCB_NEWNWMP,,Chandrapur,monthly,1
WQS1075,"WAINGANGA U/S OF GAURAV PAPER MILLS, NEAR JACKWELL.",MAHARASHTRA,2175,"RIVER WAINGANGA AT U/S OF GAURAV PAPER MILLS, NEAR JACKWELL, VILLAGE. BRAMHPURI, TALUKA. CHANDRAPUR, | RIVER WAINGANGA AT U/S OF GAURAV PAPER MILLS, NEAR JACKWELL, VILLAGE. BRAMHPURI, TALUKA. CHANDRAPUR, DISTRICT. CHANDRAPUR. | RIVER WAINGANGA U/S OF GAURAV PAPER MILLS, NEAR JACKWELL, BRAMHPURI, CHANDRAPUR | WAINGANGA RIVER AT U/S OF GAURAV PAPER MILLS, NEAR JACKWELL, VILLAGE- BRAMHPURI, TALUKA- CHANDRAPUR, DISTRICT- CHANDRAPUR. | WAINGANGA U/S OF GAURAV PAPER MILLS, NEAR JACKWELL, BRAMHPURI, CHANDRAPUR | WAINGANGA U/S OF GAURAV PAPER MILLS, NEAR JACKWELL.",2016 2017 2018 2019 2021 2022 2023 2024,8,high,,20.619483,79.8568,High,MPCB_NEWNWMP,,Chandrapur,monthly,1
WQS1076,WARDHA AT RAJURA BRIDGE,MAHARASHTRA,1212,"RIVER WARDHA AT RAJURA BRIDGE, VILLAGE- RAJURA, TALUKA- CHANDRAPUR | RIVER WARDHA AT RAJURA BRIDGE, VILLAGE- RAJURA, TALUKA- CHANDRAPUR, DISTRICT- CHANDRAPUR. | RIVER WARDHA AT RAJURA BRIDGE,RAJURA, CHANDRAPUR, CHANDRAPUR | WARDHA AT RAJURA BRIDGE | WARDHA AT RAJURA BRIDGE,RAJURA, CHANDRAPUR, CHANDRAPUR",2016 2017 2019 2021 2022 2023 2024,7,high,,19.8,79.383333,High,MPCB_NEWNWMP,,Chandrapur,monthly,1
WQS1077,"WENA D/S OF MOHATA MILLS, NR RD BRG ON HINGANGHAT-WADNER ROAD",MAHARASHTRA,2723,"RIVER WENA AT D/S OF MOHATA MILLS, NEAR BRIDGE ON HINGANGHAT- WADNER ROAD, VILLAGE- HINGANGHAT, TALUKA- HINGANGHAT, DISTRICT-WARDHA. | RIVER WENA AT D/S OF MOHATA MILLS, NEAR BRIDGE ON HINGANGHAT- WADNER ROAD, VILLAGE- HINGANGHAT, TALUKA- HINGANGHAT, WARDHA. | RIVER WENA AT D/S OF MOHATA MILLS, NEAR BRIDGE ON HINGANGHAT- WADNER ROAD, VILLAGE-HINGANGHAT, TALUKA- HINGANGHAT, DISTRICT-WARDHA. | RIVER WENA AT D/S OF MOHATA MILLS, NR RD BRG ON HINGANGHAT-WADNER ROAD, HINGANGHAT, WARDHA | WENA D/S OF MOHATA MILLS, NR RD BRG ON HINGANGHAT-WADNER ROAD | WENA RIVER AT D/S OF MOHATA MILLS, NEAR BRIDGE ON HINGANGHAT- WADNER ROAD, VILLAGE- HINGANGHAT, TALUKA-HINGANGHAT, DISTRICT- WARDHA. | WENA RIVER AT D/S OF MOHATA MILLS, NR RD BRG ON HINGANGHAT-WADNER ROAD, HINGANGHAT, WARDHA | WENA RIVER AT D/S OF MOHATA MILLS, NR RD BRG ON HINGANGHATWADNER ROAD",2016 2017 2018 2019 2021 2022 2023 2024,8,high,,20.54425,78.8119,High,MPCB_NEWNWMP,,Wardha,monthly,1
WQS1078,"WENA U/S OF MOHATA MILLS, NEAR RAILWAY BRIDGE, HINGANGHAT",MAHARASHTRA,2722,"RIVER WENA AT U/S OF MOHATA MILLS, NEAR RAILWAY BRIDGE ON WARDHA ? CHANDRAPUR RAILWAY LINE, VILLAGE- HINGANGHAT, TALUKA- HINGANGHAT, DISTRICT- WARDHA. | RIVER WENA AT U/S OF MOHATA MILLS, NEAR RAILWAY BRIDGE ON WARDHA, CHANDRAPUR RAILWAY LINE, VILLAGE- HINGANGHAT, TALUKA- HINGANGHAT, DISTRICT- WARDHA. | RIVER WENA AT U/S OF MOHATA MILLS, NEAR RAILWAY BRIDGE ON WARDHA, CHANDRAPUR RAILWAY LINE, VILLAGE-HINGANGHAT, TALUKA-HINGANGHAT, WARDHA. | RIVER WENA AT U/S OF MOHATA MILLS, NEAR RAILWAY BRIDGE, HINGANGHAT, WARDHA | WENA RIVER AT U/S OF MOHATA MILLS, NEAR RAILWAY BRIDGE ON WARDHA – CHANDRAPUR RAILWAY LINE, VILLAGE- HINGANGHAT, TALUKA-HINGANGHAT, DISTRICT- WARDHA. | WENA RIVER AT U/S OF MOHATA MILLS, NEAR RAILWAY BRIDGE, HINGANGHAT | WENA RIVER AT U/S OF MOHATA MILLS, NEAR RAILWAY BRIDGE, HINGANGHAT, WARDHA | WENA U/S OF MOHATA MILLS, NEAR RAILWAY BRIDGE, HINGANGHAT",2016 2017 2018 2019 2021 2022 2023 2024,8,high,,20.950133,79.0126,Medium,MPCB_NEWNWMP,,Wardha,monthly,1
WQS1079,"RIVER BARAK AT N.H. 53, TAMENGLONG",ASSAM | MANIPUR,2875,"BARAK RIVER AT N.H. 53, TAMENGLONG . | RIVER BARAK AT N.H. 53, TAMENGLONG | RIVER BARAK AT N.H. 53, TAMENGLONG .",2017 2021 2022 2023,4,high,,25.017194,93.448975,Medium,ESRI_LIVINGATLAS_WQ_RIVERS_2023,,Tamenglong,monthly,1
WQS1080,RIVER BARAK AT SENAPATI,ASSAM | MANIPUR,2869,BARAK RIVER AT SENAPATI | RIVER BARAK AT SENAPATI,2017 2021 2022 2023,4,high,,25.311503,94.053232,Medium,ESRI_LIVINGATLAS_WQ_RIVERS_2023,,Senapati,monthly,1
WQS1081,RIVER CHAKPI AT CHAKPIKARONG,MANIPUR,2868,RIVER CHAKPI AT CHAKPIKARONG,2022,1,single_year,single-year station,,,Ambiguous / unresolved,,,,,1
WQS1082,RIVER ETHAI BARRAGE ON MANIPUR RIVER,MANIPUR,2879,RIVER ETHAI BARRAGE ON MANIPUR RIVER,2022,1,single_year,single-year station,,,Ambiguous / unresolved,,,,,1
WQS1083,RIVER IMPHAL AT KIYAMGI,MANIPUR,1627,RIVER IMPHAL AT KIYAMGI,2022,1,single_year,single-year station,,,Ambiguous / unresolved,,,,,1
WQS1084,RIVER IMPHAL AT KOIRENGEI,MANIPUR,1457,RIVER IMPHAL AT KOIRENGEI,2022,1,single_year,single-year station,,,Ambiguous / unresolved,,,,,1
WQS1085,RIVER IMPHAL AT MAHABALI,MANIPUR,1424,RIVER IMPHAL AT MAHABALI,2022,1,single_year,single-year station,,,Ambiguous / unresolved,,,,,1
WQS1086,RIVER IMPHAL AT MINUTHONG,MANIPUR,1628,RIVER IMPHAL AT MINUTHONG,2022,1,single_year,single-year station,,,Ambiguous / unresolved,,,,,1
WQS1087,RIVER IMPHAL AT SAMUROU,MANIPUR,2862,RIVER IMPHAL AT SAMUROU,2022,1,single_year,single-year station,,,Ambiguous / unresolved,,,,,1
WQS1088,"RIVER IMPHAL NEAR LEIKINTHABI ROAD, AWANG SEKMAI",MANIPUR,2864,"RIVER IMPHAL NEAR LEIKINTHABI ROAD, AWANG SEKMAI",2022,1,single_year,single-year station,,,Ambiguous / unresolved,,,,,1
WQS1089,RIVER IRANG AT TAMENGLONG,MANIPUR,2874,RIVER IRANG AT TAMENGLONG,2022,1,single_year,single-year station,,,Ambiguous / unresolved,,,,,1
WQS1090,RIVER IRIL AT KANGLA SIPHAI,MANIPUR,2863,RIVER IRIL AT KANGLA SIPHAI,2022,1,single_year,single-year station,,,Ambiguous / unresolved,,,,,1
WQS1091,RIVER IRIL AT LILONG,MANIPUR,1624,RIVER IRIL AT LILONG,2022,1,single_year,single-year station,,,Ambiguous / unresolved,,,,,1
WQS1092,RIVER IRIL AT LILONG,MANIPUR,2873,RIVER IRIL AT LILONG,2022,1,single_year,single-year station,,,Ambiguous / unresolved,,,,,1
WQS1093,RIVER IRIL AT PORAMPET,MANIPUR,1458,RIVER IRIL AT PORAMPET,2022,1,single_year,single-year station,,,Ambiguous / unresolved,,,,,1
WQS1094,"RIVER KHUGA (TUITHA) AT RENGKAI, CHURACHANDPUR",MANIPUR,1925,"RIVER KHUGA (TUITHA) AT RENGKAI, CHURACHANDPUR",2022 2023,2,high,,,,Ambiguous / unresolved,ESRI_LIVINGATLAS_WQ_RIVERS_2023,,Bishnupur,monthly,1
WQS1095,RIVER KHUGA (TUITHA) DAM ON KHUGA RIVER,MANIPUR,2877,RIVER KHUGA (TUITHA) DAM ON KHUGA RIVER,2022 2023,2,high,,,,Ambiguous / unresolved,ESRI_LIVINGATLAS_WQ_RIVERS_2023,,Bishnupur,monthly,1
WQS1096,"RIVER KHUJAIROK NEAR ELORA HOTEL ROAD, MOREH",MANIPUR,1926,"RIVER KHUJAIROK NEAR ELORA HOTEL ROAD, MOREH",2022,1,single_year,single-year station,,,Ambiguous / unresolved,,,,,1
WQS1097,RIVER KONGBA AT IRANPHAM,MANIPUR,5503,RIVER KONGBA AT IRANPHAM,2023 2024,2,high,,24.795541,93.960078,Medium,ESRI_LIVINGATLAS_WQ_RIVERS_2023,,Imphal East,,1
WQS1098,RIVER KONGBA AT IRONG,MANIPUR,5502,RIVER KONGBA AT IRONG,2023 2024,2,high,,24.782718,93.958866,Medium,ESRI_LIVINGATLAS_WQ_RIVERS_2023,,Imphal East,,1
WQS1099,RIVER LEIMAKHONG NEAR KANTO AWANG LEIKAI,MANIPUR,5500,RIVER LEIMAKHONG NEAR KANTO AWANG LEIKAI,2023 2024,2,high,,24.736386,93.805562,Medium,ESRI_LIVINGATLAS_WQ_RIVERS_2023,,Imphal West,,1
WQS1100,RIVER MAHA NEAR KOMLATHABI BAZAR,MANIPUR,2867,RIVER MAHA NEAR KOMLATHABI BAZAR,2022,1,single_year,single-year station,,,Ambiguous / unresolved,,,,,1
WQS1101,RIVER MANIPUR AT SEKMAIJIN,MANIPUR,2852,RIVER MANIPUR AT SEKMAIJIN,2022,1,single_year,single-year station,,,Ambiguous / unresolved,,,,,1
WQS1102,RIVER MANIPUR AT THOUBAL,MANIPUR,2857,RIVER MANIPUR AT THOUBAL,2022,1,single_year,single-year station,,,Ambiguous / unresolved,,,,,1
WQS1103,RIVER NAMBUL AT BISHNUPUR,MANIPUR,2880,RIVER NAMBOL AT BISHNUPUR | RIVER NAMBUL AT BISHNUPUR,2022 2023 2024,3,high,,24.42577,93.50198,Medium,ESRI_LIVINGATLAS_WQ_RIVERS_2023,,Churachandpur,monthly,1
WQS1104,RIVER NAMBUL AT HEIRANGOITHONG,MANIPUR,1626,RIVER NAMBUL AT HEIRANGOITHONG,2022,1,single_year,single-year station,,,Ambiguous / unresolved,,,,,1
WQS1105,RIVER NAMBUL AT HUMP BRIDGE,MANIPUR,1625,RIVER NAMBUL AT HUMP BRIDGE,2022,1,single_year,single-year station,,,Ambiguous / unresolved,,,,,1
WQS1106,RIVER NAMBUL AT NAOREMTHONG,MANIPUR,2860,RIVER NAMBUL AT NAOREMTHONG,2022,1,single_year,single-year station,,,Ambiguous / unresolved,,,,,1
WQS1107,RIVER NAMBUL AT SAMUSANG (U.K. ROAD),MANIPUR,2858,RIVER NAMBUL AT SAMUSANG (U.K. ROAD),2022,1,single_year,single-year station,,,Ambiguous / unresolved,,,,,1
WQS1108,RIVER NAMBUL AT SINGDA DAM,MANIPUR,2859,RIVER NAMBUL AT SINGDA DAM,2022,1,single_year,single-year station,,,Ambiguous / unresolved,,,,,1
WQS1109,"RIVER NONEY/IJEI AT NONEY BRIDGE, NONEY",ASSAM | MANIPUR,2838,"BARAK RIVER NEAR NONEY VILLAGE (N.H. 53), TAMENGLONG | RIVER BARAK AT NONEY/IJEI AT NONEY BRIDGE, NONEY | RIVER NONEY/IJEI AT NONEY BRIDGE, NONEY",2017 2021 2022 2023,4,high,,24.854706,93.616713,Medium,ESRI_LIVINGATLAS_WQ_RIVERS_2023,,Tamenglong,monthly,1
WQS1110,"RIVER SEKMAI RIVER, KAKCHING",MANIPUR,1927,"RIVER SEKMAI RIVER, KAKCHING",2022,1,single_year,single-year station,,,Ambiguous / unresolved,,,,,1
WQS1111,RIVER THONGJAOROK AT THONGJAOROK BRIDGE,MANIPUR,2878,RIVER THONGJAOROK AT THONGJAOROK BRIDGE,2022 2023 2024,3,high,,24.614802,93.790494,Medium,ESRI_LIVINGATLAS_WQ_RIVERS_2023,,Bishnupur,monthly,1
WQS1112,RIVER THOUBAL AT LITAN BRIDGE,MANIPUR,2872,RIVER THOUBAL AT LITAN BRIDGE,2022,1,single_year,single-year station,,,Ambiguous / unresolved,,,,,1
WQS1113,RIVER THOUBAL AT PHADOM,MANIPUR,2854,RIVER THOUBAL AT PHADOM,2022,1,single_year,single-year station,,,Ambiguous / unresolved,,,,,1
WQS1114,RIVER THOUBAL AT SHONG KONG,MANIPUR,2870,RIVER THOUBAL AT SHONG KONG,2022,1,single_year,single-year station,,,Ambiguous / unresolved,,,,,1
WQS1115,RIVER THOUBAL AT YAIRIPOK,MANIPUR,2856,RIVER THOUBAL AT YAIRIPOK,2022,1,single_year,single-year station,,,Ambiguous / unresolved,,,,,1
WQS1116,RIVER THOUBAL KONG NEAR YAOLEN VILLAGE,MANIPUR,2871,RIVER THOUBAL KONG NEAR YAOLEN VILLAGE,2022,1,single_year,single-year station,,,Ambiguous / unresolved,,,,,1
WQS1117,RIVER THOUBAL ON MAPITHEL DAM,MANIPUR,2853,RIVER THOUBAL ON MAPITHEL DAM,2022,1,single_year,single-year station,,,Ambiguous / unresolved,,,,,1
WQS1118,RIVER WANGJING AT HEIROK,MANIPUR,2855,RIVER WANGJING AT HEIROK,2022,1,single_year,single-year station,,,Ambiguous / unresolved,,,,,1
WQS1119,RIVER WANGJING AT WANGJING,MANIPUR,2876,RIVER WANGJING AT WANGJING,2022,1,single_year,single-year station,,,Ambiguous / unresolved,,,,,1
WQS1120,"TUPUL RIVER AT TUPUL BRIDGE, NONEY",MANIPUR,5501,"TUPUL RIVER AT TUPUL BRIDGE, NONEY",2023,1,single_year,single-year station,24.783377,93.66353,Medium,ESRI_LIVINGATLAS_WQ_RIVERS_2023,,Noney,,1
WQS1121,"MANDA RIVER (DUDHAI RIVER) AT JAMPA,",MEGHALAYA,3381,"MANDA RIVER (DUDHAI RIVER) AT JAMPA, | MANDA RIVER (DUDHAI RIVER) AT JAMPA, EAST GARO HIL | RIVER MANDA (DUDHAI RIVER) AT JAMPA, | RIVER MANDA (DUDHNOI RIVER) AT JAMGE,",2017 2018 2019 2020 2021 2022 2023 2024,8,high,,25.65076,90.80859,Medium,ESRI_LIVINGATLAS_WQ_RIVERS_2023,,East Garo Hills,monthly,1
WQS1122,MANDA RIVER (DUDHAI RIVER) AT WAGAISI,MEGHALAYA,3382,"MANDA RIVER (DUDHAI RIVER) AT WAGAISI | MANDA RIVER (DUDHAI RIVER) AT WAGAISI, EAST GARO H | RIVER MANDA (DUDHAI RIVER) AT WAGAISI | RIVER MANDA (DUDHNOI RIVER) AT WAGEASI",2017 2018 2019 2020 2021 2022 2023 2024,8,high,,25.8358,90.78135,Medium,ESRI_LIVINGATLAS_WQ_RIVERS_2023,,North Garo Hills,monthly,1
WQS1123,RIVER BUGI AT DALU,MEGHALAYA,3384,RIVER BUGI AT DALU,2022,1,single_year,single-year station,,,Ambiguous / unresolved,,,,,1
WQS1124,RIVER BUGI AT MIBONPARA,MEGHALAYA,3383,RIVER BUGI AT MIBONPARA,2022,1,single_year,single-year station,25.336148,90.339247,Low,ESRI_LIVINGATLAS_TS_2020_2025:CPCB,,South Garo Hills,,1
WQS1125,RIVER DAMRING (KRISHNAI RIVER) AT RESUBELPARA,MEGHALAYA,3380,"DAMRING RIVER (KRISHNEI RIVER) AT RESUBELPARA | DAMRING RIVER (KRISHNEI RIVER) AT RESUBELPARA, | DAMRING RIVER (KRISHNEI RIVER) AT RESUBELPARA, EAS | RIVER DAMRING (KRISHNAI RIVER) AT RESUBELPARA | RIVER DAMRING (KRISHNEI RIVER) AT RESUBELPARA",2017 2018 2019 2020 2021 2022 2023 2024,8,high,,25.904203,90.606251,Medium,ESRI_LIVINGATLAS_WQ_RIVERS_2023,,North Garo Hills,monthly,1
WQS1126,RIVER DAMRING AT BOLDAMGRE,MEGHALAYA,4113,RIVER BOLDAMGRE | RIVER DAMRING AT BOLDAMGRE,2021 2022 2023 2024,4,high,,25.65154,90.4027,Medium,ESRI_LIVINGATLAS_WQ_RIVERS_2023,,East Garo Hills,monthly,1
WQS1127,RIVER GANOL AT GAROBADHA,MEGHALAYA,4112,RIVER GANOL AT GAROBADHA,2022 2024,2,high,,,,Ambiguous / unresolved,,,,,1
WQS1128,RIVER GANOL TURA,MEGHALAYA,1632,RIVER GANOL TURA,2022,1,single_year,single-year station,,,Ambiguous / unresolved,,,,,1
WQS1129,RIVER KALIPAI AT RYMBAI,MEGHALAYA,4311,RIVER KALIPAI AT RYMBAI,2021 2022 2023 2024,4,high,,25.3252,92.31673,Medium,ESRI_LIVINGATLAS_WQ_RIVERS_2023,,East Jaintia Hills,monthly,1
WQS1130,RIVER KMAI UM AT RYMBAI,MEGHALAYA,4312,RIVER KMAI UM AT RYMBAI | RIVER KMEUM AT RYMBAI,2021 2022 2023 2024,4,high,,25.33435,92.31437,Medium,ESRI_LIVINGATLAS_WQ_RIVERS_2023,,East Jaintia Hills,monthly,1
WQS1131,RIVER KUPLI AT KHANDONG,MEGHALAYA,4321,RIVER KUPLI AT KHANDONG,2021 2022 2023 2024,4,high,,25.52665,92.62767,Medium,ESRI_LIVINGATLAS_WQ_RIVERS_2023,,West Jaintia Hills,monthly,1
WQS1132,RIVER KUPLI AT LOOSKI,MEGHALAYA,4320,RIVER KUPLI AT LOOSKI,2021 2022 2023 2024,4,high,,25.50332,92.59048,Medium,ESRI_LIVINGATLAS_WQ_RIVERS_2023,,West Jaintia Hills,monthly,1
WQS1133,"RIVER KWAI AT SUTNGA, JALAPHET",MEGHALAYA,4314,"RIVER KWAI AT SUTNGA, JALAPHET | RIVER KWAI AT SUTNGA, MAWPUN",2021 2022 2023 2024,4,high,,25.38251,92.45122,Medium,ESRI_LIVINGATLAS_WQ_RIVERS_2023,,East Jaintia Hills,monthly,1
WQS1134,RIVER KYNSHI AT NANGKHNUM,MEGHALAYA,3370,RIVER KYNSHI AT NANGKHNUM,2021 2022 2023 2024,4,high,,25.474742,91.263805,Medium,ESRI_LIVINGATLAS_WQ_RIVERS_2023,,West Khasi Hills,monthly,1
WQS1135,RIVER KYNSHI AT RANIKOR,MEGHALAYA,3371,RIVER KYNSHI AT RANIKOR,2021 2022 2023 2024,4,high,,25.223748,91.240649,Medium,ESRI_LIVINGATLAS_WQ_RIVERS_2023,,South West Khasi Hills,monthly,1
WQS1136,RIVER KYNSHI AT SOHIONG,MEGHALAYA,3369,RIVER KYNSHI AT SOHIONG,2021 2022 2023 2024,4,high,,25.499935,91.708243,Medium,ESRI_LIVINGATLAS_WQ_RIVERS_2023,,East Khasi Hills,monthly,1
WQS1137,RIVER KYRHUHKHLA KHLIEHRIAT,MEGHALAYA,1428,RIVER KYRHUHKHLA KHLIEHRIAT,2022 2023 2024,3,high,,25.367394,92.450206,Medium,ESRI_LIVINGATLAS_WQ_RIVERS_2023,,East Jaintia Hills,monthly,1
WQS1138,RIVER LAITRYNGEW AT LAITRYNGEW,MEGHALAYA,4305,RIVER LAITRYNGEW AT LAITRYNGEW | RIVER LAITRYNGEW STREAM AT LAITRYNGEW,2021 2022 2023 2024,4,high,,25.324016,91.731814,Medium,ESRI_LIVINGATLAS_WQ_RIVERS_2023,,East Khasi Hills,monthly,1
WQS1139,RIVER LAMU AT LESHKA,MEGHALAYA,4317,RIVER LAMU AT LESHKA,2021 2022 2023 2024,4,high,,25.268424,92.198469,Medium,ESRI_LIVINGATLAS_WQ_RIVERS_2023,,East Jaintia Hills,monthly,1
WQS1140,RIVER LUKHA AT KHADDUM,MEGHALAYA,4315,RIVER LUKHA AT KHADDUM,2021 2022 2023 2024,4,high,,25.224359,92.422355,Medium,ESRI_LIVINGATLAS_WQ_RIVERS_2023,,East Jaintia Hills,monthly,1
WQS1141,RIVER LUKHA AT SONAPUR,MEGHALAYA,3376,RIVER LUKHA AT SONAPUR,2022 2024,2,high,,,,Ambiguous / unresolved,,,,,1
WQS1142,RIVER LUNAR AT MYNDIHATI (TRIBUTARY OF LUKHA),MEGHALAYA,3375,RIVER LUNAR AT MYNDIHATI (TRIBUTARY OF LUKHA),2022 2024,2,high,,25.293878,92.391253,Medium,ESRI_LIVINGATLAS_TS_2020_2025:CPCB,,East Jaintia Hills,,1
WQS1143,RIVER LYNRIANG AT LESHKA POWER HOUSE,MEGHALAYA,4318,RIVER LYNRIANG AT LESHKA POWER HOUSE | RIVER LYNRIANG RIANG AT LESHKA,2021 2022 2023 2024,4,high,,25.23431,92.22689,Medium,ESRI_LIVINGATLAS_WQ_RIVERS_2023,,East Jaintia Hills,monthly,1
WQS1144,RIVER MYNTANG AT MYNSO,MEGHALAYA,3378,"MYNTANG RIVER AT MYNSO, JAYANTIA HILLS | RIVER MYNTANG AT MYNSO | RIVER MYNTANG AT MYNSO, JAYANTIA HILLS",2017 2018 2021 2022 2023 2024,6,high,,25.525132,92.297969,Medium,ESRI_LIVINGATLAS_WQ_RIVERS_2023,,West Jaintia Hills,monthly,1
WQS1145,RIVER MYNTANG AT NARTIANG,MEGHALAYA,3377,"MYNTANG RIVER AT NARTIANG, JAYANTIA HILLS | RIVER MYNTANG AT NARTIANG | RIVER MYNTANG AT NARTIANG, JAYANTIA HILLS",2017 2018 2021 2022 2023 2024,6,high,,25.565302,92.209276,Medium,ESRI_LIVINGATLAS_WQ_RIVERS_2023,,West Jaintia Hills,monthly,1
WQS1146,RIVER MYNTDU AT LESHKA,MEGHALAYA,3379,RIVER MYNTDU AT LESHKA,2022 2023,2,high,,25.268735,92.19829,Medium,ESRI_LIVINGATLAS_WQ_RIVERS_2023,,East Jaintia Hills,monthly,1
WQS1147,RIVER MYNTDU AT MIHMYNTDU,MEGHALAYA,4316,RIVER MYNTDU AT MIHMYNTDU,2021 2022 2023,3,high,,25.434337,92.204576,Medium,ESRI_LIVINGATLAS_WQ_RIVERS_2023,,West Jaintia Hills,monthly,1
WQS1148,RIVER MYNTDU JOWAI,MEGHALAYA,1631,RIVER MYNTDU JOWAI,2022 2023,2,high,,25.439233,92.219175,Medium,ESRI_LIVINGATLAS_WQ_RIVERS_2023,,West Jaintia Hills,monthly,1
WQS1149,RIVER NONBAH AT NANGSTOIN MARKET,MEGHALAYA,3367,RIVER NONBAH AT NANGSTOIN MARKE | RIVER NONBAH AT NANGSTOIN MARKET,2021 2022 2023 2024,4,high,,25.524342,91.272386,Medium,ESRI_LIVINGATLAS_WQ_RIVERS_2023,,West Khasi Hills,monthly,1
WQS1150,RIVER NONBAH AT PHOTSOHSAT,MEGHALAYA,3368,RIVER NONBAH AT PHOTSOHSAT,2021 2022 2023 2024,4,high,,25.52527,91.28034,Medium,ESRI_LIVINGATLAS_WQ_RIVERS_2023,,West Khasi Hills,monthly,1
WQS1151,RIVER NONGAL AT NANGALBIBRA,MEGHALAYA,4110,RIVER NONGAL AT NANGALBIBRA,2021 2022 2023 2024,4,high,,25.45203,90.7055,Medium,ESRI_LIVINGATLAS_WQ_RIVERS_2023,,South Garo Hills,monthly,1
WQS1152,"RIVER RILANG AT MAWKYRWAT,",MEGHALAYA,3372,"RIVER RILANG AT MAWKYRWAT,",2021 2022 2023 2024,4,high,,25.38231,91.40126,Medium,ESRI_LIVINGATLAS_WQ_RIVERS_2023,,South West Khasi Hills,monthly,1
WQS1153,RIVER RWIANG AT RWIANG,MEGHALAYA,4310,RIVER RWIANG AT RWIANG,2021 2022 2023 2024,4,high,,25.60413,91.18264,Medium,ESRI_LIVINGATLAS_WQ_RIVERS_2023,,West Khasi Hills,monthly,1
WQS1154,RIVER SDERKARIAH AT SOHRA (CHERRAPUNJEE),MEGHALAYA,4304,RIVER SDERKARIAH AT SOHRA (CHERRAPUNJEE),2021 2022 2023 2024,4,high,,25.289431,91.712861,Medium,ESRI_LIVINGATLAS_WQ_RIVERS_2023,,East Khasi Hills,monthly,1
WQS1155,RIVER SIMSANG AT BAGHMARA,MEGHALAYA,4326,RIVER SIMSANG AT BAGHMARA,2022 2024,2,high,,25.45442,90.70581,Low,ESRI_LIVINGATLAS_TS_2020_2025:CPCB,,South Garo Hills,,1
WQS1156,RIVER SIMSANG AT NANGALBIBRA BRIDGE,MEGHALAYA,4111,RIVER SIMSANG AT NANGALBIBRA BRIDGE,2022 2024,2,high,,25.489101,90.774034,Medium,ESRI_LIVINGATLAS_TS_2020_2025:CPCB,,South Garo Hills,,1
WQS1157,RIVER SIMSANG WILLIAMNAGAR,MEGHALAYA,1633,RIVER SIMSANG WILLIAMNAGAR,2022 2023 2024,3,high,,25.473479,90.620548,Medium,ESRI_LIVINGATLAS_WQ_RIVERS_2023,,East Garo Hills,monthly,1
WQS1158,RIVER THLU UMWI AT THLU UMWI,MEGHALAYA,4322,RIVER THLU UMWI AT THLU UMWI | RIVER THLUMUWI AT THLUMUWI,2021 2022 2023 2024,4,high,,25.34692,92.14458,Medium,ESRI_LIVINGATLAS_WQ_RIVERS_2023,,West Jaintia Hills,monthly,1
WQS1159,RIVER UMIAM MAWPHLANG AT MAWPHLANG,MEGHALAYA,3355,RIVER UMIAM MAWPHLANG AT MAWPHLANG,2022,1,single_year,single-year station,,,Ambiguous / unresolved,,,,,1
WQS1160,RIVER UMIAM MAWPHLANG AT NONGKREM,MEGHALAYA,3353,RIVER UMIAM MAWPHLANG AT NONGKREM,2022,1,single_year,single-year station,,,Ambiguous / unresolved,,,,,1
WQS1161,RIVER UMIAM MAWPHLANG AT SHELLA,MEGHALAYA,3356,RIVER UMIAM MAWPHLANG AT SHELLA,2022,1,single_year,single-year station,,,Ambiguous / unresolved,,,,,1
WQS1162,RIVER UMIAM MAWPHLANG AT UMTYNGNGAR,MEGHALAYA,3354,RIVER UMIAM MAWPHLANG AT UMTYNGNGAR,2022,1,single_year,single-year station,,,Ambiguous / unresolved,,,,,1
WQS1163,RIVER UMIUREM AT LALE,MEGHALAYA,4319,RIVER UMIUREM AT LALE,2021 2022 2023 2024,4,high,,25.669851,91.901017,Medium,ESRI_LIVINGATLAS_WQ_RIVERS_2023,,Ri Bhoi,monthly,1
WQS1164,RIVER UMKHEN AT DIENGPASOH,MEGHALAYA,3352,RIVER UMKHEN AT DIENGPASOH,2022,1,single_year,single-year station,25.593153,92.041119,Medium,ESRI_LIVINGATLAS_TS_2020_2025:CPCB,,East Khasi Hills,,1
WQS1165,"RIVER UMKHEN AT KSEHPONGDENG,",MEGHALAYA,3351,"RIVER UMKHEN AT KSEHPONGDENG,",2022,1,single_year,single-year station,25.566645,92.030121,Medium,ESRI_LIVINGATLAS_TS_2020_2025:CPCB,,East Khasi Hills,,1
WQS1166,"RIVER UMKHEN AT WAH KDAIT,",MEGHALAYA,3350,"RIVER UMKHEN AT WAH KDAIT,",2022,1,single_year,single-year station,25.606128,92.073859,Medium,ESRI_LIVINGATLAS_TS_2020_2025:CPCB,,East Khasi Hills,,1
WQS1167,"RIVER UMKHRAH AT DEMTHRING, SHILLONG",MEGHALAYA,3359,"RIVER UMKHRAH AT DEMTHRING, SHILLONG",2022,1,single_year,single-year station,25.55801,91.909026,Medium,ESRI_LIVINGATLAS_TS_2020_2025:CPCB,,East Khasi Hills,,1
WQS1168,"RIVER UMKHRAH AT MAWLAI, NEAR SLAUGHTER HOUSE",MEGHALAYA,3361,"RIVER UMKHRAH AT MAWLAI, NEAR SLAUGHTER HOUSE",2022,1,single_year,single-year station,25.624451,91.881237,Medium,ESRI_LIVINGATLAS_TS_2020_2025:CPCB,,East Khasi Hills,,1
WQS1169,"RIVER UMKHRAH AT MAWPDANG, MAWLAI",MEGHALAYA,3362,"RIVER UMKHRAH AT MAWPDANG, MAWLAI",2022,1,single_year,single-year station,25.587194,91.990592,Medium,ESRI_LIVINGATLAS_TS_2020_2025:CPCB,,East Khasi Hills,,1
WQS1170,"RIVER UMKHRAH AT UMKALIAR, SHILLONG",MEGHALAYA,3360,"RIVER UMKHRAH AT UMKALIAR, SHILLONG",2022,1,single_year,single-year station,25.58026,91.90816,Medium,ESRI_LIVINGATLAS_TS_2020_2025:CPCB,,East Khasi Hills,,1
WQS1171,RIVER UMNGI AT JAKREM,MEGHALAYA,4308,RIVER UMNGI AT JAKREM,2021 2022 2023 2024,4,high,,25.39074,91.507333,Medium,ESRI_LIVINGATLAS_WQ_RIVERS_2023,,South West Khasi Hills,monthly,1
WQS1172,RIVER UMNGI AT UMPUNG,MEGHALAYA,4309,RIVER UMNGI AT UMPUNG,2021 2022 2023 2024,4,high,,25.169224,91.385296,Medium,ESRI_LIVINGATLAS_WQ_RIVERS_2023,,South West Khasi Hills,monthly,1
WQS1173,RIVER UMNGOT AT DAWKI,MEGHALAYA,3358,RIVER UMNGOT AT DAWKI,2022 2024,2,high,,25.201766,92.019339,Medium,ESRI_LIVINGATLAS_TS_2020_2025:CPCB,,East Khasi Hills,,1
WQS1174,"RIVER UMNGOT AT SMIT,",MEGHALAYA,3357,"RIVER UMNGOT AT SMIT,",2022 2024,2,high,,25.499514,91.902321,Medium,ESRI_LIVINGATLAS_TS_2020_2025:CPCB,,East Khasi Hills,,1
WQS1175,"RIVER UMSHYRPI AT LAW COLLEGE, DHANKETI,",MEGHALAYA,3364,"RIVER UMSHYRPI AT LAW COLLEGE, DHANKETI,",2022,1,single_year,single-year station,25.56574,91.889085,Medium,ESRI_LIVINGATLAS_TS_2020_2025:CPCB,,East Khasi Hills,,1
WQS1176,RIVER UMSHYRPI AT RISA COLONY,MEGHALAYA,3363,RIVER UMSHYRPI AT RISA COLONY,2022,1,single_year,single-year station,25.561417,91.893367,Medium,ESRI_LIVINGATLAS_TS_2020_2025:CPCB,,East Khasi Hills,,1
WQS1177,RIVER UMSHYRPI AT UMSHYRPI BRIDGE,MEGHALAYA,3365,RIVER UMSHYRPI AT UMSHYRPI BRIDGE,2022,1,single_year,single-year station,25.566957,91.87779,Medium,ESRI_LIVINGATLAS_TS_2020_2025:CPCB,,East Khasi Hills,,1
WQS1178,RIVER UMTREW AT BYRNIHAT EAST,MEGHALAYA,1427,RIVER UMTREW AT BYRNIHAT EAST,2022,1,single_year,single-year station,,,Ambiguous / unresolved,,,,,1
WQS1179,"RIVER UMTREW AT UMRAN,",MEGHALAYA,3366,"RIVER UMTREW AT UMRAN,",2022,1,single_year,single-year station,,,Ambiguous / unresolved,,,,,1
WQS1180,"RIVER WAH BLEI AT RIANGDO,",MEGHALAYA,3373,"RIVER WAH BLEI AT RIANGDO,",2021 2022 2023 2024,4,high,,25.673831,91.061082,Medium,ESRI_LIVINGATLAS_WQ_RIVERS_2023,,West Khasi Hills,monthly,1
WQS1181,"RIVER WAH BLEI AT SDAD DKHAR,",MEGHALAYA,3374,"RIVER WAH BLEI AT SDAD DKHAR, | RIVER WAH BLEI AT SHDADDKHAR,",2021 2022 2023 2024,4,high,,25.66259,91.08636,Medium,ESRI_LIVINGATLAS_WQ_RIVERS_2023,,West Khasi Hills,monthly,1
WQS1182,RIVER WAHKHLEK KHLEK AT SAITSOHPEN,MEGHALAYA,4306,RIVER WAHKHLEK KHLEK AT SAITSOHPEN,2021 2022 2023 2024,4,high,,25.24998,91.74238,Medium,ESRI_LIVINGATLAS_WQ_RIVERS_2023,,East Khasi Hills,monthly,1
WQS1183,RIVER WAHREW AT MAJAI,MEGHALAYA,4307,RIVER WAHREW AT MAJAI,2021 2022 2023 2024,4,high,,25.188348,91.764313,Medium,ESRI_LIVINGATLAS_WQ_RIVERS_2023,,East Khasi Hills,monthly,1
WQS1184,RIVER WAIKHRWI AT MOOPALA,MEGHALAYA,4313,RIVER WAIKHRWI AT MOOKHLOT | RIVER WAIKHRWI AT MOOPALA,2021 2022 2023 2024,4,high,,25.348229,92.42338,Medium,ESRI_LIVINGATLAS_WQ_RIVERS_2023,,East Jaintia Hills,monthly,1
WQS1185,"BawraiStream(Perennial stream) at Bawrai Village, before confluence with River Tlawng, Mamit District, Mizoram",MIZORAM,5738,"BawraiStream(Perennial stream) at Bawrai Village, before confluence with River Tlawng, Mamit District, Mizoram",2024,1,single_year,single-year station,,,Ambiguous / unresolved,,,,,1
WQS1186,"CHALLUI STREAM, LENGPUI, AIZAWL DIST",MIZORAM,3724,"CHALLUI STREAM, LENGPUI, AIZAWL DIST | RIVER CHALLUI, LENGPUI",2021 2022 2023 2024,4,high,,23.827071,92.643257,Medium,ESRI_LIVINGATLAS_WQ_RIVERS_2023,,Aizawl,monthly,1
WQS1187,"CHHIMTUIPUI RIVER, KAWLCHAW, NEAR CHHIMTUPUI BRIDGE, SAIHA DIST.",MIZORAM,3744,"CHHIMTUIPUI RIVER, KAWLCHAW, NEAR CHHIMTUPUI BRIDGE, SAIHA DIST. | RIVER CHHIMTUIPUI RIVER, KAWLCHAW",2021 2022 2023 2024,4,high,,22.399498,92.960268,Medium,ESRI_LIVINGATLAS_WQ_RIVERS_2023,,Siaha,monthly,1
WQS1188,"CHITE STREAM, ARMED VENG, NEAR MINI SPORTS COMPLEX, AIZAWL",MIZORAM,3718,"CHITE STREAM, ARMED VENG, NEAR MINI SPORTS COMPLEX, AIZAWL | RIVER CHITHE STREAM ARMED VENG NR MINI SPORTS COMPLEX",2021 2022 2023 2024,4,high,,24.437574,92.770386,Medium,ESRI_LIVINGATLAS_WQ_RIVERS_2023,,Kolasib,monthly,1
WQS1189,"ChangelLui (Perennial stream) at Chawngtlai Ram, before confluencing with RiverTuichang, Khawzawl District, Mizoram",MIZORAM,5753,"ChangelLui (Perennial stream) at Chawngtlai Ram, before confluencing with RiverTuichang, Khawzawl District, Mizoram",2024,1,single_year,single-year station,,,Ambiguous / unresolved,,,,,1
WQS1190,"Chemlui (Perennial Stream) at Chemphai, Near PHE Pump House, Bilkhawthlir Village, before confluence with River Serlui,Kolasib District, Mizoram",MIZORAM,5745,"Chemlui (Perennial Stream) at Chemphai, Near PHE Pump House, Bilkhawthlir Village, before confluence with River Serlui,Kolasib District, Mizoram",2024,1,single_year,single-year station,,,Ambiguous / unresolved,,,,,1
WQS1191,"Chhimluang (Perennial stream) at Meidum Village before confluencing with River Tlawng, Kolasib District, Mizoram",MIZORAM,5747,"Chhimluang (Perennial stream) at Meidum Village before confluencing with River Tlawng, Kolasib District, Mizoram",2024,1,single_year,single-year station,,,Ambiguous / unresolved,,,,,1
WQS1192,"ChiteLui (Perennial Stream) at Vairengte Village, B/C with River Serlui,Kolasib District, Mizoram",MIZORAM,5746,"ChiteLui (Perennial Stream) at Vairengte Village, B/C with River Serlui,Kolasib District, Mizoram",2024,1,single_year,single-year station,,,Ambiguous / unresolved,,,,,1
WQS1193,"DAMDIAI STREAM, AIRFIELD, NEAR TUIRIAL WASTE MANAGEMENT CENTRE, AIZAWL DIST",MIZORAM,3716,"DAMDIAI STREAM, AIRFIELD, NEAR TUIRIAL WASTE MANAGEMENT CENTRE, AIZAWL DIST | DAMDIAI STREAM, AIRFIELD,NEAR TUIRIAL WASTE MANAGEMENT CENTRE,AIZAWL DIST | RIVER DAMDIAI STREAM, AIRFIELD AFTER DUMPING GROUND",2021 2022 2023 2024,4,high,,24.082351,92.504575,Medium,ESRI_LIVINGATLAS_WQ_RIVERS_2023,,Mamit,monthly,1
WQS1194,"DamdiaiChhuahLui (Perrenial Stream)at Damdiai chhuah, before confuencing withRiver Tuichang, Khawzawl District, Mizoram",MIZORAM,5752,"DamdiaiChhuahLui (Perrenial Stream)at Damdiai chhuah, before confuencing withRiver Tuichang, Khawzawl District, Mizoram",2024,1,single_year,single-year station,,,Ambiguous / unresolved,,,,,1
WQS1195,"DilluiTui (Perennial stream) at Darzo Village, before confluencingwith River Mat, Hnahthial District, Mizoram",MIZORAM,5760,"DilluiTui (Perennial stream) at Darzo Village, before confluencingwith River Mat, Hnahthial District, Mizoram",2024,1,single_year,single-year station,,,Ambiguous / unresolved,,,,,1
WQS1196,"Fallui (Perennial Stream) at Boundary betweenÂ Champhai Town and Neihdawn Village, before confluening with River Tuipui,Champhai District, Mizoram",MIZORAM,5739,"Fallui (Perennial Stream) at Boundary betweenÂ Champhai Town and Neihdawn Village, before confluening with River Tuipui,Champhai District, Mizoram",2024,1,single_year,single-year station,,,Ambiguous / unresolved,,,,,1
WQS1197,"Hmawngawn Lui (Perennial Stream), before confuencing with River Mat, Hmarveng, Serchhip Town, Serchhip District, Mizoram",MIZORAM,5727,"Hmawngawn Lui (Perennial Stream), before confuencing with River Mat, Hmarveng, Serchhip Town, Serchhip District, Mizoram",2024,1,single_year,single-year station,,,Ambiguous / unresolved,,,,,1
WQS1198,"KurungLuiÂ (Perennial stream) at Sairang Village, before confuencing with River Tlawng, Aizawl District, Mizoram",MIZORAM,5723,"KurungLuiÂ (Perennial stream) at Sairang Village, before confuencing with River Tlawng, Aizawl District, Mizoram",2024,1,single_year,single-year station,,,Ambiguous / unresolved,,,,,1
WQS1199,"LAWIBUAL STREAM, I.T.I VENG, AIZAWL",MIZORAM,3721,"LAWIBUAL STREAM, I.T.I VENG, AIZAWL | RIVER LAWIBUAL STREAM, LAWIBUAL VILLAGE",2021 2022 2023 2024,4,high,,23.716306,92.748333,Medium,ESRI_LIVINGATLAS_WQ_RIVERS_2023,,Aizawl,monthly,1
WQS1200,"Lau Lui (Perennial stream) at Thenzawl Village, before confluencing with River Tlawng, Serchhip District, Mizoram",MIZORAM,5730,"Lau Lui (Perennial stream) at Thenzawl Village, before confluencing with River Tlawng, Serchhip District, Mizoram",2024,1,single_year,single-year station,,,Ambiguous / unresolved,,,,,1
WQS1201,"MAT RIVER, DAWN VILLAGE, NEAR MAT BRIDGE,LUNGLEI DIST.",MIZORAM,3735,"MAT RIVER, DAWN VILLAGE, NEAR MAT BRIDGE,LUNGLEI DIST. | RIVER MAT RIVER",2021 2022 2023 2024,4,high,,22.867092,92.765439,Medium,ESRI_LIVINGATLAS_WQ_RIVERS_2023,,Lunglei,monthly,1
WQS1202,"PhaipuiLui (Perennial stream) at Saitual Town, before confluencing with RiverTuivawl, Saitual District, Mizoram",MIZORAM,5749,"PhaipuiLui (Perennial stream) at Saitual Town, before confluencing with RiverTuivawl, Saitual District, Mizoram",2024,1,single_year,single-year station,,,Ambiguous / unresolved,,,,,1
WQS1203,"PhaisenLui(Perennial stream ) at/ near Khawzawl Town, before confluencing withÂ RiverTuichang, Khawzawl District, Mizoram Khawzawl",MIZORAM,5755,"PhaisenLui(Perennial stream ) at/ near Khawzawl Town, before confluencing withÂ RiverTuichang, Khawzawl District, Mizoram Khawzawl",2024,1,single_year,single-year station,,,Ambiguous / unresolved,,,,,1
WQS1204,"RIVER CHENGKAWL LUI AT PHE RESERVOIR, CHAWNHU VILLAGE",MIZORAM,4131,"RIVER CHENGKAWL LUI AT PHE RESERVOIR, CHAWNHU VILLAGE",2021,1,single_year,single-year station,,,Ambiguous / unresolved,,,,,1
WQS1205,"RIVER CHITE STREAM, NEAR SIPMIU'S STP, BETHLEHEM VENGTHLANG, AIZAWL",MIZORAM,4114,"RIVER CHITE STREAM, NEAR SIPMIU'S STP, BETHLEHEM VENGTHLANG, AIZAWL | RIVER CHITHE STREAM, NR SIPMUI'S STP, BETHELEM VENGTHLANG",2021 2022 2023 2024,4,high,,23.728736,92.726004,Medium,ESRI_LIVINGATLAS_WQ_RIVERS_2023,,Aizawl,monthly,1
WQS1206,"RIVER KHAWTHLANGTUIPUI ,TLABUNG, LUNGLEI DIST.",MIZORAM,4122,"RIVER KHAWTHLANGTUIPUI ,TLABUNG, LUNGLEI | RIVER KHAWTHLANGTUIPUI ,TLABUNG, LUNGLEI DIST. | RIVER KHAWTHLANGTUIPUI RIVER, TLABUNG",2021 2022 2023 2024,4,high,,22.909203,92.464381,Medium,ESRI_LIVINGATLAS_WQ_RIVERS_2023,,Lunglei,monthly,1
WQS1207,"RIVER NGENGPUI STREAM, NR KALADAN MULTI MODAL RD, LAWNGTLAI DIST.",MIZORAM,4130,"RIVER NGENGPUI STREAM, NR KALADAN MULTI MODAL RD, LAWNGTLAI DIST. | RIVER NGENGPUI STREAM, NR KALADAN MULTI MODAL RD, NGENGPUI | RIVER NGENGPUI STREAM,NR KALADAN MULTI MODAL RD, LAWNGTLAI DIST.",2021 2022 2023 2024,4,high,,22.441188,92.784176,Medium,ESRI_LIVINGATLAS_WQ_RIVERS_2023,,Lawngtlai,monthly,1
WQS1208,"RIVER PHE RESERVIOR (LAHMUN RIVER), MIZO VENG, MAMIT",MIZORAM,3749,"RIVER LAHMUN RIVER, PHAIZAU, MAMIT | RIVER PHE RESERVIOR (LAHMUN RIVER), MIZO VENG, MAMIT",2021 2022 2023 2024,4,high,,23.926689,92.525016,Medium,ESRI_LIVINGATLAS_WQ_RIVERS_2023,,Mamit,monthly,1
WQS1209,"RIVER PHE WATER RESERVOIR, TAWIZO STREAM WATER, RULCHAWM VILLAGE",MIZORAM,4117,"RIVER PHE WATER RESERVOIR, TAWIZO STREAM WATER, RULCHAWM VILLAGE",2021,1,single_year,single-year station,,,Ambiguous / unresolved,,,,,1
WQS1210,"RIVER SERLUI D/S, SERLUI 'B' HEPP DAM, BILKHAWTHLIR, KOLASIB DIST.",MIZORAM,4119,"RIVER SERLUI B DAM, SERLUI'B'HEPP SITE, BILKHAWTHLIR VILLAGE | RIVER SERLUI D/S, SERLUI 'B' HEPP DAM, BILKHAWTHLIR, KOLASIB DIST.",2021 2022 2023 2024,4,high,,24.338392,92.768465,Medium,ESRI_LIVINGATLAS_WQ_RIVERS_2023,,Kolasib,monthly,1
WQS1211,"RIVER TEIREI BAWNGVA, MAMIT DIST.",MIZORAM,3750,"RIVER TEIREI BAWNGVA, MAMIT DIST. | RIVER TEIREI RIVER, NEAR BAWNGVA VIILAGE, MAMIT",2021 2022 2023 2024,4,high,,23.946643,92.450596,Medium,ESRI_LIVINGATLAS_WQ_RIVERS_2023,,Mamit,monthly,1
WQS1212,"RIVER TEIREI D/S NR CONFLUENCE PT WITH TLAWNG RIVER, SAPMARA, BAIRABI,KOLASIB DIST.",MIZORAM,4120,"RIVER TEIREI D/S NR CONFLUENCE PT WITH TLAWNG RIVER, SAPMARA, BAIRABI,KOLASIB | RIVER TEIREI D/S NR CONFLUENCE PT WITH TLAWNG RIVER, SAPMARA, BAIRABI,KOLASIB DIST. | RIVER TEIREI RIVER, D/S NR CONFLUENCE PT WITH TLAWG RIVER, SAPMARA VILLAGE",2021 2022 2023 2024,4,high,,23.958896,92.428097,Medium,ESRI_LIVINGATLAS_WQ_RIVERS_2023,,Mamit,monthly,1
WQS1213,"RIVER TIAU, ZOKHAWTHAR, NEAR TIAU BRIDGE,CHAMPHAI DIST.",MIZORAM,3756,"RIVER TIAU RIVER, CHAMPHAI | RIVER TIAU, ZOKHAWTHAR, NEAR TIAU BRIDGE,CHAMPHAI DIST.",2021 2022 2023 2024,4,high,,23.468194,93.218141,Medium,ESRI_LIVINGATLAS_WQ_RIVERS_2023,,Khawzawl,monthly,1
WQS1214,"RIVER TLAWNG AT PHE WATER RESERVOIR, TUIKHUAHTLANG, AIZAWL",MIZORAM,4116,"RIVER TLAWNG AT PHE WATER RESERVOIR, TUIKHUAHTLANG, AIZAWL",2021,1,single_year,single-year station,,,Ambiguous / unresolved,,,,,1
WQS1215,"RIVER TLAWNG D/S, RIMAWI VENG, BAIRABI,KOLASIB DIST.",MIZORAM,3754,"RIVER TLAWNG D/S, RIMAWI VENG, BAIRABI,KOLASIB DIST. | RIVER TLAWNG DOWNSTREAM, BAIRABI",2021 2022 2023,3,high,,24.179943,92.535206,Medium,ESRI_LIVINGATLAS_WQ_RIVERS_2023,,Kolasib,monthly,1
WQS1216,RIVER TLAWNG DOWNSTREAM AIZAWL,MIZORAM,2051,"RIVER TLAWNG DOWNSTREAM AIZAWL | RIVER TLAWNG MID STREAM, REIEK KAI, AIZAWL,D/S OF TLAWNG BRIDGE | RIVER, TLAWNG MID STREAM, REIEK KAI, AIZAWL, D/S OF TLAWNG BRIDGE",2021 2022 2023,3,high,,23.711097,92.665208,Medium,ESRI_LIVINGATLAS_WQ_RIVERS_2023,,Mamit,monthly,1
WQS1217,"RIVER TLAWNG RIVER, SUARPUI, BAIRABI HEPP DAM SITE, BAIRABI VILLAGE",MIZORAM,4121,"RIVER TLAWNG D/S, SUARPUI, BAIRABI HEPP DAM SITE, BAIRABI,KOLASIB DIST. | RIVER TLAWNG D/S,SUARPUI, BAIRABI HEPP DAM SITE, BAIRABI,KOLASIB DIST. | RIVER TLAWNG RIVER, SUARPUI, BAIRABI HEPP DAM SITE, BAIRABI VILLAGE",2021 2022 2023,3,high,,23.495076,92.658043,Medium,ESRI_LIVINGATLAS_WQ_RIVERS_2023,,Aizawl,monthly,1
WQS1218,"RIVER TLAWNG RIVER,PIALTHLENG ZOTLANG, LUNGLEI",MIZORAM,3736,"RIVER TLAWNG RIVER,PIALTHLENG ZOTLANG, LUNGLEI | RIVER TLAWNG U/S, PIALTHLENG ZOTLANG, LUNGLEI | TLAWNG RIVER, U/S, PIALTHLENG ZOTLANG, LUNGLEI",2021 2022 2023,3,high,,22.868171,92.767807,Medium,ESRI_LIVINGATLAS_WQ_RIVERS_2023,,Lunglei,monthly,1
WQS1219,"RIVER TLAWNG RIVER,UPSTREAM ZOBAWK,LUNGLEI",MIZORAM,3734,"RIVER TLAWNG RIVER,UPSTREAM ZOBAWK,LUNGLEI | RIVER TLAWNG U/S, ZOBAWK VILLAGE, LUNGLEI DIST. | TLAWNG RIVER, U/S, ZOBAWK VILLAGE, LUNGLEI DIST.",2021 2022 2023,3,high,,22.850748,92.811513,Medium,ESRI_LIVINGATLAS_WQ_RIVERS_2023,,Lunglei,monthly,1
WQS1220,RIVER TLAWNG SAIRANG,MIZORAM,3709,"RIVER TLAWNG SAIRANG | RIVER, TLAWNG SAIRANG",2021 2022 2023,3,high,,23.813611,92.652778,Medium,ESRI_LIVINGATLAS_WQ_RIVERS_2023,,Aizawl,monthly,1
WQS1221,RIVER TLAWNG UPSTREAM AIZAWL,MIZORAM,2050,"RIVER TLAWNG MID STREAM, REIEK KAI, AIZAWL, U/S OF TLAWNG BRIDGE | RIVER TLAWNG MID STREAM, REIEK KAI, AIZAWL,U/S OF TLAWNG BRIDGE | RIVER TLAWNG UPSTREAM AIZAWL",2021 2022 2023,3,high,,23.712028,92.663875,Medium,ESRI_LIVINGATLAS_WQ_RIVERS_2023,,Mamit,monthly,1
WQS1222,"RIVER TUICHHUAHEN STREAM, NEAR PHE WATER TREATMENT PLANT, KOLASIB",MIZORAM,3752,"RIVER TUICHHUAHAN STREAM, KOLASIB | RIVER TUICHHUAHEN STREAM, NEAR PHE WATER TREATMENT PLANT, KOLASIB",2021 2022 2023 2024,4,high,,24.225579,92.676645,Medium,ESRI_LIVINGATLAS_WQ_RIVERS_2023,,Kolasib,monthly,1
WQS1223,"RIVER TUIKUAL STREAM, U/S, MIZORAM NEW CAPITAL COMPLEX , DINTHAR, AIZAWL",MIZORAM,4115,"RIVER TUIKUAL STREAM, U/S NR NEW SECRETARIAT COMPLEX, DINTHAR | RIVER TUIKUAL STREAM, U/S, MIZORAM NEW CAPITAL COMPLEX , DINTHAR, AIZAWL",2021 2022 2023 2024,4,high,,23.725482,92.707341,Medium,ESRI_LIVINGATLAS_WQ_RIVERS_2023,,Aizawl,monthly,1
WQS1224,"RIVER TUIPUI NEAR PHE WATER TREATMENT PLANT, CHAMPHAI DIST.",MIZORAM,3757,"RIVER TUIPUI NEAR PHE WATER TREATMENT PLANT, CHAMPHAI DIST. | RIVER TUIPUI RIVER, CHAMPHAI",2021 2022 2023 2024,4,high,,23.457635,93.341798,Medium,ESRI_LIVINGATLAS_WQ_RIVERS_2023,,Champhai,monthly,1
WQS1225,"RIVER TUIPUI U/S, NR CONFLUENCE PT KEILUNGLIAH STREAM, VENGTHAR, CHAMPHAI",MIZORAM,4125,"RIVER TUIPUI U/S, NR CONFLUENCE PT KEILUNGLIAH STREAM, VENGTHAR, CHAMPHAI | RIVER TUIPUI, U/S NR CONFLUENCE PT KEILUNGLIAH STREAM, VENGTHAR, CHAMPHAI",2021 2022 2023 2024,4,high,,22.879519,92.935696,Medium,ESRI_LIVINGATLAS_WQ_RIVERS_2023,,Hnahthial,monthly,1
WQS1226,"RIVER TUIRIAL D/S, HEPP DAM, SAIPUM, KOLASIB DIST.",MIZORAM,4118,"RIVER TUIRIAL D/S, HEPP DAM, SAIPUM, KOLASIB DIST. | RIVER TUIRIAL DAM, TUIRIAL HEPP, SAIPUM VILLAGE",2021 2022 2023,4,high,duplicate of another row with identical values,24.356512,92.886025,Medium,ESRI_LIVINGATLAS_WQ_RIVERS_2023,,Aizawl,monthly,1
WQS1227,RIVER TUIRIAL LOWER CATCHMENT,MIZORAM,2053,RIVER TUIRIAL LOWER CATCHMENT,2021,1,single_year,single-year station,,,Ambiguous / unresolved,,,,,1
WQS1228,"RIVER TUIRIAL MID STREAM, TUIRIAL VILLAGE, U/S OF TUIRIAL BRIDGE",MIZORAM,2052,"RIVER TUIRIAL MID STREAM, TUIRIAL VILLAGE, U/S OF TUIRIAL BRIDGE | RIVER TUIRIAL MID STREAM, TUIRIAL VILLAGE,U/S OF TUIRIAL BRIDGE",2022 2023,2,medium,,23.721011,92.799853,Medium,ESRI_LIVINGATLAS_WQ_RIVERS_2023,,Aizawl,monthly,1
WQS1229,"RIVER TUIRIAL RIVER, AIRFIELD AFTER DUMPING GROUND",MIZORAM,3717,"RIVER TUIRIAL RIVER, AIRFIELD AFTER DUMPING GROUND",2021,1,single_year,single-year station,,,Ambiguous / unresolved,,,,,1
WQS1230,"RIVER TUIRIAL RIVER, AIRFIELD, NR DUMPING GROUND",MIZORAM,3715,"RIVER TUIRIAL MID STREAM, AIRFIELD, U/S OF TUIRIAL WASTE MANAGEMENT CENTRE,AIZAWL DIST. | RIVER TUIRIAL RIVER, AIRFIELD, NR DUMPING GROUND | TUIRIAL RIVER, MID STREAM, AIRFIELD, U/S OF TUIRIAL WASTE MANAGEMENT CENTRE, AIZAWL DIST.",2021 2022 2023,3,high,,23.675086,92.793567,Medium,ESRI_LIVINGATLAS_WQ_RIVERS_2023,,Aizawl,monthly,1
WQS1231,"RIVER TUIRIAL RIVER, U/S NR SUMANTH VILLAGE",MIZORAM,3714,"RIVER TUIRIAL RIVER, U/S NR SUMANTH VILLAGE",2021,1,single_year,single-year station,,,Ambiguous / unresolved,,,,,1
WQS1232,RIVER TUIRIAL UPPER CATCHMENT,MIZORAM,2052,RIVER TUIRIAL UPPER CATCHMENT,2021,1,single_year,single-year station,,,Ambiguous / unresolved,,,,,1
WQS1233,"RIVER TUT DAPCHHUAH, MAMIT DIST.",MIZORAM,3751,"RIVER TUT DAPCHHUAH, MAMIT DIST. | RIVER TUT RIVER, NEAR DAPCHHUAH VILLAGE",2021 2022 2023 2024,4,high,,23.770285,92.520087,Medium,ESRI_LIVINGATLAS_WQ_RIVERS_2023,,Mamit,monthly,1
WQS1234,"RIVER VAITUI TUIKHUR,THEIRIAT, LUNGLEI (WATERFALL- VANVA RIVER)",MIZORAM,4132,"RIVER VAITUI TUIKHUR,THEIRIAT, LUNGLEI (WATERFALL- VANVA RIVER)",2021,1,single_year,single-year station,,,Ambiguous / unresolved,,,,,1
WQS1235,"RIVER VANTAWNG WATER FALL, THENZAWL, SERCHHIP DIST.",MIZORAM,4132,"RIVER VANTAWNG WATER FALL, THENZAWL, SERCHHIP DIST.",2022 2023 2024,3,medium,,22.867859,92.774345,Medium,ESRI_LIVINGATLAS_WQ_RIVERS_2023,,Lunglei,monthly,1
WQS1236,"RIVER, SERLUI STREAM, REIEK KAI, NEAR PHE WATER TREATMENT PLANT, AIZAWL",MIZORAM,3710,"RIVER SERLUI STREAM, REIEK KAI, PHE WATER TREATMENT PLANT | RIVER, SERLUI STREAM, REIEK KAI, NEAR PHE WATER TREATMENT PLANT, AIZAWL",2021 2022 2023 2024,4,high,,23.693552,92.681589,Medium,ESRI_LIVINGATLAS_WQ_RIVERS_2023,,Aizawl,monthly,1
WQS1237,"RIVER, TUIPUI D DARZOKAI, HNAHTHIAL DIST.",MIZORAM,4123,"RIVER TUIPUI DARZOKAI RIVER, CHHIMTUIPUI, TUIPUI D VILLAGE | RIVER, TUIPUI D DARZOKAI, HNAHTHIAL DIST.",2021 2022 2023 2024,4,high,,22.905402,92.930721,Medium,ESRI_LIVINGATLAS_WQ_RIVERS_2023,,Hnahthial,monthly,1
WQS1238,"RIVER, TUIRIAL MID STREAM, TUIRIAL VILLAGE, D/S OF TUIRIAL BRIDGE",MIZORAM,2053,"RIVER TUIRIAL MID STREAM, TUIRIAL VILLAGE,D/S OF TUIRIAL BRIDGE | RIVER, TUIRIAL MID STREAM, TUIRIAL VILLAGE, D/S OF TUIRIAL BRIDGE",2022 2023,2,medium,,23.720986,92.799764,Medium,ESRI_LIVINGATLAS_WQ_RIVERS_2023,,Aizawl,monthly,1
WQS1239,"River Dampui (Perennial stream) at Dampui village, before confuencing with River Tlawng, Mamit District, Mizoram",MIZORAM,5735,"River Dampui (Perennial stream) at Dampui village, before confuencing with River Tlawng, Mamit District, Mizoram",2024,1,single_year,single-year station,,,Ambiguous / unresolved,,,,,1
WQS1240,"River Dialdawk (Perennial Stream) at/near Lengpui Village,Aizawl District,",MIZORAM,5718,"River Dialdawk (Perennial Stream) at/near Lengpui Village,Aizawl District,",2024,1,single_year,single-year station,,,Ambiguous / unresolved,,,,,1
WQS1241,"River Mat, nearÂ Serchhip Town (Lower stream of Serchhip), before confluencing with River Kolodyne, Serchhip District, Mizoram",MIZORAM,5725,"River Mat, nearÂ Serchhip Town (Lower stream of Serchhip), before confluencing with River Kolodyne, Serchhip District, Mizoram",2024,1,single_year,single-year station,,,Ambiguous / unresolved,,,,,1
WQS1242,"River Tuichang near Hnahthial Town, before confluencing with River Kolodyne,Hnahthial District, Mizroam",MIZORAM,5759,"River Tuichang near Hnahthial Town, before confluencing with River Kolodyne,Hnahthial District, Mizroam",2024,1,single_year,single-year station,,,Ambiguous / unresolved,,,,,1
WQS1243,"River Tuichawng at Tuichawng Village area, before confluencing with River KhawthlangTuipui, Lunglei District, Mizoram",MIZORAM,5733,"River Tuichawng at Tuichawng Village area, before confluencing with River KhawthlangTuipui, Lunglei District, Mizoram",2024,1,single_year,single-year station,,,Ambiguous / unresolved,,,,,1
WQS1244,"SAIKAH STREAM, LAWNGTLAI",MIZORAM,3740,"RIVER SAIKAH STREAM, LAWNGTLAI | SAIKAH STREAM, LAWNGTLAI",2021 2022 2023 2024,4,high,,22.528171,92.869426,Medium,ESRI_LIVINGATLAS_WQ_RIVERS_2023,,Lawngtlai,monthly,1
WQS1245,"SAKHISIH STREAM, MISSION VENGTHLANG, AIZAWL",MIZORAM,3713,"RIVER SAKHISIH STREAM, MISSION VENGTHLANG | SAKHISIH STREAM, MISSION VENGTHLANG, AIZAWL",2021 2022 2023 2024,4,high,,23.476789,93.322481,Medium,ESRI_LIVINGATLAS_WQ_RIVERS_2023,,Champhai,monthly,1
WQS1246,"SESAH STREAM, DINTHAR, SERCHHIP",MIZORAM,3747,"RIVER SESAH STREAM, SERCHHIP | SESAH STREAM, DINTHAR, SERCHHIP",2021 2022 2023 2024,4,high,,23.328854,92.857935,Medium,ESRI_LIVINGATLAS_WQ_RIVERS_2023,,Serchhip,monthly,1
WQS1247,"TUIKUAL STREAM, D/S, REIEK KAI, NEAR PHE WATER TREATMENT PLANT, AIZAWL",MIZORAM,3712,"RIVER TUIKUAL STREAM,REIEK KAI | TUIKUAL STREAM, D/S, REIEK KAI, NEAR PHE WATER TREATMENT PLANT, AIZAWL",2021 2022 2023,3,high,,23.729252,92.71645,Medium,ESRI_LIVINGATLAS_WQ_RIVERS_2023,,Aizawl,monthly,1
WQS1248,"TUIKUM RIVER, NEAR PHE WATER TREATMENT PLANT, SERCHHIP",MIZORAM,3746,"RIVER TUIKUM RIVER, SERCHHIP | TUIKUM RIVER, NEAR PHE WATER TREATMENT PLANT, SERCHHIP",2021 2022 2023 2024,4,high,,23.344145,92.849526,Medium,ESRI_LIVINGATLAS_WQ_RIVERS_2023,,Serchhip,monthly,1
WQS1249,"TUIRIAL RIVER, MID STREAM, AIRFIELD, D/S OF TUIRIAL WASTE MANAGEMENT CENTRE, AIZAWL DIST",MIZORAM,3717,"RIVER TUIRIAL MID STREAM, AIRFIELD, D/S OF TUIRIAL WASTE MANAGEMENT CENTRE,AIZAWL DIST | TUIRIAL RIVER, MID STREAM, AIRFIELD, D/S OF TUIRIAL WASTE MANAGEMENT CENTRE, AIZAWL DIST",2022 2023,2,medium,,23.702311,92.791796,Medium,ESRI_LIVINGATLAS_WQ_RIVERS_2023,,Aizawl,monthly,1
WQS1250,"TUIRIAL RIVER, UPSTREAM, SUMSUIH,AIZAWL DIST",MIZORAM,3714,"RIVER TUIRIAL UPSTREAM, SUMSUIH,AIZAWL DIST | TUIRIAL RIVER, UPSTREAM, SUMSUIH,AIZAWL DIST",2022 2023,2,medium,,23.610912,92.78712,Medium,ESRI_LIVINGATLAS_WQ_RIVERS_2023,,Serchhip,monthly,1
WQS1251,"TUIRINI RIVER, SELING, SAITUAL DIST",MIZORAM,3719,"RIVER TUIRINI RIVER, SELING | TUIRINI RIVER, SELING, SAITUAL DIST",2021 2022 2023 2024,4,high,,23.724372,92.855962,Medium,ESRI_LIVINGATLAS_WQ_RIVERS_2023,,Aizawl,monthly,1
WQS1252,"TUIVAWL RIVER, KEIFANG VILLAGE, NEAR TUIVAWL BRIDGE,SAITUAL DIST",MIZORAM,3720,"RIVER TUIVAWL NEAR TUIVAWL BRIDGE, KEIFANG | TUIVAWL RIVER, KEIFANG VILLAGE, NEAR TUIVAWL BRIDGE,SAITUAL DIST",2021 2022 2023 2024,4,high,,23.671116,92.961781,Medium,ESRI_LIVINGATLAS_WQ_RIVERS_2023,,Saitual,monthly,1
WQS1253,"Tuichang River At Pang Darchhuah Ram,Â Hnahthial Town area, before confluencing with River Kolodyne, Hnahthial District, Mizoram",MIZORAM,5758,"Tuichang River At Pang Darchhuah Ram,Â Hnahthial Town area, before confluencing with River Kolodyne, Hnahthial District, Mizoram",2024,1,single_year,single-year station,,,Ambiguous / unresolved,,,,,1
WQS1254,"TuidaiStream(Perennial stream) Near Mamit Town, before confluencing with Tlawng river, Mamit District, Mizoram",MIZORAM,5734,"TuidaiStream(Perennial stream) Near Mamit Town, before confluencing with Tlawng river, Mamit District, Mizoram",2024,1,single_year,single-year station,,,Ambiguous / unresolved,,,,,1
WQS1255,"TuimukRiver(Perennial stream) at/ near Khawzawl Town, before confluencing with River Tuipui, Khawzawl District, Mizoram",MIZORAM,5754,"TuimukRiver(Perennial stream) at/ near Khawzawl Town, before confluencing with River Tuipui, Khawzawl District, Mizoram",2024,1,single_year,single-year station,,,Ambiguous / unresolved,,,,,1
WQS1256,"Tuitlawk River(Perennial stream) near SaihaTown, before confluencing with River Kolodyne, Siaha District, Mizoram",MIZORAM,5761,"Tuitlawk River(Perennial stream) near SaihaTown, before confluencing with River Kolodyne, Siaha District, Mizoram",2024,1,single_year,single-year station,,,Ambiguous / unresolved,,,,,1
WQS1257,"VAIPUANPHO STREAM, AILAWNG, MAMIT DIST.",MIZORAM,3711,"RIVER VAIPUANPHO STREAM, REIEK KAI | VAIPUANPHO STREAM, AILAWNG, MAMIT DIST.",2021 2022 2023 2024,4,high,,23.705972,92.641333,Medium,ESRI_LIVINGATLAS_WQ_RIVERS_2023,,Mamit,monthly,1
WQS1258,"CHATHE AT MEDZIPHEMA, DIMAPUR",NAGALAND,1929,"CHATHE AT MEDZIPHEMA, DIMAPUR | RIVER CHATHE AT MEDZIPHEMA, DIMAPUR | RIVER CHATHE NEAR ICAR, MEDZIPHEMA",2016 2017 2018 2019 2020 2021 2022 2023 2024,9,high,,25.768833,93.816667,Medium,NPCB_P122,Dhansiri,Dimapur,monthly,1
WQS1259,"CHATHE RIVER NEAR CHRISTIAN INSTITUTE OF HEALTH SCIENCES AND RESEARCH (CIHSR), DIMAPUR",NAGALAND,2888,"CHATHE RIVER NEAR CHRISTIAN INSTITUTE OF HEALTH SC | CHATHE RIVER NEAR CHRISTIAN INSTITUTE OF HEALTH SCIENCES AND RESEARCH (CIHSR), DIMAPUR | RIVER CHATHE AT BRIDGE NEAR CIHSR | RIVER CHATHE NEAR CHRISTIAN INSTITUTE OF HEALTH SCIENCES AND RESEARCH (CIHSR), DIMAPUR",2017 2018 2019 2020 2021 2022 2023 2024,8,high,,25.86495,93.78195,High,NPCB_P122,,Dimapur,monthly,1
WQS1260,"DHANSIRI AT BRIDGE NEAR PURANA BAZAAR, NAGALAND",NAGALAND,1797,"BRIDGE NEAR PURANA BAZAAR, NAGALAND | DHANSIR,BRIDGE NEAR PURANA BAZAAR | DHANSIRI AT BRIDGE NEAR PURANA BAZAAR, NAGALAND | RIVER DHANSIRI AT BRIDGE NEAR PURANA BAZAAR | RIVER DHANSIRI AT BRIDGE NEAR PURANA BAZAAR, NAGALAND",2016 2017 2018 2019 2020 2021 2022 2023 2024,9,high,,25.912833,93.743,High,NPCB_P122,Dhansiri,Dimapur,monthly,1
WQS1261,DHANSIRI AT FULL NAGARJAN,NAGALAND,1796,"DHANSIRI AT FULL NAGARJAN | DHANSIRI, FULL NAGARJAN | RIVER DHANSIRI AT FULL NAGARJAN | RIVER DHANSIRI AT FULL NAGARJAN BRIDGE",2016 2017 2019 2020 2021 2022 2023 2024,8,high,,25.886833,93.735833,High,NPCB_P122,Dhansiri,Dimapur,monthly,1
WQS1262,"DHANSIRI AT NAGALAND-ASSAM BORDER, DIMAPUR",NAGALAND,1928,"DHANSIRI AT NAGALAND- ASSAM BORDER, DIMAPUR | DHANSIRI AT NAGALAND-ASSAM BORDER, DIMAPUR | DHANSIRI AT NAGALANDASSAM BORDER, DIMAPUR | RIVER DHANSIRI AT NAGALAND-ASSAM BORDER, DIMAPUR | RIVER DHANSIRI NEAR NAGALAND- ASSAM BORDER | RIVER DHANSIRI NEAR NAGALAND-ASSAM BORDER",2016 2017 2018 2019 2020 2021 2022 2023 2024,9,high,,25.801511,93.606777,Medium,ESRI_LIVINGATLAS_WQ_RIVERS_2023,Dhansiri,Karbi Anglong,monthly,1
WQS1263,DHANSIRI AT NEAR CHECK GATE (DIMAPUR KHUTKHUTI ROAD),NAGALAND,1798,"DHANSIRI AT NEAR CHECK GATE (DIMAPUR KHUTKHUTI ROA | DHANSIRI AT NEAR CHECK GATE (DIMAPUR KHUTKHUTI ROAD) | NEAR CHECK GATE (DIMAPUR KHUTKHUTI ROAD) | NEAR CHECK GATE (DIMAPUR KHUTKHUTI ROAD), NAGALAND | RIVER DHANSIRI AT NEAR CHECK GATE (DIMAPUR KHUTKHUTI ROAD)",2016 2017 2018 2019 2020 2021,6,medium,,25.927667,93.7472,High,NPCB_P122,Dhansiri,Dimapur,monthly,1
WQS1264,DHANSIRI AT NUTON BASTI,NAGALAND,1800,"DHANSIR, NUTON BASTI | DHANSIRI AT NUTON BASTI | NUTON BASTI, NAGALAND | RIVER DHANSIRI AT NOTUN BOSTI NEAR NAGA CEMETERY (OLD) | RIVER DHANSIRI AT NUTON BASTI",2016 2017 2018 2019 2020 2021 2022 2023 2024,9,high,,25.921333,93.724833,Medium,NPCB_P122,Dhansiri,Dimapur,monthly,1
WQS1265,DZU D/S KOHIMA TOWN,NAGALAND,1930,DZU D/S KOHIMA TOWN | RIVER DZU D/S KOHIMA TOWN,2016 2017 2018 2019 2020 2021,6,medium,,,,Ambiguous / unresolved,NPCB_P122,Dhansiri,Kohima,monthly,1
WQS1266,DZUCHA RU IN KOHIMA,NAGALAND,2889 | 2891,"DZUCHA RU | DZUCHA RU IN KOHIMA | DZUCHA RU IN KOHIMA, NAGALAND | RIVER DZUCHA RU IN KOHIMA",2017 2018 2019 2020 2021 2022 2023 2024,8,medium,,25.675285,94.107884,Medium,ESRI_LIVINGATLAS_WQ_RIVERS_2023,,Kohima,monthly,2
WQS1267,DZUCHA RU IN KOHIMA,NAGALAND,2891,DZUCHA RU IN KOHIMA,2017,1,single_year,single-year station,,,Ambiguous / unresolved,,,,,1
WQS1268,DZUDZA RU BELOW HYDRO PROJECT STATION,NAGALAND,2889,DZUDZA RU BELOW HYDRO PROJECT STATION,2022 2023 2024,3,medium,,25.674565,94.107658,Medium,ESRI_LIVINGATLAS_WQ_RIVERS_2023,,Kohima,monthly,1
WQS1269,"DZUDZA RU IN KOHIMA, NAGALAND",NAGALAND,2889,"DZUDZA RU IN KOHIMA | DZUDZA RU IN KOHIMA, NAGALAND | DZUNA RU IN KOHIMA | RIVER DZUDZA RU IN KOHIMA",2018 2019 2020 2021,4,medium,,,,Ambiguous / unresolved,NPCB_P122,,Kohima,monthly,1
WQS1270,KHA RU ADJOINING MUNICIPAL COUNCIL SWM SITE,NAGALAND,2892,"DZUNA RU IN KOHIMA, ADJOINING THE NEW KOHIMA MUNIC | DZUNA RU IN KOHIMA, ADJOINING THE NEW KOHIMA MUNICIPAL COUNCIL SOLID WASTE MANAGEMENT SITE, | DZUNA RU IN KOHIMA, ADJOINING THE NEW KOHIMA MUNICIPAL COUNCIL SOLID WASTE MANAGEMENT SITE, NAGALAND | KHA RU ADJOINING MUNICIPAL COUNCIL SWM SITE | RIVER DZUNA RU IN KOHIMA, ADJOINING THE NEW KOHIMA MUNICIPAL COUNCIL SOLID WASTE MANAGEMENT SITE, NAGALAND",2017 2018 2019 2020 2021 2022 2023 2024,8,high,,25.658233,94.129967,Medium,NPCB_P122,,Kohima,monthly,1
WQS1271,RIVER DHANSIRI AT GANESH NAGAR,NAGALAND,30070,RIVER DHANSIRI AT GANESH NAGAR,2021 2022 2023 2024,4,high,,25.756631,93.579979,Medium,ESRI_LIVINGATLAS_WQ_RIVERS_2023,,Karbi Anglong,quarterly,1
WQS1272,RIVER DHANSIRI AT KHATKATI GATE,NAGALAND,30072,RIVER DHANSIRI AT KHATKATI GATE,2021 2022 2023 2024,4,high,,25.927965,93.747245,Medium,ESRI_LIVINGATLAS_WQ_RIVERS_2023,,Dimapur,quarterly,1
WQS1273,"RIVER DHANSIRI AT KUSHIABILL , NEAR KACHARI LOCAL GROUND",NAGALAND,1798,"RIVER DHANSIRI AT KUSHIABILL , NEAR KACHARI LOCAL GROUND",2022 2023 2024,3,medium,,25.910359,93.743963,Medium,ESRI_LIVINGATLAS_WQ_RIVERS_2023,,Dimapur,monthly,1
WQS1274,RIVER DHANSIRI AT NAGARJAN BRIDGE,NAGALAND,30071,RIVER DHANSIRI AT NAGARJAN BRIDGE,2021 2022 2023 2024,4,high,,25.886359,93.735543,Medium,ESRI_LIVINGATLAS_WQ_RIVERS_2023,,Dimapur,quarterly,1
WQS1275,RIVER DHANSIRI AT TOWN BOUNDARY BRIDGE (DIPHU ROAD),NAGALAND,1799,"DHANSIR, TOWN BOUNDARY BRIDGE (DIPHU ROAD) | DHANSIRI AT TOWN BOUNDARY BRIDGE (DIPHU ROAD) | RIVER DHANSIRI AT TOWN BOUNDARY BRIDGE (DIPHU ROAD) | TOWN BOUNDARY BRIDGE (DIPHU ROAD), NAGALAND",2016 2017 2018 2019 2020 2021 2022 2023 2024,9,high,,25.903667,93.681667,Medium,NPCB_P122,Dhansiri,Dimapur,monthly,1
WQS1276,RIVER DZU AT DZU BRIDGE,NAGALAND,1930,RIVER DZU AT DZU BRIDGE,2022 2023 2024,3,medium,,25.67564,94.109775,Medium,ESRI_LIVINGATLAS_WQ_RIVERS_2023,,Kohima,monthly,1
WQS1277,RIVER DZUCHA CONFLUENCE OF DZUCHA AND KHA RU,NAGALAND,2893,DZUNA RU (CONFLUENCE OF DZUCHA & DZUNA RU) IN KOHI | DZUNA RU (CONFLUENCE OF DZUCHA & DZUNA RU) IN KOHIMA | RIVER DZUCHA CONFLUENCE OF DZUCHA AND KHA RU | RIVER DZUNA RU (CONFLUENCE OF DZUCHA & DZUNA RU) IN KOHIMA,2017 2018 2019 2020 2021 2022 2023 2024,8,high,,25.658617,94.1301,Medium,NPCB_P122,,Kohima,monthly,1
WQS1278,"RIVER MILAK AT BORBORA WARD, TULI",NAGALAND,2894,"MILAK RIVER AT TULI, MOKOKCHUNG | MILAK RIVER AT TULI, MOKOKCHUNG, NAGALAND | RIVER MILAK AT BORBORA WARD, TULI | RIVER MILAK AT TULI, MOKOKCHUNG",2017 2018 2021 2022 2023 2024,6,high,,26.662667,94.662667,Medium,NPCB_P122,,Mokokchung,monthly,1
WQS1279,"RIVER MILAK AT PAPER NAGAR, TULI",NAGALAND,2895,"MILAK RIVER AT PAPER NAGAR, TULI, MOKOKCHUNG | MILAK RIVER AT PAPER NAGAR, TULI, MOKOKCHUNG, NAGA | RIVER MILAK AT PAPER NAGAR, TULI | RIVER MILAK AT PAPER NAGAR, TULI, MOKOKCHUNG",2017 2018 2021 2022 2023 2024,6,high,,26.720833,94.620111,Medium,NPCB_P122,,Mokokchung,monthly,1
WQS1280,SANUO RU BELOW NEW SECRETARIAT,NAGALAND,2890,"RIVER SANO RU IN KOHIMA | SANO RU IN KOHIMA | SANO RU IN KOHIMA, NAGALAND | SANUO RU BELOW NEW SECRETARIAT",2017 2018 2021 2022 2023 2024,6,low,,25.708833,94.1015,Medium,NPCB_P122,,Kohima,monthly,1
WQS1281,BADA NADI AT ASIKA,ODISHA,3946,BADA NADI AT ASIKA | BADA NADI AT ASKA | RIVER BADA NADI AT ASIKA | RIVER BADA NADI AT ASKA,2017 2018 2021 2022,4,high,,,,Ambiguous / unresolved,,,,,1
WQS1282,BADASANKHA NADI NEAR LANGALESWAR,ODISHA,3910,BADASANKHA NADI NEAR LANGALESWAR | RIVER BADASANKHA NADI NEAR LANGALESWAR,2017 2018 2019 2020 2021 2022 2023 2024,8,high,,,,Ambiguous / unresolved,,,,,1
WQS1283,BAITARNI AT ANANDPUR,ODISHA,1082,"BAITARNI AT ANANDPUR | BAITARNI AT ANANDPUR, ODISHA | RIVER BAITARNI AT ANANDPUR",2016 2017 2018 2019 2020 2021 2022 2023 2024,9,high,,,,Ambiguous / unresolved,,Baitarni,,,1
WQS1284,BAITARNI AT DHAMRA,ODISHA,1085,BAITARNI AT DHAMRA | BAITARNI AT DHAMRA ODISHA | RIVER BAITARNI AT DHAMRA | RIVER DHAMRA AT DHAMRA,2016 2017 2018 2019 2020 2021 2022 2023 2024,9,high,,,,Ambiguous / unresolved,,Baitarni,,,1
WQS1285,BAITARNI AT JAJPUR,ODISHA,1083,BAITARNI AT JAJPUR | BAITARNI AT JAJPUR ODISHA | RIVER BAITARNI AT JAJPUR,2016 2017 2018 2019 2020 2021 2022 2023 2024,9,high,,,,Ambiguous / unresolved,,Baitarni,,,1
WQS1286,BAITARNI AT JODA,ODISHA,1081,BAITARNI AT JODA | BAITARNI AT JODA ODISHA | RIVER BAITARNI AT JODA,2016 2017 2018 2019 2020 2021 2022 2023 2024,9,high,,,,Ambiguous / unresolved,,Baitarni,,,1
WQS1287,BAITARNI RIVER AT CHAMPUA,ODISHA,3937,BAITARNI RIVER AT CHAMPUA | RIVER BAITARNI AT CHAMPUA,2017 2018 2019 2020 2021 2022 2023 2024,8,high,,,,Ambiguous / unresolved,,Baitarni,,,1
WQS1288,BAITARNI RIVER AT NAIGARH,ODISHA,3935,BAITARNI RIVER AT NAIGARH | RIVER BAITARNI AT NAIGARH,2017 2018 2019 2020 2021 2022 2023 2024,8,high,,,,Ambiguous / unresolved,,Baitarni,,,1
WQS1289,BAITARNI RIVER AT UNCHABALI,ODISHA,3936,BAITARNI RIVER AT UNCHABALI | RIVER BAITARNI AT UNCHABALI,2017 2018 2019 2020 2021 2022 2023 2024,8,high,,,,Ambiguous / unresolved,,Baitarni,,,1
WQS1290,"BANGURU NALLAH (OVER BRIDGE TALCHER RENGALI DAM ROAD, SARKISOREPAL)",ODISHA,3930,"BANGURU NALLAH (OVER BRIDGE TALCHER RENGALI DAM ROAD, SARKISOREPAL)",2017 2022 2023 2024,4,high,,21.311885,86.475846,Medium,ESRI_LIVINGATLAS_TS_2020_2025:CPCB,,Baleshwar,,1
WQS1291,BHARGAVI AT CHANDANPUR,ODISHA,3908,BHARGAVI AT CHANDANPUR | RIVER BHARGAVI AT CHANDANPUR,2017 2018 2019 2020 2021 2022 2023 2024,8,high,,,,Ambiguous / unresolved,,,,,1
WQS1292,"BRAHAMNI AT DHENKANAL D/S, DHENKANAL TOWN",ODISHA,2417,"BRAHAMNI AT DHENKANAL D/S, DHENKANAL TOWN | DHENKANAL D/S, DHENKANAL TOWN | RIVER BRAHAMNI AT DHENKANAL D/S, | RIVER BRAHAMNI AT DHENKANAL D/S, DHENKANAL TOWN",2016 2017 2018 2019 2020 2021 2022 2023 2024,9,high,,,,Ambiguous / unresolved,,Brahmani,,,1
WQS1293,BRAHMANI AT BHUBAN,ODISHA,1043,"BRAHMANI AT BHUBAN | BRAHMANI AT BHUBAN, ODISHA | RIVER BRAHMANI AT BHUBAN",2016 2017 2018 2019 2020 2021 2022 2023 2024,9,high,,,,Ambiguous / unresolved,,Brahmani,,,1
WQS1294,BRAHMANI AT BONAIGARH,ODISHA,1039,"BRAHMANI AT BONAIGARH | BRAHMANI AT BONAIGARH, ODISHA | RIVER BRAHMANI AT BONAIGARH",2016 2017 2018 2019 2020 2021 2022 2023 2024,9,high,,,,Ambiguous / unresolved,,Brahmani,,,1
WQS1295,BRAHMANI AT KABATABANDHA (BEFORE IMPACT OF INDUSTRIAL ACTIVITY IN KALINGANAGAR AREA),ODISHA,2418,BRAHMANI AT KABATABANDHA (BEFORE IMPACT OF INDUSTRIAL ACTIVITY IN KALINGANAGAR AREA) | KABATABANDHA (BEFORE IMPACT OF INDUSTRIAL ACTIVITY | KABATABANDHA (BEFORE IMPACT OF INDUSTRIAL ACTIVITY IN KALINGANAGAR AREA) | RIVER BRAHMANI AT KABATABANDHA (BEFORE IMPACT OF INDUSTRIAL ACTIVITY IN KALINGANAGAR AREA) | RIVER BRAHMANI AT KABATABANDHA (BEFORE IMPACT OF INDUSTRIAL ACTIVITY IN KALINGANAGAR),2016 2017 2018 2019 2020 2021 2022 2023 2024,9,high,,,,Ambiguous / unresolved,,Brahmani,,,1
WQS1296,BRAHMANI AT PATTAMUNDAI,ODISHA,1045,"BRAHMANI AT PATTAMUNDAI | BRAHMANI AT PATTAMUNDAI, ODISHA | RIVER BRAHMANI AT PATTAMUNDAI",2016 2017 2018 2019 2020 2021 2022 2023 2024,9,high,,,,Ambiguous / unresolved,,Brahmani,,,1
WQS1297,BRAHMANI AT RENGALI,ODISHA,1040,"BRAHMANI AT RENGALI | BRAHMANI AT RENGALI, ODISHA | RIVER BRAHMANI AT RENGALI",2016 2017 2018 2019 2020 2021 2022 2023 2024,9,high,,,,Ambiguous / unresolved,,Brahmani,,,1
WQS1298,BRAHMANI AT SAMAL,ODISHA,1041,"BRAHMANI AT SAMAL | BRAHMANI AT SAMAL, ODISHA | RIVER BRAHMANI AT SAMAL",2016 2017 2018 2019 2020 2021 2022 2023 2024,9,high,,,,Ambiguous / unresolved,,Brahmani,,,1
WQS1299,GANDA NALLAH AT MARTHAPUR,ODISHA,3934,GANDA NALLAH AT MARTHAPUR,2017,1,single_year,single-year station,,,Ambiguous / unresolved,,,,,1
WQS1300,GANGUA AT PALASUNI,ODISHA,3897,GANGUA AT PALASUNI | RIVER GANGUA AT PALASUNI,2017 2018 2019 2020 2021 2022 2023 2024,8,high,,,,Ambiguous / unresolved,,,,,1
WQS1301,GANGUA AT SAMANTARAPUR,ODISHA,3898,GANGUA AT SAMANTARAPUR | RIVER GANGUA AT SAMANTARAPUR,2017 2018 2019 2020 2021 2022 2023 2024,8,high,,,,Ambiguous / unresolved,,,,,1
WQS1302,GANGUA AT VADIMULA,ODISHA,3899,GANGUA AT VADIMULA | RIVER GANGUA AT VADIMULA,2017 2018 2019 2020 2021 2022 2023 2024,8,high,,,,Ambiguous / unresolved,,,,,1
WQS1303,GANGUA NEAR RAJDHANI ENGINEERING COLLEGE,ODISHA,3896,GANGUA NEAR RAJDHANI ENGINEERING COLLEGE | RIVER GANGUA NEAR RAJDHANI ENGINEERING COLLEGE,2017 2018 2019 2020 2021 2022 2023 2024,8,high,,,,Ambiguous / unresolved,,,,,1
WQS1304,GURADIH NALLAH AT PANPOSH,ODISHA,3923,GURADIH NALLAH AT PANPOSH | GURADIHNALLAH AT PANPOSH,2017 2018,2,high,,,,Ambiguous / unresolved,,,,,1
WQS1305,HUKITOLA,ODISHA,4993,HUKITOLA,2022 2023 2024,3,high,,,,Ambiguous / unresolved,,Mahanadi,,,1
WQS1306,IB AT JHARSUGUDA (INTAKE),ODISHA,1268,"IB AT JHARSUGUDA (INTAKE) | IB AT JHARSUGUDA (INTAKE), ODISHA | RIVER IB AT JHARSUGUDA (INTAKE)",2016 2017 2018 2019 2020 2021 2022 2023 2024,9,high,,,,Ambiguous / unresolved,,,,,1
WQS1307,IB AT SUNDARGARH,ODISHA,1267,"IB AT SUNDARGARH | IB AT SUNDARGARH, ODISHA | RIVER IB AT SUNDARGARH",2016 2017 2018 2019 2020 2021 2022 2023 2024,9,high,,,,Ambiguous / unresolved,,,,,1
WQS1308,KANSARI RIVER AT BANAPUR ROAD NEAR PURUSHOTTAMPUR,ODISHA,3909,KANSARI RIVER AT BANAPUR ROAD NEAR PURUSHOTTAMPUR | RIVER KANSARI AT BANAPUR ROAD NEAR PURUSHOTTAMPUR,2017 2018 2019 2020 2021 2022 2023 2024,8,high,,,,Ambiguous / unresolved,,,,,1
WQS1309,KENDRAPADA D/S,ODISHA,3901,KENDRAPADA D/S,2018,1,single_year,single-year station,,,Ambiguous / unresolved,,,,,1
WQS1310,KENDRAPADA U/S,ODISHA,3900,KENDRAPADA U/S,2018,1,single_year,single-year station,,,Ambiguous / unresolved,,,,,1
WQS1311,KUNDRA NALLAH AT JODA,ODISHA,3939,KUNDRA NALLAH AT JODA,2017 2018,2,high,,,,Ambiguous / unresolved,,,,,1
WQS1312,KUSHABHADRA AT BHINGARPUR,ODISHA,3903,KUSHABHADRA AT BHINGARPUR | RIVER KUSHABHADRA AT BHINGARPUR,2017 2018 2019 2020 2021 2022 2023 2024,8,high,,,,Ambiguous / unresolved,,,,,1
WQS1313,KUSHABHADRA AT GOP,ODISHA,3905,KUSHABHADRA AT GOP | RIVER KUSHABHADRA AT GOP,2017 2018 2019 2020 2021 2022 2023 2024,8,high,,,,Ambiguous / unresolved,,,,,1
WQS1314,KUSHABHADRA AT NIMAPARA,ODISHA,3904,KUSHABHADRA AT NIMAPARA | RIVER KUSHABHADRA AT NIMAPARA,2017 2018 2019 2020 2021 2022 2023 2024,8,high,,,,Ambiguous / unresolved,,,,,1
WQS1315,KUSUMI NADI NEAR TANGI (LAXMIDHARA PUR),ODISHA,3913,KUSUMI NADI NEAR TANGI (LAXMIDHARA PUR) | RIVER KUSUMI NADI NEAR TANGI (LAXMIDHARA PUR),2017 2018 2019 2020 2021 2022 2023 2024,8,high,,,,Ambiguous / unresolved,,,,,1
WQS1316,MAHANADI AT HIRAKUD RESERVOIR,ODISHA,1281,"MAHANADI AT HIRAKUD RESERVOIR | MAHANADI AT HIRAKUD RESERVOIR, ODISHA | RIVER MAHANADI AT HIRAKUD RESERVOIR",2016 2017 2018 2019 2020 2021 2022 2023 2024,9,high,,,,Ambiguous / unresolved,,Mahanadi,,,1
WQS1317,MAHANADI AT NARSINGHPUR,ODISHA,1276,"MAHANADI AT NARSINGHPUR | MAHANADI AT NARSINGHPUR, ODISHA | RIVER MAHANADI AT NARSINGHPUR",2016 2017 2018 2019 2020 2021 2022 2023 2024,9,high,,,,Ambiguous / unresolved,,Mahanadi,,,1
WQS1318,MAHANADI AT TIKARPADA,- | ODISHA,1275,"MAHANADI AT TIKARPADA | MAHANADI AT TIKARPADA, ODISHA | RIVER MAHANADI AT TIKARPADA",2016 2017 2018 2019 2020 2021 2022 2023 2024,9,high,,,,Ambiguous / unresolved,,Mahanadi,,,1
WQS1319,MAHANADI MUHANA (5 KM FROM SHORE),ODISHA,4994,MAHANADI MUHANA (5 KM FROM SHORE),2022 2023 2024,3,high,,,,Ambiguous / unresolved,,Mahanadi,,,1
WQS1320,MAHANADI MUHANA / ESTUARY,ODISHA,4992,MAHANADI MUHANA / ESTUARY,2022 2023 2024,3,high,,,,Ambiguous / unresolved,,Mahanadi,,,1
WQS1321,MAHANADI MUHANA NORTH (5 KM FROM SHORE),ODISHA,4990,MAHANADI MUHANA NORTH (5 KM FROM SHORE),2022 2023 2024,3,high,,,,Ambiguous / unresolved,,Mahanadi,,,1
WQS1322,MAHANADI MUHANA SOUTH (5 KM FROM SHORE),ODISHA,4991,MAHANADI MUHANA SOUTH (5 KM FROM SHORE),2022 2023 2024,3,high,,,,Ambiguous / unresolved,,Mahanadi,,,1
WQS1323,MAHANADI POWER CHANNEL D/S NEAR BURLA,ODISHA,2404,"MAHANADI POWER CHANNEL D/S NEAR BURLA | MAHANADI, POWER CHANNEL D/S NEAR BURLA | POWER CHANNEL D/S NEAR BURLA | RIVER MAHANADI AT POWER CHANNEL D/S NEAR BURLA | RIVER MAHANADI POWER CHANNEL D/S NEAR BURLA",2016 2017 2018 2019 2020 2021 2022 2023 2024,9,high,,,,Ambiguous / unresolved,,Mahanadi,,,1
WQS1324,MAHANADI POWER CHANNEL U/S,ODISHA,3888,MAHANADI POWER CHANNEL U/S | POWER CHANNELU/S | RIVER MAHANADI AT POWER CHANNEL U/S NEAR BURLA | RIVER MAHANADI POWER CHANNEL U/S,2017 2018 2019 2020 2021 2022 2023 2024,8,high,,,,Ambiguous / unresolved,,Mahanadi,,,1
WQS1325,"NORTH KOEL D/S BCCL, REHLA",ODISHA,1854,"NORTH KOEL D/S BCCL, REHLA",2017,1,single_year,single-year station,,,Ambiguous / unresolved,,,,,1
WQS1326,NUNA NADI AT BIJIPUR,ODISHA,3912,NUNA NADI AT BIJIPUR | RIVER NUNA NADI AT BIJIPUR,2017 2018 2019 2020 2021 2022 2023 2024,8,high,,,,Ambiguous / unresolved,,,,,1
WQS1327,RIVER BADAJHOR (AT DHENKANAL),ODISHA,3924,BADAJHOR | BADAJHOR (AT DHENKANAL) | RIVER BADAJHOR (AT DHENKANAL),2017 2018 2021 2022 2023 2024,6,high,,,,Ambiguous / unresolved,,,,,1
WQS1328,RIVER BAHUDA AT DAMODARPALLY,ODISHA,3949,RIVER BAHUDA AT DAMODARPALLY,2021,1,single_year,single-year station,,,Ambiguous / unresolved,,,,,1
WQS1329,RIVER BAITARNI AT CHANDBALI D/S,ODISHA,10018,RIVER BAITARNI AT CHANDBALI D/S,2019 2020 2021 2022 2023 2024,6,medium,,,,Ambiguous / unresolved,,Baitarni,,,1
WQS1330,RIVER BAITARNI AT CHANDBALI U/S,ODISHA,1084,"BAITARNI AT CHANDBALI U/S | BAITARNI AT CHANDBALI U/s | BAITARNI AT CHANDBALI, | BAITARNI AT CHANDBALI, ODISHA | RIVER BAITARNI AT CHANDBALI U/S",2016 2017 2018 2019 2020 2021 2022 2023 2024,9,high,,,,Ambiguous / unresolved,,Baitarni,,,1
WQS1331,RIVER BAITARNI AT TRIBINDHA,ODISHA,3938,BAITARNI RIVER AT TRIBINDHA | BAITARNI RIVET AT TRIBINDHA | RIVER BAITARNI AT TRIBINDHA,2017 2018 2019 2020 2021 2022 2023 2024,8,high,,,,Ambiguous / unresolved,,Baitarni,,,1
WQS1332,RIVER BANGURUSINGADA JHOR,ODISHA,3931,BANGURUSINGADA JHOR | RIVER BANGURUSINGADA JHOR,2017 2019 2020 2021 2022 2023 2024,7,high,,,,Ambiguous / unresolved,,,,,1
WQS1333,RIVER BHEDEN BEFORE CONFLUENCE WITH IB RIVER,ODISHA,2403,BHEDEN B/C WITH IB | BHEDEN RIVER BEFORE CONFLUENCE WITH IB RIVER | RIVER BHEDEN BEFORE CONFLUENCE WITH IB RIVER,2016 2017 2018 2021 2022 2023 2024,7,high,,,,Ambiguous / unresolved,,,,,1
WQS1334,RIVER BHITARAKANIKA AT DANGAMALA,ODISHA,5536,RIVER BHITARAKANIKA AT DANGAMALA | River Bhitarakanika at Dangamala,2023 2024,2,high,,,,Ambiguous / unresolved,,,,,1
WQS1335,RIVER BIRUPA AT CHOUDWAR D/S,ODISHA,1640,"BIRUPA AT CHOUDWAR | BIRUPA AT CHOUDWAR D/S | BIRUPA AT CHOUDWAR D/s | BIRUPA AT CHOUDWAR, ODISHA | RIVER BIRUPA AT CHOUDWAR D/S",2016 2017 2018 2019 2020 2021 2022 2023 2024,9,high,,,,Ambiguous / unresolved,,,,,1
WQS1336,RIVER BRAHMANI AT CHANDBALI U/S,ODISHA,10018,RIVER BRAHMANI AT CHANDBALI U/S,2017 2018,2,medium,,,,Ambiguous / unresolved,,,,,1
WQS1337,RIVER BRAHMANI AT D/S PANPOSH AT DEOGAN,ODISHA,1038,"BRAHMANI AT D/S PANPOSH AT DEOGAN | BRAHMANI AT D/S PANPOSH, ODISHA | BRAHMANI D/S PANPOSH | RIVER BRAHMANI AT D/S PANPOSH AT DEOGAN",2016 2017 2018 2019 2020 2021 2022 2023 2024,9,high,,,,Ambiguous / unresolved,,Brahmani,,,1
WQS1338,RIVER BRAHMANI AT DHARAMSHALA D/S,ODISHA,10019,RIVER BRAHMANI AT DHARAMSHALA D/S,2018,1,single_year,single-year station,,,Ambiguous / unresolved,,,,,1
WQS1339,RIVER BRAHMANI AT DHARAMSHALA U/S,ODISHA,10019,RIVER BRAHMANI AT DHARAMSHALA U/S,2017 2021 2022 2023 2024,5,medium,,,,Ambiguous / unresolved,,Brahmani,,,1
WQS1340,RIVER BRAHMANI AT DHARMASHALA U/S,ODISHA,1044,"BRAHMANI AT DHARMASHALA U/S | BRAHMANI AT DHARMASHALA U/s | BRAHMANI AT DHARMASHALA, ODISHA | BRAHMANIU/S DHARMASHALA | RIVER BRAHMANI AT DHARMASHALA U/S",2016 2017 2018 2019 2020 2021 2022 2023 2024,9,high,,,,Ambiguous / unresolved,,Brahmani,,,1
WQS1341,RIVER BRAHMANI AT DHENKANAL U/S,ODISHA,3918,BRAHMANI AT DHENKANAL U/S | BRAHMANI AT DHENKANAL U/s | DHENKANAL U/S | RIVER BRAHMANI AT DHENKANAL U/S,2017 2018 2019 2020 2021 2022 2023 2024,8,high,,,,Ambiguous / unresolved,,Brahmani,,,1
WQS1342,RIVER BRAHMANI AT KAMALANGA (TALCHER D/S),ODISHA,1042,"BRAHMANI AT KAMALANGA (TALCHER D/S) | BRAHMANI AT KAMALANGA (TALCHER D/s) | BRAHMANI AT KAMALANGA, ODISHA | BRAHMANI AT KAMALANGA, ORISSA | RIVER BRAHMANI AT KAMALANGA (TALCHER D/S)",2016 2017 2018 2019 2020 2021 2022 2023 2024,9,high,,,,Ambiguous / unresolved,,Brahmani,,,1
WQS1343,RIVER BRAHMANI AT MANDAPAL,ODISHA,3917,BRAHMANI AT MANDAPAL | MANDAPAL | RIVER BRAHMANI AT MANDAPAL,2017 2018 2019 2020 2021 2022 2023 2024,8,high,,,,Ambiguous / unresolved,,Brahmani,,,1
WQS1344,RIVER BRAHMANI AT ROURKELA D/S AT JALDA,ODISHA,1302,"BRAHMANI AT ROURKELA D/S AT JALDA | BRAHMANI AT ROURKELA D/S, ODISHA | BRAHMANI AT ROURKELA D/s AT JALDA | BRAHMANI D/S ROURKELA | RIVER BRAHMANI AT ROURKELA D/S AT JALDA",2016 2017 2018 2019 2020 2021 2022 2023 2024,9,high,,,,Ambiguous / unresolved,,Brahmani,,,1
WQS1345,RIVER BRAHMANI AT ROURKELA FD/S AT ATTAGHAT,ODISHA,3916,RIVER BRAHMANI AT ROURKELA FD/S AT ATTAGHAT | ROURKELA FD/S AT ATTAGHAT | ROURKELA FD/s AT ATTAGHAT,2017 2018 2019 2020 2021 2022 2023 2024,8,high,,,,Ambiguous / unresolved,,Brahmani,,,1
WQS1346,RIVER BRAHMANI AT ROURKELA FD/S AT BIRITOLA,ODISHA,2414,"BRAHAMANI AT ROURKELA FD/s AT BIRITOLA | BRAHMANI, FDS ROURKELA AT BIRITOLA | RIVER BRAHMANI AT ROURKELA FD/S AT BIRITOLA | ROURKELA FD/S AT BIRITOLA | ROURKELA FD/s AT BIRITOLA | ROURKELA FDS AT BIRITOLA",2016 2017 2018 2019 2020 2021 2022 2023 2024,9,high,,,,Ambiguous / unresolved,,Brahmani,,,1
WQS1347,RIVER BRAHMANI AT TALCHER FD/S,ODISHA,2416,BRAHMANI AT TALCHER FD/S | BRAHMANI AT TALCHER FD/s | BRAHMANI FD/S TALCHER | RIVER BRAHMANI AT TALCHER FD/S | TALCHER FD/S,2016 2017 2018 2019 2020 2021 2022 2023 2024,9,high,,,,Ambiguous / unresolved,,Brahmani,,,1
WQS1348,"RIVER BRAHMANI AT TALCHER FU/S (INTAKE WELL OF MCL, TALCHER)",ODISHA,2415,"BRAHMANI AT TALCHER FU/S (INTAKE WELL OF MCL, TALCHER) | BRAHMANI AT TALCHER FU/s (INTAKE WELL OF MCL, TALC | BRAHMANI AT TALCHER FU/s (INTAKE WELL OF MCL, TALCHER) | RIVER BRAHMANI AT TALCHER FU/S (INTAKE WELL OF MCL, TALCHER) | TALCHER FU/S (INTAKE WELL OF MCL, TALCHER)",2016 2017 2018 2019 2020 2021 2022 2023 2024,9,high,,,,Ambiguous / unresolved,,Brahmani,,,1
WQS1349,RIVER BRAHMANI AT TALCHER U/S,ODISHA,1303,"BRAHMANI AT TALCHER U/S | BRAHMANI AT TALCHER U/S, ODISHA | BRAHMANI AT TALCHER U/s | BRAHMANI U/S TALCHER | RIVER BRAHMANI AT TALCHER U/S",2016 2017 2018 2019 2020 2021 2022 2023 2024,9,high,,,,Ambiguous / unresolved,,Brahmani,,,1
WQS1350,RIVER BRAHMANI AT U/S PANPOSH,ODISHA,1037,BRAHMANI AT U/S PANPOSH | BRAHMANI U/S PANPOSH | RIVER BRAHMANI AT U/S PANPOSH,2016 2017 2019 2020 2021 2022 2023 2024,8,high,,,,Ambiguous / unresolved,,Brahmani,,,1
WQS1351,RIVER BUDHABALANGA AT BALASORE D/S,ODISHA,2424,RIVER BUDHABALANGA AT BALASORE D/S,2021,1,single_year,single-year station,21.486397,86.993447,Medium,ESRI_LIVINGATLAS_TS_2020_2025:CPCB,,Baleshwar,,1
WQS1352,RIVER BUDHABALANGA AT BALASORE U/S,ODISHA,3943,BALASORE U/S | BUDHABALANGA AT BALASORE U/S | RIVER BUDHABALANGA AT BALASORE U/S,2017 2018 2021 2023,4,high,,,,Ambiguous / unresolved,,Subarnarekha,,,1
WQS1353,RIVER BUDHABALANGA AT D/S OF BARIPADA TOWN,ODISHA,2423,RIVER BUDHABALANGA AT D/S OF BARIPADA TOWN,2021 2022 2023,3,high,,,,Ambiguous / unresolved,,Subarnarekha,,,1
WQS1354,RIVER DAMASALA AT DAYANABIL,ODISHA,3933,DAMASALA AT DAYANABIL | RIVER DAMASALA AT DAYANABIL,2017 2021 2022 2023 2024,5,high,,,,Ambiguous / unresolved,,,,,1
WQS1355,RIVER DAYA AT BHUBANESWAR D/S,ODISHA,1280,"KUAKHAI AT BHUBANESWAR D/S | KUAKHAI AT BHUBANESWAR D/S, ODISHA | KUAKHAI AT BHUBANESWAR D/s | KUAKHAI D/S BHUBANESWAR | RIVER DAYA AT BHUBANESWAR D/S | RIVER KUAKHAI AT BHUBANESWAR D/S",2016 2017 2018 2019 2020 2021 2022 2023 2024,9,high,,,,Ambiguous / unresolved,,,,,1
WQS1356,RIVER DAYA AT BHUBANESWAR FD/S ( 2 KM AFTER CONFLUENCE OF GANGUA NALLAH WITH DAYA),ODISHA,2411,"BHUBANESWAR FD/S ( 2 KM AFTER CONFLUENCE OF GANGUA | DAYA AT BHUBANESWAR FD/S ( 2 KM AFTER CONFLUENCE OF GANGUA NALLAH WITH RIVER DAYA) | DAYA AT BHUBANESWAR FD/s ( 2 KM AFTER CONFLUENCE O | DAYA AT BHUBANESWAR FD/s ( 2 KM AFTER CONFLUENCE OF GANGUA NALLAH WITH RIVER DAYA) | MAHANADI, BHUBANESWAR FD/S ( 2 KM A/C OF GANGUA NALLAH WITH DAYA) | RIVER DAYA AT BHUBANESWAR FD/S ( 2 KM AFTER CONFLUENCE OF GANGUA NALLAH WITH DAYA)",2016 2017 2018 2019 2020 2021 2022 2023 2024,9,high,,,,Ambiguous / unresolved,,,,,1
WQS1357,RIVER DAYA AT GELAPUR,ODISHA,3894,DAYA AT GELAPUR | RIVER DAYA AT GELAPUR,2017 2018 2019 2020 2021 2022 2023 2024,8,high,,,,Ambiguous / unresolved,,,,,1
WQS1358,RIVER DAYA AT KANAS,ODISHA,3895,DAYA AT KANAS | RIVER DAYA AT KANAS,2017 2018 2019 2020 2021 2022 2023 2024,8,high,,,,Ambiguous / unresolved,,,,,1
WQS1359,RIVER DEVI AT MACCHGAON,ODISHA,3902,DEVI AT MACCHGAON | DEVI AT MACCHIGAON | RIVER DEVI AT MACCHGAON,2017 2018 2019 2020 2021 2022 2023 2024,8,high,,,,Ambiguous / unresolved,,,,,1
WQS1360,"RIVER DHAMRA, KALIBHANJADIA",ODISHA,5535,"RIVER DHAMRA, KALIBHANJADIA | River Dhamra, Kalibhanjadia",2023 2024,3,high,duplicate of another row with identical values,,,Ambiguous / unresolved,,Baitarni,,,1
WQS1361,RIVER GOBARI AT JAMBO,ODISHA,5532,RIVER GOBARI AT JAMBO | River Gobari at Jambo,2023 2024,2,high,,,,Ambiguous / unresolved,,,,,1
WQS1362,RIVER GOBARI AT KENDRAPARA D/S,ODISHA,3901,GOBARI AT KENDRAPARA D/S | GOBARI AT KENDRAPARA D/s | RIVER GOBARI AT KENDRAPARA D/S,2017 2019 2020 2021 2022 2023 2024,7,medium,,,,Ambiguous / unresolved,,,,,1
WQS1363,RIVER GOBARI AT KENDRAPARA U/S,ODISHA,3900,GOBARI AT KENDRAPARA U/S | GOBARI AT KENDRAPARA U/s | RIVER GOBARI AT KENDRAPARA U/S,2017 2019 2020 2021 2022 2023 2024,7,medium,,,,Ambiguous / unresolved,,,,,1
WQS1364,RIVER HANSUA AT BARUNEI,ODISHA,5533,RIVER HANSUA AT BARUNEI | River Hansua at Barunei,2023 2024,2,high,,,,Ambiguous / unresolved,,,,,1
WQS1365,RIVER IB AT BRAJARAJNAGAR (INTAKE) D/S,ODISHA,1269,"IB AT BRAJARAJNAGAR (INTAKE) D/S | IB AT BRAJRAJNAGAR (INTAKE) D/S, ODISHA | IB D/SBRAJRAJNAGAR (INTAKE) | RIVER IB AT BRAJARAJNAGAR (INTAKE) D/S",2016 2017 2018 2019 2020 2021 2022 2023 2024,9,high,,,,Ambiguous / unresolved,,,,,1
WQS1366,RIVER IB AT BRAJARAJNAGAR U/S,ODISHA,1300,"IB AT BRAJARAJNAGAR U/S | IB AT RAJ NAGAR U/S, ODISHA | IB U/S RAJ NAGAR | RIVER IB AT BRAJARAJNAGAR U/S",2016 2017 2018 2019 2020 2021 2022 2023 2024,9,medium,,,,Ambiguous / unresolved,,,,,1
WQS1367,RIVER INDRAVATI AT NAWARANGPUR,ODISHA,3948,RIVER INDRAVATI AT NAWARANGPUR,2021 2022 2023 2024,4,high,,,,Ambiguous / unresolved,,,,,1
WQS1368,RIVER INDRAWATI AT NOWRANGPUR (ODISHA),ODISHA,30062,RIVER INDRAVATI AT NOWRANGPUR (ODISHA) | RIVER INDRAWATI AT NOWRANGPUR (ODISHA),2021 2022 2023 2024,4,high,,,,Ambiguous / unresolved,,,,,1
WQS1369,RIVER KARO AT BADBIL,ODISHA,3915,KARO RIVER T BADBIL | RIVER KARO AT BADBIL,2018 2019 2020 2021 2022 2023 2024,7,high,,,,Ambiguous / unresolved,,,,,1
WQS1370,RIVER KATHAJODI AT CUTTACK D/S,ODISHA,1301,"KATHAJODI AT CUTTACK D/S | KATHAJODI AT CUTTACK D/S, ODISHA | KATHAJODI AT CUTTACK D/s | KATHAJODI D/S CUTTACK | RIVER KATHAJODI AT CUTTACK D/S",2016 2017 2018 2019 2020 2021 2022 2023 2024,9,high,,,,Ambiguous / unresolved,,,,,1
WQS1371,RIVER KATHAJODI AT CUTTACK FD/S AT KAMASASAN,ODISHA,3893,KATHJODI AT CUTTACK FD/S AT KAMASASAN | KATHJODI AT CUTTACK FD/s AT KAMASASAN | KATHJODI AT KAMASASAN | RIVER KATHAJODI AT CUTTACK FD/S AT KAMASASAN | RIVER KATHJODI AT CUTTACK FD/S AT KAMASASAN,2017 2018 2019 2020 2021 2022 2023 2024,8,high,,,,Ambiguous / unresolved,,,,,1
WQS1372,RIVER KATHAJODI AT CUTTACK FD/S AT MATTAGAJPUR,ODISHA,3892,KATHJODI AT CUTTACK FD/S AT MATTAGAJPUR | KATHJODI AT CUTTACK FD/s AT MATTAGAJPUR | KATHJODI FD/S AT MATTAGAJPUR | RIVER KATHAJODI AT CUTTACK FD/S AT MATTAGAJPUR | RIVER KATHJODI AT CUTTACK FD/S AT MATTAGAJPUR,2017 2018 2019 2020 2021 2022 2023 2024,8,high,,,,Ambiguous / unresolved,,,,,1
WQS1373,RIVER KATHAJODI AT CUTTACK U/S,ODISHA,3891,KATHAJODI AT CUTTACK U/S | KATHAJODI AT CUTTACK U/s | KATHJODI U/S | RIVER KATHAJODI AT CUTTACK U/S,2017 2018 2019 2020 2021 2022 2023 2024,8,medium,,,,Ambiguous / unresolved,,,,,1
WQS1374,RIVER KHARASROTA AT AUL,ODISHA,2420,AUL | KHARASROTA AT AUL | KHARSROTA AT AUL | RIVER KHARASROTA AT AUL,2016 2017 2018 2019 2020 2021 2022 2023 2024,9,high,,,,Ambiguous / unresolved,,,,,1
WQS1375,RIVER KHARASROTA AT BINJHARPUR,ODISHA,3922,BINJHARPUR | KHARASROTA AT BINJHARPUR | RIVER KHARASROTA AT BINJHARPUR,2017 2018 2019 2020 2021 2022 2023 2024,8,high,,,,Ambiguous / unresolved,,,,,1
WQS1376,RIVER KHARASROTA AT KHANDITARA (D/S OF INDUSTRIAL ACTIVITIES AT KALINGA NAGAR),ODISHA,2419,KHANDITARA (D/S OF INDUSTRIAL ACTIVITIES AT KALING | KHANDITARA (D/S OF INDUSTRIAL ACTIVITIES AT KALINGA NAGAR) | KHARASROTA AT KHANDITARA (D/S OF INDUSTRIAL ACTIVITIES AT KALINGA NAGAR) | KHARASROTA AT KHANDITARA (D/S OF INDUSTRIAL ACTIVITY | RIVER KHARASROTA AT KHANDITARA (D/S OF INDUSTRIAL ACTIVITIES AT KALINGA NAGAR),2016 2017 2018 2019 2020 2021 2022 2023 2024,9,high,,,,Ambiguous / unresolved,,,,,1
WQS1377,RIVER KISINDAJHOR AT KHARAGPRASAD,ODISHA,3921,KISINDAJHOR AR KHARAGPRASAD | KISINDAJHOR AT KHARAGPRASAD | RIVER KISINDAJHOR AT KHARAGPRASAD,2017 2018 2021 2022 2023 2024,7,high,duplicate of another row with identical values,,,Ambiguous / unresolved,,,,,1
WQS1378,RIVER KOEL U/S (AFTER CONFLUENCE OF KARO),ODISHA,2413,KOEL U/S (A/C OF KARO) | KOEL U/S (AFTER CONFLUENCE OF RIVER KARO) | RIVER KOEL U/S (AFTER CONFLUENCE OF KARO),2016 2017 2018 2021 2022 2023 2024,7,high,,,,Ambiguous / unresolved,,,,,1
WQS1379,RIVER KUAKHAI AT BHUBANESWAR FU/S,ODISHA,2410,"BHUBANESWAR FU/S | KUAKHAI AT BHUBANESWAR FU/S | KUAKHAI AT BHUBANESWAR FU/s | KUAKHAI, FU/S BHUBANESWAR | RIVER KUAKHAI AT BHUBANESWAR FU/S",2016 2017 2018 2019 2020 2021 2022 2023 2024,9,high,,,,Ambiguous / unresolved,,,,,1
WQS1380,RIVER KUAKHAI AT BHUBANESWAR U/S,ODISHA,1279,"KUAKHAI AT BHUBANESWAR U/S | KUAKHAI AT BHUBANESWAR U/S, ODISHA | KUAKHAI AT BHUBANESWAR U/s | KUAKHAI U/S BHUBANESWAR | RIVER KUAKHAI AT BHUBANESWAR U/S",2016 2017 2018 2019 2020 2021 2022 2023 2024,9,high,,,,Ambiguous / unresolved,,,,,1
WQS1381,"RIVER KUSEI BEFORE JOINING WITH BAITARANI AT ANANDPUR, DEOGAON",ODISHA,2421,"KUSEI BEFORE JOINING WITH BAITARANI RIVER AT ANAND | KUSEI BEFORE JOINING WITH BAITARANI RIVER AT ANANDPUR | KUSEI BEFORE JOINING WITH BAITARANI RIVER AT ANANDPUR, DEOGAON | RIVER KUSEI BEFORE JOINING WITH BAITARANI AT ANANDPUR, DEOGAON | RIVER KUSEI BEFORE JOINING WITH BAITARNI AT ANANDPUR, DEOGAON",2016 2017 2018 2019 2020 2021 2022 2023 2024,9,high,,,,Ambiguous / unresolved,,Baitarni,,,1
WQS1382,RIVER LINGIRA D/S OF ANGUL,ODISHA,3926,LINGIRA D/S AT ANGUL | LINGIRA D/S OF ANGUL | RIVER LINGIRA D/S OF ANGUL,2017 2018 2021 2022 2023 2024,6,high,,,,Ambiguous / unresolved,,,,,1
WQS1383,RIVER LINGIRA U/S OF ANGUL,ODISHA,3925,LINGIRA U/S AT ANGUL | LINGIRA U/S OF ANGUL | RIVER LINGIRA U/S OF ANGUL,2017 2018 2021 2022 2023 2024,6,high,,,,Ambiguous / unresolved,,,,,1
WQS1384,RIVER MAHANADI (AFTER CONFL. WITH R. ONG ) AT SONEPUR U/S,ODISHA,1272,MAHANADI D/S (A/C WITH R. ONG SONEPUR U/S) | MAHANADI D/S (AFTER CONFL. WITH R. ONG SONEPUR U/S | MAHANADI D/S (AFTER CONFL. WITH R. ONG SONEPUR U/S) | RIVER MAHANADI (AFTER CONFL. WITH R. ONG ) AT SONEPUR U/S | RIVER MAHANADI D/S (AFTER CONFL. WITH R. ONG SONEPUR U/S),2016 2017 2018 2019 2020 2021 2022 2023 2024,9,medium,,,,Ambiguous / unresolved,,Mahanadi,,,1
WQS1385,RIVER MAHANADI (AFTER CONFL. WITH R. TEL) AT SONEPUR D/S,ODISHA,1274,"MAHANADI A/C WITH R.TEL (SONEPUR D/S) | MAHANADI A/C WITH TEL (SONEPUR D/S) | MAHANADI A/c WITH TEL (SONEPUR D/S) | MAHANADI AFTER CONFL. WITH R.TEL (SONEPUR D/S), OR | RIVER MAHANADI (AFTER CONFL. WITH R. TEL) AT SONEPUR D/S | RIVER MAHANADI A/C WITH TEL (SONEPUR D/S)",2016 2017 2018 2019 2020 2021 2022 2023 2024,9,high,,,,Ambiguous / unresolved,,Mahanadi,,,1
WQS1386,RIVER MAHANADI AT CUTTACK D/S,ODISHA,1278,"MAHANADI AT CUTTACK D/S | MAHANADI AT CUTTACK D/S, ODISHA | MAHANADI D/S CUTTACK | RIVER MAHANADI AT CUTTACK D/S",2016 2017 2018 2019 2020 2021 2022 2023 2024,9,high,,,,Ambiguous / unresolved,,Mahanadi,,,1
WQS1387,RIVER MAHANADI AT CUTTACK FD/S AT GATIRAUTAPATNA,ODISHA,3890,CUTTACK FD/S AT GATIRAUTAPATNA | MAHANADI AT CUTTACK FD/S AT GATIRAUTAPATNA | RIVER MAHANADI AT CUTTACK FD/S AT GATIRAUTAPATNA,2017 2018 2019 2020 2021 2022 2023 2024,8,high,,,,Ambiguous / unresolved,,Mahanadi,,,1
WQS1388,RIVER MAHANADI AT CUTTACK U/S,ODISHA,1277,"MAHANADI AT CUTTACK U/S | MAHANADI AT CUTTACK U/S, ODISHA | MAHANADI U/S CUTTACK | RIVER MAHANADI AT CUTTACK U/S",2016 2017 2018 2019 2020 2021 2022 2023 2024,9,high,,,,Ambiguous / unresolved,,Mahanadi,,,1
WQS1389,RIVER MAHANADI AT HIRAKUND (ODISHA),ODISHA,30063,RIVER MAHANADI AT HIRAKUD (ODISHA) | RIVER MAHANADI AT HIRAKUND (ODISHA),2021 2022 2023 2024,4,high,,,,Ambiguous / unresolved,,Mahanadi,,,1
WQS1390,RIVER MAHANADI AT MUNDALI (WATER INTAKE POINT OF BHUBANESWAR CITY),ODISHA,2406,"MAHANADI AT MUNDALI (WATER INTAKE POINT OF BHUBANE | MAHANADI AT MUNDALI (WATER INTAKE POINT OF BHUBANESWAR CITY) | MAHANADI, MUNDALI(WATER INTAKE POINT OF BHUBANESWAR CITY | MUNDALI(WATER INTAKE POINT OF BHUBANESWAR CITY | RIVER MAHANADI AT MUNDALI (WATER INTAKE POINT OF BHUBANESWAR CITY)",2016 2017 2018 2019 2020 2021 2022 2023 2024,9,high,,,,Ambiguous / unresolved,,Mahanadi,,,1
WQS1391,RIVER MAHANADI AT PARADEEP D/S,ODISHA,1639,"MAHANADI AT PARADEEP D/S | MAHANADI AT PARADEEP D/s | MAHANADI AT PARADEEPD/S, ODISHA | MAHANADI D/S PARADEEP | RIVER MAHANADI AT PARADEEP D/S",2016 2017 2018 2019 2020 2021 2022 2023 2024,9,high,,,,Ambiguous / unresolved,,Mahanadi,,,1
WQS1392,RIVER MAHANADI AT PARADEEP U/S (BEFORE INDUSTRIAL ACTIVITY AT PARADEEP),ODISHA,2407,"MAHANADI AT PARADEEP U/S (BEFORE INDUSTRIAL ACTIVITY AT PARADEEP) | MAHANADI, PARADEEP U/S (BEFORE INDUSTRIAL ACTIVITY AT PARADEEP) | PARADEEP U/S (BEFORE INDUSTRIAL ACTIVITY AT PARADE | RIVER MAHANADI AT PARADEEP U/S (BEFORE INDUSTRIAL ACTIVITY AT PARADEEP)",2016 2017 2018 2019 2020 2021 2022 2023 2024,9,high,,,,Ambiguous / unresolved,,Mahanadi,,,1
WQS1393,RIVER MAHANADI AT SAMBALPUR D/S,ODISHA,1271,"MAHANADI AT SAMBALPUR D/S | MAHANADI AT SAMBALPUR D/S, ODISHA | MAHANADI D/S SAMBALPUR | RIVER MAHANADI AT SAMBALPUR D/S",2016 2017 2018 2019 2020 2021 2022 2023 2024,9,high,,,,Ambiguous / unresolved,,Mahanadi,,,1
WQS1394,RIVER MAHANADI AT SAMBALPUR FD/S AT HUMA,ODISHA,2405,MAHANADI AT SAMBHALPUR FD/s AT HUMA | RIVER MAHANADI AT SAMBALPUR FD/S AT HUMA | RIVER MAHANADI AT SAMBHALPUR FD/S AT HUMA | SAMBHALPUR FD/S AT HUMA | SAMBHALPUR FD/s AT HUMA | SAMBHALPUR FDS AT HUMA,2016 2017 2018 2019 2020 2021 2022 2023 2024,9,high,,,,Ambiguous / unresolved,,Mahanadi,,,1
WQS1395,RIVER MAHANADI AT SAMBALPUR U/S,ODISHA,1270,"MAHANADI AT SAMBALPUR U/S | MAHANADI AT SAMBALPUR U/S, ODISHA | MAHANADI U/S SAMBALPUR | RIVER MAHANADI AT SAMBALPUR U/S",2016 2017 2018 2019 2020 2021 2022 2023 2024,9,high,,,,Ambiguous / unresolved,,Mahanadi,,,1
WQS1396,RIVER MANGALA AT PURI D/S GOLASAHI,ODISHA,3907,MANGALA AT PURI D/S GOLASAHI | MANGALA AT PURI D/s GOLASAHI | PURI AT GOLASAHI | RIVER MANGALA AT PURI D/S GOLASAHI,2017 2018 2019 2020 2021 2022 2023 2024,8,high,,,,Ambiguous / unresolved,,,,,1
WQS1397,RIVER MANGALA AT PURI U/S MALATIPATPUR,ODISHA,3906,MANGALA AT PURI U/S MALATIPATPUR | MANGALA AT PURI U/s MALATIPATPUR | PURI U/S MALATIPATPUR | RIVER MANGALA AT PURI U/S MALATIPATPUR,2017 2018 2019 2020 2021 2022 2023 2024,8,high,,,,Ambiguous / unresolved,,,,,1
WQS1398,RIVER NANDIRA D/S AT DASNALI,ODISHA,3920,NANDIRA D/S AT DASNALI | RIVER NANDIRA D/S AT DASNALI,2017 2018 2021 2022 2023 2024,6,high,,,,Ambiguous / unresolved,,,,,1
WQS1399,RIVER NANDIRA U/S AT KUKUDANGA,ODISHA,3919,NANDIRA U/S AT KUKUDANGA | RIVER NANDIRA U/S AT KUKUDANGA,2017 2018 2021 2022 2023 2024,6,high,,,,Ambiguous / unresolved,,,,,1
WQS1400,RIVER ONG AT DHARUAKHAMMA,ODISHA,3889,ONG AT DHARUAKHAMMA | RIVER ONG AT DHARUAKHAMMA,2017 2018 2022 2023 2024,5,high,,,,Ambiguous / unresolved,,,,,1
WQS1401,RIVER PATSALA AT GUPTI,ODISHA,5534,RIVER PATSALA AT GUPTI | River Patsala at Gupti,2023 2024,2,high,,,,Ambiguous / unresolved,,,,,1
WQS1402,RIVER RAMIALA NEAR KAMAKHYANAGAR,ODISHA,3932,RAMIALA NEAR KAMAKHYANAGAR | RIVER RAMIALA NEAR KAMAKHYANAGAR,2017 2021 2022 2023 2024,5,high,,,,Ambiguous / unresolved,,,,,1
WQS1403,RIVER RATNACHIRA NAADI AT KUMARADIHI,ODISHA,3911,RATNACHIRA NAADI AT KUMARADIHI | RATNACHIRA NADI AT KUMARADIHI | RIVER RATNACHIRA NAADI AT KUMARADIHI,2017 2018 2019 2020 2021 2022 2023 2024,8,high,,,,Ambiguous / unresolved,,,,,1
WQS1404,RIVER RUSHIKULYA AT GANJAM D/S (NEAR POTTAGARH PORT),ODISHA,1456,RIVER RUSHIKULYA AT GANJAM D/S (NEAR POTTAGARH PORT) | RUSHIKULYA AT GANJAM D/S (NEAR POTTAGARH PORT),2017 2021 2022,3,high,,,,Ambiguous / unresolved,,,,,1
WQS1405,"RIVER RUSHIKULYA AT GANJAM U/S (NEAR BABA TOLEKESWAR TEMPLE, KARAPADA) MADHOPUR",ODISHA,1455,"RIVER RUSHIKULYA AT GANJAM U/S (NEAR BABA TOLEKESWAR TEMPLE, KARAPADA) MADHOPUR | RUSHIKULYA AT GANJAM U/S (NEAR BABA TOLEKESWAR TEMPLE, KARAPADA)",2017 2021 2022,3,high,,,,Ambiguous / unresolved,,,,,1
WQS1406,RIVER RUSHIKULYA AT NALABANTA,ODISHA,3947,NALABANTA | RIVER RUSHIKULYA AT NALABANTA | RUSHIKULYA AT NALABANTA,2017 2018 2021 2022,4,high,,,,Ambiguous / unresolved,,,,,1
WQS1407,RIVER SALANDI AT BHADRAK D/S,ODISHA,3941,BHADRAK D/S | RIVER SALANDI AT BHADRAK D/S | SALANDI AT BHADRAK D/S | SALANDI AT BHADRAK D/s,2017 2018 2019 2020 2021 2022 2023 2024,8,high,,,,Ambiguous / unresolved,,Baitarni,,,1
WQS1408,RIVER SALANDI AT BHADRAK U/S,ODISHA,3940,BHADRAK U/S | RIVER SALANDI AT BHADRAK U/S | SALANDI AT BHADRAK U/S | SALANDI AT BHADRAK U/s,2017 2018 2019 2020 2021 2022 2023 2024,8,high,,,,Ambiguous / unresolved,,Baitarni,,,1
WQS1409,RIVER SANKHA U/S ( D/S OF MANDIRA DAM),ODISHA,2412,RIVER SANKHA U/S ( D/S OF MANDIRA DAM) | SANKHA U/S ( D/S OF MANDIRA DAM) | SANKHA U/s ( D/S OF MANDIRA DAM),2017 2018 2019 2020 2021 2022 2023 2024,8,high,,,,Ambiguous / unresolved,,,,,1
WQS1410,RIVER SERUA AT CUTTACK FD/S (SERUA) AT SANKHATRASA,ODISHA,2409,"CUTTACK FDS (SERUA) AT SANKHATRASA | RIVER SERUA AT CUTTACK FD/S (SERUA) AT SANKHATRASA | SERUA AT CUTTACK FD/S (SERUA) AT SANKHATRASA | SERUA AT CUTTACK FD/s (SERUA) AT SANKHATRASA | SERUA, FDS CUTTACK, SANKHATRASA",2016 2017 2018 2019 2020 2021 2022 2023 2024,9,high,,,,Ambiguous / unresolved,,,,,1
WQS1411,"RIVER SINGDA JHOR (TALCHER KANIHA ROAD BRIDGE, BALANGI)",ODISHA,3929,"RIVER SINGDA JHOR (TALCHER KANIHA ROAD BRIDGE, BALANGI) | SINGDA JHOR | SINGDA JHOR (TALCHER KANIHA ROAD BRIDGE, BALANGI)",2017 2018 2021 2022 2023 2024,6,high,,,,Ambiguous / unresolved,,,,,1
WQS1412,RIVER SUBARNAREKHA AT LAKHANNATH (ORISSA),INTER-STATE | ODISHA,30069,RIVER SUBARNAREKHA AT LAKHANNATH (ORISSA) | SUBARNAREKHA AT LAKHANNATH (ORISSA),2020 2021 2022 2023 2024,5,high,,21.855659,87.247746,Medium,ESRI_LIVINGATLAS_TS_2020_2025:CPCB,Subarnarekha,Baleshwar,,1
WQS1413,RIVER SUBARNAREKHA AT RAJGHAT (THENGUDIA),ODISHA,1641,RIVER SUBARNAREKHA AT RAJGHAT (THENGUDIA) | SUBARNAREKHA AT RAJGHAT (THENGUDIA) | SUBARNAREKHA AT RAJGHAT NEAR BIHAR BORDER,2016 2017 2019 2020 2021 2022 2023 2024,8,high,,,,Ambiguous / unresolved,,Subarnarekha,,,1
WQS1414,"RIVER TEL (OVER ROAD BRIDGE STATE HIGHWAY -41, MANAMUNDA)",ODISHA,2408,"RIVER TEL (OVER ROAD BRIDGE STATE HIGHWAY -41, MANAMUNDA) | RIVER TEL (OVER ROAD BRIDGE STATE HIGHWAY 41, MANAMUNDA) | TEL | TEL AT MANAMUNDA",2016 2017 2018 2021 2022 2023 2024,7,high,,,,Ambiguous / unresolved,,,,,1
WQS1415,RIVER TIKIRA AT KANIHA D/S,ODISHA,3928,KANIHA D/S | RIVER TIKIRA AT KANIHA D/S | TIKIRA AT KANIHA D/S,2017 2018 2021 2022 2023 2024,6,high,,,,Ambiguous / unresolved,,,,,1
WQS1416,RIVER TIKIRA AT KANIHA U/S,ODISHA,3927,KANIHA U/S | RIVER TIKIRA AT KANIHA U/S | TIKIRA AT KANIHA U/S,2017 2018 2021 2022 2023 2024,6,high,,,,Ambiguous / unresolved,,,,,1
WQS1417,RUSHIKULYA AT ASIKA,ODISHA,3945,RIVER RUSHIKULYA AT ASIKA | RIVER RUSHIKULYA AT ASKA | RUSHIKULYA AT ASIKA | RUSHIKULYA AT ASKA,2017 2018 2021 2022,4,high,,,,Ambiguous / unresolved,,,,,1
WQS1418,RUSSELKUNDA RESERVOIR,ODISHA,3944,RIVER RUSSELKUNDA RESERVOIR | RUSSELKUNDA RESERVOIR,2017 2018 2021 2022,4,high,,,,Ambiguous / unresolved,,,,,1
WQS1419,SABULIA NADI NEAR RAMBHA (AT JAGANNATHPATNA),ODISHA,3914,RIVER SABULIA NADI NEAR RAMBHA (AT JAGANNATHPATNA) | SABULIA NADI NEAR RAMBHA (AT JAGANNATHPATNA),2017 2018 2019 2020 2021 2022 2023 2024,8,high,,,,Ambiguous / unresolved,,,,,1
WQS1420,SAMBALPUR FD/S T SHANKARMATH,ODISHA,3887,MAHANADI AT SAMBALPUR FD/S T SHANKARMATH | RIVER MAHANADI AT SAMBALPUR FD/S AT SHANKARMATH | SAMBALPUR FD/S T SHANKARMATH,2017 2018 2019 2020 2021 2022 2023 2024,9,high,duplicate of another row with identical values,,,Ambiguous / unresolved,,Mahanadi,,,1
WQS1421,SONO RIVER AT KANANDURGA ROD NEAR REMUNA,ODISHA,3942,"RIVER SONO AT KANAKDURGA ROAD NEAR REMUNA, HATOGOND | RIVER SONO AT KANANDURGA ROAD NEAR REMUNA, HATOGOND | SONO RIVER AT KANANDURGA ROD NEAR REMUNA",2018 2021 2023,3,high,,21.550686,86.858922,Medium,ESRI_LIVINGATLAS_TS_2020_2025:CPCB,Subarnarekha,Baleshwar,,1
WQS1422,VAMSADHARA AT GUNUPUR (INTERSTATE BOUN),ODISHA,2427,VAMSADHARA AT GUNUPUR (INTERSTATE BOUN),2017,1,single_year,single-year station,,,Ambiguous / unresolved,,,,,1
WQS1423,VAMSADHARA AT MUNIGUDA (D/S OF M/S VEDANTAALUMINA PROJECT),ODISHA,2426,VAMSADHARA AT MUNIGUDA (D/S OF M/S VEDANTAALUMINA PROJECT),2017,1,single_year,single-year station,,,Ambiguous / unresolved,,,,,1
WQS1424,"ARASALAR RIVER, VIZHUTHIYUR ROAD, ODUDHURAI, KARAIKAL, U.T OF PUDUCHERRY.",PUDUCHERRY,1685,"ARASALAR RIVER, VIZHUTHIYUR ROAD, ODUDHURAI, KARAIKAL, U.T OF PUDUCHERRY.",2022,1,single_year,single-year station,10.9095,79.817833,High,PPCC_KKL_SW_2026_03,,Karaikal,,1
WQS1425,"CHUNNAMBAR RIVER, KILINJIKUPPAM ROAD, NONANKUPPAM, PUDUCHERRY.",PUDUCHERRY,1689,"CHUNNAMBAR RIVER, KILINJIKUPPAM ROAD, NONANKUPPAM, PUDUCHERRY. | RIVER CHUNNAMBAR RIVER",2021 2022 2023 2024,4,high,,11.883585,79.787326,High,PPCC_PY_SW_2025_01,Pennar,Puducherry,,1
WQS1426,"CORINGA RIVER (TIDAL LOCK) LE CAFE RESTAURANT, YANAM, U.T OF PUDUCHERRY",PUDUCHERRY,2444,"CORINGA RIVER (TIDAL LOCK) LE CAFE RESTAURANT, YANAM, U.T OF PUDUCHERRY",2022,1,single_year,single-year station,16.730167,82.217389,High,PPCC_YANAM_SW_2025,,Yanam,,1
WQS1427,"GAUTAMI-GODAVARI RIVER NEAR ADAVIPOLAM, YANAM, U.T OF PUDUCHERRY.",PUDUCHERRY,2443,"GAUTAMI-GODAVARI RIVER NEAR ADAVIPOLAM, YANAM, U.T OF PUDUCHERRY.",2022,1,single_year,single-year station,,,Ambiguous / unresolved,PPCC_YANAM_SW_2025,,Yanam,,1
WQS1428,"GAUTAMI-GODAVARI RIVER NEAR BALAYOGI BRIDGE, YANAM, U.T OF PUDUCHERRY.",PUDUCHERRY,2442,"GAUTAMI-GODAVARI RIVER NEAR BALAYOGI BRIDGE, YANAM, U.T OF PUDUCHERRY.",2022,1,single_year,single-year station,,,Ambiguous / unresolved,PPCC_YANAM_SW_2025,,Yanam,,1
WQS1429,"BEAS AT HARIKE, PUNJAB",PUNJAB,1697,"BEAS AT HARIKE, PUNJAB | RIVER BEAS AT HARIKE, PUNJAB",2016 2017 2018 2019 2020 2021 2022 2023 2024,9,medium,,31.508844,75.307539,Medium,ESRI_LIVINGATLAS_WQ_RIVERS_2023,Beas,Kapurthala,monthly,1
WQS1430,"BEAS AT TALWARA H/W, PUNJAB",PUNJAB,1012 | 1693,"BEAS AT TALWARA H/W | BEAS AT TALWARA H/W, PUNJAB | RIVER BEAS AT TALWARA H/W, PUNJAB",2016 2017 2018 2019 2020 2021 2022 2023 2024,9,medium,,31.989016,75.832499,Medium,ESRI_LIVINGATLAS_WQ_RIVERS_2023,Beas,Kangra,monthly,2
WQS1431,"BEAS RIVER, NR VILL KIRI AFGHANA, TEHSIL BATALA",PUNJAB,4165,"BEAS RIVER, NR VILL KIRI AFGHANA, TEHSIL BATALA",2018,1,single_year,single-year station,,,Ambiguous / unresolved,,Beas,,,1
WQS1432,RIVER BEAS AT 100M D/S INDUST. DISCH. GOINDWAL,PUNJAB,1012,BEAS 100M D/S INDUST. DISCH. GOINDWAL | BEAS AT 100M D/S INDUST. DISCH. GOINDWAL | BEAS AT 100M D/S INDUST. DISCH. GOINDWAL PUNJAB | RIVER BEAS AT 100M D/S INDUST. DISCH. GOINDWAL,2016 2017 2018 2019 2020 2021 2022 2023 2024,9,medium,,31.374996,75.162691,Medium,ESRI_LIVINGATLAS_WQ_RIVERS_2023,Beas,Kapurthala,monthly,1
WQS1433,"RIVER BEAS AT 1KM.D/S OF EFFL. DISH. POINT AT MUKERIAN , PUNJAB",PUNJAB,1294,"BEAS AT 1KM.D/S OF EFFL. DISH. POINT AT MUKERIAN | BEAS AT 1KM.D/S OF EFFL. DISH. POINT AT MUKERIAN , | BEAS AT 1KM.D/S OF EFFL. DISH. POINT AT MUKERIAN , PUNJAB | RIVER BEAS AT 1KM.D/S OF EFFL. DISH. POINT AT MUKERIAN , PUNJAB",2016 2017 2018 2019 2020 2021 2022 2023 2024,9,medium,,31.923867,75.541467,Medium,ESRI_LIVINGATLAS_WQ_RIVERS_2023,Beas,Hoshiarpur,monthly,1
WQS1434,RIVER BEAS AT CHAMBA KALAN,PUNJAB,5505,RIVER BEAS AT CHAMBA KALAN | River Beas at Chamba Kalan,2023 2024,2,high,,31.198828,75.006411,Medium,ESRI_LIVINGATLAS_WQ_RIVERS_2023,Beas,Tarn Taran,,1
WQS1435,"RIVER BEAS AT D/S CHANGARWA VILLAGE, (PUNJAB)",INTER-STATE | PUNJAB,30084,"BEAS AT D/S CHANGARWA VILLAGE, (PUNJAB) | RIVER BEAS AT D/S CHANGARWA VILLAGE, (PUNJAB)",2019 2020 2022 2023 2024,5,high,,31.958888,75.873028,Medium,ESRI_LIVINGATLAS_WQ_RIVERS_2023,Beas,Hoshiarpur,quarterly,1
WQS1436,RIVER BEAS AT G.T. ROAD UNDER BDG. NEAR KAPURTHALA,PUNJAB,1011,"BEAS AT G.T. ROAD UNDER BDG. NEAR KAPURTHALA | BEAS AT G.T. ROAD UNDER BDG. NEAR KAPURTHALA, PUNJA | BEAS AT G.T.ROAD UNDER BDG. NEAR KAPURTHALA | RIVER BEAS AT G.T. ROAD UNDER BDG. NEAR KAPURTHALA | RIVER BEAS AT G.T.ROAD UNDER BDG. NEAR KAPURTHALA",2016 2017 2018 2019 2020 2021 2022 2023 2024,9,medium,,31.51012,75.304936,Medium,ESRI_LIVINGATLAS_WQ_RIVERS_2023,Beas,Kapurthala,monthly,1
WQS1437,RIVER BEAS AT KAMBOH DAHIWALA,PUNJAB,5506,RIVER BEAS AT KAMBOH DAHIWALA | River Beas at Kamboh Dahiwala,2023 2024,2,high,,,,Ambiguous / unresolved,ESRI_LIVINGATLAS_WQ_RIVERS_2023,Beas,Kangra,,1
WQS1438,RIVER BEAS AT KARMOWALA VILLAGE,PUNJAB,5504,RIVER BEAS AT KARMOWALA VILLAGE | River Beas at Karmowala village,2023 2024,2,high,,31.228401,75.055481,Medium,ESRI_LIVINGATLAS_WQ_RIVERS_2023,Beas,Tarn Taran,,1
WQS1439,"RIVER BEAS AT MIRTHAL BRIDGE, GURDASPUR",PUNJAB,1010,"BEAS AT MIRTHAL BRIDGE, GURDASPUR | BEAS AT MIRTHAL BRIDGE, GURDASPUR, PUNJAB | RIVER BEAS AT MIRTHAL BRIDGE, GURDASPUR",2017 2018 2019 2020 2021 2022 2023 2024,8,medium,,32.097933,75.611474,Medium,ESRI_LIVINGATLAS_WQ_RIVERS_2023,Beas,Pathankot,monthly,1
WQS1440,"RIVER BEAS AT U/S PATHANKOT, PUNJAB",PUNJAB,1694 | 1697,"BEAS AT U/S PATHANKOT, PUNJAB | BEAS U/S PATHANKOT | RIVER BEAS AT U/S PATHANKOT, PUNJAB | U/S PATHANKOT, PUNJAB",2016 2017 2018 2019 2020 2021 2022 2023 2024,9,medium,,,,Ambiguous / unresolved,ESRI_LIVINGATLAS_WQ_RIVERS_2023,Beas,Kangra,monthly,2
WQS1441,"RIVER BEAS D/S PATHANKOT, PUNJAB",PUNJAB,1695,"BEAS D/S PATHANKOT | BEAS D/S PATHANKOT, PUNJAB | D/S PATHANKOT, PUNJAB | RIVER BEAS D/S PATHANKOT, PUNJAB",2016 2017 2018 2019 2020 2021 2022 2023 2024,9,medium,,32.093633,75.609725,Medium,ESRI_LIVINGATLAS_WQ_RIVERS_2023,Beas,Pathankot,monthly,1
WQS1442,"RIVER BEAS RIVER, NR VILL KIRI AFGHANA, TEHSIL BATALA, GURDASPUR",PUNJAB,4164,"BEAS RIVER, NR VILL KIRI AFGHANA, TEHSIL BATALA | BEAS RIVER, NR VILL KIRI AFGHANA, TEHSIL BATALA, GURDASPUR | RIVER BEAS RIVER, NR VILL KIRI AFGHANA, TEHSIL BATALA, GURDASPUR",2018 2019 2020 2021 2022 2023 2024,7,high,,31.910587,75.54461,Medium,ESRI_LIVINGATLAS_WQ_RIVERS_2023,Beas,Gurdaspur,monthly,1
WQS1443,"RIVER BEAS U/S GOINDWAL, PUNJAB",PUNJAB,1696,"BEAS U/S GOINDWAL | BEAS U/S GOINDWAL, PUNJAB | RIVER BEAS U/S GOINDWAL, PUNJAB | U/S GOINDWAL, PUNJAB",2016 2017 2018 2019 2020 2021 2022 2023 2024,9,medium,,31.385361,75.176625,Medium,ESRI_LIVINGATLAS_WQ_RIVERS_2023,Beas,Kapurthala,monthly,1
WQS1444,"RIVER CONFLUENCE POINT OF SARSA NADI WITH WITH SUTLEJ, NR VILL ASPUR, ROOPNAGAR",PUNJAB,4161,"CONFLUENCE POINT OF SARSA NADI WITH RIVER SUT | CONFLUENCE POINT OF SARSA NADI WITH WITH RIVER SUTLEJ, NR VILL ASPUR, ROOPNAGAR | RIVER CONFLUENCE POINT OF SARSA NADI WITH SUTLEJ, NR VILL ASPUR, ROOPNAGAR | RIVER CONFLUENCE POINT OF SARSA NADI WITH WITH SUTLEJ, NR VILL ASPUR, ROOPNAGAR | RIVER SARSA NADI CONFLUENCE POINT OF WITH SUTLEJ, NR VILL ASPUR, ROOPNAGAR",2019 2020 2021 2022 2023 2024,6,high,,31.057309,76.540857,Medium,ESRI_LIVINGATLAS_WQ_RIVERS_2023,,Rupnagar,monthly,1
WQS1445,"RIVER KALI BEIN FALLING INTO BEAS, PUNJAB",PUNJAB,2913,"EAST KALI BEIN FALLING INTO RIVER BEAS | KALI BEIN FALLING INTO RIVER BEAS, PUNJAB | RIVER KALI BEIN FALLING INTO BEAS, PUNJAB",2016 2018 2019 2020 2021 2022 2023 2024,8,high,,31.160771,74.984326,Medium,ESRI_LIVINGATLAS_WQ_RIVERS_2023,Beas,Tarn Taran,monthly,1
WQS1446,RIVER RAVI AT MADHOPUR (PUNJAB),INTER-STATE | PUNJAB,30085,RAVI AT MADHOPUR | RAVI AT MADHOPUR (PUNJAB) | RIVER RAVI AT MADHOPUR | RIVER RAVI AT MADHOPUR (PUNJAB),2019 2020 2022 2023 2024,5,high,,32.373092,75.604553,Medium,ESRI_LIVINGATLAS_WQ_RIVERS_2023,,Pathankot,quarterly,1
WQS1447,"RIVER RAVI AT U/S OF MADHOPUR HEADWORKS, GURDASPUR, PUNJAB",PUNJAB,1097,"RAVI AT U/S OF MADHOPUR HEADWORKS, GURDASPUR, PUNJ | RAVI AT U/S OF MADHOPUR HEADWORKS, GURDASPUR, PUNJAB | RAVI U/S OF MADHOPUR H/W, GURDASPUR | RIVER RAVI AT U/S OF MADHOPUR HEADWORKS, GURDASPUR, PUNJAB",2016 2017 2018 2019 2020 2021 2022 2023 2024,9,high,,32.372983,75.61039,Medium,ESRI_LIVINGATLAS_WQ_RIVERS_2023,,Pathankot,monthly,1
WQS1448,"RIVER SARSA AT BADDI , ,GHANOLI VILLAGE) PUNJAB",PUNJAB,30012,"RIVER SARSA AT BADDI , ,GHANOLI VILLAGE) PUNJAB | RIVER SIRSA AT BADDI , ,GHANOLI VILLAGE) PUNJAB",2021 2022 2023 2024,4,high,,31.050097,76.599923,Medium,ESRI_LIVINGATLAS_WQ_RIVERS_2023,,Rupnagar,quarterly,1
WQS1449,"RIVER SUTLEJ AT 100 MT. D/S OF PACL, NANGAL, PUNJAB",PUNJAB,2915,"100 MT. D/S OF PACL, NANGAL, PUNJAB | RIVER SUTLEJ AT 100 MT. D/S OF PACL, NANGAL | RIVER SUTLEJ AT 100 MT. D/S OF PACL, NANGAL, PUNJAB | SATLUJ AT 100 MT. D/S OF PACL, NANGAL, PUNJAB | SATLUJ, 100 MT. D/S OF PACL, NANGAL | SUTLEJ AT 100 MT. D/S OF PACL, NANGAL, PUNJAB",2016 2017 2018 2019 2020 2021 2022 2023 2024,9,high,,31.370617,76.359056,Medium,ESRI_LIVINGATLAS_WQ_RIVERS_2023,Sutlej,Rupnagar,monthly,1
WQS1450,"RIVER SUTLEJ AT 100M D/S , NANGAL",PUNJAB,1018,"RIVER SUTLEJ AT 100M D/S , NANGAL | SATLUJ 100M D/S , NANGAL | SATLUJ AT 100M D/S , NANGAL | SUTLEJ AT 100M D/S , NANGAL | SUTLEJ AT 100M D/S , NANGAL, PUNJAB",2016 2017 2018 2019 2020 2021 2022 2023,8,high,,31.375996,76.364695,Medium,ESRI_LIVINGATLAS_WQ_RIVERS_2023,Sutlej,Rupnagar,monthly,1
WQS1451,"RIVER SUTLEJ AT 100M U/S OF HEADWORKS, NANGAL",PUNJAB,1017,"RIVER SUTLEJ AT 100M U/S OF HEADWORKS, NANGAL | SATLUJ 100M U/S OF HEADWORKS, NANGAL | SATLUJ AT 100M U/S OF HEADWORKS, NANGAL | SUTLEJ AT 100M U/S OF HEADWORKS, NANGAL | SUTLEJ AT 100M U/S OF HEADWORKS, NANGAL, PUNJAB",2016 2017 2018 2019 2020 2021 2022 2023 2024,9,high,,31.380831,76.367228,Medium,ESRI_LIVINGATLAS_WQ_RIVERS_2023,Sutlej,Rupnagar,monthly,1
WQS1452,RIVER SUTLEJ AT ANANDPUR SAHIB,PUNJAB,10020,RIVER SATLUJ AT ANANDPUR SAHIB | RIVER SUTLEJ AT ANANDPUR SAHIB,2017 2019 2020 2021 2022 2023,6,high,,31.213915,76.501458,Medium,ESRI_LIVINGATLAS_WQ_RIVERS_2023,Sutlej,Rupnagar,monthly,1
WQS1453,"RIVER SUTLEJ AT BOAT BDG. DHARMKOTNAKODAR ROAD, JALANDHAR",PUNJAB,1021,"RIVER SUTLEJ AT BOAT BDG. DHARMKOTNAKODAR ROAD, JALANDHAR | SATLUJ AT BOAT BDG. DHARMKOTNAKODAR ROAD, JALANDHAR | SUTLEJ AT BOAT BDG. DHARMKOTNAKODAR ROAD, JALANDHA | SUTLEJ AT BOAT BDG. DHARMKOTNAKODAR ROAD, JALANDHAR",2016 2017 2018 2019 2020 2021 2022 2023,8,high,,30.99775,75.371988,Medium,ESRI_LIVINGATLAS_WQ_RIVERS_2023,Sutlej,Ludhiana,monthly,1
WQS1454,"RIVER SUTLEJ AT BRIDGE HARIKE, AMRITSAR",PUNJAB,1022,"RIVER SUTLEJ AT BRIDGE HARIKE, AMRITSAR | SATLUJ AT BRIDGE HARIKE, AMRITSAR | SUTLEJ AT BRIDGE HARIKE, AMRITSAR | SUTLEJ AT BRIDGE HARIKE, AMRITSAR, PUNJAB",2016 2017 2018 2019 2020 2021 2022 2023,8,high,,31.139816,74.936455,Medium,ESRI_LIVINGATLAS_WQ_RIVERS_2023,Sutlej,Ferozepur,monthly,1
WQS1455,RIVER SUTLEJ AT BUNGA SAHIB,PUNJAB,10021,RIVER SATLUJ AT BUNGA SAHIB | RIVER SUTLEJ AT BUNGA SAHIB,2017 2019 2020 2021 2022 2023,6,high,,31.003962,76.151872,Medium,ESRI_LIVINGATLAS_WQ_RIVERS_2023,Sutlej,Shahid Bhagat Singh Nagar,monthly,1
WQS1456,"RIVER SUTLEJ AT D/S EAST BEIN, PUNJAB",PUNJAB,1381,"RIVER SUTLEJ AT D/S EAST BEIN, PUNJAB | SATLUJ AT D/S EAST BASIN, PUNJAB | SATLUJ D/S EAST BEIN BASIN | SUTLEJ AT D/S EAST BASIN, PUNJAB | SUTLEJ AT D/S EAST BEIN, PUNJAB",2016 2017 2018 2019 2020 2021 2022 2023,8,high,,31.01532,75.715315,Medium,ESRI_LIVINGATLAS_WQ_RIVERS_2023,Sutlej,Jalandhar,monthly,1
WQS1457,"RIVER SUTLEJ AT D/S HUSSANIWALA-H/W FEROZEPUR, PUNJAB",PUNJAB,1692,"D/S HUSSANIWALA-H/W FEROZEPUR, PUNJAB | RIVER SUTLEJ AT D/S HUSSANIWALA-H/W FEROZEPUR, PUNJAB | SATLUJ AT D/S HUSSANIWALAH/W FEROZEPUR, PUNJAB | SATLUJD/S HUSSANIWALA-H/W FEROZEPUR | SUTLEJ AT D/S HUSSANIWALA- H/W FEROZEPUR, PUNJAB | SUTLEJ AT D/S HUSSANIWALA-H/W FEROZEPUR, PUNJAB",2016 2017 2018 2019 2020 2021 2022 2023,8,high,,30.99008,74.54847,Medium,ESRI_LIVINGATLAS_WQ_RIVERS_2023,Sutlej,Ferozepur,monthly,1
WQS1458,"RIVER SUTLEJ AT D/S KIRATPUR SAHIB, PUNJAB",PUNJAB,1814,"RIVER SUTLEJ AT D/S KIRATPUR SAHIB, PUNJAB | SATLUJ AT D/S KIRATPUR SAHIB, PUNJAB | SATLUJ D/S KIRATPUR SAHIB | SUTLEJ AT D/S KIRATPUR SAHIB, | SUTLEJ AT D/S KIRATPUR SAHIB, PUNJAB",2016 2017 2018 2019 2020 2021 2022 2023,8,high,,31.182044,76.563547,Medium,ESRI_LIVINGATLAS_WQ_RIVERS_2023,Sutlej,Rupnagar,monthly,1
WQS1459,"RIVER SUTLEJ AT D/S NFL, PUNJAB",PUNJAB,1380,"RIVER SUTLEJ AT D/S NFL, PUNJAB | SATLUJ AT D/S NFL, PUNJAB | SATLUJ D/S NFL | SUTLEJ AT D/S NFL, PUNJAB",2016 2017 2018 2019 2020 2021 2022 2023 2024,9,high,,31.356053,76.372837,Medium,ESRI_LIVINGATLAS_WQ_RIVERS_2023,Sutlej,Rupnagar,monthly,1
WQS1460,RIVER SUTLEJ AT JALANDHAR D/S (MALSIAN BRIDGE),PUNJAB,10026,RIVER SATLUJ AT JALANDHAR D/S (MALSIAN BRIDGE) | RIVER SUTLEJ AT JALANDHAR D/S (MALSIAN BRIDGE),2017 2019 2020 2021 2022 2023,6,high,,31.34787,75.337827,Low,ESRI_LIVINGATLAS_WQ_RIVERS_2023,Sutlej,Kapurthala,monthly,1
WQS1461,RIVER SUTLEJ AT JALANDHAR U/S (PEERU SHAH KA DARGAH),PUNJAB,10025,RIVER SATLUJ AT JALANDHAR U/S (PEERU SHAH KA DARGAH) | RIVER SUTLEJ AT JALANDHAR U/S (PEERU SHAH KA DARGA | RIVER SUTLEJ AT JALANDHAR U/S (PEERU SHAH KA DARGAH),2017 2019 2020 2021 2022 2023,6,high,,31.216777,75.597842,Low,ESRI_LIVINGATLAS_WQ_RIVERS_2023,Sutlej,Jalandhar,monthly,1
WQS1462,RIVER SUTLEJ AT LUDHIANA D/S,PUNJAB,10028,RIVER SATLUJ AT LUDHIANA D/S | RIVER SUTLEJ AT LUDHIANA D/S,2017 2019 2020 2021 2022 2023,6,high,,30.996657,75.788897,Medium,ESRI_LIVINGATLAS_WQ_RIVERS_2023,Sutlej,Jalandhar,monthly,1
WQS1463,RIVER SUTLEJ AT LUDHIANA U/S,PUNJAB,10027,RIVER SATLUJ AT LUDHIANA U/S | RIVER SUTLEJ AT LUDHIANA U/S,2017 2019 2020 2021 2022 2023,6,high,,30.993962,75.795903,Medium,ESRI_LIVINGATLAS_WQ_RIVERS_2023,Sutlej,Ludhiana,monthly,1
WQS1464,RIVER SUTLEJ AT NOORPUR BEDI ROAD (PUNJAB),INTER-STATE | PUNJAB,30010,RIVER SUTLEJ AT NOORPUR BEDI ROAD (PUNJAB) | SUTLEJ AT NOORPUR BEDI ROAD (PUNJAB),2020 2021 2022 2023,4,high,,31.035309,76.52233,Medium,ESRI_LIVINGATLAS_WQ_RIVERS_2023,Sutlej,Rupnagar,quarterly,1
WQS1465,RIVER SUTLEJ AT PHAGWARA D/S (KANGANIWAL BRIDGE),PUNJAB,10024,RIVER SATLUJ AT PHAGWARA D/S (KANGANIWAL BRIDGE) | RIVER SUTLEJ AT PHAGWARA D/S (KANGANIWAL BRIDGE),2017 2019 2020 2021 2022 2023,6,high,,31.207777,75.610449,Medium,ESRI_LIVINGATLAS_WQ_RIVERS_2023,Sutlej,Jalandhar,monthly,1
WQS1466,RIVER SUTLEJ AT PHAGWARA U/S (CHAHERU BRIDGE),PUNJAB,10023,RIVER SATLUJ AT PHAGWARA U/S (CHAHERU BRIDGE) | RIVER SUTLEJ AT PHAGWARA U/S (CHAHERU BRIDGE),2017 2019 2020 2021 2022 2023,6,high,,31.271047,75.690923,Low,ESRI_LIVINGATLAS_WQ_RIVERS_2023,Sutlej,Kapurthala,monthly,1
WQS1467,RIVER SUTLEJ AT PHILLAUR U/S,PUNJAB,10022,RIVER SATLUJ AT PHILLAUR U/S | RIVER SUTLEJ AT PHILLAUR U/S,2017 2019 2020 2021 2022 2023,6,high,,30.996977,75.786695,Medium,ESRI_LIVINGATLAS_WQ_RIVERS_2023,Sutlej,Jalandhar,monthly,1
WQS1468,"RIVER SUTLEJ AT U/S BUDHA NALLAH (UPPER), PUNJAB",PUNJAB,1690,"RIVER SUTLEJ AT U/S BUDHA NALLAH (UPPER), PUNJAB | SATLUJ AT U/S BUDHA NALLAH (UPPER), PUNJAB | SATLUJ U/S BUDHA NALLAH (UPPER) | SUTLEJ AT U/S BUDHA NALLAH (UPPER), PUNJAB | U/S BUDHA NALLAH (UPPER), PUNJAB",2016 2017 2018 2019 2020 2021 2022 2023,8,high,,30.922369,75.919469,Medium,ESRI_LIVINGATLAS_WQ_RIVERS_2023,Sutlej,Ludhiana,monthly,1
WQS1469,RIVER SUTLEJ AT U/S HEAD WORKS ROPAR,PUNJAB,1019,"RIVER SUTLEJ AT U/S HEAD WORKS ROPAR | SATLUJ AT U/S HEAD WORKS ROPAR | SATLUJ U/S HEAD WORKS ROPAR | SUTLEJ AT U/S HEAD WORKS ROPAR | SUTLEJ AT U/S HEAD WORKS ROPAR, PUNJAB",2016 2017 2018 2019 2020 2021 2022 2023,8,high,,31.379027,76.372115,Medium,ESRI_LIVINGATLAS_WQ_RIVERS_2023,Sutlej,Rupnagar,monthly,1
WQS1470,"RIVER SUTLEJ AT U/S HUSSANIWALA - H/W FEROZEPUR, PUNJAB",PUNJAB,1691,"RIVER SUTLEJ AT U/S HUSSANIWALA - H/W FEROZEPUR, PUNJAB | SATLUJ AT U/S HUSSANIWALA H/W FEROZEPUR, PUNJAB | SATLUJ U/S HUSSANIWALA - H/W FEROZEPUR | SUTLEJ AT U/S HUSSANIWALA - H/W FEROZEPUR, PUNJAB | U/S HUSSANIWALA - H/W FEROZEPUR, PUNJAB",2016 2017 2018 2019 2020 2021 2022 2023,8,high,,30.995289,74.552492,Medium,ESRI_LIVINGATLAS_WQ_RIVERS_2023,Sutlej,Ferozepur,monthly,1
WQS1471,"RIVER SWAN AT DHANGLA VILLAGE, SANTOSHGARH (PUNJAB)",PUNJAB,30011,"RIVER SWAN AT DHANGLA VILLAGE, SANTOSHGARH (PUNJAB)",2021 2022 2023 2024,4,high,,31.345205,76.312636,Medium,ESRI_LIVINGATLAS_WQ_RIVERS_2023,,Una,quarterly,1
WQS1472,"SUTLEJ AT 1 KM. D/S OF ZENITH, PUNJAB",PUNJAB,1293,"RIVER SUTLEJ AT 1 KM. D/S OF ZENITH, PUNJAB | SATLUJ 1 KM. D/S OF ZENITH | SATLUJ AT 1 KM. D/S OF ZENITH, PUNJAB | SUTLEJ AT 1 KM. D/S OF ZENITH, PUNJAB",2016 2017 2018 2019 2020 2021 2022 2023,8,high,,30.984964,76.4672,Medium,ESRI_LIVINGATLAS_WQ_RIVERS_2023,Sutlej,Shahid Bhagat Singh Nagar,monthly,1
WQS1473,"SUTLEJ AT 100M D/S BUDHA NALA CONFL., LUDHIANA",PUNJAB,1020,"RIVER SUTLEJ AT 100M D/S BUDHA NALA CONFL., LUDHIANA | SATLUJ 100M D/S BUDHA NALA CONFL., LUDHIANA | SATLUJ AT 100M D/S BUDHA NALA CONFL., LUDHIANA | SUTLEJ AT 100M D/S BUDHA NALA CONFL., LUDHIANA",2016 2017 2018 2019 2020 2021 2022 2023,8,high,,30.975026,75.608293,Medium,ESRI_LIVINGATLAS_WQ_RIVERS_2023,Sutlej,Jalandhar,monthly,1
WQS1474,"BISULPUR DAM, TONK, RAJASTHAN",RAJASTHAN,2951,"BANAS,BISULPUR DAM, TONK | BISULPUR DAM, TONK, RAJASTHAN | RIVER BANAS AT BISULPUR DAM, TONK, RAJASTHAN | RIVER BANAS BISULPUR DAM, TONK, RAJASTHAN",2016 2018 2019 2020 2021 2022 2023 2024,8,high,,25.905847,75.463861,Medium,ESRI_LIVINGATLAS_WQ_RIVERS_2023,,Tonk,monthly,1
WQS1475,"DHANARI DAM, NEAR SWAROOPGANJ, SIROHI, RAJASTHAN",RAJASTHAN,2950,"BANAS,DHANARI DAM, NEAR SWAROOPGANJ, SIROHI | DHANARI DAM, NEAR SWAROOPGANJ, SIROHI, | DHANARI DAM, NEAR SWAROOPGANJ, SIROHI, RAJASTHAN | RIVER BANAS AT DHANARI DAM, NEAR SWAROOPGANJ, SIROHI, RAJASTHAN | RIVER DHANARI DAM, NEAR SWAROOPGANJ, SIROHI, RAJASTHAN",2016 2018 2019 2020 2021 2023 2024,7,high,,24.692006,72.929236,Medium,ESRI_LIVINGATLAS_WQ_RIVERS_2023,,Sirohi,monthly,1
WQS1476,"NEAR NEWTA DAM, JAIPUR, RAJASTHAN",RAJASTHAN,2952,"BANAS,NEAR NEWTA DAM, JAIPUR | NEAR NEWTA DAM, JAIPUR, RAJASTHAN | RIVER NEAR NEWTA DAM, JAIPUR, RAJASTHAN | RIVER NEAR NEWTA DAM,JAIPUR,RAJSTHAN",2016 2018 2019 2020 2021 2022 2023 2024,8,high,,26.919491,75.930328,Medium,ESRI_LIVINGATLAS_WQ_RIVERS_2023,,Jaipur,monthly,1
WQS1477,"RIVER BANAS AT TRIVENI SANGAM, BHILWARA",RAJASTHAN,4167,"RIVER BANAS AT TRIVENI SANGAM, BHILWARA",2021 2022 2023 2024,4,high,,25.243263,75.033557,Medium,ESRI_LIVINGATLAS_WQ_RIVERS_2023,,Bhilwara,monthly,1
WQS1478,"RIVER BERACH AT GHOSUNDA DAM, CHITTORGARH",RAJASTHAN,4172,"RIVER BERACH AT GHOSUNDA DAM, CHITTORGARH | RIVER GAMBHIRI AT GHOSUNDA DAM, CHITTORGARH",2021 2023 2024,3,high,,24.894962,74.632311,Medium,ESRI_LIVINGATLAS_WQ_RIVERS_2023,,Chittorgarh,monthly,1
WQS1479,"RIVER BERACH NEAR VILLAGE-NAGARI, CHITTORGARH",RAJASTHAN,4804,"RIVER BERACH NEAR VILLAGE-NAGARI, CHITTORGARH",2021 2022 2023 2024,4,high,,24.944671,74.665024,Medium,ESRI_LIVINGATLAS_WQ_RIVERS_2023,,Chittorgarh,monthly,1
WQS1480,"RIVER BERECH, NEAR HOTEL PADMINI, CHITTORGARH",RAJASTHAN,4175,"RIVER BERACH, NEAR HOTEL PADMINI, CHITTORGARH | RIVER BERECH, NEAR HOTEL PADMINI, CHITTORGARH",2021 2022 2023 2024,4,high,,24.904159,74.623617,Medium,ESRI_LIVINGATLAS_WQ_RIVERS_2023,,Chittorgarh,monthly,1
WQS1481,"RIVER BHANWAR SEMLA DAM NEAR VILLAGE- DHOPAL,",RAJASTHAN,4805,"BHANWAR SEMLA DAM NEAR VILLAGE-DHOPAL,PRATAPGARH | RIVER BHANWAR SEMLA DAM NEAR VILLAGE- DHOPAL,",2021 2022,2,high,,,,Ambiguous / unresolved,,,,,1
WQS1482,"RIVER CHAMBAL AT KESHORAIPATAN U/S, NEAR SHRI RAJESHWAR MAHADEV TEMPLE, BUNDI",RAJASTHAN,10029,"RIVER CHAMBAL AT KESHORAIPATAN U/S, NEAR SHRI RAJESHWAR MAHADEV TEMPLE, BUNDI",2021 2022 2023 2024,4,high,,25.288107,75.938471,Medium,ESRI_LIVINGATLAS_WQ_RIVERS_2023,,Bundi,monthly,1
WQS1483,"RIVER CHAMBAL AT KESHORAIPATTAN D/S NEAR AMBEDKAR NAGAR, BUNDI",RAJASTHAN,10030,"RIVER CHAMBAL AT KESHORAIPATTAN D/S NEAR AMBEDKAR NAGAR, BUNDI",2021 2022 2023 2024,4,high,,25.262219,76.010497,Medium,ESRI_LIVINGATLAS_WQ_RIVERS_2023,,Kota,monthly,1
WQS1484,"RIVER CHAMBAL AT KOTA U/S (PHED INTAKE POINT. NEAR KOTA BARRAGE), RAJASTHAN",RAJASTHAN,1288,"CHAMBAL AT KOTA U/S (INTAKE PT. NEAR BARRAGE) | CHAMBAL AT KOTA U/S (INTAKE PT. NEAR BARRAGE), RAJ | RIVER CHAMBAL AT KOTA U/S (INTAKE PT. NEAR BARRAGE), RAJASTHAN | RIVER CHAMBAL AT KOTA U/S (PHED INTAKE POINT. NEAR KOTA BARRAGE), RAJASTHAN",2016 2018 2021 2022 2023 2024,6,high,,25.141518,75.794083,Medium,ESRI_LIVINGATLAS_WQ_RIVERS_2023,,Kota,monthly,1
WQS1485,"RIVER CHAMBAL AT RAMESHWARGHAT NR. SAWAIMADHOPUR, RAJASTHAN",RAJASTHAN,1413,"CHAMBAL AT RAMESHWARGHAT NR. SAWAIMADHOPUR | CHAMBAL AT RAMESHWARGHAT NR. SAWAIMADHOPUR, RAJAST | RIVER CHAMBAL AT RAMESHWARGHAT NR. SAWAIMADHOPUR, RAJASTHAN",2016 2018 2021 2022 2024,5,high,,,,Ambiguous / unresolved,,,,,1
WQS1486,"RIVER CHAMBAL AT RANGPUR KOTA D/S (2 KM. FROM CITY), RAJASTHAN",RAJASTHAN,1289,"CHAMBAL AT KOTA D/S (2 KM. FROM CITY) | CHAMBAL AT KOTA D/S (2 KM. FROM CITY), RAJASTHAN | RIVER CHAMBAL AT KOTA D/S (2 KM. FROM CITY), RAJASTHAN | RIVER CHAMBAL AT RANGPUR KOTA D/S (2 KM. FROM CITY), RAJASTHAN",2016 2018 2021 2022 2023 2024,6,high,,25.268768,75.906611,Medium,ESRI_LIVINGATLAS_WQ_RIVERS_2023,,Bundi,monthly,1
WQS1487,"RIVER CHAMBAL ENTERING IN RAJASTHAN AT GANDHI SAGAR DAM, RAWATBHATA,CHITTORGARH",RAJASTHAN,2955,"CHAMBAL ENTERING IN RAJASTHAN AT GANDHI SAGAR DAM | CHAMBAL ENTERING IN RAJASTHAN AT GANDHI SAGAR DAM, KOTA | CHAMBAL ENTERING IN RAJASTHAN AT GANDHI SAGAR DAM, KOTA, RAJASTHAN | RIVER CHAMBAL ENTERING IN RAJASTHAN AT GANDHI SAGA | RIVER CHAMBAL ENTERING IN RAJASTHAN AT GANDHI SAGAR DAM, KOTA, RAJASTHAN | RIVER CHAMBAL ENTERING IN RAJASTHAN AT GANDHI SAGAR DAM, RAWATBHATA,CHITTORGARH",2016 2018 2019 2020 2021 2022 2023 2024,8,high,,,,Ambiguous / unresolved,ESRI_LIVINGATLAS_WQ_RIVERS_2023,,Mandsaur,monthly,1
WQS1488,"RIVER CHAMBAL, NEAR CHAMBAL BRIDGE, DHOLPUR TO MURENA ROAD, NH-3",RAJASTHAN,4769,"RIVER CHAMBAL, NEAR CHAMBAL BRIDGE, DHOLPUR TO MURENA ROAD, NH-3",2021 2022 2023 2024,4,high,,26.659451,77.905391,Medium,ESRI_LIVINGATLAS_WQ_RIVERS_2023,,Dholpur,monthly,1
WQS1489,"RIVER CHHAPI AT CHHAPI DAM UPSTREAM , JHALAWAR, RAJASTHAN",RAJASTHAN,2945,"CHHAPI ,U/S OF CHHAPI DAM, JHALAWAR | CHHAPI DAM UPSTREAM , JHALAWAR, | CHHAPI DAM UPSTREAM , JHALAWAR, RAJASTHAN | RIVER CHHAPI AT CHHAPI DAM UPSTREAM , JHALAWAR, RAJASTHAN | RIVER CHHAPI DAM UPSTREAM , JHALAWAR, RAJASTHAN | UPSTREAM OF CHHAPI DAM, JHALAWAR, RAJASTHAN",2016 2018 2019 2020 2021 2023 2024,7,high,,24.600889,76.152494,Medium,ESRI_LIVINGATLAS_WQ_RIVERS_2023,,Jhalawar,monthly,1
WQS1490,"RIVER GAMBHIRI AT GAMBHIRI DAM, NIMBAHERA-TEHSIL, CHITTORGARH",RAJASTHAN,4173,"RIVER GAMBHIRI AT GAMBHIRI DAM, NIMBAHERA-TEHSIL, CHITTORGARH | RIVER GAMBHIRI DAM, NIMBAHERA-TEHSIL, CHITTORGARH",2021 2023 2024,3,high,,24.702173,74.72982,Medium,ESRI_LIVINGATLAS_WQ_RIVERS_2023,,Chittorgarh,monthly,1
WQS1491,"RIVER GAMBHIRI NEAR BUS STAND (OLD CITY BRIDGE), CHITTORGARH,RAJASTHAN",RAJASTHAN,4174,"RIVER GAMBHIRI NEAR BUS STAND (OLD CITY BRIDGE), CHITTORGARH,RAJASTHAN | RIVER GAMBHIRI NEAR OLD BUS STAND, CHITTORGARH",2021 2022 2023 2024,4,high,,24.889431,74.629954,Medium,ESRI_LIVINGATLAS_WQ_RIVERS_2023,,Chittorgarh,monthly,1
WQS1492,RIVER GUWARDI AT RESERVIOR UPSTREAM SIDE OF GUWARDI NALLA (A TRIBUTARY TO BANAS RIVER),RAJASTHAN,4771,RIVER GUWARDI AT RESERVIOR UPSTREAM SIDE OF GUWARDI NALLA (A TRIBUTARY TO BANAS RIVER),2021,1,single_year,single-year station,,,Ambiguous / unresolved,,,,,1
WQS1493,"RIVER JAWAI DAM, SIROHI, RAJASTHAN",RAJASTHAN,2947,"RIVER JAWAI DAM, SIROHI, RAJASTHAN",2022,1,single_year,single-year station,,,Ambiguous / unresolved,,,,,1
WQS1494,"RIVER KALI SINDH AT ANICUT OF M/S CFCL GADEPAN, KOTA, RAJASTHAN",RAJASTHAN,2953,"KALI SINDH AT ANICUT OF M/S CFCL GADEPAN, KOTA | KALI SINDH AT ANICUT OF M/S CFCL GADEPAN, KOTA, | KALI SINDH AT ANICUT OF M/S CFCL GADEPAN, KOTA, RAJASTHAN | RIVER KALI SINDH AT ANICUT OF M/S CFCL GADEPAN, KO | RIVER KALI SINDH AT ANICUT OF M/S CFCL GADEPAN, KOTA, RAJASTHAN",2016 2018 2019 2020 2021 2022 2023 2024,8,high,,25.160724,76.22887,Medium,ESRI_LIVINGATLAS_WQ_RIVERS_2023,,Baran,monthly,1
WQS1495,"RIVER KALI SINDH AT BAROD ROAD BRIDGE, KOTA, RAJASTHAN",RAJASTHAN,2956,"KALI SINDH AT BAROD ROAD BRIDGE, KOTA | KALI SINDH AT BAROD ROAD BRIDGE, KOTA, RAJASTHAN | RIVER KALI SINDH AT BAROD ROAD BRIDGE, KOTA | RIVER KALI SINDH AT BAROD ROAD BRIDGE, KOTA, RAJAS | RIVER KALI SINDH AT BAROD ROAD BRIDGE, KOTA, RAJASTHAN",2016 2018 2019 2020 2021 2022 2023 2024,8,high,,25.393522,76.327061,Medium,ESRI_LIVINGATLAS_WQ_RIVERS_2023,,Kota,monthly,1
WQS1496,"RIVER KANOTA DAM VILLAGE SUMEL, TEHSIL- BASSI",RAJASTHAN,4781,"RIVER KANOTA DAM VILLAGE SUMEL, TEHSIL- BASSI",2021,1,single_year,single-year station,,,Ambiguous / unresolved,,,,,1
WQS1497,"RIVER KELWARA RESERVIOR, N/V KELWARA, TEHSIL-KUMBHALGARH DIST-RAJSAMAND, (UPSTREAM OF KHARI RIVER)",RAJASTHAN,4772,"RIVER KELWARA RESERVIOR, N/V KELWARA, TEHSIL- KUMBHALGARH DIST- RAJSAMAND, (UPSTREAM OF KHARI RIVER) | RIVER KELWARA RESERVIOR, N/V KELWARA, TEHSIL- KUMBHALGARH DIST-RAJSAMAND, (UPSTREAM OF KHARI RIVER) | RIVER KELWARA RESERVIOR, N/V KELWARA, TEHSIL-KUMBHALGARH DIST- RAJSAMAND, (UPSTREAM OF KHARI RIVER) | RIVER KELWARA RESERVIOR, N/V KELWARA, TEHSIL-KUMBHALGARH DIST-RAJSAMAND, (UPSTREAM OF KHARI RIVER)",2021 2022 2023 2024,4,high,,,,Ambiguous / unresolved,,,,,1
WQS1498,"RIVER KODRA DAM, MOUNT ABU, RAJASTHAN",RAJASTHAN,1717,"RIVER KODRA DAM, MOUNT ABU, RAJASTHAN",2021,1,single_year,single-year station,,,Ambiguous / unresolved,,,,,1
WQS1499,"RIVER KOTHARI AT KOTHARI DAM, BHILWARA",RAJASTHAN,5468,"RIVER KOTHARI AT KOTHARI DAM, BHILWARA",2023 2024,2,high,,25.348996,74.770626,Medium,ESRI_LIVINGATLAS_WQ_RIVERS_2023,,Bhilwara,,1
WQS1500,RIVER KOTHARI AT MEJA DAM BHILWARA (UPSTREAM OF KOTHARI RIVER),RAJASTHAN,4770,RIVER KOTHARI AT MEJA DAM BHILWARA (UPSTREAM OF KOTHARI RIVER),2021 2023 2024,3,high,,25.365018,74.662813,Medium,ESRI_LIVINGATLAS_WQ_RIVERS_2023,,Bhilwara,monthly,1
WQS1501,"RIVER MAHI (D/S) CONF WITH R. CHAP (UNDER SAGWARA-SARHI RD. BDG.), RAJASTHAN",RAJASTHAN,1232,"MAHI (D/S) CONF WITH R. CHAP (UNDER SAGWARA- SARHI RD. BDG.), RAJASTHAN | MAHI (D/S) CONF WITH R. CHAP (UNDER SAGWARA-SARHI | MAHI (D/S) CONF WITH R. CHAP (UNDER SAGWARA-SARHI RD. BDG.) | MAHI (D/S) CONF WITH R. CHAP (UNDER SAGWARASARHI RD. BDG.), RAJASTHAN | RIVER MAHI (D/S) CONF WITH R. CHAP (UNDER SAGWARA- SARHI RD. BDG.) | RIVER MAHI (D/S) CONF WITH R. CHAP (UNDER SAGWARA-SARHI RD. BDG.) | RIVER MAHI (D/S) CONF WITH R. CHAP (UNDER SAGWARA-SARHI RD. BDG.), RAJASTHAN",2016 2017 2019 2020 2021 2022 2023 2024,8,high,,23.648483,74.126708,Medium,ESRI_LIVINGATLAS_WQ_RIVERS_2023,Mahi,Dungarpur,monthly,1
WQS1502,"RIVER MAHI AT GAMMON BRIDGE NEAR PADLA CHOWKI, BANSWARA (MP & RJASTHAN)",RAJASTHAN,30061,"RIVER MAHI AT GAMMON BRIDGE NEAR PADLA CHOWKI, BANSWARA (MP & RJASTHAN) | RIVER MAHI AT GAMMON BRIDGE, BANSWARA(RAJASTHAN)",2021 2022 2023 2024,4,high,,23.550318,74.4438,Medium,ESRI_LIVINGATLAS_WQ_RIVERS_2023,Mahi,Banswara,quarterly,1
WQS1503,"RIVER MAHI AT MAHI DAM,VILLAGE-BHOR KHERA ,BANSWARA",RAJASTHAN,5476,"RIVER MAHI AT MAHI DAM,VILLAGE-BHOR KHERA ,BANSWARA | RIVER MAHI AT Mahi Dam,Village-Bhor khera ,Banswara",2023 2024,2,high,,23.614456,74.53088,Medium,ESRI_LIVINGATLAS_WQ_RIVERS_2023,Mahi,Banswara,,1
WQS1504,"RIVER PARVATI BEFORE MEETING CHAMBAL AT KHATOLI, KOTA, RAJASTHAN",RAJASTHAN,2954,"PARVATI B/M CHAMBAL AT KHATOLI, KOTA | PARVATI BEFORE MEETING RIVER CHAMBAL AT KHATOLI, | PARVATI BEFORE MEETING RIVER CHAMBAL AT KHATOLI, KOTA, RAJASTHAN | RIVER PARVATI BEFORE MEETING CHAMBAL AT KHATOLI, KOTA, RAJASTHAN | RIVER PARVATI BEFORE MEETING RIVER CHAMBAL AT KHAT",2016 2018 2019 2020 2021 2022 2023 2024,8,medium,,25.681506,76.485765,Medium,ESRI_LIVINGATLAS_WQ_RIVERS_2023,,Sheopur,monthly,1
WQS1505,"RIVER PIPLADAT PIPLAD DAM, BHAWANI MANDI",RAJASTHAN,4790,"RIVER PIPLAAD DAM, BHAWANI MANDI | RIVER PIPLADAT PIPLAD DAM, BHAWANI MANDI",2021 2023 2024,3,high,,24.40008,75.887785,Medium,ESRI_LIVINGATLAS_WQ_RIVERS_2023,,Jhalawar,monthly,1
WQS1506,"RIVER UJAD AT BHIM SAGAR DAM UPSTREAM , JHALAWAR, RAJASTHAN",RAJASTHAN,2946,"RIVER UJAD AT BHIM SAGAR DAM UPSTREAM , JHALAWAR, RAJASTHAN | UJAD AT BHIM SAGAR DAM UPSTREAM , JHALAWAR, | UJAD AT BHIM SAGAR DAM UPSTREAM , JHALAWAR, RAJASTHAN | UJAD DAM AT BHIM SAGAR UPSTREAM , JHALAWAR, RAJASTHAN | UJAD,U/S OF BHIM SAGAR DAM, JHALAWAR | UPSTREAM OF BHIM SAGAR DAM, JHALAWAR, RAJASTHAN",2016 2018 2019 2020 2021 2023 2024,7,high,,24.6087,76.170272,Medium,ESRI_LIVINGATLAS_WQ_RIVERS_2023,,Jhalawar,monthly,1
WQS1507,RIVER AFTER CONFLUENCE OF RANICHU AND RORACHU AT RANIPOOL,SIKKIM,1805,RIVER AFTER CONFLUENCE OF RANICHU AND RORACHU AT RANIPOOL,2021 2022 2023 2024,4,high,,27.292886,88.590303,Medium,ESRI_LIVINGATLAS_WQ_RIVERS_2023,,Gangtok,monthly,1
WQS1508,RIVER DIKCHU BEFORE CONFLUENCS WITH RIVER TEESTA NEAR NHPC HYDROELECTRIC POWER PROJECT DIKCHU,SIKKIM,1802,DIKCHU B/c WITH TEESTA NEAR NHPC HYDROELECTRIC POW | DIKCHU B/c WITH TEESTA NEAR NHPC HYDROELECTRIC POWER PROJECT | RIVER DIKCHU B/C WITH TEESTA NEAR NHPC HYDROELECTRIC POWER PROJECT | RIVER DIKCHU BEFORE CONFLUENCS WITH RIVER TEESTA NEAR NHPC HYDROELECTRIC POWER PROJECT DIKCHU,2019 2020 2021 2022 2023 2024,6,high,,27.402553,88.519402,Medium,ESRI_LIVINGATLAS_WQ_RIVERS_2023,,Gangtok,monthly,1
WQS1509,"RIVER MANEY KHOLA AFTER CONFLUENCS WITH RAY KHOLA AT ADAMPOOL AFTER MEETING WASTE OF STP, GANGTOK",SIKKIM,1804,"RIVER MANEY KHOLA A/C WITH RAY KHOLA AT ADAMPOOL AFTER MEETING WASTE OF STP, GANGTOK | RIVER MANEY KHOLA AFTER CONFLUENCS WITH RAY KHOLA AT ADAMPOOL AFTER MEETING WASTE OF STP, GANGTOK",2021 2022 2023 2024,4,high,,27.309928,88.583236,Medium,ESRI_LIVINGATLAS_WQ_RIVERS_2023,,Gangtok,monthly,1
WQS1510,"RIVER MANEY KHOLA AT BURTUK NEAR ARMY BASE CAMP, 4 KM U/S OF GANGTOK",SIKKIM,1803,"RIVER MANEY KHOLA AT BURTUK NEAR ARMY BASE CAMP, 4 KM U/S OF GANGTOK",2021 2022 2023 2024,4,high,,27.38805,88.622663,Medium,ESRI_LIVINGATLAS_WQ_RIVERS_2023,,Gangtok,monthly,1
WQS1511,RIVER RANGIT AT DAM SITE (NHPC),SIKKIM,2034,RIVER RANGIT AT DAM SITE (NHPC),2021 2022 2023 2024,4,high,,27.294106,88.291658,Medium,ESRI_LIVINGATLAS_WQ_RIVERS_2023,,Namchi,monthly,1
WQS1512,RIVER RANGIT AT JORETHANG,SIKKIM,2037,RIVER RANGIT AT JORETHANG,2021 2022 2023 2024,4,high,,27.120904,88.318186,Medium,ESRI_LIVINGATLAS_WQ_RIVERS_2023,,Namchi,monthly,1
WQS1513,"RIVER RANGIT AT JORETHANG (MAJIGOAN), NAMCHI",SIKKIM,5554,"RIVER RANGIT AT JORETHANG (MAJIGOAN), NAMCHI | River Rangit At Jorethang (Majigoan), Namchi",2023 2024,2,high,,27.08115,88.42902,Medium,ESRI_LIVINGATLAS_WQ_RIVERS_2023,,Namchi,,1
WQS1514,RIVER RANGIT AT LEGSHIP,SIKKIM,2035,RIVER RANGIT AT LEGSHIP,2021 2022 2023 2024,4,high,,27.280047,88.2753,Medium,ESRI_LIVINGATLAS_WQ_RIVERS_2023,,Namchi,monthly,1
WQS1515,"RIVER RANGIT AT MANPUR(BELOW INDUSTRIAL AREA),NAMCHI DIST SIKKIM",SIKKIM,5555,"RIVER RANGIT AT MANPUR(BELOW INDUSTRIAL AREA),NAMCHI DIST SIKKIM | River Rangit At Manpur(Below Industrial Area),Namchi Dist Sikkim",2023 2024,2,high,,27.0861,88.41693,Medium,ESRI_LIVINGATLAS_WQ_RIVERS_2023,,Darjeeling,,1
WQS1516,RIVER RANGIT AT RESHI,SIKKIM,2036,RIVER RANGIT AT RESHI,2021 2022 2023 2024,4,high,,27.221878,88.307144,Medium,ESRI_LIVINGATLAS_WQ_RIVERS_2023,,Namchi,monthly,1
WQS1517,RIVER RANGIT AT TRIVENI MELLI,SIKKIM,2038,RIVER RANGIT AT TRIVENI | RIVER RANGIT AT TRIVENI MELLI,2021 2022 2023 2024,4,high,,27.080686,88.430872,Medium,ESRI_LIVINGATLAS_WQ_RIVERS_2023,,Namchi,monthly,1
WQS1518,"RIVER RANGIT AT UPSTREAM OF DAM , RANGIT STAGE- IV RESHI NHPC RESHI SORENG,DIST",SIKKIM,5553,"RIVER RANGIT AT UPSTREAM OF DAM , RANGIT STAGE- IV RESHI NHPC RESHI SORENG,DIST | River Rangit At Upstream Of Dam , Rangit Stage-Iv Reshi Nhpc Reshi Soreng,Dist",2023 2024,2,high,,27.29467,88.29262,Medium,ESRI_LIVINGATLAS_WQ_RIVERS_2023,,Namchi,,1
WQS1519,RIVER RANGPO AT D/S OF PHARMA PLANT KUMREK,SIKKIM,5288,RIVER RANGPO AT D/S OF PHARMA PLANT KUMREK,2022 2023 2024,3,high,,27.18353,88.54878,Medium,ESRI_LIVINGATLAS_WQ_RIVERS_2023,,Pakyong,,1
WQS1520,RIVER RANGPO AT D/S OF POWER HOUSE OF MADHYA BHARAT,SIKKIM,5289,RIVER RANGPO AT D/S OF POWER HOUSE OF MADHYA BHARAT,2022 2023 2024,3,high,,27.17887,88.53642,Medium,ESRI_LIVINGATLAS_WQ_RIVERS_2023,,Kalimpong,,1
WQS1521,RIVER RANGPO AT D/S OF RORATHANG BRIDGE,SIKKIM,5287,RIVER RANGPO AT D/S OF RORATHANG BRIDGE,2022 2023 2024,3,high,,27.19546,88.60837,Medium,ESRI_LIVINGATLAS_WQ_RIVERS_2023,,Pakyong,,1
WQS1522,RIVER RANGPO AT POWER HOUSE D/S OF GATI INFRASTRUCTURE PVT. LTD.,SIKKIM,5285,RIVER RANGPO AT POWER HOUSE D/S OF GATI INFRA PVT. LTD. | RIVER RANGPO AT POWER HOUSE D/S OF GATI INFRASTRUCTURE PVT. LTD.,2022 2023 2024,3,high,,27.20911,88.66479,Medium,ESRI_LIVINGATLAS_WQ_RIVERS_2023,,Pakyong,,1
WQS1523,RIVER RANGPO AT U/S OF RORATHANG BAZAR (ABOVE SWISS GARNIER),SIKKIM,5286,RIVER RANGPO AT U/S OF RORATHANG BAZAR (ABOVE SWISS GARNIER),2022 2023 2024,3,high,,27.19715,88.61195,Medium,ESRI_LIVINGATLAS_WQ_RIVERS_2023,,Pakyong,,1
WQS1524,RIVER RANGPO D/S DAM SITE,SIKKIM,5282,RIVER RANGPO D/S DAM SITE,2022 2023 2024,3,high,,27.23831,88.71009,Medium,ESRI_LIVINGATLAS_WQ_RIVERS_2023,,Pakyong,,1
WQS1525,RIVER RANGPO U/S DAM SITE,SIKKIM,5281,RIVER RANGPO U/S DAM SITE,2022 2023 2024,3,high,,27.19496,88.61674,Medium,ESRI_LIVINGATLAS_WQ_RIVERS_2023,,Pakyong,,1
WQS1526,"RIVER RANICHU BEFORE CONFLUENCE WITH TEESTA AT SINGTAM, SIKKIM",SIKKIM,1806,"RIVER RANICHU BEFORE CONFLUENCE WITH TEESTA AT SINGTAM | RIVER RANICHU BEFORE CONFLUENCE WITH TEESTA AT SINGTAM, SIKKIM",2021 2022 2023 2024,4,high,,27.136739,88.396831,Medium,ESRI_LIVINGATLAS_WQ_RIVERS_2023,,Namchi,monthly,1
WQS1527,RIVER RONGLI D/S DAM SITE,SIKKIM,5284,RIVER RONGLI D/S DAM SITE,2022 2023 2024,3,high,,27.20321,88.7112,Medium,ESRI_LIVINGATLAS_WQ_RIVERS_2023,,Pakyong,,1
WQS1528,RIVER RONGLI U/S DAM SITE,SIKKIM,5283,RIVER RONGLI U/S DAM SITE,2022 2023 2024,3,high,,27.20378,88.71213,Medium,ESRI_LIVINGATLAS_WQ_RIVERS_2023,,Pakyong,,1
WQS1529,RIVER TEESTA AFTER CONFLUENCS OF RIVERS LACHENCHU AND LACHUNGCHU AT CHUNGTHANG,SIKKIM,1801,RIVER TEESTA A/C OF RIVERS LACHENCHU AND LACHUNGCHU AT CHUNGTHAANG | RIVER TEESTA AFTER CONFLUENCS OF RIVERS LACHENCHU AND LACHUNGCHU AT CHUNGTHANG,2021 2022 2023 2024,4,high,,27.601903,88.646449,Medium,ESRI_LIVINGATLAS_WQ_RIVERS_2023,,Mangan,monthly,1
WQS1530,RIVER TEESTA AFTER CONFLUENCS WITH RANICHU AT SINGTAM,SIKKIM,1807,RIVER TEESTA A/C WITH RANICHU AT SINGTAM | RIVER TEESTA AFTER CONFLUENCS WITH RANICHU AT SINGTAM,2021 2022 2023 2024,4,high,,27.136928,88.392222,Medium,ESRI_LIVINGATLAS_WQ_RIVERS_2023,,Namchi,monthly,1
WQS1531,RIVER TEESTA AFTER CONFLUENCS WITH RONGPOCHU AFTER MEETING THE INDUSTRIAL EFFLUENTS FROM THE TOWN RANGPO,SIKKIM,1808,RIVER TEESTA A/C WITH RANGICHU AFTER MEETING THE INDUSTRIAL EFFLUENTS FROM THE TOWN RANGPO | RIVER TEESTA AFTER CONFLUENCS WITH RONGPOCHU AFTER MEETING THE INDUSTRIAL EFFLUENTS FROM THE TOWN RANGPO,2021 2022 2023 2024,4,high,,27.531575,88.515094,Medium,ESRI_LIVINGATLAS_WQ_RIVERS_2023,,Mangan,monthly,1
WQS1532,"RIVER TEESTA AT BARDANG BELOW ATTC, PAKYONG DIST",SIKKIM,5557,"RIVER TEESTA AT BARDANG BELOW ATTC, PAKYONG DIST | River Teesta At Bardang Below Attc, Pakyong Dist",2023 2024,2,high,,27.21057,88.4894,Medium,ESRI_LIVINGATLAS_WQ_RIVERS_2023,,Pakyong,,1
WQS1533,"RIVER TEESTA AT MAMRING BELOW MAMRING BRIDGE,NAMCHI, DIST , SIKKIM",SIKKIM,5556,"RIVER TEESTA AT MAMRING BELOW MAMRING BRIDGE,NAMCHI, DIST , SIKKIM | River Teesta At Mamring Below Mamring Bridge,Namchi, Dist , Sikkim",2023 2024,2,high,,27.20462,88.48456,Medium,ESRI_LIVINGATLAS_WQ_RIVERS_2023,,Pakyong,,1
WQS1534,RIVER TEESTA AT MELLI DOWNSTREAM MELLI,SIKKIM,1809,RIVER TEESTA AT MELLI DOWNSTREAM | RIVER TEESTA AT MELLI DOWNSTREAM MELLI,2021 2022 2023 2024,4,high,,27.532972,88.512217,Medium,ESRI_LIVINGATLAS_WQ_RIVERS_2023,,Mangan,monthly,1
WQS1535,AMRAVATI AT 1KM D/S FROM EFF.DIS. PT. AT MADHUTHUKKULAM,TAMIL NADU,1319,AMRAVATI AT 1KM D/S FROM EFF.DIS. PT. AT MADHUTHUK | AMRAVATI AT 1KM D/S FROM EFF.DIS. PT. AT MADHUTHUKKULAM | RIVER AMRAVATI AT 1KM D/S FROM EFF.DIS. PT. AT MADHUTHUKKULAM,2016 2017 2018 2019 2020 2021 2022 2023 2024,9,high,,10.541244,77.368656,Medium,ESRI_LIVINGATLAS_TS_2020_2025:CPCB,,Dindigul,,1
WQS1536,"CAUVERY AT 1KM. D/S OF BHAVANI RIVER CONFL., TAMILNADU",TAMIL NADU,1322 | 31,"CAUVERY AT 1KM. D/S OF BHAVANI RIVER CONFL., TAMIL | CAUVERY AT 1KM. D/S OF BHAVANI RIVER CONFL., TAMILNADU | CAUVERY AT RN PUDUR | RIVER CAUVERY AT 1KM. D/S OF BHAVANI CONFL., TAMILNADU | RIVER CAUVERY AT 1KM. D/S OF BHAVANI CONFL.,R.N. PUNDUR, | RIVER CAUVERY AT 1KM. D/S OF BHAVANI CONFL.,R.N. PUNDUR, TAMILNADU",2016 2017 2018 2019 2020 2021 2022 2023 2024,9,medium,,11.445663,77.677626,Medium,ESRI_LIVINGATLAS_TS_2020_2025:CPCB,Cauvery,Erode,,2
WQS1537,"CAUVERY AT COLEROON, TAMILNADU",TAMIL NADU,1326,"CAUVERY AT COLEROON | CAUVERY AT COLEROON, TAMILNADU | RIVER CAUVERY AT COLEROON, | RIVER CAUVERY AT COLEROON, TAMILNADU",2016 2017 2018 2019 2020 2021 2022 2023 2024,9,high,,11.326822,79.702981,Medium,ESRI_LIVINGATLAS_TS_2020_2025:CPCB,Cauvery,Nagapattinam,,1
WQS1538,"CAUVERY AT ERODE NEAR CHIRAPALAYAM, TAMILNADU",TAMIL NADU,1320,"CAUVERY AT ERODE NEAR CHIRAPALAYAM | CAUVERY AT ERODE NEAR CHIRAPALAYAM, TAMILNADU | RIVER CAUVERY AT ERODE NEAR CHIRAPALAYAM, TAMILNADU | RIVER CAUVERY AT ERODE NEAR VIRAPALAYAM, | RIVER CAUVERY AT ERODE NEAR VIRAPALAYAM, TAMILNADU",2016 2017 2018 2019 2020 2021 2022 2023 2024,10,medium,duplicate of another row with identical values,11.335795,77.753762,Medium,ESRI_LIVINGATLAS_TS_2020_2025:CPCB,Cauvery,Erode,,1
WQS1539,"CAUVERY AT KOMARAPALAYAM, NAMAKAL, TAMILNADU",TAMIL NADU,3012,"CAUVERY AT KOMARAPALAYAM, NAMAKAL | CAUVERY AT KOMARAPALAYAM, NAMAKAL, | CAUVERY AT KOMARAPALAYAM, NAMAKAL, TAMILNADU | RIVER CAUVERY AT KOMARAPALAYAM, NAMAKAL, | RIVER CAUVERY AT KOMARAPALAYAM, NAMAKAL, TAMILNADU",2016 2017 2018 2019 2020 2021 2022 2023 2024,9,high,,11.423503,77.685261,Medium,ESRI_LIVINGATLAS_TS_2020_2025:CPCB,Cauvery,Namakkal,,1
WQS1540,"CAUVERY AT KUMBAKONAM, THANJAVUR, TAMILNADU",TAMIL NADU,3017,"CAUVERY AT KUMBAKONAM, THANJAVU | CAUVERY AT KUMBAKONAM, THANJAVUR, | CAUVERY AT KUMBAKONAM, THANJAVUR, TAMILNADU | RIVER CAUVERY AT KUMBAKONAM, THANJAVUR, | RIVER CAUVERY AT KUMBAKONAM, THANJAVUR, TAMILNADU",2016 2017 2018 2019 2020 2021 2022 2023 2024,10,high,duplicate of another row with identical values,,,Ambiguous / unresolved,,Cauvery,,,1
WQS1541,"CAUVERY AT MAYILADUTHURAI, NAGAPATTINAM, TAMILNADU",TAMIL NADU,3018,"CAUVERY AT MAYILADUTHURAI, NAGAPATTINAM | CAUVERY AT MAYILADUTHURAI, NAGAPATTINAM, | CAUVERY AT MAYILADUTHURAI, NAGAPATTINAM, TAMILNADU | RIVER CAUVERY AT MAYILADUTHURAI, NAGAPATTINAM, | RIVER CAUVERY AT MAYILADUTHURAI, NAGAPATTINAM, TAMILNADU",2016 2017 2018 2019 2020 2021 2022 2023 2024,10,high,duplicate of another row with identical values,11.104894,79.651871,Medium,ESRI_LIVINGATLAS_TS_2020_2025:CPCB,Cauvery,Nagapattinam,,1
WQS1542,CAUVERY AT METTUR,TAMIL NADU,50,CAUVERY AT METTUR | RIVER CAUVERY AT METTUR,2016 2017 2018 2019 2020 2021 2022 2023 2024,9,high,,11.796255,77.806971,Medium,ESRI_LIVINGATLAS_TS_2020_2025:CPCB,Cauvery,Salem,,1
WQS1543,"CAUVERY AT MOHANUR NEAR PATTAIPALAYAM, TAMILNADU",TAMIL NADU,1324,"CAUVERY AT MOHANUR NEAR PATTAIPALAYAM | CAUVERY AT MOHANUR NEAR PATTAIPALAYAM, TAMILNADU | RIVER CAUVERY AT MOHANUR NEAR PATTAIPALAYAM, | RIVER CAUVERY AT MOHANUR NEAR PATTAIPALAYAM, TAMILNADU",2016 2017 2018 2019 2020 2021 2022 2023 2024,9,medium,,11.064392,78.120358,Medium,ESRI_LIVINGATLAS_TS_2020_2025:CPCB,Cauvery,Namakkal,,1
WQS1544,CAUVERY AT MUSIRI,TAMIL NADU,31,"CAUVERY AT MUSIRI | CAUVERY AT MUSIRI, TAMIL NADU | RIVER CAUVERY AT MUSIRI",2016 2017 2018 2019 2020 2021 2022 2023 2024,9,medium,,10.955345,78.443949,Medium,ESRI_LIVINGATLAS_TS_2020_2025:CPCB,Cauvery,Tiruchirappalli,,1
WQS1545,CAUVERY AT PALLIPPALAYAM,TAMIL NADU,51,"CAUVERY AT PALLIPALAYAM | CAUVERY AT PALLIPPALAYAM | CAUVERY AT PALLIPPALAYAM, TAMIL NADU | RIVER CAUVERY AT PALLIPPALAYAM",2016 2017 2018 2019 2020 2021 2022 2023 2024,10,medium,duplicate of another row with identical values,,,Ambiguous / unresolved,ESRI_LIVINGATLAS_TS_2020_2025:CPCB,Cauvery,Namakkal,,1
WQS1546,"CAUVERY AT PETTAIVAITHALAI, TRICHY, TAMILNADU",TAMIL NADU,3016,"CAUVERY AT PETTAIVAITHALAI, TRICHY | CAUVERY AT PETTAIVAITHALAI, TRICHY, TAMILNADU | RIVER CAUVERY AT PETTAIVAITHALAI, TRICHY, | RIVER CAUVERY AT PETTAIVAITHALAI, TRICHY, TAMILNADU",2016 2017 2018 2019 2020 2021 2022 2023 2024,9,high,,10.906389,78.489697,Medium,ESRI_LIVINGATLAS_TS_2020_2025:CPCB,Cauvery,Tiruchirappalli,,1
WQS1547,"CAUVERY AT PITCHAVARAM, TAMILNADU",TAMIL NADU,1327,"CAUVERY AT PITCHAVARAM | CAUVERY AT PITCHAVARAM, TAMILNADU | RIVER CAUVERY AT PITCHAVARAM, | RIVER CAUVERY AT PITCHAVARAM, TAMILNADU",2016 2017 2018 2019 2020 2021 2022 2023 2024,9,high,,11.418828,79.772375,Medium,ESRI_LIVINGATLAS_TS_2020_2025:CPCB,Cauvery,Cuddalore,,1
WQS1548,"CAUVERY AT PUGALUR, KARUR, TAMILNADU",TAMIL NADU,3015,"CAUVERY AT PUGALUR, KARUR | CAUVERY AT PUGALUR, KARUR, TAMILNADU | RIVER CAUVERY AT PUGALUR, KARUR, | RIVER CAUVERY AT PUGALUR, KARUR, TAMILNADU",2016 2017 2018 2019 2020 2021 2022 2023 2024,10,medium,duplicate of another row with identical values,,,Ambiguous / unresolved,,Cauvery,,,1
WQS1549,"CAUVERY AT THANJAVUR, TAMILNADU",TAMIL NADU,1206,"CAUVERY AT THANJAVUR | CAUVERY AT THANJAVUR, TAMILNADU | RIVER CAUVERY AT KARUTHATTANUDI THANJAVUR, | RIVER CAUVERY AT KARUTHATTANUDI THANJAVUR, TAMILNADU | RIVER CAUVERY AT THANJAVUR, TAMILNADU",2016 2017 2018 2019 2020 2021 2022 2023 2024,9,high,,,,Ambiguous / unresolved,,Cauvery,,,1
WQS1550,"CAUVERY AT TIRUCHIRAPPALLI D/S, TAMILNADU",TAMIL NADU,1325,"CAUVERY AT TIRUCHIRAPPALLI D/S, TAMILNADU | CAUVERY D/S TIRUCHIRAPALLI | RIVER CAUVERY AT TIRUCHIRAPPALLI D/S, TAMILNADU",2016 2017 2018 2019 2020 2021 2022 2023 2024,9,high,,10.766809,78.665272,Medium,ESRI_LIVINGATLAS_TS_2020_2025:CPCB,Cauvery,Tiruchirappalli,,1
WQS1551,"CAUVERY AT TIRUCHIRAPPALLI U/S, TAMILNADU",TAMIL NADU,1202,"CAUVERY AT TIRUCHIRAPPALLI U/S, TAMILNADU | CAUVERY U/S TIRUCHIRAPALLI | RIVER CAUVERY AT TIRUCHIRAPPALLI U/S, TAMILNADU",2016 2017 2018 2019 2020 2021 2022 2023 2024,9,high,,10.833263,78.718224,Medium,ESRI_LIVINGATLAS_TS_2020_2025:CPCB,Cauvery,Tiruchirappalli,,1
WQS1552,"CAUVERY AT TRICHY, GRAND ANAICUT, TAMILNADU",TAMIL NADU,1203,"CAUVERY AT GRAND ANICUT, TRICHY | CAUVERY AT TRICHY, GRAND ANAICUT, | CAUVERY AT TRICHY, GRAND ANAICUT, TAMILNADU | RIVER CAUVERY AT TRICHY, GRAND ANAICUT, | RIVER CAUVERY AT TRICHY, GRAND ANAICUT, TAMILNADU",2016 2017 2018 2019 2020 2021 2022 2023 2024,9,high,,10.830327,78.81177,Medium,ESRI_LIVINGATLAS_TS_2020_2025:CPCB,Cauvery,Thanjavur,,1
WQS1553,"CAUVERY AT URRACHIKOTTAI, ERODE, TAMILNADU",TAMIL NADU,3013,"CAUVERY AT URACHIKOTTAI, ERODE | CAUVERY AT URRACHIKOTTAI, ERODE, TAMILNADU | RIVER CAUVERY AT URRACHIKOTTAI, ERODE, | RIVER CAUVERY AT URRACHIKOTTAI, ERODE, TAMILNADU",2016 2017 2018 2019 2020 2021 2022 2023 2024,9,high,,11.354178,77.750436,Medium,ESRI_LIVINGATLAS_TS_2020_2025:CPCB,Cauvery,Namakkal,,1
WQS1554,"CAUVERY AT VAIRAPALAYAM, NAMAKAL, TAMILNADU",TAMIL NADU,3014,"CAUVERY AT VAIRAPALAYAM, NAMAKAL | CAUVERY AT VAIRAPALAYAM, NAMAKAL, | CAUVERY AT VAIRAPALAYAM, NAMAKAL, TAMILNADU | RIVER CAUVERY AT SEERAPALAYAM, NAMAKAL, | RIVER CAUVERY AT SEERAPALAYAM, NAMAKAL, TAMILNADU | RIVER CAUVERY AT VAIRAPALAYAM, NAMAKAL, TAMILNADU",2016 2017 2018 2019 2020 2021 2022 2023 2024,9,high,,11.361583,77.742411,Medium,ESRI_LIVINGATLAS_TS_2020_2025:CPCB,Cauvery,Namakkal,,1
WQS1555,"CAUVERY AT VELORE NEAR KATTIPALAYAM, TAMILNADU",TAMIL NADU,1323,"CAUVERY AT VELORE NEAR KATTIPALAYAM | CAUVERY AT VELORE NEAR KATTIPALAYAM, TAMILNADU | RIVER CAUVERY AT VELORE NEAR KATTIPALAYAM, TAMILNADU | RIVER CAUVERY ATPARAMATHY VELORE | RIVER CAUVERY ATPARAMATHY VELORE TAMILNADU",2016 2017 2018 2019 2020 2021 2022 2023 2024,9,medium,,11.18,78.01,Medium,ESRI_LIVINGATLAS_TS_2020_2025:CPCB,Cauvery,Namakkal,,1
WQS1556,RIVER ADYAR AT EKKATTUTHANGAL,TAMIL NADU,10034,RIVER ADYAR AT EKKATTUTHANGAL,2021 2022 2023 2024,4,high,,,,Ambiguous / unresolved,,,,,1
WQS1557,RIVER ADYAR AT JAFERKHANPET,TAMIL NADU,10035,RIVER ADYAR AT JAFERKHANPET,2021 2022 2023 2024,4,high,,,,Ambiguous / unresolved,,,,,1
WQS1558,RIVER ADYAR AT KOTTURPURAM BRIDGE,TAMIL NADU,10038,RIVER ADYAR AT KOTTURPURAM BRIDGE,2021 2022 2023 2024,4,high,,13.025906,80.243554,Medium,ESRI_LIVINGATLAS_TS_2020_2025:CPCB,,Chennai,,1
WQS1559,RIVER ADYAR AT MARAIMALAI BRIDGE,TAMIL NADU,10036,RIVER ADYAR AT MARAIMALAI BRIDGE,2021 2022 2023 2024,4,high,,,,Ambiguous / unresolved,,,,,1
WQS1560,RIVER ADYAR AT NANDAMBAKKAM,TAMIL NADU,10033,RIVER ADYAR AT NANDAMBAKKAM,2021,1,single_year,single-year station,,,Ambiguous / unresolved,,,,,1
WQS1561,RIVER ADYAR NEAR BOAT CLUB,TAMIL NADU,10039,RIVER ADYAR NEAR BOAT CLUB,2021 2022 2023 2024,4,high,,13.023184,80.247552,Medium,ESRI_LIVINGATLAS_TS_2020_2025:CPCB,,Chennai,,1
WQS1562,"RIVER BHAVANI AT BADTHARAKALIAMMAN KOIL, TAMILNADU",TAMIL NADU,1201,"BHAVANI AT PATHIRAKALIAMMAN KOIL | BHAVANI AT PATHIRAKALIAMMAN KOIL, TAMILNADU | RIVER BHAVANI AT BADTHARAKALIAMMAN KOIL, TAMILNADU | RIVER BHAVANI AT PATHIRAKALIAMMAN KOIL, TAMILNADU",2016 2017 2018 2021 2022 2023 2024,7,high,,11.454094,77.679567,Medium,ESRI_LIVINGATLAS_TS_2020_2025:CPCB,,Erode,,1
WQS1563,"RIVER BHAVANI AT BHAVANI SAGAR, TAMILNADU",TAMIL NADU,1321,"BHAVANI AT BHAVANI SAGAR | BHAVANI AT BHAVANI SAGAR, TAMILNADU | RIVER BHAVANI AT BHAVANI SAGAR, | RIVER BHAVANI AT BHAVANI SAGAR, TAMILNADU",2016 2017 2018 2021 2022 2023 2024,7,high,,,,Ambiguous / unresolved,,,,,1
WQS1564,"RIVER BHAVANI AT BHAVANI, TAMILNADU",TAMIL NADU,1205,"BHAVANI AT BHAVANI | BHAVANI AT BHAVANI, TAMILNADU | RIVER BHAVANI AT BHAVANI, | RIVER BHAVANI AT BHAVANI, TAMILNADU",2016 2017 2021 2022 2023 2024,6,high,,,,Ambiguous / unresolved,,,,,1
WQS1565,"RIVER BHAVANI AT D/S OF BHAVANISAGAR, SATHYAMANGALAM, ERODE, TAMILNADU",TAMIL NADU,3019,"BHAVANI AT D/S OF BHAVANI SAGAR, SATHYAMANGALAM, ERODE | BHAVANI AT D/S OF BHAVANISAGAR, SATHYAMANGALAM, ER | BHAVANI AT D/S OF BHAVANISAGAR, SATHYAMANGALAM, ERODE, TAMILNADU | RIVER BHAVANI AT D/S OF BHAVANISAGAR, SATHYAMANGALAM, ERODE, | RIVER BHAVANI AT D/S OF BHAVANISAGAR, SATHYAMANGALAM, ERODE, TAMILNADU",2016 2017 2018 2021 2022 2023 2024,7,high,,,,Ambiguous / unresolved,,,,,1
WQS1566,"RIVER BHAVANI AT D/S OF KALINGARAYAN CANAL (B10), ERODE, TAMILNADU",TAMIL NADU,3021,"BHAVANI AT D/S OF KALINGARAYAN CANAL (B10), ERODE, TAMILNADU | BHAVANI D/S OF KALINGARAYAN CANAL (B10), ERODE | D/S OF KALINGARAYAN CANAL (B10), ERODE, TAMILNADU | RIVER BHAVANI AT D/S OF KALINGARAYAN CANAL (B10), ERODE | RIVER BHAVANI AT D/S OF KALINGARAYAN CANAL (B10), ERODE, TAMILNADU",2016 2017 2018 2021 2022 2023 2024,7,high,,,,Ambiguous / unresolved,,,,,1
WQS1567,"RIVER BHAVANI AT SIRUMUGAI, TAMILNADU",TAMIL NADU,1204,"BHAVANI AT SIRUMUGAI | BHAVANI AT SIRUMUGAI, TAMILNADU | RIVER BHAVANI AT SIRUMUGAI, TAMILNADU",2016 2017 2018 2021 2022 2023 2024,7,high,,,,Ambiguous / unresolved,,,,,1
WQS1568,"RIVER BHAVANI AT U/S OF KALINGARAYAN CANAL (B5), ERODE, TAMILNADU",TAMIL NADU,3020,"BHAVANI AT U/S OF KALINGARAYAN CANAL (B5), ERODE, TAMILNADU | BHAVANI U/S OF KALINGARAYAN CANAL (B5), ERODE | RIVER BHAVANI AT U/S OF KALINGARAYAN CANAL (B5), ERODE, | RIVER BHAVANI AT U/S OF KALINGARAYAN CANAL (B5), ERODE, TAMILNADU | U/S OF KALINGARAYAN CANAL (B5), ERODE, TAMILNADU",2016 2017 2018 2021 2022 2023 2024,7,high,,,,Ambiguous / unresolved,,,,,1
WQS1569,RIVER CAUVERY AT BHAWANI D/S,TAMIL NADU,10064,RIVER CAUVERY AT BHAWANI D/S,2021 2022 2023 2024,4,high,,,,Ambiguous / unresolved,,Cauvery,,,1
WQS1570,RIVER CAUVERY AT ERODE U/S,TAMIL NADU,10065,RIVER CAUVERY AT ERODE U/S,2021 2022 2023 2024,4,high,,11.369068,77.727294,Medium,ESRI_LIVINGATLAS_TS_2020_2025:CPCB,Cauvery,Erode,,1
WQS1571,RIVER CAUVERY AT KARUR U/S,TAMIL NADU,10073,RIVER CAUVERY AT KARUR U/S,2021 2022 2023 2024,4,high,,,,Ambiguous / unresolved,,Cauvery,,,1
WQS1572,RIVER CAUVERY AT KUMARAPALAYAM U/S,TAMIL NADU,10067,RIVER CAUVERY AT KUMARAPALAYAM U/S,2021 2022 2023 2024,4,high,,11.427111,77.686922,Medium,ESRI_LIVINGATLAS_TS_2020_2025:CPCB,Cauvery,Namakkal,,1
WQS1573,RIVER CAUVERY AT MAYILADUTHURAI D/S,TAMIL NADU,10078,RIVER CAUVERY AT MAYILADUTHURAI D/S,2021 2022 2023 2024,4,high,,11.105488,79.647969,Medium,ESRI_LIVINGATLAS_TS_2020_2025:CPCB,Cauvery,Nagapattinam,,1
WQS1574,RIVER CAUVERY AT PALLIPALAYAM D/S,TAMIL NADU,10070,RIVER CAUVERY AT PALLIPALAYAM D/S,2021 2022 2023 2024,4,high,,,,Ambiguous / unresolved,ESRI_LIVINGATLAS_TS_2020_2025:CPCB,Cauvery,Namakkal,,1
WQS1575,"RIVER CAUVERY AT THIRUMUKKUDAL-CONFL. PT.OF R. AMRAVATI, TAMILNADU",TAMIL NADU,1451,"CAUVERY AT THIRUMUKKUDAL CONFLUENCE PT. FOR AMRAVATI | CAUVERY AT THIRUMUKKUDAL-CONFL. PT.OF R. AMRAVATI | CAUVERY AT THIRUMUKKUDAL-CONFL. PT.OF R. AMRAVATI, | CAUVERY AT THIRUMUKKUDALCONFL. PT.OF R. AMRAVATI, TAMILNADU | RIVER CAUVERY AT THIRUMUKKUDAL-CONFL. PT.OF R. AMRAVATI, | RIVER CAUVERY AT THIRUMUKKUDAL-CONFL. PT.OF R. AMRAVATI, TAMILNADU",2016 2017 2018 2019 2020 2021 2022 2023 2024,9,medium,,11.050024,78.120645,Medium,ESRI_LIVINGATLAS_TS_2020_2025:CPCB,Cauvery,Karur,,1
WQS1576,RIVER COOUM AT AMANJIKARAI,TAMIL NADU,10042,RIVER COOUM AT AMANJIKARAI,2021 2022 2023 2024,4,high,,13.068081,80.231405,Medium,ESRI_LIVINGATLAS_TS_2020_2025:CPCB,,Chennai,,1
WQS1577,RIVER COOUM AT ANNA NAGAR,TAMIL NADU,10040,RIVER COOUM AT ANNA NAGAR,2021 2022 2023 2024,4,high,,13.07865,80.207011,Medium,ESRI_LIVINGATLAS_TS_2020_2025:CPCB,,Chennai,,1
WQS1578,RIVER COOUM AT ARUMBAKKAM,TAMIL NADU,10041,RIVER COOUM AT ARUMBAKKAM,2021 2022 2023 2024,4,high,,13.074866,80.221849,Medium,ESRI_LIVINGATLAS_TS_2020_2025:CPCB,,Chennai,,1
WQS1579,RIVER COOUM AT COLLAGE ROAD,TAMIL NADU,10044,RIVER COOUM AT COLLAGE ROAD,2021 2022 2023 2024,4,high,,13.070824,80.249921,Medium,ESRI_LIVINGATLAS_TS_2020_2025:CPCB,,Chennai,,1
WQS1580,RIVER COOUM AT NAPIER BRIDGE,TAMIL NADU,10046,RIVER COOUM AT NAPIER BRIDGE,2021 2022 2023 2024,4,high,,13.069423,80.284355,Medium,ESRI_LIVINGATLAS_TS_2020_2025:CPCB,,Chennai,,1
WQS1581,RIVER COOUM AT POONAMALLE,TAMIL NADU,10043,RIVER COOUM AT POONAMALLE,2021 2022 2023 2024,4,high,,,,Ambiguous / unresolved,,,,,1
WQS1582,RIVER COOUM NEAR CENTRAL JAIL,TAMIL NADU,10045,RIVER COOUM NEAR CENTRAL JAIL,2021 2022 2023 2024,4,high,,,,Ambiguous / unresolved,,,,,1
WQS1583,RIVER LOCATED ADJACENT TO KARU MSW DUMP SITE AND ON THE NORTHERN BANK OF AMARAVATHI AND DOWNSTREAM SIDE OF KARU DYEING CLUSTER,TAMIL NADU,4813,RIVER LOCATED ADJACENT TO KARU MSW DUMP SITE AND ON THE NORTHERN BANK OF AMARAVATHI AND DOWNSTREAM SIDE OF KARU DYEING CLUSTER,2021 2022 2023 2024,4,high,,10.951185,78.035374,Medium,ESRI_LIVINGATLAS_TS_2020_2025:CPCB,,Karur,,1
WQS1584,RIVER LOCATED ON THE SOUTHERN BANK OF AMARAVATHI AND DOWNSTREAM SIDE OF KARUR DYEING CLUSTER,TAMIL NADU,4812,RIVER LOCATED ON THE SOUTHERN BANK OF AMARAVATHI AND DOWNSTREAM SIDE OF KARUR DYEING CLUSTER,2021 2022 2023 2024,4,high,,,,Ambiguous / unresolved,,,,,1
WQS1585,RIVER LOCATIONS AT KUMARAPALAYAM,TAMIL NADU,4827,RIVER CAUVERY LOCATIONS AT KUMARAPALAYAM | RIVER LOCATIONS AT KUMARAPALAYAM,2021 2022 2023 2024,4,high,,11.447221,77.691963,Medium,ESRI_LIVINGATLAS_TS_2020_2025:CPCB,Cauvery,Namakkal,,1
WQS1586,"RIVER SARABANGA AT EDAPADI AT SALEM, D/S OF TEXTILE DYEING INDUSTRIES EFFLUENT, TAMILNADU",TAMIL NADU,3024,"RIVER SARABANGA AT EDAPADI AT SALEM, D/S OF TEXTILE DYEING INDUSTRIES EFFLUENT, TAMILNADU | RIVER SARABANGA AT SALEM, D/S OF TEXTILE DYEING INDUSTRIES EFFLUENT, TAMILNADU | SARABANGA AT SALEM D/S OF TEXTILE DYING INDUSTRIES EFFLUENT | SARABANGA AT SALEM, D/S OF TEXTILE DYEING INDUSTRI | SARABANGA AT SALEM, D/S OF TEXTILE DYEING INDUSTRIES | SARABANGA AT SALEM, D/S OF TEXTILE DYEING INDUSTRIES EFFLUENT, TAMILNADU",2016 2017 2018 2019 2020 2021 2022 2023 2024,9,high,,11.649094,78.148011,Medium,ESRI_LIVINGATLAS_TS_2020_2025:CPCB,,Salem,,1
WQS1587,"RIVER THIRUMANIMUTHAR AT SALEM, D/S OF SAGO & TEXTILE DYING INDUSTRIES, TAMILNADU",TAMIL NADU,3022,"RIVER THIRUMANIMUTHAR AT SALEM, D/S OF SAGO & TEXTILE DYING INDUSTRIES, | RIVER THIRUMANIMUTHAR AT SALEM, D/S OF SAGO & TEXTILE DYING INDUSTRIES, TAMILNADU | THIRUMANIMUTHAR AT SALEM, D/S OF SAGO & TEXTILE DY | THIRUMANIMUTHAR AT SALEM, D/S OF SAGO & TEXTILE DYEING | THIRUMANIMUTHAR AT SALEM, D/S OF SAGO & TEXTILE DYING INDUSTRIES | THIRUMANIMUTHAR AT SALEM, D/S OF SAGO & TEXTILE DYING INDUSTRIES, TAMILNADU",2016 2017 2018 2019 2020 2021 2022 2023 2024,9,high,,11.645876,78.120341,Medium,ESRI_LIVINGATLAS_TS_2020_2025:CPCB,,Salem,,1
WQS1588,RIVER VAIGAI AT MADURAI D/S,TAMIL NADU,10060,RIVER VAIGAI AT MADURAI D/S,2021 2022 2023 2024,4,high,,9.92812,78.125036,Medium,ESRI_LIVINGATLAS_TS_2020_2025:CPCB,,Madurai,,1
WQS1589,RIVER VAIGAI AT MADURAI U/S,TAMIL NADU,10059,RIVER VAIGAI AT MADURAI U/S,2021 2022 2023 2024,4,high,,9.927433,78.121013,Medium,ESRI_LIVINGATLAS_TS_2020_2025:CPCB,,Madurai,,1
WQS1590,RIVER VENNAR AT THANJAVUR D/S,TAMIL NADU,10058,RIVER VENNAR AT THANJAVUR D/S,2022 2023 2024,3,high,,,,Ambiguous / unresolved,ESRI_LIVINGATLAS_TS_2020_2025:CPCB,,Thanjavur,,1
WQS1591,RIVER VENNAR AT THANJAVUR U/S,TAMIL NADU,10057,RIVER VENNAR AT THANJAVUR U/S,2022 2023 2024,3,high,,,,Ambiguous / unresolved,ESRI_LIVINGATLAS_TS_2020_2025:CPCB,,Thanjavur,,1
WQS1592,"VASISTA AT SALEM, D/S OF SAGO INDUSRIES EFFLUENT, TAMILNADU",TAMIL NADU,3023,"RIVER VASISTA AT SALEM, D/S OF SAGO INDUSRIES EFFLUENT, TAMILNADU | RIVER VASISTA AT THULUKANNUR AT SALEM, D/S OF SAGO INDUSRIES EFFLUENT, | RIVER VASISTA AT THULUKANNUR AT SALEM, D/S OF SAGO INDUSRIES EFFLUENT, TAMILNADU | VASISTA AT SALEM, D/S OF SAGO INDUSRIES EFFLUENT | VASISTA AT SALEM, D/S OF SAGO INDUSRIES EFFLUENT, | VASISTA AT SALEM, D/S OF SAGO INDUSRIES EFFLUENT, TAMILNADU | VASISTA AT SALEM, D/S OF SAGO INDUSTRIES EFFLUENT",2016 2017 2018 2019 2020 2021 2022 2023 2024,9,high,,11.647853,78.138125,Medium,ESRI_LIVINGATLAS_TS_2020_2025:CPCB,,Salem,,1
WQS1593,"GODAVARI AT BASARA, ADILABAD",ANDHRA PRADESH | TELANGANA,2360,"GODAVARI AT BASARA, ADILABAD | GODAVARI AT BASARA, ADILABAD, A.P | RIVER GODAVARI AT BASARA (V & M), NIRMAL (D) | RIVER GODAVARI AT BASARA, ADILABAD",2016 2017 2018 2019 2020 2021 2022 2023 2024,9,high,,,,Ambiguous / unresolved,,Godavari,,,1
WQS1594,"GODAVARI AT BHADRACHALAM D/S BATHING GHAT, KHAMMAM",ANDHRA PRADESH | TELANGANA,2368,"GODAVARI AT BHADRACHALAM D/S BATHING GHAT, KHAMMAM | GODAVARI D/S BHADRACHALAM BATHING GHAT, KHAMMAM | RIVER GODAVARI - D/S AT BHADRACHALAM BATHING GHAT , BHADRADRI KOTHAGUDEM | RIVER GODAVARI AT BHADRACHALAM D/S BATHING GHAT, KHAMMAM",2016 2017 2018 2019 2020 2021 2022 2023 2024,9,high,,,,Ambiguous / unresolved,,Godavari,,,1
WQS1595,"GODAVARI AT BHADRACHALAM U/S BATHING GHAT, KHAMMAM",ANDHRA PRADESH | TELANGANA,2367,"GODAVARI AT BHADRACHALAM U/S BATHING GHAT, KHAMMAM | GODAVARI U/S AT BHADRACHALAM BATHING GHAT, KHAMMAM | RIVER GODAVARI - U/S AT BHADRACHALAM BATHING GHAT, BHADRADRI KOTHAGUDEM | RIVER GODAVARI AT BHADRACHALAM U/S BATHING GHAT, KHAMMAM",2016 2017 2018 2019 2020 2021 2022 2023 2024,9,high,,,,Ambiguous / unresolved,,Godavari,,,1
WQS1596,"GODAVARI AT BURGAMPAHAD, KHAMMAM",ANDHRA PRADESH | TELANGANA,2369,"GODAVARI AT BURGAMPAHAD, KHAMMAM | GODAVARI AT BURGAMPAHAD, KHAMMAM, A.P | RIVER GODAVARI AT BURGAMPAHAD , BHADRADRI KOTHAGUDEM | RIVER GODAVARI AT BURGAMPAHAD, KHAMMAM",2016 2017 2018 2019 2020 2021 2022 2023 2024,9,high,,,,Ambiguous / unresolved,,Godavari,,,1
WQS1597,"GODAVARI AT GODAVARIKHANI, NEAR BATHING GHAT, KARIMNAGAR",ANDHRA PRADESH | TELANGANA,2363,"GODAVARI AT GODAVARIKHANI, NEAR BATHING GHAT, KARI | GODAVARI AT GODAVARIKHANI, NEAR BATHING GHAT, KARIMNAGAR | RIVER GODAVARI AT GODAVARIKHANI NEAR BATHING GHAT , PEDDAPALLI | RIVER GODAVARI AT GODAVARIKHANI, NEAR BATHING GHAT, KARIMNAGAR",2016 2017 2018 2019 2020 2021 2022 2023 2024,9,medium,,,,Ambiguous / unresolved,,Godavari,,,1
WQS1598,"GODAVARI AT KAMALPUR D/S AT M/S. AP RAYONS LTD. DISCHARGE POINT, WARANGAL",ANDHRA PRADESH | TELANGANA,2366,"GODAVARI AT KAMALPUR D/S AT M/S. AP RAYONS LTD. DI | GODAVARI AT KAMALPUR D/S AT M/S. AP RAYONS LTD. DISCHARGE POINT, WARANGAL | GODAVARI D/S KAMALPUR AT M/S RAYONS LTD. DISCHARGE POINT, WARANGAL | RIVER GODAVARI - D/S AT KAMALAPUR ,AT M/S.AP RAYONS LTD., DISCHARGE POINT , MANGAPET (V&M), MULUGU (D) | RIVER GODAVARI AT KAMALPUR D/S AT M/S. AP RAYONS LTD. DISCHARGE POINT, WARANGAL",2016 2017 2018 2019 2020 2021 2022 2023 2024,9,high,,,,Ambiguous / unresolved,,Godavari,,,1
WQS1599,GODAVARI AT MANCHERIAL,ANDHRA PRADESH | TELANGANA,13,"GODAVARI AT MANCHERIAL | GODAVARI AT MANCHERIAL, A.P. | RIVER GODAVARI AT MANCHERIAL | RIVER GODAVARI AT MANCHERIAL (V&M), MANCHERIAL(D)",2016 2017 2018 2019 2020 2021 2022 2023 2024,9,high,,,,Ambiguous / unresolved,,Godavari,,,1
WQS1600,"GODAVARI AT MANCHERIAL, NEAR RLY BDG B/C OF RALLAVAGU",ANDHRA PRADESH | TELANGANA,2361,"GODAVARI AT MANCHERIAL, NEAR RLY BDG B/C OF RALLAV | GODAVARI AT MANCHERIAL, NEAR RLY BDG B/C OF RALLAVAGU | RIVER GODAVARI AT MANCHERIAL, NEAR RLY BDG B/C OF RALLAVAGU | RIVER GODAVARI-RIVER GODAVARI AT MANCHERIAL, NEAR RAIL WAY BRIDGE B/C OF RALLAVAGU, MANCHERIAL (D)",2016 2017 2018 2019 2020 2021 2022 2023 2024,9,high,,,,Ambiguous / unresolved,,Godavari,,,1
WQS1601,"GODAVARI AT RAMAGUNDAM D/S, NEAR FCI INTAKE WELL, KARIMNAGAR",ANDHRA PRADESH | TELANGANA,2362,"GODAVARI AT RAMAGUNDAM D/S, NEAR FCI INTAKE WELL, | GODAVARI AT RAMAGUNDAM D/S, NEAR FCI INTAKE WELL, KARIMNAGAR | GODAVARI D/S RAMAGUNDAM, NEAR FCI INTAKE WELL, KARIMNAGAR | RIVER GODAVARI AT RAMAGUNDAM D/S, NEAR FCI INTAKE WELL, KARIMNAGAR | RIVER GODAVARI-D/S AT RAMAGUNDAM NEAR FCI INTAKE WELL, PEDDAPALLI",2016 2017 2018 2019 2020 2021 2022 2023 2024,9,high,,,,Ambiguous / unresolved,,Godavari,,,1
WQS1602,"GODAVARI AT RAMAGUNDAM U/S , KARIMNAGAR",ANDHRA PRADESH | TELANGANA,2364,"GODAVARI AT RAMAGUNDAM U/S , KARIMNAGAR | GODAVARI AT RAMAGUNDAM U/S , KARIMNAGAR, A.P | GODAVARI U/S RAMAGUNDAM, KARIMNAGAR | RIVER GODAVARI AT RAMAGUNDAM U/S , KARIMNAGAR | RIVER GODAVARI AT RAMAGUNDAM UPSTREAM NEAR DAM, PEDDAPALLI",2016 2017 2018 2019 2020 2021 2022 2023 2024,9,high,,,,Ambiguous / unresolved,,Godavari,,,1
WQS1603,"KINNERASANI A/C OF KTPS ASH POND EFFLUENTS, KHAMMAM",ANDHRA PRADESH | TELANGANA,2372,"KINNERASANI A/C OF KTPS ASH POND EFFLUENTS, KHAMMAM | RIVER KINNERASANI (TRIBUTRARY OF GODAVARI) - KINNERASANI AFTER CONFLUENCE OF KTPS ASH POND EFFLUENTS ,BHADRADRI KOTHAGUDEM | RIVER KINNERASANI A/C OF KTPS ASH POND EFFLUENTS, KHAMMAM",2016 2017 2018 2019 2020 2021 2022 2023 2024,9,high,,,,Ambiguous / unresolved,,,,,1
WQS1604,KRISHNA AT GADWAL BRIDGE,ANDHRA PRADESH | TELANGANA,39,"KRISHNA AT GADWAL BRIDGE | KRISHNA AT GADWAL BRIDGE, A.P. | RIVER KRISHNA AT GADWAL BRIDGE | RIVER KRISHNA AT GADWAL BRIDGE,NADHI AGRAHARAM, GADWAL(MUNCI.), JOGULAMBA GADWAL(D)",2016 2017 2018 2019 2020 2021 2022 2023 2024,9,high,,,,Ambiguous / unresolved,,Krishna,,,1
WQS1605,MANER AT SOMNAPALLI,ANDHRA PRADESH | TELANGANA,1158,"MANER AT SOMNAPALLI | MANER AT SOMNAPALLI, A.P. | RIVER MANER AT SOMNAPALLI | RIVER MANERU (TRIBUTARY OF GODAVARI) - AT SOMANPALLY , PEDDAPALLI",2016 2017 2018 2019 2020 2021 2022 2023 2024,9,high,,,,Ambiguous / unresolved,,,,,1
WQS1606,MANER AT WARANGAL U/S (RIVER MANERU AT THUMMALA CHERUVU/MADANNAPET),ANDHRA PRADESH | TELANGANA,1215,"MANER AT WARANGAL U/S | MANER AT WARANGAL U/S (RIVER MANERU AT THUMMALA CHERUVU/MADANNAPET) | MANER AT WARANGAL U/S, A.P. | MANER U/S WARANGAL | RIVER MANER AT WARANGAL U/S (MANERU AT THUMMALA CHERUVU/MADANNAPET)",2016 2017 2018 2019 2020 2021,6,high,,,,Ambiguous / unresolved,,,,,1
WQS1607,MANJEERA AT GOWDICHARLA A/C WITH NAKKAVAGU,ANDHRA PRADESH | TELANGANA,2375,"MANJEERA AT GOWDICHARLA A/C WITH NAKKAVAGU | RIVER MANJEERA (TRIBUTARY OF GODAVARI) - D/S OF RIVER MANJEERA AT GOWDICHERLA ATFTER CONFLUENCE WITH NAKKAVAGU, SANGAREDDY | RIVER MANJEERA AT GOWDICHARLA A/C WITH NAKKAVAGU | RIVER MANJEERA AT GOWDICHARLA A/C WITH NAKKAVAGU,",2016 2017 2018 2019 2020 2021 2022 2023 2024,9,medium,,,,Ambiguous / unresolved,,,,,1
WQS1608,MANJEERA AT GOWDICHARLA B/C WITH NAKKAVAGU,ANDHRA PRADESH | TELANGANA,2374,"MANJEERA AT GOWDICHARLA B/C WITH NAKKAVAGU | RIVER MANJEERA (TRIBUTARY OF GODAVARI) - U/S OF RIVER MANJEERA AT GOWDICHERLA BEFORE CONFLUENCE WITH NAKKAVAGU, SANGAREDY | RIVER MANJEERA AT GOWDICHARLA B/C WITH NAKKAVAGU | RIVER MANJEERA AT GOWDICHARLA B/C WITH NAKKAVAGU,",2016 2017 2018 2019 2020 2021 2022 2023 2024,9,medium,,,,Ambiguous / unresolved,,,,,1
WQS1609,"MUSI RESERVOIR AT KASANIGUDA, NALGONDA",ANDHRA PRADESH | TELANGANA,3082,"MUSI RESERVOIR AT KASANIGUDA, NALGONDA | RIVER MUSI AT SOLIPET (KASANIGUDA), NALGONDA | RIVER MUSI RESERVOIR AT KASANIGUDA, NALGONDA | RIVER MUSI RESERVOIR AT KASANIGUDA, NALGONDA, A.P.",2016 2017 2018 2019 2020 2021 2022 2023 2024,9,high,,,,Ambiguous / unresolved,,,,,1
WQS1610,"MUSI U/S AT GANDIPET, OSMANSAGAR LAKE, HYDERABAD",ANDHRA PRADESH | TELANGANA,1172,"MUSI U/S AT GANDIPET, OSMANSAGAR LAKE, HYDERABAD | MUSI U/S AT HYDERABAD | MUSI U/S HYDERABAD | RIVER MUSI U/S AT GANDIPET, OSMANSAGAR LAKE, HYDERABAD",2016 2017 2019 2020 2021,5,high,,,,Ambiguous / unresolved,,,,,1
WQS1611,"NAKKAVAGU, BACHUGUDEM, MEDAK",ANDHRA PRADESH | TELANGANA,2349,"NAKKAVAGU, BACHUGUDEM, MEDAK | RIVER NAKKAVAGU, BACHUGUDEM, MEDAK | RIVER NAKKAVAGU, BACHUGUDEM, MEDAK, A.P",2016 2017 2018 2019 2020 2021,6,medium,,,,Ambiguous / unresolved,,,,,1
WQS1612,"RIVER ALI SAGAR RESERVIOR PROJECT AREA, ALISAGAR (V) YEDAPALLY (M) NIZAMABAD DIST.",TELANGANA,4255,"RIVER ALI SAGAR RESERVIOR PROJECT AREA, ALISAGAR (V) YEDAPALLY (M) NIZAMABAD DIST.",2021,1,single_year,single-year station,,,Ambiguous / unresolved,,,,,1
WQS1613,"RIVER GODAVARI - U/S AT KAMALAPUR ,AT M/S.AP RAYONS LTD., INTAKE WELL , KAMALAPUR (V), MANGAPET (M), MULUGU (D)",ANDHRA PRADESH | TELANGANA,2365,"GODAVARI AT KAMALPUR U/S M/S AP RAYONS LTD. INTAKE | GODAVARI AT KAMALPUR U/S M/S AP RAYONS LTD. INTAKE WELL, WARANGAL | GODAVARI U/S KAMALPUR M/S AP RAYONS LTD. INTAKE WELL, WARANGAL | RIVER GODAVARI - U/S AT KAMALAPUR ,AT M/S.AP RAYONS LTD., INTAKE WELL , KAMALAPUR (V), MANGAPET (M), MULUGU (D) | RIVER GODAVARI AT KAMALPUR U/S M/S AP RAYONS LTD. INTAKE WELL, WARANGAL",2016 2017 2018 2019 2020 2021 2022 2023 2024,9,high,,,,Ambiguous / unresolved,,Godavari,,,1
WQS1614,"RIVER GODAVARI AT KALESHWARAM, 500 MTS. BEFORE BATHING GHAT, KALESHWARAM (V), MAHADEVPUR (M),JAYASHANKAR BHUPALAPALLY",TELANGANA,4662,"RIVER GODAVARI AT KALESHWARAM, 500 MTS. BEFORE BATHING GHAT, KALESHWARAM (V), MAHADEVPUR (M),JAYASHANKAR BHUPALAPALLY | RIVER GODAVARI AT KALESHWARAM, 500 MTS.BEFORE BATHING GHAT",2020 2021 2022 2023 2024,5,high,,,,Ambiguous / unresolved,,Godavari,,,1
WQS1615,"RIVER GODAVARI D/S AFTER CONFLUENCE OF RAMAGUNDAM FERTILIZE AND CHEMICALS LTD (RFCL),DISCHARGE INTO RIVER",TELANGANA,5497,"RIVER GODAVARI D/S AFTER CONFLUENCE OF RAMAGUNDAM FERTILIZE AND CHEMICALS LTD (RFCL),DISCHARGE INTO RIVER | River Godavari D/S after confluence of Ramagundam fertilize and chemicals ltd (RFCL),discharge into river",2023 2024,2,high,,,,Ambiguous / unresolved,,Godavari,,,1
WQS1616,"RIVER GODAVARI D/S OF RAMAGUNDAM AT MANTHANI, PEDDAPALLI",ANDHRA PRADESH | TELANGANA,2356,"GODAVARI, D/S OF RAMANUGUNDAM | GODAVARI, D/S OF RAMANUGUNDAM, A.P | GODAVARI, D/S OF RAMANUGUNDAM, MANTHANI | RIVER GODAVARI D/S OF RAMAGUNDAM AT MANTHANI, PEDDAPALLI | RIVER GODAVARI, D/S OF RAMANUGUNDAM, MANTHANI",2016 2017 2018 2019 2020 2021 2022 2023 2024,9,high,,,,Ambiguous / unresolved,,Godavari,,,1
WQS1617,"RIVER GODAVARI PUSHKAR GHAT , MANCHERIAL (V&M), MANCHERIAL (D)",TELANGANA,5105,"RIVER GODAVARI PUSHKAR GHAT , MANCHERIAL (V&M), MANCHERIAL (D)",2022 2023 2024,3,high,,,,Ambiguous / unresolved,,Godavari,,,1
WQS1618,"RIVER GODAVARI- POCHERA WATER FALLS, POCHERA (V), BOATH (M), ADILABAD (D)",TELANGANA,4227,"RIVER GODAVARI- POCHERA WATER FALLS, POCHERA (V), BOATH (M), ADILABAD (D) | RIVER GODAVARI-POCHERA WATER FALLS, POCHERA (V), BOATH (M), ADILABAD",2021 2022 2023 2024,4,high,,,,Ambiguous / unresolved,,Godavari,,,1
WQS1619,"RIVER KINNERASANI (TRIBUTRARY OF GODAVARI) - D/S OF KARAKAVAGU AT PALONCHA, BHADRADRI KOTHAGUDEM",TELANGANA,3081,"KARAKAVAGU D/S AT PALONCHA, KHAMMAM | KARAKAVAGU D/S OF AT PALONCHA, KHAMMAM | RIVER KARAKAVAGU D/S AT PALONCHA, KHAMMAM | RIVER KINNERASANI (TRIBUTRARY OF GODAVARI) - D/S OF KARAKAVAGU AT PALONCHA, BHADRADRI KOTHAGUDEM",2016 2019 2020 2021 2022 2023 2024,7,high,,,,Ambiguous / unresolved,,Godavari,,,1
WQS1620,"RIVER KINNERASANI (TRIBUTRARY OF GODAVARI) - U/S OF KARAKAVAGU AT PALONCHA , BHADRADRI KOTHAGUDEM",TELANGANA,3080,"KARAKAVAGU U/S AT PALONCHA, KHAMMAM | KARAKAVAGU U/S OF AT PALONCHA, KHAMMAM | RIVER KARAKAVAGU U/S AT PALONCHA, KHAMMAM | RIVER KINNERASANI (TRIBUTRARY OF GODAVARI) - U/S OF KARAKAVAGU AT PALONCHA , BHADRADRI KOTHAGUDEM",2016 2019 2020 2021 2022 2023 2024,7,high,,,,Ambiguous / unresolved,,Godavari,,,1
WQS1621,"RIVER KRISHNA - CONFLUENCE OF RIVER KRISHNA & RIVER MUSI AT WADAPALLY (V), DAMARCHARLA (M), NALGONDA DISTRICT",ANDHRA PRADESH | TELANGANA,1465,"KRISHNA AT WADAPALLY A/C WITH MUSI (SHIFTED FROM 1220) | KRISHNA AT WADAPALLY AFTER CONFL. WITH R. MUSI | KRISHNA AT WADAPALLY AFTER CONFL. WITH R. MUSI(SHIFTED FROM 1220) | KRISHNA AT WADAPALLY AFTER CONFL. WITH R. MUSI, A. | RIVER KRISHNA - CONFLUENCE OF RIVER KRISHNA & RIVER MUSI AT WADAPALLY (V), DAMARCHARLA (M), NALGONDA DISTRICT | RIVER KRISHNA AT WADAPALLY AFTER CONFL. WITH R. MUSI(SHIFTED FROM 1220)",2016 2017 2018 2019 2020 2021 2022 2023 2024,9,medium,,,,Ambiguous / unresolved,,Krishna,,,1
WQS1622,"RIVER KRISHNA - D/S OF MUNNERU RIVER, PRAKASH NAGAR, KHAMMAM",TELANGANA,4251,"RIVER KRISHNA - D/S OF MUNNERU RIVER, PRAKASH NAGAR, KHAMMAM",2022 2023 2024,3,high,,,,Ambiguous / unresolved,,Krishna,,,1
WQS1623,"RIVER KRISHNA AFTER CONFLUENCE OF RIVER MUSI AT WADAPALLY (V), DAMARACHARLA (M), NALGONDA(D)",TELANGANA,5109,"RIVER KRISHNA AFTER CONFLUENCE OF RIVER MUSI AT WADAPALLY (V), DAMARACHARLA (M), NALGONDA(D)",2022 2023 2024,3,high,,,,Ambiguous / unresolved,,Krishna,,,1
WQS1624,"RIVER KRISHNA AT JOGULAMBA TEMPLE, ALAMPUR(V&M), JOGULAMBA GADWAL(D)",TELANGANA,4225,"RIVER KRISHNA AT JOGULAMBA TEMPLE, ALAMPUR(V&M), JOGULAMBA GADWAL(D)",2022 2023 2024,3,high,,,,Ambiguous / unresolved,,Krishna,,,1
WQS1625,"RIVER KRISHNA AT MATTEPALLY, 500 MTS. BEFORE BATHING GHAT, SURYAPET",TELANGANA,4663,"RIVER KRISHNA AT MATTEPALLY, 500 MTS BEFORE BATHING GAHT | RIVER KRISHNA AT MATTEPALLY, 500 MTS. BEFORE BATHING GHAT, SURYAPET",2020 2021 2022 2023 2024,5,high,,,,Ambiguous / unresolved,,Krishna,,,1
WQS1626,"RIVER KRISHNA AT PULICHINTALA RESERVOIR AT CHINTHALAPALEM (V&M), SURYAPET (D)",TELANGANA,5110,"RIVER KRISHNA AT PULICHINTALA RESERVOIR AT CHINTHALAPALEM (V&M), SURYAPET (D)",2022 2023 2024,3,high,,,,Ambiguous / unresolved,,Krishna,,,1
WQS1627,"RIVER KRISHNA AT THANGADI, THANGADI(V), KRISHNA(M), NARAYANAPET(D)",ANDHRA PRADESH | TELANGANA,1784,"KRISHNA AT THANGADI , MAHABOOBNAGAR DIST. | RIVER KRISHNA AT THANGADI , MAHABOOBNAGAR DIST. | RIVER KRISHNA AT THANGADI, THANGADI(V), KRISHNA(M), NARAYANAPET(D) | THANGADI , MAHABOOBNAGAR DIST | THANGADI , MAHABOOBNAGAR DIST. | THANGADI , MAHABOOBNAGAR DIST., A.P",2016 2017 2018 2019 2020 2021 2022 2023 2024,9,high,,,,Ambiguous / unresolved,,Krishna,,,1
WQS1628,"RIVER KRISHNA BEFORE CONFLUENCE OF RIVER MUSI AT WADAPALLY (V), DAMARACHARLA (M), NALGONDA (D)",TELANGANA,5108,"RIVER KRISHNA BEFORE CONFLUENCE OF RIVER MUSI AT WADAPALLY (V), DAMARACHARLA (M), NALGONDA (D)",2022 2023 2024,3,high,,,,Ambiguous / unresolved,,Krishna,,,1
WQS1629,"RIVER MANERU (TRIBUTARY OF GODAVARI) - AT D/S OF MUNICIPAL DUMP SITE, KARIMNAGAR",TELANGANA,4257,"RIVER MANERU (TRIBUTARY OF GODAVARI) - AT D/S OF MUNICIPAL DUMP SITE, KARIMNAGAR",2022 2023 2024,3,high,,,,Ambiguous / unresolved,,,,,1
WQS1630,"RIVER MANERU (TRIBUTARY OF GODAVARI) - AT GHATTEPALLI (V) NEAR SULTHANABAD, KARIMNAGAR",TELANGANA,4664,"RIVER MANERU (TRIBUTARY OF GODAVARI) - AT GHATTEPALLI (V) NEAR SULTHANABAD, KARIMNAGAR",2022 2023 2024,3,high,,,,Ambiguous / unresolved,,,,,1
WQS1631,"RIVER MANJEERA (TRIBUTARY OF GODAVARI) - AT GANAPATHI SUGARS, SANGAREDDY",ANDHRA PRADESH | TELANGANA,1781,"MANJEERA NEAR GANAPATHI SUGARS , DIST MEDAK | MANJEERA RIVER - NEAR GANAPATHI SUGARS , MEDAK DIS | MANJEERA RIVER - NEAR GANAPATHI SUGARS , MEDAK DIST. | MANJEERA RIVER NEAR GANAPATHI SUGARS , MEDAK DIST. | RIVER MANJEERA (TRIBUTARY OF GODAVARI) - AT GANAPATHI SUGARS, SANGAREDDY | RIVER MANJEERA - NEAR GANAPATHI SUGARS , MEDAK DIST.",2016 2017 2018 2019 2020 2021 2022 2023 2024,9,high,,,,Ambiguous / unresolved,,,,,1
WQS1632,"RIVER MANJEERA (TRIBUTARY OF GODAVARI) - AT RAIPALLY, SANGAREEDY",ANDHRA PRADESH | TELANGANA,1157,"MANJEERA AT RAIPALLU | MANJEERA AT RAIPALLY | MANJERA AT RAIPALLU | MANJERA AT RAIPALLU, A.P. | RIVER MANJEERA (TRIBUTARY OF GODAVARI) - AT RAIPALLY, SANGAREEDY | RIVER MANJEERA AT RAIPALLY",2016 2017 2018 2019 2020 2021 2022 2023 2024,9,high,,,,Ambiguous / unresolved,,,,,1
WQS1633,"RIVER MANJEERA (TRIBUTARY OF GODAVARI) - NAKKA VAGU AT BACHUGUDEM, SANGAREEDY",TELANGANA,2349,"RIVER MANJEERA (TRIBUTARY OF GODAVARI) - NAKKA VAGU AT BACHUGUDEM, SANGAREEDY",2022 2023 2024,3,medium,,,,Ambiguous / unresolved,,,,,1
WQS1634,"RIVER MANJEERA (TRIBUTARY OF GODAVARI) - RIVER MANJEERA AT YEDU PAYALA TEMPLE, NAGSAMPALLI (V), PAPANNAPET (M), MEDAK DISTRICT",TELANGANA,4226,"RIVER MANJEERA (TRIBUTARY OF GODAVARI) - RIVER MANJEERA AT YEDU PAYALA TEMPLE, NAGSAMPALLI (V), PAPANNAPET (M), MEDAK | RIVER MANJEERA (TRIBUTARY OF GODAVARI) - RIVER MANJEERA AT YEDU PAYALA TEMPLE, NAGSAMPALLI (V), PAPANNAPET (M), MEDAK DISTRICT | RIVER MANJEERA AT YEDU PAYALA TEMPLE, MEDAK",2021 2022 2023 2024,4,high,,,,Ambiguous / unresolved,,,,,1
WQS1635,"RIVER MUSI - D/S AT PRATAPASINGARAM , SHAMSHABAD",ANDHRA PRADESH | TELANGANA,1173,"MUSI D/S AT HYDERABAD | MUSI D/S AT HYDERABAD, A.P. | MUSI D/S AT PRATAPSINGARAM, HYDERABAD | MUSI D/S HYDERABAD | RIVER MUSI - D/S AT PRATAPASINGARAM , SHAMSHABAD | RIVER MUSI D/S AT PRATAPSINGARAM, HYDERABAD",2016 2017 2018 2019 2020 2021 2022 2023 2024,9,high,,,,Ambiguous / unresolved,,,,,1
WQS1636,"RIVER MUSI - OUTLET OF NALLA CHERUVU, PEERAJADIGUDA, RANGAREDDY",TELANGANA,4659,"RIVER MUSI - OUTLET OF NALLA CHERUVU, PEERAJADIGUDA, RANGAREDDY",2022 2023 2024,3,high,,,,Ambiguous / unresolved,,,,,1
WQS1637,"RIVER MUSI AT BAPUGHAT SANGAM, HYDERABAD",TELANGANA,4253,"RIVER MUSI AT BAPUGHAT SANGAM, HYDERABAD",2022 2023 2024,3,high,,,,Ambiguous / unresolved,,,,,1
WQS1638,"RIVER MUSI AT BHEEMARAM BRIDGE, BHEEMARAM (V), KETHEPALLY (M), NALGONDA (D)",TELANGANA,5106,"RIVER MUSI AT BHEEMARAM BRIDGE, BHEEMARAM (V), KETHEPALLY (M), NALGONDA (D)",2022 2023 2024,3,high,,,,Ambiguous / unresolved,,,,,1
WQS1639,"RIVER MUSI AT MOOSARAMBAGH BRIDGE, HYDERABAD",TELANGANA,4656,"RIVER MUSI AT MOOSARAMBAGH BRIDGE, HYDERABAD",2022 2023 2024,3,high,,,,Ambiguous / unresolved,,,,,1
WQS1640,"RIVER MUSI AT NAGOLE, RANGAREDDY",ANDHRA PRADESH | TELANGANA,2339,"MUSI AT NAGOLE, RANGAREDDY | RIVER MUSI AT NAGOLE, RANGA REDDY | RIVER MUSI AT NAGOLE, RANGAREDDY | RIVER MUSI AT NAGOLE, RANGAREDDY, A.P",2016 2017 2018 2019 2020 2021 2022 2023 2024,9,high,,,,Ambiguous / unresolved,,,,,1
WQS1641,"RIVER MUSI AT PEERAJADIGUDA, RANGA REDDY",TELANGANA,4660,"RIVER MUSI AT PEERAJADIGUDA, RANGA REDDY",2022 2023 2024,3,high,,,,Ambiguous / unresolved,,,,,1
WQS1642,"RIVER MUSI AT PILLAIPALLI, RANGAREDDY",TELANGANA,4657,"RIVER MUSI AT PILLAIPALLI, RANGAREDDY",2022 2023 2024,3,high,,,,Ambiguous / unresolved,,,,,1
WQS1643,"RIVER MUSI AT RUDRAVELLY BRIDGE,YADADRI",TELANGANA,4254,"RIVER MUSI AT RUDRAVELLY BRIDGE,YADADRI",2022 2023 2024,3,high,,,,Ambiguous / unresolved,,,,,1
WQS1644,"RIVER MUSI AT VALIGONDA BRIDGE, NALGONDA DIST",TELANGANA,4658,"RIVER MUSI AT VALIGONDA BRIDGE, NALGONDA DIST",2022 2023 2024,3,high,,,,Ambiguous / unresolved,,,,,1
WQS1645,"RIVER MUSI BEFORE CONFLUENCE OF RIVER KRISHNA AT WADAPALLY (V), DAMARACHARLA (M), NALGONDA(D)",TELANGANA,5107,"RIVER MUSI BEFORE CONFLUENCE OF RIVER KRISHNA AT WADAPALLY (V), DAMARACHARLA (M), NALGONDA(D)",2022 2023 2024,3,high,,,,Ambiguous / unresolved,,,,,1
WQS1646,"RIVER SINGUR DAM RESERVOIR, SANGAREDDY",TELANGANA,4258,"RIVER SINGUR DAM RESERVOIR, SANGAREDDY",2021,1,single_year,single-year station,,,Ambiguous / unresolved,,,,,1
WQS1647,SAMPLE FROM NAGARJUNA SAGAR DAM SPILL WAY,TELANGANA,4259,"RIVER KRISHNA - NAGARJUNA SAGAR DAM SPILL WAY, NAGARJUNA (V), PEDDAVOORA (M), NALGONDA | SAMPLE FROM NAGARJUNA SAGAR DAM SPILL WAY",2019 2020 2021,3,high,,,,Ambiguous / unresolved,,Krishna,,,1
WQS1648,"RIVER AT BORDOWALI, HAORA",TRIPURA,4640,"RIVER AT BORDOWALI, HAORA",2022,1,single_year,single-year station,,,Ambiguous / unresolved,,,,,1
WQS1649,RIVER CHELIKHOLA D/S OF BURIGAON BURIGAON RIVER,TRIPURA,4645,RIVER CHELIKHOLA D/S OF BURIGAON BURIGAON RIVER,2022,1,single_year,single-year station,,,Ambiguous / unresolved,,,,,1
WQS1650,RIVER DEO AT KANCHANPUR,TRIPURA,4655,RIVER DEO AT KANCHANPUR,2022,1,single_year,single-year station,,,Ambiguous / unresolved,,,,,1
WQS1651,RIVER DEO AT SANTIPUR,TRIPURA,4219,RIVER DEO AT SANTIPUR,2022,1,single_year,single-year station,,,Ambiguous / unresolved,,,,,1
WQS1652,RIVER DEO AT SUBASH NAGAR,TRIPURA,4220,RIVER DEO AT SUBASH NAGAR,2022,1,single_year,single-year station,,,Ambiguous / unresolved,,,,,1
WQS1653,RIVER GOLAGHATI U/S OF BURIGAON RIVER,TRIPURA,4646,RIVER GOLAGHATI U/S OF BURIGAON RIVER,2022,1,single_year,single-year station,,,Ambiguous / unresolved,,,,,1
WQS1654,RIVER JURI AT CHAMTALI,TRIPURA,4654,RIVER JURI AT CHAMTALI,2022,1,single_year,single-year station,,,Ambiguous / unresolved,,,,,1
WQS1655,RIVER MANU AT CHAILENGTA,TRIPURA,4650,RIVER MANU AT CHAILENGTA,2022 2023 2024,3,high,,23.940232,91.99949,Medium,ESRI_LIVINGATLAS_WQ_RIVERS_2023,,Dhalai,monthly,1
WQS1656,"RIVER MANU AT KAILASHAHAR D/S, NORTH TRIPURA",TRIPURA,3418,"MANU D/SAT KAILASHAHAR | MANU RIVER AT KAILASHAHAR D/S, NORTH TRIPURA | RIVER MANU AT KAILASHAHAR D/S, NORTH TRIPURA",2016 2018 2021 2022 2023 2024,6,high,,24.32383,92.009755,Medium,ESRI_LIVINGATLAS_WQ_RIVERS_2023,,Unakoti,monthly,1
WQS1657,"RIVER MANU AT KUMARGHAT, NORTH TRIPURA",TRIPURA,3419,"MANU AT KUMARGHAT | MANU RIVER AT KUMARGHAT, NORTH TRIPURA | RIVER MANU AT KUMARGHAT, NORTH TRIPURA",2016 2018 2021 2022 2023 2024,6,high,,24.158618,92.028423,Medium,ESRI_LIVINGATLAS_WQ_RIVERS_2023,,Unakoti,monthly,1
WQS1658,RIVER MANU AT MANUBAZAR,TRIPURA,4649,RIVER MANU AT MANUBAZAR,2022 2023 2024,3,high,,23.066944,91.65281,Medium,ESRI_LIVINGATLAS_WQ_RIVERS_2023,,South Tripura,monthly,1
WQS1659,"RIVER MANU AT MANUGHAT, CONFL POINT OF CHAWMANU CHARRA & MANU RIVER, DHALAI",TRIPURA,3417,"MANU AT MANUGHAT, CONFL POINT OF CHAWMANU CHARRA & MANU RIVER, DHALAI | MANU RIVER AT MANUGHAT, CONFL POINT OF CHAWMANU CH | RIVER MANU AT MANUGHAT, CONFL POINT OF CHAWMANU CHARRA & MANU RIVER, DHALAI",2016 2018 2021 2022 2023 2024,6,high,,23.99611,91.98954,Medium,ESRI_LIVINGATLAS_WQ_RIVERS_2023,,Dhalai,monthly,1
WQS1660,GANGA AT ALLAHABAD (RASOOLABAD),UTTAR PRADESH,1046,"GANGA AT ALLAHABAD (RASOOLABAD) | GANGA AT ALLAHABAD (RASOOLABAD), U.P. | RIVER GANGA AT ALLAHABAD (RASOOLABAD), U.P. | RIVER GANGA AT PRAYAGRAJ (RASOOLABAD), U.P.",2016 2017 2018 2019 2020 2021 2022 2023 2024,9,high,,25.502474,81.855439,Medium,ESRI_LIVINGATLAS_WQ_RIVERS_2023,Ganga,Prayagraj,monthly,1
WQS1661,GANGA AT ALLAHABAD D/S (SANGAM),UTTAR PRADESH,1049,"GANGA AT ALLAHABAD D/S (SANGAM) | GANGA AT ALLAHABAD D/S (SANGAM), | GANGA AT ALLAHABAD D/S (SANGAM), U.P. | RIVER GANGA AT ALLAHABAD D/S (SANGAM), U.P. | RIVER GANGA AT PRAYAGRAJ D/S (SANGAM), U.P.",2016 2017 2018 2019 2020 2021 2022 2023 2024,9,high,,25.419206,81.900522,Medium,ESRI_LIVINGATLAS_WQ_RIVERS_2023,Ganga,Prayagraj,monthly,1
WQS1662,GANGA AT BITHOOR (KANPUR),UTTAR PRADESH,1146,"GANGA AT BITHOOR (KANPUR) | GANGA AT BITHOOR (KANPUR), U.P. | RIVER GANGA AT BITHOOR (KANPUR), U.P.",2016 2017 2018 2019 2020 2021 2022 2023 2024,9,high,,26.610906,80.275419,Medium,ESRI_LIVINGATLAS_WQ_RIVERS_2023,Ganga,Kanpur Nagar,monthly,1
WQS1663,GANGA AT DALMAU (RAI BAREILLY),UTTAR PRADESH,1147,"GANGA AT DALMAU (RAI BAREILLY) | GANGA AT DALMAU (RAI BAREILLY), U.P. | RIVER GANGA AT DALMAU (RAI BAREILLY), U.P.",2016 2017 2018 2019 2020 2021 2022 2023 2024,9,high,,26.074386,81.024075,Medium,ESRI_LIVINGATLAS_WQ_RIVERS_2023,Ganga,Rae Bareli,monthly,1
WQS1664,GANGA AT GARHMUKTESHWAR,UTTAR PRADESH,1062,"GANGA AT GARHMUKTESHWAR | GANGA AT GARHMUKTESHWAR, U.P | RIVER GANGA AT D/S GARHMUKTESHWAR, U.P | RIVER GANGA AT GARHMUKTESHWAR, U.P",2016 2017 2018 2019 2020 2021 2022 2023 2024,9,high,,28.76062,78.143766,Medium,ESRI_LIVINGATLAS_WQ_RIVERS_2023,Ganga,Hapur,monthly,1
WQS1665,"GANGA AT KACHHLA GHAT, ALIGARH",UTTAR PRADESH,2490,"GANGA AT KACHHLA GHAT, ALIGARH | RIVER GANGA AT KACHHLA GHAT, ALIGARH",2016 2017 2018 2019 2020 2021 2022 2023 2024,9,high,,27.927803,78.866289,Medium,ESRI_LIVINGATLAS_WQ_RIVERS_2023,Ganga,Budaun,monthly,1
WQS1666,"GANGA AT KADAGHAT, ALLAHABAD",UTTAR PRADESH,2487,"GANGA AT KADAGHAT, ALLAHABAD | RIVER GANGA AT KADAGHAT, ALLAHABAD | RIVER GANGA AT KADAGHAT, KAUSHAMABI",2016 2017 2018 2019 2020 2021 2022 2023 2024,9,high,,25.443124,81.887148,Medium,ESRI_LIVINGATLAS_WQ_RIVERS_2023,Ganga,Prayagraj,monthly,1
WQS1667,"GANGA AT KALA KANKAR, RAEBARELI",UTTAR PRADESH,2498,"GANGA AT KALA KANKAR, RAEBARELI | RIVER GANGA AT KALA KANKAR, RAEBARELI",2016 2017 2018 2019 2020 2021 2022 2023 2024,9,high,,25.774293,81.382673,Medium,ESRI_LIVINGATLAS_WQ_RIVERS_2023,Ganga,Kaushambi,monthly,1
WQS1668,GANGA AT KANNAUJ D/S,UTTAR PRADESH,1066,"GANGA AT KANNAUJ D/S | GANGA AT KANNAUJ D/S, U.P | GANGA D/S KANNAUJ | RIVER GANGA AT DURJANPUR, KANNAUJ D/S, U.P | RIVER GANGA AT KANNAUJ D/S, U.P",2016 2017 2018 2019 2020 2021 2022 2023 2024,9,high,,27.010953,79.986442,Medium,ESRI_LIVINGATLAS_WQ_RIVERS_2023,Ganga,Kannauj,monthly,1
WQS1669,GANGA AT KANNAUJ U/S (RAJGHAT),UTTAR PRADESH,1063,"GANGA AT KANNAUJ U/S (RAJGHAT) | GANGA AT KANNAUJ U/S (RAJGHAT), U.P | GANGA U/S KANNAUJ (RAJGHAT) | RIVER GANGA AT KANNAUJ U/S (NEAR MEHNDIGHAT BRIDGE), U.P | RIVER GANGA AT KANNAUJ U/S (RAJGHAT), U.P",2016 2017 2018 2019 2020 2021 2022 2023 2024,9,high,,27.138451,79.930775,Medium,ESRI_LIVINGATLAS_WQ_RIVERS_2023,Ganga,Kannauj,monthly,1
WQS1670,GANGA AT KANPUR D/S (JAJMAU PUMPING STATION),UTTAR PRADESH,1068,"GANGA AT KANPUR D/S (JAJMAU PUMPING STATION) | GANGA AT KANPUR D/S (JAJMAU PUMPING STATION), U.P | GANGA D/S KANPUR (JAJMAU PUMPING STATION) | RIVER GANGA AT KANPUR D/S (JAJMAU PUMPING STATION), U.P | RIVER GANGA AT KANPUR D/S (JANA VILLAGE), U.P",2016 2017 2018 2019 2020 2021 2022 2023 2024,9,high,,26.436185,80.40961,Medium,ESRI_LIVINGATLAS_WQ_RIVERS_2023,Ganga,Unnao,monthly,1
WQS1671,GANGA AT KANPUR U/S (RANIGHAT),UTTAR PRADESH,1067,"GANGA AT KANPUR U/S (RANIGHAT) | GANGA AT KANPUR U/S (RANIGHAT), U.P | GANGA U/S KANPUR (RANIGHAT) | RIVER GANGA AT KANPUR U/S (RANIGHAT), U.P | RIVER GANGA AT KANPUR U/S (SHUKLAGANJ U/S), U.P",2016 2017 2018 2019 2020 2021 2022 2023 2024,9,high,,26.505542,80.314344,Medium,ESRI_LIVINGATLAS_WQ_RIVERS_2023,Ganga,Kanpur Nagar,monthly,1
WQS1672,GANGA AT NARORA (BULANDSAHAR),UTTAR PRADESH,1145,"GANGA AT NARORA (BULANDSAHAR) | GANGA AT NARORA (BULANDSAHAR), U.P. | RIVER GANGA AT NARORA (BULANDSAHAR) | RIVER GANGA AT NARORA (BULANDSAHAR), U.P.",2016 2017 2018 2019 2020 2021 2022 2023 2024,9,high,,28.1897,78.395878,Medium,ESRI_LIVINGATLAS_WQ_RIVERS_2023,Ganga,Bulandshahr,monthly,1
WQS1673,GANGA AT TRIGHAT (GHAZIPUR),UTTAR PRADESH,1073,"GANGA AT TRIGHAT (GHAZIPUR) | GANGA AT TRIGHAT (GHAZIPUR), U.P | RIVER GANGA AT TRIGHAT (GHAZIPUR), U.P",2016 2017 2018 2019 2020 2021,6,medium,,,,Ambiguous / unresolved,,Ganga,,,1
WQS1674,"GANGA D/S, ANOOPSHAHAR",UTTAR PRADESH,2489,"GANGA D/S ANOOPSHAHAR | GANGA D/S, ANOOPSHAHAR | RIVER GANGA D/S, ANOOPSHAHAR",2016 2017 2018 2019 2020 2021 2022 2023 2024,9,high,,28.274208,78.324338,Medium,ESRI_LIVINGATLAS_WQ_RIVERS_2023,Ganga,Sambhal,monthly,1
WQS1675,"GANGA D/S, MIRZAPUR",UTTAR PRADESH,2486,"GANGA D/S MIRZAPUR | GANGA D/S, MIRZAPUR | RIVER GANGA D/S, MIRZAPUR",2016 2017 2018 2019 2020 2021 2022 2023 2024,9,high,,25.177058,82.602225,Medium,ESRI_LIVINGATLAS_WQ_RIVERS_2023,Ganga,Mirzapur,monthly,1
WQS1676,"GANGA U/S, ANOOPSHAHAR",UTTAR PRADESH,2488,"GANGA U/S ANOOPSHAHAR | GANGA U/S, ANOOPSHAHAR | RIVER GANGA U/S, ANOOPSHAHAR",2016 2017 2018 2019 2020 2021 2022 2023 2024,9,high,,28.364396,78.270269,Medium,ESRI_LIVINGATLAS_WQ_RIVERS_2023,Ganga,Bulandshahr,monthly,1
WQS1677,"GANGA U/S, VINDHYACHAL, MIRZAPUR",UTTAR PRADESH,2485,"GANGA U/S, VINDHYACHAL, MIRZAPUR | RIVER GANGA U/S, VINDHYACHAL, MIRZAPUR",2016 2017 2018 2019 2020 2021 2022 2023 2024,9,high,,25.244031,82.418272,Medium,ESRI_LIVINGATLAS_WQ_RIVERS_2023,Ganga,Mirzapur,monthly,1
WQS1678,"GHAGHARA AT DEORIA D/S, U.P.",UTTAR PRADESH,1355,"GHAGHARA AT DEORIA D/S, U.P. | GHAGHARA D/S DEORIA | RIVER GHAGHARA AT DEORIA D/S, U.P. | RIVER GHAGHARA AT TURTIPAR,DEORIA D/S, U.P.",2016 2017 2018 2019 2020 2021 2022 2023 2024,9,high,,26.169467,83.868992,Medium,ESRI_LIVINGATLAS_WQ_RIVERS_2023,,Deoria,monthly,1
WQS1679,"GOMTI AT LUCKNOW D/S, U.P.",UTTAR PRADESH,1352,"GOMTI AT LUCKNOW D/S, | GOMTI AT LUCKNOW D/S, U.P. | GOMTI D/S LUCKNOW | RIVER GOMTI AT LUCKNOW D/S | RIVER GOMTI AT LUCKNOW D/S PIPRAGHAT , U.P.",2016 2017 2018 2019 2020 2021 2022 2023 2024,9,high,,26.833275,80.995211,Medium,ESRI_LIVINGATLAS_WQ_RIVERS_2023,,Lucknow,monthly,1
WQS1680,"GOMTI AT LUCKNOW U/S AT WATER INTAKE POINT, U.P.",UTTAR PRADESH,1351,"GOMTI AT LUCKNOW U/S AT WATER INTAKE POINT | GOMTI AT LUCKNOW U/S AT WATER INTAKE POINT, | GOMTI AT LUCKNOW U/S AT WATER INTAKE POINT, U.P. | RIVER GOMTI AT LUCKNOW U/S AT WATER INTAKE POINT | RIVER GOMTI AT LUCKNOW U/S AT WATER INTAKE POINT, U.P.",2016 2017 2018 2019 2020 2021 2022 2023 2024,9,high,,26.862031,80.931322,Medium,ESRI_LIVINGATLAS_WQ_RIVERS_2023,,Lucknow,monthly,1
WQS1681,"GOMTI AT SITAPUR U/S AT WATER INTAKE, U.P.",UTTAR PRADESH,1350,"GOMTI AT SITAPUR U/S AT WATER INTAKE | GOMTI AT SITAPUR U/S AT WATER INTAKE, U.P. | RIVER GOMTI AT SITAPUR U/S AT WATER INTAKE | RIVER GOMTI AT SITAPUR U/S DADNAMAU GHAT, U.P.",2016 2017 2018 2019 2020 2021 2022 2023 2024,9,high,,27.572878,80.67895,Medium,ESRI_LIVINGATLAS_WQ_RIVERS_2023,,Sitapur,monthly,1
WQS1682,"GOMTI AT VARANASI, U.P",UTTAR PRADESH,1072,"GOMTI AT VARANASI | GOMTI AT VARANASI, U.P | RIVER GOMTI AT VARANASI, RAJWARI U.P | RIVER GOMTI AT VARANASI, U.P",2016 2017 2018 2019 2020 2021 2022 2023 2024,9,high,,25.507856,83.158181,Medium,ESRI_LIVINGATLAS_WQ_RIVERS_2023,,Ghazipur,monthly,1
WQS1683,GOVIND SAGAR,UTTAR PRADESH,1735,"BETWA AT GOVIND SAGAR, U.P | GOVIND SAGAR | GOVIND SAGAR, U.P | RIVER GOVIND SAGAR, U.P",2016 2018 2019 2020,4,high,,,,Ambiguous / unresolved,,,,,1
WQS1684,"HINDON AT GHAZIABAD D/S, U.P.",UTTAR PRADESH,1358,"HINDON AT GHAZIABAD D/S, U.P. | HINDON D/S GHAZIABAD | RIVER HINDON AT GHAZIABAD D/S KULESHRA GB NAGAR, U.P. | RIVER HINDON AT GHAZIABAD D/S, U.P.",2016 2018 2019 2020 2021 2022 2023 2024,8,high,,28.673761,77.402644,Medium,ESRI_LIVINGATLAS_WQ_RIVERS_2023,,Ghaziabad,monthly,1
WQS1685,"KALINADI AT KANNAUJ (BEFORE CONF.), U.P",UTTAR PRADESH,1065,"KALINAD B/CI AT KANNAUJ | KALINADI AT KANNAUJ (BEFORE CONF.), U.P | RIVER KALINADI AT KANNAUJ (BEFORE CONF.) | RIVER KALINADI NEAR GUMATIYA VILLAGE ,KANNAUJ (BEFORE CONF.), U.P",2016 2017 2018 2019 2020 2021 2022 2023 2024,9,high,,27.161314,79.919914,Medium,ESRI_LIVINGATLAS_WQ_RIVERS_2023,,Hardoi,monthly,1
WQS1686,"RAMGANGA AT KANNAUJ (BEFORE CONF.), U.P",UTTAR PRADESH,1064,"RAMGANGA AT KANNAUJ (BEFORE CONF.), U.P | RAMGANGA B/C AT KANNAUJ | RIVER RAMGANGA AT KANNAUJ (BEFORE CONF.) | RIVER RAMGANGA AT KANNAUJ (BEFORE CONF.), U.P",2016 2017 2018 2019 2020 2021 2022 2023 2024,9,high,,27.190822,79.818261,Medium,ESRI_LIVINGATLAS_WQ_RIVERS_2023,,Hardoi,monthly,1
WQS1687,"RAPTI AFTER CONFL. OF R. HONIN NR. DOMINGARH RLY BRIDGE, GORAKHPUR, U.P.",UTTAR PRADESH,1363,"RAPTI A/C OF HONIN NR. DOMINGARH RLY BRIDGE, GORAKHPUR | RAPTI AFTER CONFL. OF R. HONIN NR. DOMINGARH RLY BRIDGE, GORAKHPUR, U.P. | RIVER RAPTI AFTER CONFL. OF R. HONIN NR. DOMINGARH RLY BRIDGE, GORAKHPUR | RIVER RAPTI AFTER CONFL. OF R. HONIN NR. DOMINGARH RLY BRIDGE, GORAKHPUR, U.P.",2016 2017 2018 2019 2020 2021 2022 2023 2024,9,high,,26.754692,83.334211,Medium,ESRI_LIVINGATLAS_WQ_RIVERS_2023,,Gorakhpur,monthly,1
WQS1688,"RIHAND AT RENUKUT D/S, U.P.",UTTAR PRADESH,1360,"RIHAND AT RENUKUT D/S, U.P. | RIHAND D/S RENUKUT | RIVER RIHAND AT RENUKUT D/S, U.P.",2016 2017 2018 2019 2020 2021 2023 2024,8,high,,24.261214,83.009353,Medium,ESRI_LIVINGATLAS_WQ_RIVERS_2023,,Sonbhadra,monthly,1
WQS1689,"RIHAND AT RENUKUT U/S, U.P.",UTTAR PRADESH,1359,"RIHAND AT RENUKUT U/S, U.P. | RIHAND U/S RENUKUT | RIVER RIHAND AT RENUKUT U/S, U.P.",2016 2017 2018 2019 2020 2021 2023 2024,8,high,,24.339814,83.003589,Medium,ESRI_LIVINGATLAS_WQ_RIVERS_2023,,Sonbhadra,monthly,1
WQS1690,"RIVER BAHELA AT BADLI VILLAGE LOHIYA BRIDGE , TANDA (U.P.)",UTTAR PRADESH,30001,"RIVER BAHELA AT BADLI VILLAGE LOHIYA BRIDGE , TANDA (U.P.)",2022 2023 2024,3,high,,28.731344,77.148188,Low,ESRI_LIVINGATLAS_WQ_RIVERS_2023,,North,quarterly,1
WQS1691,RIVER BANGANGA AT D/S SHUKRATAL (BEFORE CONFLUENCE OF LAKSAR DRAIN ),UTTAR PRADESH,30038,BANGANGA AT D/S SHUKRATAL (BEFORE CONFLUENCE OF LAKSAR DRAIN ) | RIVER BANGANGA AT D/S SHUKRATAL (BEFORE CONFLUENCE OF LAKSAR DRAIN ),2019 2020 2021 2022 2023,5,high,,29.491551,77.990514,Medium,ESRI_LIVINGATLAS_WQ_RIVERS_2023,,Muzaffarnagar,quarterly,1
WQS1692,"RIVER BETWA BEFORE CONF. YAMUNA AT HAMIRPUR, U.P.",UTTAR PRADESH,1356,"BETWA B/C YAMUNA AT HAMIRPUR | BETWA BEFORE CONF. YAMUNA AT HAMIRPUR, | BETWA BEFORE CONF. YAMUNA AT HAMIRPUR, U.P. | RIVER BETWA BEFORE CONF. YAMUNA AT HAMIRPUR, U.P.",2016 2018 2019 2020 2021 2022 2023 2024,8,high,,25.94085,80.153822,Medium,ESRI_LIVINGATLAS_WQ_RIVERS_2023,,Hamirpur,monthly,1
WQS1693,"RIVER BETWA DOWNSTREAM AT SUKMA-DUKMA DAM, DIST-JHANSI (U.P.)",INTER-STATE | UTTAR PRADESH,30079,"BETWA AT SUKMA DUKMA DAM, JHANSI (U.P.) | RIVER BETWA AT SUKMA DUKMA DAM, JHANSI | RIVER BETWA DOWNSTREAM AT SUKMA-DUKMA DAM, DIST-JHANSI (U.P.)",2019 2020 2021 2022 2023 2024,6,high,,25.193044,78.539141,Medium,ESRI_LIVINGATLAS_WQ_RIVERS_2023,,Jhansi,quarterly,1
WQS1694,"RIVER CHAMBAL AT GWALIOR ROAD BRIDGE, UDI, ETAWAH DIST.",UTTAR PRADESH,30086,"RIVER CHAMBAL AT GWALIOR ROAD BRIDGE, UDI, ETAWAH DIST.",2021 2022 2023 2024,4,high,,26.699063,78.935488,Medium,ESRI_LIVINGATLAS_WQ_RIVERS_2023,,Etawah,quarterly,1
WQS1695,"RIVER GANGA A/C GOMTI RIVER, BHUSAULA",UTTAR PRADESH,10152,"RIVER GANGA A/C GOMTI RIVER, BHUSAULA",2018 2019 2020 2021 2022 2023 2024,7,high,,25.345102,82.479827,Medium,ESRI_LIVINGATLAS_WQ_RIVERS_2023,Ganga,Bhadohi,monthly,1
WQS1696,RIVER GANGA A/C PANDU RIVER AT MADEVESHWAR BABA TAMPLE DEOMAI AHT.,UTTAR PRADESH,5711,RIVER GANGA A/C PANDU RIVER AT MADEVESHWAR BABA TAMPLE DEOMAI AHT. | River Ganga A/C Pandu river at madeveshwar baba tample deomai aht.,2023 2024,2,high,,26.46353,80.21007,Medium,ESRI_LIVINGATLAS_WQ_RIVERS_2023,Ganga,Kanpur Nagar,,1
WQS1697,"RIVER GANGA A/C TAMSA RIVER, SIRSA, SON BARSA",UTTAR PRADESH,10158,"RIVER GANGA A/C TAMSA RIVER, SIRSA, SON BARSA | RIVER GANGA A/C TAMSA, SIRSA, SON BARSA",2018 2019 2020 2021 2022 2023 2024,7,high,,25.259363,82.096478,Medium,ESRI_LIVINGATLAS_WQ_RIVERS_2023,Ganga,Prayagraj,monthly,1
WQS1698,RIVER GANGA AT BATHING GHAT (BHARAOGHAT),UTTAR PRADESH,10154,BATHING GHAT (BHARAOGHAT) | RIVER GANGA AT BATHING GHAT (BHARAOGHAT),2017 2018 2019 2020 2021 2022 2023 2024,8,high,,25.51411,83.850678,Medium,ESRI_LIVINGATLAS_WQ_RIVERS_2023,Ganga,Ghazipur,monthly,1
WQS1699,RIVER GANGA AT BATHING GHAT (GOLA GHAT),UTTAR PRADESH,10156,"BATHING GHAT, GOLAGHAT | RIVER GANGA AT BATHING GHAT (GOLA GHAT)",2017 2018 2019 2020 2021 2022 2023 2024,8,high,,25.580128,83.589787,Medium,ESRI_LIVINGATLAS_WQ_RIVERS_2023,Ganga,Ghazipur,monthly,1
WQS1700,RIVER GANGA AT BATHING GHAT (JAJMAU BRIDGE),UTTAR PRADESH,10157,"BATHING GHAT, JAJMAU BRIDGE | RIVER GANGA AT BATHING GHAT (JAJMAU BRIDGE)",2017 2018 2019 2020 2021 2022 2023 2024,8,high,,26.434322,80.408587,Medium,ESRI_LIVINGATLAS_WQ_RIVERS_2023,Ganga,Kanpur Nagar,monthly,1
WQS1701,RIVER GANGA AT BIJNOR (U.P.),INTER-STATE | UTTAR PRADESH,30006,GANGA AT BIJNOR (U.P.) | RIVER GANGA AT BIJNOR (U.P.),2020 2021 2022 2023 2024,5,high,,29.373472,78.040972,High,CPCB_NGT_GANGA_7,Ganga,,quarterly,1
WQS1702,RIVER GANGA AT CHUNAR,UTTAR PRADESH,10153,RIVER GANGA AT CHUNAR | RIVER GNAGA TA CHUNAR,2018 2019 2020 2021 2022 2023 2024,7,high,,25.129278,82.877278,Medium,ESRI_LIVINGATLAS_WQ_RIVERS_2023,Ganga,Mirzapur,monthly,1
WQS1703,RIVER GANGA AT D/S (SHUKLAGANJ),UTTAR PRADESH,10155,D/S (SHUKLAGANJ) | D/S SHUKLAGANJ | RIVER GANGA AT D/S (SHUKLAGANJ) | RIVER GANGA AT D/S SHUKLAGANJ,2017 2018 2019 2020 2021 2022 2023 2024,8,high,,26.474194,80.376139,Medium,ESRI_LIVINGATLAS_WQ_RIVERS_2023,Ganga,Unnao,monthly,1
WQS1704,"RIVER GANGA AT GANGA BRIDGE .NH19, DHEEMI",UTTAR PRADESH,5713,"RIVER GANGA AT GANGA BRIDGE .NH19, DHEEMI | River Ganga at Ganga Bridge .NH19, Dheemi",2023 2024,2,high,,25.25658,83.02784,Medium,ESRI_LIVINGATLAS_WQ_RIVERS_2023,Ganga,Varanasi,,1
WQS1705,RIVER GANGA AT GHARMUKTESHWAR,UTTAR PRADESH,10149,"GHARMUKTESHWAR | RIVER GANGA AT GHARMUKTESHWAR | RIVER GANGA AT U/S BRIJ GHAT ,GHARMUKTESHWAR",2017 2018 2019 2020 2021 2022 2023 2024,8,high,,28.802444,78.128722,Medium,ESRI_LIVINGATLAS_WQ_RIVERS_2023,Ganga,Amroha,monthly,1
WQS1706,RIVER GANGA AT GHATIYAGHAT FARRUKABAD,UTTAR PRADESH,10151,FARRUKABAD | RIVER GANGA AT FARRUKABAD | RIVER GANGA AT FARUKKABAD | RIVER GANGA AT GHATIYAGHAT FARRUKABAD,2018 2019 2020 2021 2022 2023 2024,7,high,,27.398639,79.627389,Medium,ESRI_LIVINGATLAS_WQ_RIVERS_2023,Ganga,Farrukhabad,monthly,1
WQS1707,"RIVER GANGA AT MADHYA GANGA BARRAGE, BIJNOR",UTTAR PRADESH,10150,"MADHYA GANGA BARRAGE, BIJNORE | RIVER GANGA AT MADHYA GANGA BARRAGE, BIJNOR",2018 2019 2020 2021 2022 2023 2024,7,high,,29.373468,78.040547,Medium,ESRI_LIVINGATLAS_WQ_RIVERS_2023,Ganga,Bijnor,monthly,1
WQS1708,"RIVER GANGA AT ROAD BRIDGE TARIGHAT,DIST GHAZIPUR (U.P.)",UTTAR PRADESH,30075,"RIVER GANGA AT ROAD BRIDGE TARIGHAT,DIST GHAZIPUR (U.P.)",2022,1,single_year,single-year station,,,Ambiguous / unresolved,,Ganga,,,1
WQS1709,"RIVER GANGA AT TARIGHAT (GHAZIPUR), U.P",INTER-STATE | UTTAR PRADESH,1073 | 30075,"GANGA AT TARIGHAT GHAZIPUR (U.P.) | RIVER GANGA AT TARIGHAT (GHAZIPUR), U.P | RIVER GANGA AT TARIGHAT GHAZIPUR (U.P.)",2020 2021 2022 2023 2024,5,medium,,25.578175,83.609594,Medium,ESRI_LIVINGATLAS_WQ_RIVERS_2023,Ganga,Ghazipur,monthly,2
WQS1710,"RIVER GANGA AT VARANASI D/S , A/C RIVER VARUNA , U.P",UTTAR PRADESH,1071,"GANGA AT VARANASI D-S (MALVIYA BRIDGE) | GANGA AT VARANASI D/S (MALVIYA BRIDGE) | GANGA AT VARANASI D/S (MALVIYA BRIDGE), U.P | GANGA D/S VARANASI (MALVIYA BRIDGE) | RIVER GANGA AT VARANASI D/S (MALVIYA BRIDGE), U.P | RIVER GANGA AT VARANASI D/S , A/C RIVER VARUNA , U.P",2016 2017 2018 2019 2020 2021 2022 2023 2024,9,low,,25.321486,83.035285,Medium,ESRI_LIVINGATLAS_WQ_RIVERS_2023,Ganga,Varanasi,monthly,1
WQS1711,"RIVER GANGA AT VARANASI U/S NEAR VISHWASUNDARI BRIDGE B/C DRAINS( NAGWA NALA, SAMNE GHAT NALA,NAKHHI NALA)",UTTAR PRADESH,1070,"GANGA AT VARANASI U-S (ASSIGHAT) | GANGA AT VARANASI U/S (ASSIGHAT) | GANGA AT VARANASI U/S (ASSIGHAT), U.P | GANGA U/S VARANASI (ASSIGHAT) | RIVER GANGA AT VARANASI U/S (ASSIGHAT), U.P | RIVER GANGA AT VARANASI U/S NEAR VISHWASUNDARI BRIDGE B/C DRAINS( NAGWA NALA, SAMNE GHAT NALA,NAKHHI NALA)",2016 2017 2018 2019 2020 2021 2022 2023 2024,9,low,,25.289358,83.006389,Medium,ESRI_LIVINGATLAS_WQ_RIVERS_2023,Ganga,Varanasi,monthly,1
WQS1712,RIVER GANGA B/CÂ TAMSA RIVER AT PRACHIN SHIVALAYA DUMDUMA GHAT,UTTAR PRADESH,5714,RIVER GANGA B/CÂ TAMSA RIVER AT PRACHIN SHIVALAYA DUMDUMA GHAT | River Ganga B/CÂ tamsa river at prachin shivalaya Dumduma ghat,2023 2024,2,high,,25.94777,83.57536,Low,ESRI_LIVINGATLAS_WQ_RIVERS_2023,Ganga,Mau,,1
WQS1713,"RIVER GANGA PURANA RAJAPUR, RAJAPUR, KANPUR",UTTAR PRADESH,5710,"RIVER GANGA PURANA RAJAPUR, RAJAPUR, KANPUR",2023 2024,2,high,,26.49653,80.32371,Medium,ESRI_LIVINGATLAS_WQ_RIVERS_2023,Ganga,Kanpur Nagar,,1
WQS1714,"RIVER GANGA TIGRI GANGA GHAT, VILLAGE-TIGARI, AMROHA",UTTAR PRADESH,5708,"RIVER GANGA TIGRI GANGA GHAT, VILLAGE-TIGARI, AMROHA | River Ganga Tigri Ganga ghat, village-tigari, Amroha",2023 2024,2,high,,28.82432,78.15491,Medium,ESRI_LIVINGATLAS_WQ_RIVERS_2023,Ganga,Amroha,,1
WQS1715,"RIVER GANGAÂ B/C GOMTI RIVER AT BALUA GHAT BRIDGE, VARANASI",UTTAR PRADESH,5715,"RIVER GANGAÂ B/C GOMTI RIVER AT BALUA GHAT BRIDGE, VARANASI | River GangaÂ B/C Gomti river at balua ghat bridge, Varanasi",2023 2024,2,high,,25.42065,83.18348,Medium,ESRI_LIVINGATLAS_WQ_RIVERS_2023,Ganga,Varanasi,,1
WQS1716,"RIVER GANGAÂ NANAMAU GANGA BRIDGE, LUCKNOW MOHAN-HASANGANJ- RASULABAD MARG, KARTI AKBERPUR SENG",UTTAR PRADESH,5709,"RIVER GANGAÂ NANAMAU GANGA BRIDGE, LUCKNOW MOHAN-HASANGANJ- RASULABAD MARG, KARTI AKBERPUR SENG | River GangaÂ Nanamau Ganga bridge, Lucknow Mohan-Hasanganj- Rasulabad marg, karti Akberpur seng",2023 2024,2,high,,26.88033,80.09931,Medium,ESRI_LIVINGATLAS_WQ_RIVERS_2023,Ganga,Kanpur Nagar,,1
WQS1717,"RIVER GANGAÂ ZAMANIA GANGA BRIDGE , ZAMANIZ, UP",UTTAR PRADESH,5716,"RIVER GANGAÂ ZAMANIA GANGA BRIDGE , ZAMANIZ, UP | River GangaÂ Zamania Ganga Bridge , Zamaniz, UP",2023 2024,2,high,,25.41057,83.55134,Medium,ESRI_LIVINGATLAS_WQ_RIVERS_2023,Ganga,Ghazipur,,1
WQS1718,"RIVER GHAGHRA AT BARHALGANJ, GORAKHPUR",UTTAR PRADESH,2492,"GHAGHRA AT BARHALGANJ, GORAKHPUR | RIVER GHAGHARA AT BARHALGANJ, GORAKHPUR | RIVER GHAGHRA AT BARHALGANJ, GORAKHPUR",2016 2017 2018 2019 2020 2021 2022 2023 2024,9,high,,26.278524,83.513885,Medium,ESRI_LIVINGATLAS_WQ_RIVERS_2023,,Gorakhpur,monthly,1
WQS1719,RIVER GOMTI AT BHATPUR D/S,UTTAR PRADESH,10086,RIVER GOMTI AT BHATPUR D/S,2017 2019 2021 2022 2023 2024,6,high,,27.157858,80.814725,Medium,ESRI_LIVINGATLAS_WQ_RIVERS_2023,,Hardoi,monthly,1
WQS1720,RIVER GOMTI AT BHATPUR U/S,UTTAR PRADESH,10085,RIVER GOMTI AT BHATPUR U/S,2017 2019 2021 2022 2023 2024,6,high,,27.20118,80.765942,Medium,ESRI_LIVINGATLAS_WQ_RIVERS_2023,,Hardoi,monthly,1
WQS1721,RIVER GOMTI AT GANGAGANJ D/S,UTTAR PRADESH,10094,RIVER GOMTI AT GANGAGANJ D/S,2017 2019 2021 2022 2023 2024,6,high,,26.736951,81.23135,Medium,ESRI_LIVINGATLAS_WQ_RIVERS_2023,,Bara Banki,monthly,1
WQS1722,RIVER GOMTI AT GANGAGANJ U/S,UTTAR PRADESH,10093,RIVER GOMTI AT GANGAGANJ U/S,2017 2019 2021 2022 2023 2024,6,high,,26.748711,81.200905,Medium,ESRI_LIVINGATLAS_WQ_RIVERS_2023,,Bara Banki,monthly,1
WQS1723,RIVER GOMTI AT GAUGHAT D/S,UTTAR PRADESH,10088,RIVER GOMTI AT GAUGHAT D/S,2017 2019 2021 2022 2023 2024,6,high,,26.642458,81.607771,Medium,ESRI_LIVINGATLAS_WQ_RIVERS_2023,,Amethi,monthly,1
WQS1724,RIVER GOMTI AT GAUGHAT U/S,UTTAR PRADESH,10087,RIVER GOMTI AT GAUGHAT U/S,2017 2019 2021 2022 2023 2024,6,high,,26.692102,81.540094,Medium,ESRI_LIVINGATLAS_WQ_RIVERS_2023,,Bara Banki,monthly,1
WQS1725,"RIVER GOMTI AT JAUNPUR D/S, U.P.",UTTAR PRADESH,1353,"GOMTI AT JAUNPUR D-S, U.P. | GOMTI AT JAUNPUR D/S, | GOMTI AT JAUNPUR D/S, U.P. | GOMTI D/S JAUNPUR | RIVER GOMTI AT JAUNPUR D/S | RIVER GOMTI AT JAUNPUR D/S, U.P.",2016 2017 2018 2019 2020 2021 2022 2023 2024,9,high,,25.751611,82.726469,Medium,ESRI_LIVINGATLAS_WQ_RIVERS_2023,,Jaunpur,monthly,1
WQS1726,RIVER GOMTI AT JAUNPUR U/S,UTTAR PRADESH,10097,RIVER GOMTI AT JAUNPUR U/S,2017 2019 2020 2021 2022 2023 2024,7,high,,25.748703,82.68484,Medium,ESRI_LIVINGATLAS_WQ_RIVERS_2023,,Jaunpur,monthly,1
WQS1727,RIVER GOMTI AT MOHMEAK D/S,UTTAR PRADESH,10090,RIVER GOMTI AT MOHMEAK D/S,2017 2019 2021 2022 2023 2024,6,high,,27.807317,80.43667,Medium,ESRI_LIVINGATLAS_WQ_RIVERS_2023,,Kheri,monthly,1
WQS1728,RIVER GOMTI AT MOHMEAK U/S,UTTAR PRADESH,10089,RIVER GOMTI AT MOHMEAK U/S,2017 2019 2021 2022 2023 2024,6,high,,27.820752,80.430492,Medium,ESRI_LIVINGATLAS_WQ_RIVERS_2023,,Kheri,monthly,1
WQS1729,RIVER GOMTI AT NEEMSAR D/S,UTTAR PRADESH,10084,RIVER GOMTI AT NEEMSAR D/S,2017 2019 2021 2022 2023 2024,6,high,,27.264416,80.536883,Medium,ESRI_LIVINGATLAS_WQ_RIVERS_2023,,Hardoi,monthly,1
WQS1730,RIVER GOMTI AT NEEMSAR U/S,UTTAR PRADESH,10083,RIVER GOMTI AT NEEMSAR U/S,2017 2019 2021 2022 2023 2024,6,high,,27.350312,80.460211,Medium,ESRI_LIVINGATLAS_WQ_RIVERS_2023,,Hardoi,monthly,1
WQS1731,RIVER GOMTI AT PIPRAGHAT D/S,UTTAR PRADESH,10092,RIVER GOMTI AT PIPRAGHAT D/S,2017 2019 2021 2022 2023 2024,6,high,,25.736173,82.739971,Medium,ESRI_LIVINGATLAS_WQ_RIVERS_2023,,Jaunpur,monthly,1
WQS1732,RIVER GOMTI AT PIPRAGHAT U/S,UTTAR PRADESH,10091,RIVER GOMTI AT PIPRAGHAT U/S,2017 2019 2021 2022 2023 2024,6,high,,25.769442,82.66231,Medium,ESRI_LIVINGATLAS_WQ_RIVERS_2023,,Jaunpur,monthly,1
WQS1733,RIVER GOMTI AT SULTANPUR D/S,UTTAR PRADESH,10096,RIVER GOMTI AT SULTANPUR D/S,2017 2019 2020 2023 2024,5,high,,26.264406,82.142486,Medium,ESRI_LIVINGATLAS_WQ_RIVERS_2023,,Sultanpur,monthly,1
WQS1734,RIVER GOMTI AT SULTANPUR U/S,UTTAR PRADESH,10095,RIVER GOMTI AT SULTANPUR U/S,2017 2019 2020 2023 2024,5,high,,26.289367,82.066786,Medium,ESRI_LIVINGATLAS_WQ_RIVERS_2023,,Sultanpur,monthly,1
WQS1735,"RIVER HINDON AFTER CONFL. WITH R. KRISHNA & KALI NEAR BINAULI TOWN, PURA MAHADEV, MEERUT, U.P.",UTTAR PRADESH,1483,"HINDON AFTER CONFL. WITH R. KRISHNA & KALI NEAR BINAULI TOWN, MEERUT, U.P. | RIVER HINDON AFTER CONFL. WITH R. KRISHNA & KALI NEAR BINAULI TOWN, PURA MAHADEV, MEERUT, U.P.",2019 2020 2021 2022 2023 2024,6,high,,28.635922,77.394341,Medium,ESRI_LIVINGATLAS_WQ_RIVERS_2023,,Ghaziabad,monthly,1
WQS1736,RIVER HINDON AT BARNAWA D/S,UTTAR PRADESH,10101,RIVER HINDON AT BARNAWA D/S,2019 2021 2022 2023 2024,5,high,,29.092361,77.423293,Medium,ESRI_LIVINGATLAS_WQ_RIVERS_2023,,Meerut,monthly,1
WQS1737,RIVER HINDON AT BARNAWA U/S,UTTAR PRADESH,10100,RIVER HINDON AT BARNAWA U/S,2019 2021 2022 2023 2024,5,high,,29.128032,77.447746,Medium,ESRI_LIVINGATLAS_WQ_RIVERS_2023,,Baghpat,monthly,1
WQS1738,RIVER HINDON AT GHAZIABAD U/S,UTTAR PRADESH,10106,RIVER HINDON AT GHAZIABAD U/S,2019 2020 2021 2022 2023 2024,6,high,,28.733891,77.385236,Medium,ESRI_LIVINGATLAS_WQ_RIVERS_2023,,Ghaziabad,monthly,1
WQS1739,RIVER HINDON AT MAHESHPUR D/S,UTTAR PRADESH,10099,RIVER HINDON AT MAHESHPUR D/S,2023 2024,2,high,,28.615167,77.404766,Medium,ESRI_LIVINGATLAS_WQ_RIVERS_2023,,Gautam Buddha Nagar,monthly,1
WQS1740,RIVER HINDON AT MAHESHPUR U/S,UTTAR PRADESH,10098,RIVER HINDON AT MAHESHPUR U/S,2019 2020,2,high,,,,Ambiguous / unresolved,,,,,1
WQS1741,RIVER HINDON AT MOHAN NAGAR D/S,UTTAR PRADESH,10103,RIVER HINDON AT MOHAN NAGAR D/S,2019 2020 2021 2022 2023 2024,6,high,,28.664419,77.399531,Medium,ESRI_LIVINGATLAS_WQ_RIVERS_2023,,Ghaziabad,monthly,1
WQS1742,RIVER HINDON AT MOHAN NAGAR U/S,UTTAR PRADESH,10102,RIVER HINDON AT MOHAN NAGAR U/S,2019 2020 2021 2022 2023 2024,6,high,,28.685329,77.392467,Medium,ESRI_LIVINGATLAS_WQ_RIVERS_2023,,Ghaziabad,monthly,1
WQS1743,RIVER HINDON AT NOIDA D/S,UTTAR PRADESH,10105,RIVER HINDON AT NOIDA D/S,2023 2024,2,high,,28.500649,77.449952,Medium,ESRI_LIVINGATLAS_WQ_RIVERS_2023,,Gautam Buddha Nagar,monthly,1
WQS1744,RIVER HINDON AT NOIDA U/S,UTTAR PRADESH,10104,RIVER HINDON AT NOIDA U/S,2023 2024,2,high,,28.572133,77.422989,Medium,ESRI_LIVINGATLAS_WQ_RIVERS_2023,,Gautam Buddha Nagar,monthly,1
WQS1745,"RIVER HINDON AT SAHARANPUR D/S, AT MAHESHPUR .DEOBAND U.P.",UTTAR PRADESH,1357,"HINDON AT SAHARANPUR D-S, U.P. | HINDON AT SAHARANPUR D/S | HINDON AT SAHARANPUR D/S, U.P. | RIVER HINDON AT SAHARANPUR D/S, AT MAHESHPUR .DEOBAND U.P.",2016 2018 2019 2020 2022 2023 2024,7,high,,29.910025,77.600275,Medium,ESRI_LIVINGATLAS_WQ_RIVERS_2023,,Saharanpur,monthly,1
WQS1746,"RIVER HINDON AT SARDHANA BUDHANA ROAD, VILLAGE BAPARSI, MEERUT",UTTAR PRADESH,2496,"HINDON AT SARDHANA BUDHANA ROAD, VILLAGE BAPARSI, MEERUT | RIVER HINDON AT SARDHANA BUDHANA ROAD, VILLAGE BAP | RIVER HINDON AT SARDHANA BUDHANA ROAD, VILLAGE BAPARSI, MEERUT",2016 2018 2019 2020 2021 2022 2023 2024,8,high,,29.186169,77.494114,Medium,ESRI_LIVINGATLAS_WQ_RIVERS_2023,,Baghpat,monthly,1
WQS1747,"RIVER KALI EAST AT KHARKHODA-PARIKSHIT GARH ROAD, VILL. KOL, MEERUT",UTTAR PRADESH,2497,"KALI EAST AT KHARKHODA-PARIKSHIT GARH ROAD, VILL. KOL, MEERUT | RIVER KALI EAST AT KHARKHODA-PARIKSHIT GARH ROAD, | RIVER KALI EAST AT KHARKHODA-PARIKSHIT GARH ROAD, VILL. KOL | RIVER KALI EAST AT KHARKHODA-PARIKSHIT GARH ROAD, VILL. KOL, MEERUT | RIVER KALI EAST AT KHARKHODAPARIKSHIT GARH ROAD, VILL. KOL, MEERUT",2016 2017 2018 2019 2020 2021 2022 2023 2024,9,high,,28.980857,77.790428,Medium,ESRI_LIVINGATLAS_WQ_RIVERS_2023,,Meerut,monthly,1
WQS1748,"RIVER KALINADI AT D/S OF MUZAFFAR NAGAR, U.P.",UTTAR PRADESH,1478,"KALINADI AT D/S OF MUZAFFAR NAGAR, U.P. | RIVER KALINADI AT D/S OF MUZAFFAR NAGAR, U.P.",2019 2020 2021 2022 2023 2024,6,high,,29.432533,77.675953,Medium,ESRI_LIVINGATLAS_WQ_RIVERS_2023,,Muzaffarnagar,monthly,1
WQS1749,"RIVER KALINADI AT U/S OF GULAOTHI TOWN IN BULANDSAHAR, U.P.",UTTAR PRADESH,1480,"RIVER KALINADI AT U/S OF GULAOTHI TOWN IN BULANDSAHAR | RIVER KALINADI AT U/S OF GULAOTHI TOWN IN BULANDSAHAR, U.P.",2021 2022 2023 2024,4,high,,28.591525,77.824856,Medium,ESRI_LIVINGATLAS_WQ_RIVERS_2023,,Bulandshahr,monthly,1
WQS1750,RIVER KALINADI AT U/S OF MUZAFFAR NAGAR U.P.,UTTAR PRADESH,1477,KALINADI AT U/S OF MUZAFFAR NAGAR U.P. | RIVER KALINADI AT U/S OF MUZAFFAR NAGAR U.P.,2019 2020 2021 2022 2023 2024,6,high,,29.474581,77.67095,Medium,ESRI_LIVINGATLAS_WQ_RIVERS_2023,,Muzaffarnagar,monthly,1
WQS1751,"RIVER PILKHAR AT RAMPUR, BHOT(U.P)",UTTAR PRADESH,30000,"RIVER PILKHAR AT RAMPUR, BHOT(U.P)",2022 2023 2024,3,high,,,,Ambiguous / unresolved,ESRI_LIVINGATLAS_WQ_RIVERS_2023,,Rampur,quarterly,1
WQS1752,"RIVER RAMGANGA AT ROAD BRIDGE SHERKOT, DIST.BIJNAUR (U.P.)",INTER-STATE | UTTAR PRADESH,30077,"RAMGANGA AT D/S SHERKOT, KALAGARH (U.P.) | RIVER RAMGANGA AT D/S SHERKOT, KALAGARH (U.P.) | RIVER RAMGANGA AT ROAD BRIDGE SHERKOT, DIST.BIJNAUR (U.P.)",2019 2020 2021 2022 2023 2024,7,high,duplicate of another row with identical values,29.310032,78.63653,Medium,ESRI_LIVINGATLAS_WQ_RIVERS_2023,,Bijnor,quarterly,1
WQS1753,"RIVER RAPTI AT RAJGHAT, GORAKHPUR",UTTAR PRADESH,2491 | 4517,"RAPTI AT RAJGHAT, GORAKHPUR | RIVER RAPTI AT RAJGHAT, GORAKHPUR",2016 2017 2018 2019 2020 2021 2022 2023,8,high,,26.73306,83.34811,Medium,ESRI_LIVINGATLAS_WQ_RIVERS_2023,,Gorakhpur,,2
WQS1754,"RIVER SAI AT JALALPUR, JAUNPUR",UTTAR PRADESH,2484,"RIVER SAI AT JALALPUR, JAUNPUR | SAI AT JALALPUR, JAUNPUR",2016 2017 2018 2019 2020 2021 2022 2023 2024,9,high,,25.629922,82.756208,Medium,ESRI_LIVINGATLAS_WQ_RIVERS_2023,,Jaunpur,monthly,1
WQS1755,"RIVER SONE AT ROAD BRIDGE CHOPAN,DIST-SONEBHADRA (U.P.)",UTTAR PRADESH,30081,"RIVER SONE AT ROAD BRIDGE CHOPAN,DIST-SONEBHADRA (U.P.) | RIVER SONE U/S TO RIHAND, CHOPAN (U.P.)",2021 2022 2023 2024,4,high,,24.53494,83.020042,Medium,ESRI_LIVINGATLAS_WQ_RIVERS_2023,,Sonbhadra,quarterly,1
WQS1756,"RIVER VARUNA AT RAMESHWAR, VARANASI",UTTAR PRADESH,2482,"RIVER VARUNA AT RAMESHWAR, VARANASI | VARUNA AT RAMESHWAR, VARANASI",2016 2017 2018 2019 2020 2021 2022 2023 2024,9,high,,25.386717,82.852628,Medium,ESRI_LIVINGATLAS_WQ_RIVERS_2023,,Varanasi,monthly,1
WQS1757,RIVER VARUNA B/C WITH GANGA AT VARANASI,UTTAR PRADESH,2483,RIVER VARUNA B-C WITH RIVER GANGA AT VARANASI | RIVER VARUNA B/C WITH GANGA AT VARANASI | RIVER VARUNA B/C WITH RIVER GANGA AT VARANASI | VARUNA B/C WITH GANGA AT VARANASI,2016 2017 2018 2019 2020 2021 2022 2023 2024,9,high,,25.332956,83.043393,Medium,ESRI_LIVINGATLAS_WQ_RIVERS_2023,,Varanasi,monthly,1
WQS1758,"RIVER YAMUNA A/C OF CHAMBAL AT SHERGARH, JUHIKA (U.P)",INTER-STATE | UTTAR PRADESH,30033,"RIVER YAMUNA A/C OF CHAMBAL AT SHERGARH, JUHIKA (U.P) | YAMUNA A/C OF CHAMBAL AT SHERGARH, JUHIKA (U.P)",2020 2021 2023 2024,4,high,,26.42834,79.244561,Medium,ESRI_LIVINGATLAS_WQ_RIVERS_2023,Yamuna,Auraiya,quarterly,1
WQS1759,"RIVER YAMUNA AT D/S OF AGRA, U.P.",UTTAR PRADESH,1126,"RIVER YAMUNA AT D/S OF AGRA, U.P. | YAMUNA AT D-S OF AGRA, U.P. | YAMUNA AT D/S OF AGRA, U.P. | YAMUNA D/S AGRA",2016 2017 2018 2019 2020 2021 2022 2023 2024,9,high,,27.17969,78.119555,Medium,ESRI_LIVINGATLAS_WQ_RIVERS_2023,Yamuna,Agra,monthly,1
WQS1760,RIVER YAMUNA AT ETAWAH,UTTAR PRADESH,1127 | 30034,RIVER YAMUNA AT ETAWAH | YAMUNA AT ETAWAH,2016 2020 2021 2023 2024,5,high,,26.744994,78.988315,Medium,ESRI_LIVINGATLAS_WQ_RIVERS_2023,Yamuna,Etawah,quarterly,2
WQS1761,RIVER YAMUNA AT ETAWAH D/S,UTTAR PRADESH,10081,RIVER YAMUNA AT ETAWAH D/S,2020 2021 2023 2024,4,high,,26.601531,79.119907,Medium,ESRI_LIVINGATLAS_WQ_RIVERS_2023,Yamuna,Etawah,monthly,1
WQS1762,RIVER YAMUNA AT HAMIRPUR,UTTAR PRADESH,2283,RIVER YAMUNA AT HAMIRPUR | YAMUNA AT HAMIRPUR,2019 2020 2021 2022 2023 2024,6,high,,25.956967,80.157122,Medium,ESRI_LIVINGATLAS_WQ_RIVERS_2023,Yamuna,Hamirpur,monthly,1
WQS1763,RIVER YAMUNA AT SHAHPUR,UTTAR PRADESH,2493,RIVER YAMUNA AT SHAHPUR | YAMUNA AT SHAHPUR,2016 2017 2018 2019 2020 2021 2022 2023 2024,9,high,,29.604121,77.109833,Medium,ESRI_LIVINGATLAS_WQ_RIVERS_2023,Yamuna,Karnal,monthly,1
WQS1764,RIVER YAMUNA AT UDI,UTTAR PRADESH,10082,RIVER YAMUNA AT UDI,2020 2021 2023 2024,4,high,,26.714524,79.014885,Medium,ESRI_LIVINGATLAS_WQ_RIVERS_2023,Yamuna,Etawah,monthly,1
WQS1765,"SAI AT UNNAO AFTER DRAIN OUTFALL, U.P.",UTTAR PRADESH,1361,"RIVER SAI AT UNNAO AFTER DRAIN OUTFALL | RIVER SAI AT UNNAO AFTER DRAIN OUTFALL, U.P. | SAI AT UNNAO AFTER DRAIN OUTFALL | SAI AT UNNAO AFTER DRAIN OUTFALL, U.P.",2016 2017 2018 2019 2020 2021 2022 2023 2024,9,high,,26.649979,80.793854,Medium,ESRI_LIVINGATLAS_WQ_RIVERS_2023,,Unnao,monthly,1
WQS1766,"SARYU AT AYODHYA AT MAIN BATHING GHAT, U.P.",UTTAR PRADESH,1354,"RIVER SARYU AT AYODHYA AT MAIN BATHING GHAT, U.P. | SARYU AT AYODHYA AT MAIN BATHING GHAT | SARYU AT AYODHYA AT MAIN BATHING GHAT, | SARYU AT AYODHYA AT MAIN BATHING GHAT, U.P.",2016 2017 2018 2019 2020 2022,6,high,,,,Ambiguous / unresolved,,,,,1
WQS1767,"SHUKRA TAL GHAT (CONFLUENCE OF BANGANGA AND SALONI RIVER), MUZAFFARNAGAR,",UTTAR PRADESH,2502,"RIVER BANGANGA SHUKRA TAL, MUZAFFARNAGAR, NEAR GANGA RIVER | SHUKRA TAL GHAT (CONFLUENCE OF BAANGANGA AND SALONI RIVER), MUZAFFARNAGAR, | SHUKRA TAL GHAT (CONFLUENCE OF BANGANGA AND SALONI RIVER), MUZAFFARNAGAR, | SHUKRA TAL, MUZAFFARNAGAR, NEAR GANGA RIVER",2018 2021 2022 2023 2024,5,high,,29.485839,78.058761,Medium,ESRI_LIVINGATLAS_WQ_RIVERS_2023,,Bijnor,monthly,1
WQS1768,"YAMUNA AT AGRA U/S, U.P.",UTTAR PRADESH,1125,"RIVER YAMUNA AT AGRA U/S, U.P. | RIVER YAMUNA AT AGRA U/S, U.P.(KAILASH GHAT) | YAMUNA AT AGRA U-S, U.P. | YAMUNA AT AGRA U/S, U.P. | YAMUNA U/S AGRA",2016 2017 2018 2019 2020 2021 2022 2023 2024,9,high,,27.250657,77.861624,Medium,ESRI_LIVINGATLAS_WQ_RIVERS_2023,Yamuna,Agra,monthly,1
WQS1769,"YAMUNA AT ALLAHABAD D/S (BALUA GHAT), U.P",UTTAR PRADESH,1069,"RIVER YAMUNA AT ALLAHABAD D/S (BALUA GHAT), U.P | RIVER YAMUNA AT PRAYAGRAJ D/S (BALUA GHAT), U.P. | YAMUNA AT ALLAHABAD D/S (BALUA GHAT) | YAMUNA AT ALLAHABAD D/S (BALUA GHAT), U.P",2016 2017 2018 2019 2020 2021 2022 2023 2024,9,high,,25.422471,81.838806,Medium,ESRI_LIVINGATLAS_WQ_RIVERS_2023,Yamuna,Prayagraj,monthly,1
WQS1770,"YAMUNA AT ASGARPUR VILLAGE,U.P",INTER-STATE | UTTAR PRADESH,30030,"RIVER YAMUNA AT ASGARPUR VILLAGE,(YAMUNA GHAT)U.P | RIVER YAMUNA AT ASGARPUR VILLAGE,(yamuna ghat)U.P | RIVER YAMUNA AT ASGARPUR VILLAGE,U.P | YAMUNA AT ASGARPUR VILLAGE,U.P",2020 2021 2023 2024,4,high,,28.517811,77.343608,Medium,ESRI_LIVINGATLAS_WQ_RIVERS_2023,Yamuna,South East,quarterly,1
WQS1771,"YAMUNA AT BATESWAR, U.P",UTTAR PRADESH,1498,"RIVER YAMUNA AT BATESWAR | RIVER YAMUNA AT BATESWAR, U.P | YAMUNA AT BATESWAR | YAMUNA AT BATESWAR, U.P",2016 2017 2018 2019 2020 2021 2022 2023 2024,9,high,,26.932682,78.54366,Medium,ESRI_LIVINGATLAS_WQ_RIVERS_2023,Yamuna,Agra,monthly,1
WQS1772,"YAMUNA AT ETAWAH, U.P.",UTTAR PRADESH,1127,"RIVER YAMUNA AT ETAWAH, U.P. | YAMUNA AT ETAWAH, U.P.",2017 2018 2019 2020 2021 2022 2023 2024,8,medium,,26.752436,79.01967,Medium,ESRI_LIVINGATLAS_WQ_RIVERS_2023,Yamuna,Etawah,monthly,1
WQS1773,"YAMUNA AT JUHIKA B/C WITH CHAMBAL, ETAWAH, U.P",UTTAR PRADESH,1499,"RIVER YAMUNA AT JUHIKA B/C WITH CHAMBAL, ETAWAH, U.P | RIVER YAMUNA AT JUHIKA B/C WITH CHANBAL, ETAWAH, U.P | YAMUNA AT JUHIKA B-C WITH CHAMBAL, ETAWAH, U.P | YAMUNA AT JUHIKA B/C WITH CHAMBAL, ETAWAH, U.P | YAMUNA AT JUHIKA B/C WITH CHANBAL, ETAWAH",2016 2017 2018 2019 2020 2021 2022 2023 2024,9,high,,26.42602,79.478799,Medium,ESRI_LIVINGATLAS_WQ_RIVERS_2023,Yamuna,Jalaun,monthly,1
WQS1774,"YAMUNA AT KESIGHAT, VRINDAVAN",UTTAR PRADESH,2495,"RIVER YAMUNA AT KESIGHAT, VRINDAVAN | YAMUNA AT KESIGHAT, VRINDAVAN",2016 2017 2018 2019 2020 2021 2022 2023 2024,9,high,,27.586087,77.696364,Medium,ESRI_LIVINGATLAS_WQ_RIVERS_2023,Yamuna,Mathura,monthly,1
WQS1775,"YAMUNA AT MATHURA D/S , U.P.",UTTAR PRADESH,1124,"RIVER YAMUNA AT MATHURA D/S , NEAR SHAMSHAN GHAT U.P. | RIVER YAMUNA AT MATHURA D/S , U.P. | YAMUNA AT MATHURA D-S , U.P. | YAMUNA AT MATHURA D/S , U.P. | YAMUNA D/S MATHURA",2016 2017 2018 2019 2020 2021 2022 2023 2024,9,high,,27.443052,77.716133,Medium,ESRI_LIVINGATLAS_WQ_RIVERS_2023,Yamuna,Mathura,monthly,1
WQS1776,"YAMUNA AT MATHURA U/S , U.P.",UTTAR PRADESH,1123,"RIVER YAMUNA AT MATHURA U/S , U.P. | RIVER YAMUNA AT MATHURA U/S ,NEAR GAUGHAT U.P. | YAMUNA AT MATHURA U-S , U.P. | YAMUNA AT MATHURA U/S , U.P. | YAMUNA U/S MATHURA",2016 2017 2018 2019 2020 2021 2022 2023 2024,9,high,,27.564981,77.708718,Medium,ESRI_LIVINGATLAS_WQ_RIVERS_2023,Yamuna,Mathura,monthly,1
WQS1777,"YAMUNA AT MAZAWALI, U.P",HARYANA | UTTAR PRADESH,1497,"RIVER YAMUNA AT RAHIMPUR KA NAGLA, NEAR FLYOVER BRIDGE (MAZAWALI) | RIVER YAMUNA AT RAHIMPUR KA NAGLA, NEAR FLYOVER BRIDGE (MAZAWALI) HARYANA | YAMUNA AT MAZAWALI | YAMUNA AT MAZAWALI, U.P",2016 2017 2018 2019 2020 2021 2022,7,high,,,,Ambiguous / unresolved,,Yamuna,,,1
WQS1778,"YAMUNA AT VISHRAMGHAT, MATHURA",UTTAR PRADESH,2494,"RIVER YAMUNA AT VISHRAMGHAT, MATHURA | YAMUNA AT VISHRAMGHAT, MATHURA",2016 2017 2018 2019 2020 2021 2022 2023 2024,9,high,,27.504755,77.686524,Medium,ESRI_LIVINGATLAS_WQ_RIVERS_2023,Yamuna,Mathura,monthly,1
WQS1779,ALAKNANDA A/C MANDAKINI AT RUDRAPRAYAG,UTTARAKHAND,1486,ALAKNANDA A/C MANDAKINI AT RUDRAPRAYAG | ALKANANDA A/C MANDAKINI AT RUDRAPRAYAG | RIVER ALAKNANDA A/C MANDAKINI AT RUDRAPRAYAG | RIVER ALAKNANDA A/C OF RIVER MANDAKINI AND RIVER ALAKNANDA AT RUDRAPRAYAG,2016 2017 2018 2019 2020 2021 2022 2023 2024,9,high,,30.285854,78.978295,Medium,ESRI_LIVINGATLAS_WQ_RIVERS_2023,Ganga,Rudraprayag,quarterly,1
WQS1780,ALAKNANDA A/C WITH BHAGIRATHI AT DEVPRAYAG,UTTARAKHAND,1489,"ALAKNANDA A/C WITH BHAGIRATHI AT DEVPRAYAG | ALKANANDA A/C WITH BHAGIRATHI AT DEVPRAYAG | RIVER ALAKNANDA A/C WITH BHAGIRATHI AT DEVPRAYAG | RIVER GANGA AFTER CONFLUENCE OF RIVER BHAGIRATHI AND RIVER ALAKNANDA AT DEVPRAYAG ,DIST-TEFRI GARHWAL",2016 2017 2018 2019 2020 2021 2022 2023 2024,9,high,,30.140504,78.597358,Medium,ESRI_LIVINGATLAS_WQ_RIVERS_2023,Ganga,Pauri Garhwal,quarterly,1
WQS1781,ALAKNANDA B/C MANDAKINI AT RUDRA PRAYAG,UTTARAKHAND,1484,ALAKNANDA B/C MANDAKINI AT RUDRA PRAYAG | ALKANANDA B/C MANDAKINI AT RUDRA PRAYAG | RIVER ALAKNANDA B/C MANDAKINI AT RUDRA PRAYAG | RIVER ALAKNANDA B/C TO RIVER MANDAKINI AT RUDRA PRAYAG,2016 2017 2018 2019 2020 2021 2022 2023 2024,9,high,,30.287506,78.985451,Medium,ESRI_LIVINGATLAS_WQ_RIVERS_2023,Ganga,Rudraprayag,quarterly,1
WQS1782,ALAKNANDA B/C TO BHAGIRATHI AT DEVPRAYAG,UTTARAKHAND,1487,"ALAKNANDA B/C TO BHAGIRATHI AT DEVPRAYAG | ALKANANDA B/C TO BHAGIRATHI AT DEVPRAYAG | RIVER ALAKNANDA B/C TO BHAGIRATHI AT DEVPRAYAG | RIVER ALAKNANDA B/C TORIVER BHAGIRATHI AT DEVPRAYAG, | RIVER ALAKNANDA B/C TORIVER BHAGIRATHI AT DEVPRAYAG,DIST-TEHRI GARHWAL",2016 2017 2018 2019 2020 2021 2022 2023 2024,9,high,,30.144753,78.601484,Medium,ESRI_LIVINGATLAS_WQ_RIVERS_2023,Ganga,Tehri Garhwal,quarterly,1
WQS1783,BHAGIRATHI B/C WITH ALAKNANDA AT DEVPRAYAG,UTTARAKHAND,1488,"BHAGIRATHI B/C WITH ALAKNANDA AT DEVPRAYAG | RIVER BHAGIRATHI B/C TO RIVER ALAKNANDA AT DEVPRAYAG,DIST-TEHRI GARHWAL | RIVER BHAGIRATHI B/C WITH ALAKNANDA AT DEVPRAYAG,",2016 2017 2018 2019 2020 2021 2022 2023 2024,9,high,,30.147103,78.598107,Medium,ESRI_LIVINGATLAS_WQ_RIVERS_2023,Ganga,Tehri Garhwal,quarterly,1
WQS1784,BHELLA RIVER AT LOHIYA BRIDGE D/S KASHIPUR,UTTARAKHAND,2735,"BHALLA AT LOHIA BRIDGE D/S KASHIPUR | BHALLA RIVER AT LOHIA BRIDGE D-S KASHIPUR | BHELLA RIVER AT LOHIYA BRIDGE D/S KASHIPUR | RIVER BHELLA D/S OF LOHIYA BRIDGE KASHIPUR,US NAGAR",2016 2017 2018 2019 2020 2022 2023 2024,8,high,,29.146732,78.982975,Medium,ESRI_LIVINGATLAS_WQ_RIVERS_2023,,Udham Singh Nagar,monthly,1
WQS1785,BHELLA RIVER U/S KASHIPUR,UTTARAKHAND,2734,"BHALLA RIVER U-S KASHIPUR | BHALLA U/S KASHIPUR | BHELLA RIVER U/S KASHIPUR | RIVER BHELLA U/S KASHIPUR | RIVER BHELLA U/S OF KASHIPUR,US NAGAR",2016 2017 2018 2019 2020 2021 2022 2023 2024,9,high,,29.206769,78.986242,Medium,ESRI_LIVINGATLAS_WQ_RIVERS_2023,,Udham Singh Nagar,monthly,1
WQS1786,DHELLA RIVER D/S AT THAKURDWARA ALIGANJ ROAD,UTTARAKHAND,2733,"DHELA D/S AT THAKURDWARA ALIGANJ ROAD | DHELA RIVER D-S AT THAKURDWARA ALIGANJ ROAD | DHELLA RIVER D/S AT THAKURDWARA ALIGANJ ROAD | RIVER DHELLA D/S AT THAKURDWARA ALIGANJ ROAD | RIVER DHELLA D/S AT THAKURDWARA ALIGANJ ROAD,US NAGAR",2016 2017 2018 2019 2020 2021 2022 2023 2024,9,high,,29.15049,78.893386,Medium,ESRI_LIVINGATLAS_WQ_RIVERS_2023,,Moradabad,monthly,1
WQS1787,DHELLA RIVER U/S AT KASHIPUR MORADABAD ROAD BRIDGE,UTTARAKHAND,2732,"DHELA RIVER U-S AT KASHIPUR MORADABAD ROAD BRIDGE | DHELA U/S AT KASHIPUR MORADABAD ROAD BRIDGE | DHELLA RIVER U/S AT KASHIPUR MORADABAD ROAD BRIDGE | RIVER DHELLA U/S AT KASHIPUR MORADABAD ROAD BRIDGE | RIVER DHELLA U/S AT KASHIPUR MORADABAD ROAD BRIDGE,US NAGAR",2016 2017 2018 2019 2020 2021 2022 2023 2024,9,high,,29.111195,78.908723,Medium,ESRI_LIVINGATLAS_WQ_RIVERS_2023,,Moradabad,monthly,1
WQS1788,GANGA AT RISHIKESH U/S,UTTARAKHAND,1060,"GANGA AT RISHIKESH U/S | GANGA AT RISHIKESH U/S, | RIVER GANGA AT RISHIKESH U/S, | RIVER GANGA U/S AT LAXMANJHULA,RISHIKESH",2016 2017 2018 2019 2020 2021 2022 2023 2024,9,high,,30.115135,78.307032,Medium,ESRI_LIVINGATLAS_WQ_RIVERS_2023,Ganga,Tehri Garhwal,monthly,1
WQS1789,GOLA RIVER AT HALDWANI,UTTARAKHAND,2728,GOLA AT HALDWANI | GOLA RIVER AT HALDWANI | RIVER GOLA AT HALDWANI,2016 2017 2018 2019 2020 2021 2022 2023 2024,9,high,,29.209064,79.537174,Medium,ESRI_LIVINGATLAS_WQ_RIVERS_2023,,Nainital,monthly,1
WQS1790,JAGJITPUR,UTTARAKHAND,20050,JAGJITPUR,2018,1,single_year,single-year station,29.911639,78.138548,Medium,ESRI_LIVINGATLAS_TS_2020_2025:CPCB,Ganga,Haridwar,,1
WQS1791,KOSHI RIVER AT KASHIPUR BAJPUR ROAD BRIDGE,UTTARAKHAND,2731,"KOSHI RIVER AT KASHIPUR BAJPUR ROAD BRIDGE | KOSI AT KASHIPUR BAJPUR ROAD BRIDGE | KOSI RIVER AT KASHIPUR BAJPUR ROAD BRIDGE | RIVER KOSHI AT KASHIPUR BAJPUR ROAD BRIDGE | RIVER KOSI AT KASHIPUR BAJPUR ROAD BRIDGE,KASHIPUR,US NAGAR",2016 2017 2018 2019 2020 2021 2022 2023 2024,9,high,,29.158694,79.03956,Medium,ESRI_LIVINGATLAS_WQ_RIVERS_2023,,Rampur,monthly,1
WQS1792,LAKKAR GHAT-OXIDATION PONDS,UTTARAKHAND,20049,LAKKAR GHAT- OXIDATION PONDS | LAKKAR GHAT-OXIDATION PONDS,2018 2019,2,high,,,,Ambiguous / unresolved,,Ganga,,,1
WQS1793,PILKHAR RIVER AFTER BILASPUR RAMPUR,UTTARAKHAND,2730,"PILKHAR AFTER BILASPUR RAMPUR | PILKHAR RIVER AFTER BILASPUR RAMPUR | RIVER PILKHAR AFTER BILASPUR RAMPUR | RIVER PILKHAR AT BILASPUR, RAMPUR,US NAGAR",2016 2018 2019 2020 2021 2022 2023 2024,8,high,,,,Ambiguous / unresolved,ESRI_LIVINGATLAS_WQ_RIVERS_2023,,Rampur,monthly,1
WQS1794,RAMGANGA AT D/S KALAGARH DAM (U.K.),INTER-STATE | UTTARAKHAND,30078,"RAMGANGA AT D/S KALAGARH DAM (U.K.) | RIVER RAMGANGA AT D/S KALAGARH DAM (U.K.) | RIVER RAMGANGA AT KALAGARHBARRAGE,KALAGARH, DIST,PAUDHIGADHWAL (U.K.) | RIVER RAMGANGA AT KALAGARHBARRAGE,KALAGARH,DIST,PAUDHIGADHWAL (U.K.)",2019 2020 2021 2022 2023 2024,6,high,,29.515201,78.755946,Medium,ESRI_LIVINGATLAS_WQ_RIVERS_2023,,Pauri Garhwal,quarterly,1
WQS1795,RIVER ALAKNANDA AT BADRINATH,UTTARAKHAND,5452,RIVER ALAKNANDA AT BADRINATH | River Alaknanda at Badrinath,2023 2024,2,high,,30.30765,79.09945,Medium,ESRI_LIVINGATLAS_WQ_RIVERS_2023,Ganga,Rudraprayag,,1
WQS1796,RIVER BANGANGA AT U/S IDRISHPUR (U.K.),UTTAR PRADESH | UTTARAKHAND,30037,BANGANGA AT U/S IDRISHPUR (U.K.) | RIVER BANGANGA AT U/S IDRISHPUR (U.K.),2019 2020 2021 2022 2023 2024,6,high,,,,Ambiguous / unresolved,ESRI_LIVINGATLAS_WQ_RIVERS_2023,,Baghpat,quarterly,1
WQS1797,"RIVER BHAGIRATHI AT GANGOTRI,",UTTARAKHAND,1491,"BHAGIRATHI AT GANGOTARI | BHAGIRATHI AT GANGOTRI | BHAGIRATHI AT GANGOTRI, | RIVER BHAGIRATHI AT GANGOTRI,",2016 2017 2018 2019 2020 2021 2022 2023 2024,9,high,,30.946033,78.688498,Medium,ESRI_LIVINGATLAS_WQ_RIVERS_2023,Ganga,Uttarkashi,yearly,1
WQS1798,RIVER DHELA AT ADAMPUR,UTTARAKHAND,30004,RIVER DHELA AT ADAMPUR,2022 2023 2024,3,high,,,,Ambiguous / unresolved,ESRI_LIVINGATLAS_WQ_RIVERS_2023,,Moradabad,quarterly,1
WQS1799,"RIVER GANGA AFTER CONFLUENCE OF SONG NEAR SATYANARAYAN TEMPLE D/S RAIWALA, DEHRADUN",UTTARAKHAND,2725,"GANGA A/C OFSONG NEAR SATYANARAYAN TEMPLE D/S RAIWALA | GANGA AT A/C OF RIVER SONG NEAR SATYANARAYAN TEMPLE D/S RAIWALA, DEHRADUN | GANGA RIVER A/C SONG NEAR SATYANARAYAN TEMPLE D/S RAIWALA | GANGA RIVER AFTER CONFLUENCE OF RIVER SONG NEAR SATYANARAYAN TEMPLE D/S RAIWALA, DEHRADUN | GANGA RIVER AFTER CONFLUENCE OF RIVER SONG NEAR SATYANARAYAN TEMPLE, D/s RAIWALA, DEHRADUN | RIVER GANGA AFTER CONFLUENCE OF SONG NEAR SATYANARAYAN TEMPLE D/S RAIWALA, DEHRADUN",2016 2017 2018 2019 2020 2021 2022 2023 2024,9,high,,30.019619,78.22939,Medium,ESRI_LIVINGATLAS_WQ_RIVERS_2023,Ganga,Dehradun,monthly,1
WQS1800,RIVER GANGA AT HAR-KI-PAURI GHAT,UTTARAKHAND,10148,RIVER GANGA AT HAR KI PAURI GHAT | RIVER GANGA AT HAR- KI-PAURI GHAT | RIVER GANGA AT HAR-KI-PAURI GHAT,2017 2018 2019 2020 2021 2022 2023 2024,8,high,,29.943552,78.166796,Medium,ESRI_LIVINGATLAS_WQ_RIVERS_2023,Ganga,Haridwar,monthly,1
WQS1801,RIVER GANGA AT SULTANPUR (UTTARAKHAND),INTER-STATE | UTTARAKHAND,30005,GANGA AT SULTANPUR (UTTARAKHAND) | RIVER GANGA AT SULTANPUR (UTTARAKHAND),2020 2021 2022 2023 2024,5,high,,29.641083,78.10175,High,CPCB_NGT_GANGA_7,Ganga,,quarterly,1
WQS1802,"RIVER GANGA AT SWARG ASHRAM ,RISHIKESH",UTTARAKHAND,5776,"RIVER GANGA AT SWARG ASHRAM ,RISHIKESH",2023 2024,2,high,,30.11621,78.30995,Medium,ESRI_LIVINGATLAS_WQ_RIVERS_2023,Ganga,Pauri Garhwal,,1
WQS1803,"RIVER GANGA D/S AT BALKUMARI MANDIR, AJEETPUR, HARIDWAR",UTTARAKHAND,1061,"GANGA AT HARIDWAR D/S | GANGA AT HARIDWAR D/S, UPPER GANGA CANAL D/S BALKUMARI MANDIR, | GANGA AT HARIDWAR D/S, UPPER GANGA CANAL D/S BALKUMARI MANDIR, AJEETPUR, HARIDWAR | GANGA D/S HARIDWAR | RIVER GANGA AT HARIDWAR D/S, UPPER GANGA CANAL D/S BALKUMARI MANDIR, AJEETPUR, HARIDWAR | RIVER GANGA D/S AT BALKUMARI MANDIR, AJEETPUR, HARIDWAR",2016 2017 2018 2019 2020 2021 2022 2023 2024,9,high,,29.945254,78.164675,Medium,ESRI_LIVINGATLAS_WQ_RIVERS_2023,Ganga,Haridwar,monthly,1
WQS1804,RIVER GANGA D/S RISHIKESH,UTTARAKHAND,10147,"RIVER GANGA D/S AT BAIRAAJ,RISHIKESH | RIVER GANGA D/S RISHIKESH",2017 2018 2019 2020 2021 2022 2023 2024,8,high,,30.0305,78.245833,Medium,ESRI_LIVINGATLAS_WQ_RIVERS_2023,Ganga,Dehradun,monthly,1
WQS1805,"RIVER GANGA NEAR BISHANPUR KUNDI, HARIDWAR",UTTARAKHAND,5778,"RIVER GANGA NEAR BISHANPUR KUNDI, HARIDWAR",2023 2024,2,high,,29.95801,78.17587,Medium,ESRI_LIVINGATLAS_WQ_RIVERS_2023,Ganga,Haridwar,,1
WQS1806,"RIVER GANGA NEAR VISTHAPHIT COLONY, RISHIKESH",UTTARAKHAND,5777,"RIVER GANGA NEAR VISTHAPHIT COLONY, RISHIKESH",2023 2024,2,high,,30.12168,78.30988,Medium,ESRI_LIVINGATLAS_WQ_RIVERS_2023,Ganga,Tehri Garhwal,,1
WQS1807,"RIVER GANGA U/S HARIDWAR AT ABINDUGHAT, DUDHIYABAD, HARIDWAR",UTTARAKHAND,3997,"RIVER GANGA U/S AT ABINDUGHAT, DUDHIYABAD, HARIDWAR | RIVER GANGA U/S HARIDWAR AT ABINDUGHAT, DUDHIYABAD, HARIDWAR",2017 2020 2021 2022 2023 2024,6,high,,29.945445,78.165028,Medium,ESRI_LIVINGATLAS_WQ_RIVERS_2023,Ganga,Haridwar,monthly,1
WQS1808,"RIVER KALYANI D/S OF PANTNAGAR INDUSTRIAL AREA, US NAGAR",UTTARAKHAND,3439,"KALYANI RIVER AT D-S PANTNAGAR INDUSTRIAL AREA, US NAGAR | KALYANI RIVER AT D/S PANTNAGAR INDUSTRIAL AREA, US NAGAR | KALYANI RIVER AT D/S PANTNAGAR INDUSTRIAL AREA, Us NAGAR | RIVER KALYANI AT D/S PANTNAGAR INDUSTRIAL AREA, US NAGAR | RIVER KALYANI D/S OF PANTNAGAR INDUSTRIAL AREA, US NAGAR",2018 2019 2020 2021 2022 2023 2024,7,high,,28.932,79.388,Medium,ESRI_LIVINGATLAS_WQ_RIVERS_2023,,Rampur,monthly,1
WQS1809,"RIVER KALYANI U/S OF PANTNAGAR INDUSRIAL AREA, US NAGAR",UTTARAKHAND,3438,"KALYANI RIVER AT U/S PANTNAGAR INDL AREA, US NAGAR | KALYANI RIVER AT U/S PANTNAGAR INDL AREA, Us NAGAR | RIVER KALYANI AT U/S PANTNAGAR INDL AREA, US NAGAR | RIVER KALYANI U/S OF PANTNAGAR INDUSRIAL AREA, US NAGAR",2019 2020 2021 2022 2023 2024,6,high,,28.978,79.399,Medium,ESRI_LIVINGATLAS_WQ_RIVERS_2023,,Udham Singh Nagar,monthly,1
WQS1810,RIVER KICCHA AT PULL BHATTA,UTTARAKHAND,30003,RIVER KICCHA AT PULL BHATTA,2022 2023 2024,3,high,,28.883225,79.51601,Medium,ESRI_LIVINGATLAS_WQ_RIVERS_2023,,Udham Singh Nagar,quarterly,1
WQS1811,RIVER KICHHA AT KICHHA U.S. NAGAR,UTTARAKHAND,2729,KICHHA AT KICHHA U.S. NAGAR | KICHHA RIVER AT KICHHA U.S. NAGAR | RIVER KICHHA AT KICHHA U.S. NAGAR,2016 2018 2019 2020 2021 2022 2023 2024,8,high,,28.899748,79.525623,Medium,ESRI_LIVINGATLAS_WQ_RIVERS_2023,,Udham Singh Nagar,monthly,1
WQS1812,"RIVER KOSI AT DADIYAL BRIDGE, UTTRAKHAND",UTTARAKHAND,30002,"RIVER KOSI AT DADIYAL BRIDGE, UTTRAKHAND",2022 2023 2024,3,high,,29.05287,79.020123,Low,ESRI_LIVINGATLAS_WQ_RIVERS_2023,,Rampur,quarterly,1
WQS1813,RIVER MANDAKINI AT KEDARNATH,UTTARAKHAND,5451,RIVER MANDAKINI AT KEDARNATH | River Mandakini at Kedarnath,2023 2024,2,high,,30.73746,79.06681,Medium,ESRI_LIVINGATLAS_WQ_RIVERS_2023,Ganga,Rudraprayag,,1
WQS1814,"RIVER MANDAKINI B/C TO RIVER ALKALNADA AT RUDRAPRAYAG,",UTTARAKHAND,1485,"MANDAKINI B/C ALAKLNADA AT RUDRAPRAYAG | MANDAKINI B/C ALAKLNADA AT RUDRAPRAYAG, | MANDAKINI B/C ALAKNANDA AT RUDRAPRAYAG | MANDAKINI B/C ALKALNADA AT RUDRAPRAYAG | MANDAKINI B/C ALKALNADA AT RUDRAPRAYAG, | RIVER MANDAKINI B/C ALKALNADA AT RUDRAPRAYAG, | RIVER MANDAKINI B/C TO RIVER ALKALNADA AT RUDRAPRAYAG,",2016 2017 2018 2019 2020 2021 2022 2023 2024,9,high,,30.290028,78.979932,Medium,ESRI_LIVINGATLAS_WQ_RIVERS_2023,Ganga,Rudraprayag,quarterly,1
WQS1815,"RIVER NANDOUR D/S AT SITARGANJ INDUSTRIAL AREA, US NAGAR",UTTARAKHAND,2737,"NANDAUR D/S SITARGANJ INDUSTRIAL AREA, US NAGAR | NANDAUR RIVER D-S SITARGANJ INDUSTRIAL AREA, US NAGAR | NANDOUR RIVER D/S SITARGANJ INDUSTRIAL AREA, US NAGAR | NANDOUR RIVER D/S SITARGANJ INDUSTRIAL AREA, Us NAGAR | RIVER NANDOUR D/S AT SITARGANJ INDUSTRIAL AREA, US NAGAR | RIVER NANDOUR D/S SITARGANJ INDUSTRIAL AREA, US NAGAR",2016 2018 2019 2020 2021 2022 2023 2024,8,high,,28.91,79.691,Medium,ESRI_LIVINGATLAS_WQ_RIVERS_2023,,Udham Singh Nagar,monthly,1
WQS1816,"RIVER NANDOUR U/S AT SITARGANJ INDUSTRIAL AREA, US NAGAR",UTTARAKHAND,2736,"NANDAUR RIVER U/S SITARGANJ INDUSTRIAL AREA, US NAGAR | NANDAUR U/S SITARGANJ INDUSTRIAL AREA, US NAGAR | NANDOUR RIVER U/S SITARGANJ INDUSTRIAL AREA, US NAGAR | NANDOUR RIVER U/S SITARGANJ INDUSTRIAL AREA, Us NAGAR | RIVER NANDOUR U/S AT SITARGANJ INDUSTRIAL AREA, US NAGAR | RIVER NANDOUR U/S SITARGANJ INDUSTRIAL AREA, US NAGAR",2016 2018 2019 2020 2021 2022 2023 2024,8,high,,28.957324,79.692169,Medium,ESRI_LIVINGATLAS_WQ_RIVERS_2023,,Udham Singh Nagar,monthly,1
WQS1817,"RIVER SUSWA AT MATHURAWALA, DEHRADUN",UTTARAKHAND,2724,"RIVER SUSWA AT MATHURAWALA, DEHRADUN | SUSWA AT MOTHRAWALA, DEHRADUN | SUSWA RIVER AT MATHURAWALA, DEHRADUN | SUSWA RIVER AT MOTHRAWALA, DEHRADUN",2016 2017 2019 2020 2021 2022 2023 2024,8,high,,30.25,78.016667,Medium,ESRI_LIVINGATLAS_WQ_RIVERS_2023,,Dehradun,monthly,1
WQS1818,RIVER TONS AT HARIPUR (U.K.),INTER-STATE | UTTARAKHAND,30023,RIVER TONS AT HARIPUR (U.K.) | TONS AT HARIPUR (U.K.),2019 2020 2021 2022 2023 2024,6,high,,30.517139,77.818659,Medium,ESRI_LIVINGATLAS_WQ_RIVERS_2023,,Sirmaur,quarterly,1
WQS1819,RIVER YAMUNA AT DAK PATHER (UTTARAKHAND),INTER-STATE | UTTARAKHAND,30025,RIVER YAMUNA AT DAK PATHER (UTTARAKHAND) | YAMUNA AT DAK PATHER (UTTARAKHAND),2020 2021 2023 2024,4,high,,30.504457,77.79621,Medium,ESRI_LIVINGATLAS_WQ_RIVERS_2023,Yamuna,Sirmaur,quarterly,1
WQS1820,SWARG-ASHRAM -1,UTTARAKHAND,20048,SWARG ASHRAM-1 | SWARG-ASHRAM -1,2018 2019,2,high,,30.116167,78.310696,Medium,ESRI_LIVINGATLAS_TS_2020_2025:CPCB,Ganga,Tehri Garhwal,,1
WQS1821,"UPPER GANGA CANAL D/S AT ROORKEE, HARIDWAR",UTTARAKHAND,2727,"RIVER GANGA AT UPPER GANGA CANAL D/S ROORKEE, HARIDWAR | UPPER GANGA CANAL D/S AT ROORKEE, HARIDWAR | UPPER GANGA D/S ROORKEE | UPPER GANGA RIVER D/S ROORKEE",2016 2018 2019 2021 2022 2023 2024,7,high,,29.81393,77.87052,Medium,ESRI_LIVINGATLAS_WQ_RIVERS_2023,Ganga,Haridwar,,1
WQS1822,YAMUNA AT HANUMANCHATTI,UTTARAKHAND,1493,RIVER YAMUNA AT HANUMANCHATTI | YAMUNA AT HANUMANCHATTI,2016 2017 2018 2019 2020 2021 2022 2023 2024,9,high,,30.932423,78.400244,Medium,ESRI_LIVINGATLAS_WQ_RIVERS_2023,Yamuna,Uttarkashi,yearly,1
WQS1823,YAMUNA AT U/S DAK PATTHAR,UTTARAKHAND,1490,"RIVER YAMUNA AT U/S DAK PATHER, | RIVER YAMUNA AT U/S DAKPATHER, DEHRADUN | YAMUNA AT U/S DAK PATHER, | YAMUNA AT U/S DAK PATTHAR",2016 2017 2018 2019 2020 2021 2022 2023 2024,9,high,,30.498618,77.803498,Medium,ESRI_LIVINGATLAS_WQ_RIVERS_2023,Yamuna,Dehradun,quarterly,1
WQS1824,YAMUNA AT U/S OF LAKHWAR DAM,UTTARAKHAND,1494,RIVER YAMUNA AT U/S OF LAKHWAR DAM | YAMUNA AT U/S OF LAKHWAR DAM | YAMUNA U/S OF LAKHWAR DAM,2016 2017 2018 2019 2020 2021 2022 2023 2024,9,high,,30.518822,77.949536,Medium,ESRI_LIVINGATLAS_WQ_RIVERS_2023,Yamuna,Dehradun,quarterly,1
WQS1825,YAMUNA AT YAMUNOTRI,UTTARAKHAND,1492,RIVER YAMUNA AT YAMUNOTRI | YAMUNA AT YAMUNOTRI,2016 2017 2018 2019 2020 2021 2022 2023 2024,9,high,,30.976465,78.438614,Medium,ESRI_LIVINGATLAS_WQ_RIVERS_2023,Yamuna,Uttarkashi,yearly,1
WQS1826,CHURNI D/S OF SANTIPUR TOWN,WEST BENGAL,1764,"CHURNI D-S OF SANTIPUR TOWN, WEST BENGAL | CHURNI D/S OF SANTIPUR TOWN",2016 2018,2,medium,,,,Ambiguous / unresolved,,,,,1
WQS1827,"D/S OF TARAPITH ON RIVER DWARKA, SATIGHAT",WEST BENGAL,2532,"D-S OF TARAPITH ON RIVER DWARKA, SATIGHAT | D/S OF TARAPITH ON RIVER DWARKA, SATIGHAT | DWARKA , D/S OF TARAPITH, AT SATIGHAT | RIVER D/S OF TARAPITH ON DWARKA, SATIGHAT | RIVER DWARKA AT D/S OF TARAPITH, SATIGHAT",2016 2018 2019 2020 2021 2022 2023 2024,9,high,station listed twice in year with different values,24.111261,87.794355,Medium,ESRI_LIVINGATLAS_WQ_RIVERS_2023,,Birbhum,monthly,1
WQS1828,"DAMODAR AT HALDIA D/S (2 KM AWAY FROM HALDIA TOWN), WEST BENGAL",WEST BENGAL,1335,"DAMODAR AT HALDIA D/S (2 KM AWAY FROM HALDIA TOWN), WEST BENGAL",2018,1,single_year,single-year station,,,Ambiguous / unresolved,,,,,1
WQS1829,GANGA AT PALTA,WEST BENGAL,1054,GANGA AT PALTA | GANGA AT PALTA WEST BENGAL | RIVER GANGA AT PALTA WEST BENGAL,2016 2017 2018 2019 2020 2021 2022 2023 2024,9,high,,22.780189,88.3338,Medium,ESRI_LIVINGATLAS_WQ_RIVERS_2023,Ganga,North 24 Parganas,monthly,1
WQS1830,GORABAZAR,WEST BENGAL,10160,GORABAZAR,2018,1,single_year,single-year station,,,Ambiguous / unresolved,,Ganga,,,1
WQS1831,"HOOGHLY, DURGACHAK, NEAR PATHIKALI",WEST BENGAL,1335,"HOOGHLY, DURGACHAK, NEAR PATHIKALI",2016,1,single_year,single-year station,,,Ambiguous / unresolved,,,,,1
WQS1832,"MATHA BHANGA, GOBINDAPUR",WEST BENGAL,2517,"MATHA BHANGA, GOBINDAPUR | RIVER MATHA BHANGA, GOBINDAPUR, NADIA | RIVER MATHABHANGA, GOBINDAPUR, NADIA",2016 2018 2021 2022 2023 2024,6,high,,26.383597,89.195381,Medium,ESRI_LIVINGATLAS_WQ_RIVERS_2023,,Cooch Behar,monthly,1
WQS1833,RIVER BALASON AT KHAPRAIL MORE,WEST BENGAL,4722,RIVER BALASON AT KHAPRAIL MORE,2023 2024,2,high,,26.719973,88.377354,Medium,ESRI_LIVINGATLAS_WQ_RIVERS_2023,,Darjeeling,monthly,1
WQS1834,"RIVER BARAKAR AT ASANSOL (WATER INTAKE POINT), BURDWAN,WEST BENGAL",WEST BENGAL,1336,"BARAKAR AT ASANSOL (WATER INTAKE POINT) | BARAKAR AT ASANSOL (WATER INTAKE POINT), WEST BENGAL | RIVER BARAKAR AT ASANSOL (WATER INTAKE POINT), BURDWAN,WEST BENGAL",2016 2018 2021 2022 2023 2024,6,high,,23.721689,86.801628,Medium,ESRI_LIVINGATLAS_WQ_RIVERS_2023,,Dhanbad,monthly,1
WQS1835,RIVER CHURNI AT BIJOYPUR (WEST BENGAL),WEST BENGAL,30064,RIVER CHURNI AT BIJOYPUR (WEST BENGAL),2021,1,single_year,single-year station,,,Ambiguous / unresolved,,,,,1
WQS1836,"RIVER CHURNI AT GADE BORDER (BANGLADESH - INDIA BORDER), NADIA, WEST BENGAL",WEST BENGAL,30091,"RIVER CHURNI AT GADE BORDER (BANGLADESH - INDIA BORDER), NADIA, WEST BENGAL",2021,1,single_year,single-year station,,,Ambiguous / unresolved,,,,,1
WQS1837,"RIVER CHURNI D/S OF RANAGHAT TOWN, WEST BENGAL",WEST BENGAL,1764,"CHURNI D/S OF RANAGHAT TOWN, | CHURNI D/S OF RANAGHAT TOWN, WEST BENGAL | RIVER CHURNI D/S OF RANAGHAT TOWN, WEST BENGAL",2019 2020 2021 2022 2023 2024,6,medium,,23.177966,88.558164,Medium,ESRI_LIVINGATLAS_WQ_RIVERS_2023,,Nadia,monthly,1
WQS1838,"RIVER CHURNI, MAJHADIA, NADIA",WEST BENGAL,2518,"CHURNI, MAJHADIA | CHURNI, MAJHADIA, NADIA | RIVER CHURNI, MAJHADIA, NADIA",2016 2018 2019 2020 2021 2022 2023 2024,8,high,,23.197644,88.573014,Medium,ESRI_LIVINGATLAS_WQ_RIVERS_2023,,Nadia,monthly,1
WQS1839,RIVER D/S OF BIDYADHARI AT MALANCHA BURNING GHAT,WEST BENGAL,2550,D-S OF VINDYADHARI RIVER AT MALANCHA BURNING GHAT | RIVER BINDYADHARI AT D/S OF MALANCHA BURNING GHAT | RIVER D/S OF BIDYADHARI AT MALANCHA BURNING GHAT | VINDYADHARI D/S MALANCHA BURNING GHAT,2016 2018 2021 2022 2023 2024,6,high,,22.507942,88.775997,Medium,ESRI_LIVINGATLAS_WQ_RIVERS_2023,,North 24 Parganas,monthly,1
WQS1840,"RIVER D/S OF KANSI AT MIDNAPORE, NEAR NEW HANUMAN MANDIR, GANDHIGHAT, MEDINIPORE(W)",WEST BENGAL,2507,"D-S OF KANSI AT MIDNAPORE, NEAR NEW HANUMAN MANDIR, GANDHIGHAT | KANSI, D/S MIDNAPORE, NEAR NEW HANUMAN MANDIR, GANDHIGHAT | RIVER D/S OF KANSI AT MIDNAPORE, NEAR NEW HANUMAN MANDIR, GANDHIGHAT, MEDINIPORE(W) | RIVER KANSI D/S OF MIDNAPORE, NEAR NEW HANUMAN MANDIR, GANDHIGHAT, MEDINIPORE(W)",2016 2018 2021 2022 2023 2024,6,high,,22.40088,87.341394,Medium,ESRI_LIVINGATLAS_WQ_RIVERS_2023,,Paschim Medinipur,monthly,1
WQS1841,"RIVER D/S OF RUPNARAYAN AT KOLAGHAT, NEAR KOLAGHAT RAIL BRIDGE NO.3,MEDINIPORE",WEST BENGAL,2509,"D-S OF RUPNARAYAN AT KOLAGHAT, NEAR KOLAGHAT RAIL BRIDGE NO.3 | D/S OF RUPNARAYAN AT KOLAGHAT, NEAR KOLAGHAT RAIL BRIDGE NO.3,MEDINIPORE | D/S OF RUPNARAYAN AT KOLAGHAT, NEAR KOLAGHAT RAIL BRIDGE NO.3,MEDINIPORE€ | RIVER D/S OF RUPNARAYAN AT KOLAGHAT, NEAR KOLAGHAT RAIL BRIDGE NO.3,MEDINIPORE | RIVER D/S OF RUPNARAYAN AT KOLAGHAT, NEAR KOLAGHAT RAIL BRIDGE NO.3,MEDINIPOREÂ€ | RUPNARAYAN , D/S AT KOLAGHAT, NEAR KOLAGHAT RAIL BRIDGE NO.3",2016 2018 2019 2020 2021 2022 2023 2024,8,high,,22.437711,87.880747,Medium,ESRI_LIVINGATLAS_WQ_RIVERS_2023,,Purba Medinipur,monthly,1
WQS1842,"RIVER D/S OF SILABATI AT GHATAL, MEDINIPORE(W)",WEST BENGAL,2508,"D-S OF SILABATI AT GHATAL, | RIVER D/S OF SILABATI AT GHATAL, MEDINIPORE(W) | SILABATI, D/S AT GHATAL",2016 2018 2022 2023 2024,5,high,,22.666078,87.744922,Medium,ESRI_LIVINGATLAS_WQ_RIVERS_2023,,Paschim Medinipur,monthly,1
WQS1843,"RIVER DAMODAR AT ANDAL D/S, BURDWAN",WEST BENGAL,10108,"RIVER DAMODAR AT ANDAL D/S, BURDWAN",2019 2020 2021 2022 2023 2024,6,high,,23.524931,87.244592,Medium,ESRI_LIVINGATLAS_WQ_RIVERS_2023,,Paschim Bardhaman,monthly,1
WQS1844,"RIVER DAMODAR AT ANDAL U/S, BURDWAN",WEST BENGAL,10107,"RIVER DAMODAR AT ANDAL U/S, BURDWAN",2019 2020 2021 2022 2023 2024,6,high,,23.583292,87.104001,Medium,ESRI_LIVINGATLAS_WQ_RIVERS_2023,,Bankura,monthly,1
WQS1845,"RIVER DAMODAR AT ASANSOL U/S, BURDWAN",WEST BENGAL,10109,"RIVER DAMODAR AT ASANSOL U/S, BURDWAN",2019 2020 2021 2022 2023 2024,6,high,,23.683818,86.829122,Medium,ESRI_LIVINGATLAS_WQ_RIVERS_2023,,Purulia,monthly,1
WQS1846,"RIVER DAMODAR AT D/S OF IISCO AFTER 3RD OUTFALL AT DHENNA VILLAGE, BURDWAN,WEST BENGAL",WEST BENGAL,1332,"DAMODAR AT D/S OF IISCO AFTER 3RD OUTFALL AT DHENNA VILLAGE | DAMODAR AT D/S OF IISCO AFTER 3RD OUTFALL AT DHENNA VILLAGE, BURDWAN,WEST BENGAL | DAMODAR AT D/S OF IISCO AFTER 3RD OUTFALL AT DHENNA VILLAGE, WEST BENGAL | RIVER DAMODAR AT D/S OF IISCO AFTER 3RD OUTFALL AT DHENNA VILLAGE, BURDWAN,WEST BENGAL",2016 2018 2019 2020 2021 2022 2023 2024,8,high,,23.646961,86.897068,Medium,ESRI_LIVINGATLAS_WQ_RIVERS_2023,,Purulia,monthly,1
WQS1847,RIVER DAMODAR AT DISHERGARH (WEST BENGAL),WEST BENGAL,30065,RIVER DAMODAR AT DISHERGARH (WEST BENGAL),2021 2022 2023 2024,4,high,,23.685334,86.823224,Medium,ESRI_LIVINGATLAS_WQ_RIVERS_2023,,Purulia,quarterly,1
WQS1848,"RIVER DAMODAR AT DISHERGARH VILL.(NR.BIHAR-WEST BENGAL BORDER) , BURDWAN,WEST BENGAL",WEST BENGAL,1331,"DAMODAR AT DISHERGARH VILL.(NR.BIHAR-WEST BENGAL BORDER) | DAMODAR AT DISHERGARH VILL.(NR.BIHAR-WEST BENGAL BORDER) , BURDWAN | DAMODAR AT DISHERGARH VILL.(NR.JHARKHAND-WEST BENGAL BORDER) , BURDWAN,WEST BENGAL | RIVER DAMODAR AT DISHERGARH VILL.(NR.BIHAR- WEST BENGAL BORDER) , BURDWAN,WEST BENGAL | RIVER DAMODAR AT DISHERGARH VILL.(NR.BIHAR-WEST BENGAL BORDER) , BURDWAN,WEST BENGAL",2016 2019 2020 2021 2022 2023 2024,7,high,,23.685031,86.823472,Medium,ESRI_LIVINGATLAS_WQ_RIVERS_2023,,Purulia,monthly,1
WQS1849,"RIVER DAMODAR AT DURGAPUR U/S, BURDWAN",WEST BENGAL,10110,"RIVER DAMODAR AT DURGAPUR U/S, BURDWAN",2019 2020 2021 2022 2023 2024,6,high,,23.574011,87.117749,Medium,ESRI_LIVINGATLAS_WQ_RIVERS_2023,,Bankura,monthly,1
WQS1850,"RIVER DAMODAR AT NARAINPUR AFTER CONFL. OF NUNIA NALLAH, BURDWAN,WEST BENGAL",WEST BENGAL,1333,"DAMODAR AT NARAINPUR A/C OF NUNIA NALLAH | DAMODAR AT NARAINPUR AFTER CONFL. OF NUNIA NALLAH, BURDWAN,WEST BENGAL | DAMODAR AT NARAINPUR AFTER CONFL. OF NUNIA NALLAH, WEST BENGAL | RIVER DAMODAR AT NARAINPUR AFTER CONFL. OF NUNIA NALLAH, BURDWAN,WEST BENGAL",2016 2018 2019 2020 2021 2022 2023 2024,8,high,,23.584399,87.103495,Medium,ESRI_LIVINGATLAS_WQ_RIVERS_2023,,Bankura,monthly,1
WQS1851,"RIVER DAMODAR AT RANIGANJ D/S, BURDWAN",WEST BENGAL,10111,"RIVER DAMODAR AT RANIGANJ D/S, BURDWAN",2019 2020 2021 2022 2023 2024,6,high,,23.568689,87.141651,Medium,ESRI_LIVINGATLAS_WQ_RIVERS_2023,,Bankura,monthly,1
WQS1852,"RIVER DAMODAR NEAR MUJHER MANA VILLAGE AFTER CONF. OF TAMLA NALLAH, BURDWAN,WEST BENGAL",WEST BENGAL,1334,"DAMODAR NEAR MUJHER MANA VILLAGE A/C OF TAMLA NALLAH | DAMODAR NEAR MUJHER MANA VILLAGE AFTER CONF. OF TAMLA NALLAH, BURDWAN | DAMODAR NEAR MUJHER MANA VILLAGE AFTER CONF. OF TAMLA NALLAH, WEST BENGAL | DAMODAR NEAR MUJHER MANA VILLAGE AFTER CONF. OF TAmLA NALLAH, BURDWAN,WEST BENGAL | RIVER DAMODAR NEAR MUJHER MANA VILLAGE AFTER CONF. OF TAMLA NALLAH, BURDWAN,WEST BENGAL",2016 2018 2019 2020 2021 2022 2023 2024,8,high,,23.429785,87.364995,Medium,ESRI_LIVINGATLAS_WQ_RIVERS_2023,,Bankura,monthly,1
WQS1853,"RIVER DWARAKESHWAR WATER INTAKE POINT FOR BANKURA TOWN ON DWARAKESHWAR, BANKURA",WEST BENGAL,2541,"DWARAKESHWAR AT WATER INTAKE POINT FOR BANKURA TOWN ON RIVER DWARAKESHWAR, BANKURA | DWARAKESHWAR WATER INTAKE POINT FOR BANKURA TOWN | RIVER DWARAKESHWAR AT WATER INTAKE POINT FOR BANKURA TOWN | RIVER DWARAKESHWAR WATER INTAKE POINT FOR BANKURA TOWN ON DWARAKESHWAR, BANKURA | WATER INTAKE POINT FOR BANKURA TOWN ON RIVER DWARAKESHWAR | WATER INTAKE POINT FOR BANKURA TOWN ON RIVER DWARAKESHWAR, BANKURA",2016 2018 2019 2020 2021 2022 2023 2024,9,high,station listed twice in year with different values,23.213568,87.076517,Medium,ESRI_LIVINGATLAS_WQ_RIVERS_2023,,Bankura,monthly,1
WQS1854,"RIVER GANGA AT BAHARAMPORE, MURSHIDABAD, WEST BENGAL",WEST BENGAL,1080,"GANGA AT BAHARAMPORE | GANGA AT BAHARAMPORE, MURSHIDABAD, | GANGA AT BAHARAMPORE, MURSHIDABAD, WEST BENGAL | RIVER GANGA AT BAHARAMPORE, MURSHIDABAD, WEST BENGAL",2016 2017 2018 2019 2020 2021 2022 2023 2024,9,high,,24.100312,88.244054,Medium,ESRI_LIVINGATLAS_WQ_RIVERS_2023,Ganga,Murshidabad,monthly,1
WQS1855,"RIVER GANGA AT BEHRAMPORE(KHAGRA), MURSHIDABAD",WEST BENGAL,10159,"KHAGRA | RIVER GANGA AT BEHRAMPORE (KHAGRA) MURSHIDABAD | RIVER GANGA AT BEHRAMPORE(KHAGRA), MURSHIDABAD",2018 2019 2020 2021 2022 2023 2024,7,high,,24.100623,88.243263,High,CPCB_NGT_GANGA_7,Ganga,,monthly,1
WQS1856,"RIVER GANGA AT BEHRAMPORE, (GORA BAZAR),MURSHIDABAD",WEST BENGAL,10160,"RIVER GANGA AT BEHRAMPORE (GORA BAZAR) MURSHIDABAD | RIVER GANGA AT BEHRAMPORE, (GORA BAZAR),MURSHIDABAD",2019 2020 2021 2022 2023 2024,6,medium,,24.101003,88.243238,Medium,ESRI_LIVINGATLAS_WQ_RIVERS_2023,Ganga,Murshidabad,monthly,1
WQS1857,"RIVER GANGA AT DAKSHMINESHWAR, KOLKATA, WEST BENGAL",WEST BENGAL,1053,"GANGA AT DAKSHINESHWAR | GANGA AT DAKSHMINESHWAR, KOLKATA, WEST BENGAL | RIVER GANGA AT DAKSHMINESHWAR, KOLKATA, WEST BENGAL",2016 2017 2018 2019 2020 2021 2022 2023 2024,9,high,,22.653061,88.357589,Medium,ESRI_LIVINGATLAS_WQ_RIVERS_2023,Ganga,North 24 Parganas,monthly,1
WQS1858,"RIVER GANGA AT DIAMOND HARBOUR, 24 PARGANAS (S)WEST BENGAL",WEST BENGAL,1469,"GANGA AT DIAMOND HARBOUR | GANGA AT DIAMOND HARBOUR, 24 PARGANAS (S)WEST BENGAL | RIVER GANGA AT DIAMOND HARBOUR, 24 PARGANAS (S)WEST BENGAL",2016 2017 2018 2019 2020 2021 2022 2023 2024,9,high,,22.183389,88.186222,High,CPCB_NGT_GANGA_7,Ganga,,monthly,1
WQS1859,"RIVER GANGA AT FARAKKA, MUSHIDABAD",WEST BENGAL,5162,"RIVER GANGA AT FARAKKA, MUSHIDABAD",2022 2023 2024,3,high,,24.80566,87.93557,Medium,ESRI_LIVINGATLAS_WQ_RIVERS_2023,Ganga,Malda,,1
WQS1860,"RIVER GANGA AT GARDEN REACH, KOLKATA, WEST BENGAL",WEST BENGAL,1470,"GANGA AT GARDEN REACH | GANGA AT GARDEN REACH, KOLKATA, WEST BENGAL | RIVER GANGA AT GARDEN REACH, KOLKATA, WEST BENGAL",2016 2017 2018 2019 2020 2021 2022 2023 2024,9,high,,22.549717,88.296125,Medium,ESRI_LIVINGATLAS_WQ_RIVERS_2023,Ganga,Kolkata,monthly,1
WQS1861,RIVER GANGA AT HOWRAH-SHIVPUR WEST BENGAL,WEST BENGAL,1471,GANGA AT HOWRAH-SHIVPUR | GANGA AT HOWRAH-SHIVPUR WEST BENGAL | RIVER GANGA AT HOWRAH-SHIVPUR WEST BENGAL,2016 2017 2018 2019 2020 2021 2022 2023 2024,9,high,,22.558292,88.324394,Medium,ESRI_LIVINGATLAS_WQ_RIVERS_2023,Ganga,Howrah,monthly,1
WQS1862,"RIVER GANGA AT PALTA, SHITALTALA,",WEST BENGAL,10161,"PALTA SHITLATALA | RIVER GANGA AT PALTA, SHITALTALA,",2018 2019 2020 2021 2022 2023 2024,7,high,,22.774972,88.334278,Medium,ESRI_LIVINGATLAS_WQ_RIVERS_2023,Ganga,North 24 Parganas,monthly,1
WQS1863,RIVER GANGA AT PATIKALI NEAR DURGA CHAK WEST BENGAL,WEST BENGAL,1335,GANGA AT PATIKALI NEAR DURGA CHAK WEST BENGAL | RIVER GANGA AT PATIKALI NEAR DURGA CHAK WEST BENGAL,2019 2020 2021 2022 2023 2024,6,medium,,22.066481,88.068869,Medium,ESRI_LIVINGATLAS_WQ_RIVERS_2023,Ganga,Purba Medinipur,monthly,1
WQS1864,"RIVER GANGA AT SERAMPORE, HOOGHLY,WEST BENGAL",WEST BENGAL,1472,"GANGA AT SERAMPORE | GANGA AT SERAMPORE, HOOGHLY,WEST BENGAL | RIVER GANGA AT SERAMPORE, HOOGHLY,WEST BENGAL",2016 2017 2018 2019 2020 2021 2022 2023 2024,9,high,,22.761306,88.340319,Medium,ESRI_LIVINGATLAS_WQ_RIVERS_2023,Ganga,Hooghly,monthly,1
WQS1865,"RIVER GANGA AT ULUBERIA , HOWRAH,WEST BENGAL",WEST BENGAL,1052,"GANGA AT ULUBERIA | GANGA AT ULUBERIA , HOWRAH,WEST BENGAL | RIVER GANGA AT ULUBERIA , HOWRAH,WEST BENGAL | ULUBERIA",2016 2017 2018 2019 2020 2021 2022 2023 2024,9,high,,22.453473,88.115051,Medium,ESRI_LIVINGATLAS_WQ_RIVERS_2023,Ganga,Howrah,monthly,1
WQS1866,RIVER HALDI AT NORGHAT,WEST BENGAL,4710,HALDI RIVER AT NORGHAT | RIVER HALDI AT NORGHAT,2020 2022 2023 2024,4,high,,22.138997,87.885217,Medium,ESRI_LIVINGATLAS_WQ_RIVERS_2023,Subarnarekha,Purba Medinipur,monthly,1
WQS1867,"RIVER JALANGI, D/S OF KRISHNA NAGAR, NADIA",WEST BENGAL,2514,"JALANGI, D-S OF KRISHNA NAGAR | JALANGI, D/S OF KRISHNA NAGAR | JALANGI, D/S OF KRISHNA NAGAR, NADIA | RIVER JALANGI, D/S OF KRISHNA NAGAR, NADIA",2016 2018 2019 2020 2021 2022 2023 2024,8,high,,23.413356,88.471892,Medium,ESRI_LIVINGATLAS_WQ_RIVERS_2023,,Nadia,monthly,1
WQS1868,RIVER JALDHAKA AT DHUPGURI,WEST BENGAL,4717,RIVER JALDHAKA AT DHUPGURI,2022 2023 2024,3,high,,26.570051,88.938831,Medium,ESRI_LIVINGATLAS_WQ_RIVERS_2023,,Jalpaiguri,monthly,1
WQS1869,"RIVER KALJANI D/S OF ALIPURDWAR, MUNICIPALITY DISCHARGE POINT, COOCHBEHAR",WEST BENGAL,2524,"KALJANI D-S OF ALIPURDWAR, MUNICIPALITY DISCHARGE POINT | KALJANI D/S OF ALIPURDWAR, MUNICIPALITY DISCHARGE POINT | RIVER KALJANI D/S OF ALIPURDWAR, MUNICIPALITY DISCHARGE POINT, COOCHBEHAR",2016 2017 2018 2021 2022 2023 2024,8,high,duplicate of another row with identical values,26.444936,89.546458,Medium,ESRI_LIVINGATLAS_WQ_RIVERS_2023,,Cooch Behar,monthly,1
WQS1870,"RIVER KAROLA, D/S OF JALPAIGURI, NEAR MIN BHAWAN, JALPAIGURI",WEST BENGAL,2523,"KAROLA, D-S OF JALPAIGURI, NEAR MIN BHAWAN | KAROLA, D/S OF JALPAIGURI, NEAR MIN BHAWAN | RIVER KAROLA, D/S OF JALPAIGURI, NEAR MIN BHAWAN, JALPAIGURI",2016 2017 2018 2021 2022 2023 2024,7,high,,26.537633,88.707053,Medium,ESRI_LIVINGATLAS_WQ_RIVERS_2023,,Jalpaiguri,monthly,1
WQS1871,"RIVER MAHANANDA AT SILIGURI, DARJEELING",WEST BENGAL,1946,"MAHANANDA AT SILIGURI | RIVER MAHANANDA AT SILIGURI, DARJEELING",2016 2018 2021 2022 2023 2024,6,high,,26.739728,88.422452,Medium,ESRI_LIVINGATLAS_WQ_RIVERS_2023,,Darjeeling,monthly,1
WQS1872,"RIVER MAHANANDA D/S, RAMGHAT, DARJEELING",WEST BENGAL,2525,"MAHANANDA D-S, RAMGHAT | MAHANANDA D/S, RAMGHAT | RIVER MAHANANDA D/S, RAMGHAT, DARJEELING",2016 2018 2021 2022 2023 2024,6,high,,26.806806,88.409255,Medium,ESRI_LIVINGATLAS_WQ_RIVERS_2023,,Darjeeling,monthly,1
WQS1873,RIVER MATHABHANGA AT GOVINDPUR (WEST BENGAL),WEST BENGAL,30064,RIVER MATHABHANGA AT GOVINDPUR (WEST BENGAL),2022 2023 2024,3,medium,,23.324276,88.584259,Medium,ESRI_LIVINGATLAS_WQ_RIVERS_2023,,Nadia,quarterly,1
WQS1874,RIVER MECHI AT NEHALJOTE,WEST BENGAL,4727,RIVER MECHI AT NEHALJOTE,2023 2024,2,high,,,,Ambiguous / unresolved,ESRI_LIVINGATLAS_WQ_RIVERS_2023,,Kishanganj,monthly,1
WQS1875,"RIVER NABADIP ON GANGA, GHOSHPARA NEAR MONIPURGHAT,NADIA",WEST BENGAL,2511,"NABADIP ON GANGA, GHOSHPARA NEAR MONIPURGHAT | NABADIP ON GANGA, GHOSHPARA NEAR MONIPURGHAT,NADIA | NABADIP ON GANGA,GHOSHPARA NEAR MONIPURGHAT | RIVER NABADIP ON GANGA, GHOSHPARA NEAR MONIPURGHAT,NADIA",2016 2017 2018 2019 2020 2021 2022 2023 2024,9,high,,23.386728,88.364884,Medium,ESRI_LIVINGATLAS_WQ_RIVERS_2023,Ganga,Nadia,monthly,1
WQS1876,RIVER RAIDAK AT ALIPURDUAR,WEST BENGAL,4728,RIVER RAIDAK AT ALIPURDUAR,2022 2023 2024,3,high,,26.442694,89.656108,Medium,ESRI_LIVINGATLAS_WQ_RIVERS_2023,,Alipurduar,monthly,1
WQS1877,RIVER RASULPUR AT RASULPUR GHAT,WEST BENGAL,4711,RASULPUR RIVER AT RASULPUR GHAT | RIVER RASULPUR AT RASULPUR GHAT,2020 2022 2023 2024,4,high,,21.86677,87.859839,Medium,ESRI_LIVINGATLAS_WQ_RIVERS_2023,Subarnarekha,Purba Medinipur,monthly,1
WQS1878,"RIVER RUPNARAYAN BEFORE CONFL. TO GANGA NEAR GEONKHALI,MEDINIPOREÂ€, WEST BENGAL",WEST BENGAL,1337,"RIVER RUPNARAYAN BEFORE CONFL. TO GANGA NEAR GEONKHALI,MEDINIPORE WEST BENGAL | RIVER RUPNARAYAN BEFORE CONFL. TO GANGA NEAR GEONKHALI,MEDINIPORE, WEST BENGAL | RIVER RUPNARAYAN BEFORE CONFL. TO GANGA NEAR GEONKHALI,MEDINIPOREÂ€, WEST BENGAL | RUPNARAYAN B/C TO RIVER GANGA NEAR GEONKHALI | RUPNARAYAN BEFORE CONFL. TO RIVER GANGA NEAR GEONKHALI, WEST BENGAL | RUPNARAYAN BEFORE CONFL. TO RIVER GANGA NEAR GEONKHALI,MEDINIPORE | RUPNARAYAN BEFORE CONFL. TO RIVER GANGA NEAR GEONKHALI,MEDINIPORE, WEST BENGAL",2016 2018 2019 2020 2021 2022 2023 2024,8,high,,22.21835,88.024305,Medium,ESRI_LIVINGATLAS_WQ_RIVERS_2023,,Howrah,monthly,1
WQS1879,RIVER SILTORSA AT HASIMARA,WEST BENGAL,4718,RIVER SILTORSA AT HASIMARA,2022 2023 2024,3,high,,26.286842,89.458577,Medium,ESRI_LIVINGATLAS_WQ_RIVERS_2023,,Cooch Behar,monthly,1
WQS1880,RIVER SUBARNAREKHA AT GOPIBALLAVPUR (WEST BENGAL),INTER-STATE | WEST BENGAL,30068,RIVER SUBARNAREKHA AT GOPIBALLAVPUR (WEST BENGAL) | SUBARNAREKHA AT GOPIBALLAVPUR (WEST BENGAL),2020 2021 2022 2023 2024,5,high,,,,Ambiguous / unresolved,,Subarnarekha,,,1
WQS1881,"RIVER SUBARNAREKHA AT JHARKHAND - WEST BENGAL BORDER, MEDINIPORE(W), WEST BENGAL",WEST BENGAL,30090,"RIVER SUBARNAREKHA AT JHARKHAND - WEST BENGAL BORDER, MEDINIPORE(W), WEST BENGAL",2021,1,single_year,single-year station,,,Ambiguous / unresolved,,Subarnarekha,,,1
WQS1882,RIVER TEESTA AT JALPESH,WEST BENGAL,4723,RIVER TEESTA AT JALPESH,2022 2023 2024,3,high,,26.518045,88.760568,Medium,ESRI_LIVINGATLAS_WQ_RIVERS_2023,,Jalpaiguri,monthly,1
WQS1883,"RIVER TEESTA AT SEVOKE, SILIGURI, DARJEELING",ASSAM | WEST BENGAL,1947,"RIVER TEESTA AT SEVOKE, SILIGURI, DARJEELING | TEESTA AT SILIGURI",2016 2017 2021 2022 2023 2024,6,high,,26.902782,88.47309,Medium,ESRI_LIVINGATLAS_WQ_RIVERS_2023,,Kalimpong,monthly,1
WQS1884,RIVER TORSA AT HASIMARA,WEST BENGAL,4724,RIVER TORSA AT HASIMARA,2019 2020 2021 2022 2023 2024,6,high,,26.728854,89.324331,Medium,ESRI_LIVINGATLAS_WQ_RIVERS_2023,,Alipurduar,monthly,1
WQS1885,RIVER TORSA D/S OF GHUGHUMARI,WEST BENGAL,4719,RIVER TORSA D/S OF GHUGHUMARI,2019 2020 2021 2022 2023 2024,6,high,,26.355748,89.369404,Medium,ESRI_LIVINGATLAS_WQ_RIVERS_2023,,Cooch Behar,monthly,1
WQS1886,"RIVER TRIBENI ON GANGA, NEAR BURNING GHAT, HOOGHLY",WEST BENGAL,2506,"RIVER TRIBENI ON GANGA, NEAR BURNING GHAT, HOOGHLY | TRIBENI ON GANGA, NEAR BURNING GHAT | TRIBENI ON GANGA, NEAR BURNING GHAT, HOOGHLY",2016 2017 2018 2019 2020 2021 2022 2023 2024,9,high,,22.984402,88.40197,Medium,ESRI_LIVINGATLAS_WQ_RIVERS_2023,Ganga,Hooghly,monthly,1
WQS1887,"RIVER U/S OF BINDYADHARI AT HAROA BRIDGE, 24 PARGANAS(N)",WEST BENGAL,2549,"RIVER BINDYADHARI U/S OF HAROA BRIDGE, 24 PARGANAS(N) | RIVER U/S OF BINDYADHARI AT HAROA BRIDGE, 24 PARGANAS(N) | U-S OF VINDYADHARI RIVER AT HAROA BRIDGE | VINDYADHARI, U/S HAROA BRIDGE",2016 2018 2021 2022 2023 2024,6,high,,22.602794,88.677553,Medium,ESRI_LIVINGATLAS_WQ_RIVERS_2023,,North 24 Parganas,monthly,1
WQS1888,"RIVER WATER INTAKE POINT FOR BURDWAN TOWN, BURDWAN",WEST BENGAL,2527,"DAMODAR AT WATER INTAKE POINT FOR BURDWAN TOWN, | DAMODAR,WATER INTAKE POINT FOR BURDWAN TOWN | RIVER DAMODAR AT WATER INTAKE POINT FOR BURDWAN TOWN, BURDWAN | RIVER WATER INTAKE POINT FOR BURDWAN TOWN, BURDWAN | WATER INTAKE POINT FOR BURDWAN TOWN | WATER INTAKE POINT FOR BURDWAN TOWN,",2016 2018 2019 2020 2021 2022 2023 2024,8,high,,23.206144,87.850831,Medium,ESRI_LIVINGATLAS_WQ_RIVERS_2023,,Purba Bardhaman,monthly,1
WQS1889,"RIVER WATER INTAKE POINT FOR SURI TOWN ON MAYURAKSHI, BIRBHUM",WEST BENGAL,2534,"MAYURAKSHI, WATER INTAKE POINT FOR SURI TOWN | RIVER MAYURAKSHI AT WATER INTAKE POINT FOR SURI TOWN, BIRBHUM | RIVER MAYURAKSHI WATER INTAKE POINT FOR SURI TOWN ON, BIRBHUM | RIVER WATER INTAKE POINT FOR SURI TOWN ON MAYURAKSHI, BIRBHUM | WATER INTAKE POINT FOR SURI TOWN ON RIVER MAYURAKSHI",2016 2018 2021 2022 2023 2024,6,high,,23.944125,87.5379,Medium,ESRI_LIVINGATLAS_WQ_RIVERS_2023,,Birbhum,monthly,1
WQS1890,"U/S OF TARAPITH ON RIVER DWARKA AT SADHAK BAMDEB GHAT, BIRBHUM",WEST BENGAL,2531,"DWARKA, U/S OF TARAPITH AT SADHAK BAMDEB GHAT | RIVER DWARKA AT U/S OF TARAPITH AT SADHAK BAMDEB GHAT, BIRBHUM | RIVER U/S OF TARAPITH ON DWARKA AT SADHAK BAMDEB GHAT, BIRBHUM | U-S OF TARAPITH ON RIVER DWARKA AT SADHAK BAMDEB GHAT | U/S OF TARAPITH ON RIVER DWARKA AT SADHAK BAMDEB GHAT, BIRBHUM",2016 2018 2019 2020 2021 2022 2023 2024,9,high,station listed twice in year with different values,24.11604,87.797555,Medium,ESRI_LIVINGATLAS_WQ_RIVERS_2023,,Birbhum,monthly,1
WQS1891,TUNGABHADRA AT DADESUGUR BRIDGE GAUGING STATION,,2771,TUNGABHADRA AT DADESUGUR BRIDGE GAUGING STATION,2017,1,single_year,single-year station,15.691848,76.895721,Medium,ESRI_LIVINGATLAS_TS_2020_2025:CPCB,,Raichur,,1
