station_uid,Year,z_BOD,z_FC,z_PH,z_DO
WQS0433,2016,0.0,-1.0922948321738482,0.0,-1.6666666666666667
WQS0391,2016,-16.101993657301023,-6.786429050355581,-1.4285714285714233,-8.666666666666666
WQS0395,2016,-23.784597074560526,-7.178696506268394,-2.8571428571428465,-9.000000000000002
WQS0390,2016,-9.243047832044192,-7.387764438278365,31.428571428571427,
WQS0388,2016,7.525450579133226,-6.90723083593875,-2.8571428571428465,8.333333333333334
WQS0394,2016,2.0117627444180477,-1.7065288432027412,-10.000000000000002,-3.3333333333333335
WQS0397,2016,-23.784597074560526,-7.2799616552005055,-5.714285714285719,-8.666666666666666
WQS0392,2016,-18.93741399372175,-6.148459458532522,-4.285714285714295,-8.333333333333334
WQS0389,2016,-2.835420336420731,-8.33650418189909,1.4285714285714233,-8.333333333333334
WQS0427,2016,-7.68260341725951,-8.660815280745382,2.8571428571428465,-6.999999999999999
WQS0429,2016,-12.529786498098288,-8.78460252448154,0.0,-5.666666666666668
WQS1430,2016,-14.090230912882971,-4.3948750137258905,-10.000000000000002,-7.333333333333334
WQS1440,2016,-7.016098663383111,-4.137387361300456,-7.142857142857142,-3.3333333333333335
WQS1441,2016,-5.329650713614663,-3.846153846153846,-8.571428571428566,-6.666666666666667
WQS1433,2016,1.65306837807154,-3.7176009404348083,-7.142857142857142,0.0
WQS1436,2016,-5.8478882811232085,-4.3948750137258905,-10.000000000000002,-7.666666666666666
WQS1443,2016,-4.395864751205414,-4.137387361300456,-10.000000000000002,-7.333333333333334
WQS1432,2016,-5.329650713614663,-4.0596820301916585,-7.142857142857142,-6.999999999999999
WQS1429,2016,-5.329650713614663,-4.3948750137258905,-7.142857142857142,-8.000000000000002
WQS0393,2016,-23.784597074560526,-6.568245879398169,0.0,-9.000000000000002
WQS1445,2016,7.68260341725951,-2.8276237576556293,-4.285714285714283,10.666666666666668
WQS0489,2016,-23.784597074560526,,-7.142857142857142,-15.0
WQS0531,2016,-23.784597074560526,,4.285714285714283,-15.333333333333332
WQS0486,2016,-23.784597074560526,,-7.142857142857142,-12.333333333333332
WQS0484,2016,-18.93741399372175,,0.0,-12.0
WQS0487,2016,-23.784597074560526,,7.142857142857142,-11.333333333333336
WQS0505,2016,-18.93741399372175,-7.178696506268394,2.8571428571428465,-10.0
WQS0494,2016,-16.101993657301023,-6.148459458532522,0.0,-11.666666666666668
WQS0491,2016,-14.090230912882971,-8.065038511569448,-2.8571428571428465,-3.0000000000000013
WQS0520,2016,-18.93741399372175,,-2.8571428571428594,-13.666666666666666
WQS1451,2016,,-4.218884665415601,-5.714285714285719,-9.666666666666668
WQS1450,2016,,-3.191301094634779,-7.142857142857142,-9.000000000000002
WQS1472,2016,-2.835420336420731,-2.864336518833438,1.4285714285714233,-7.333333333333334
WQS1458,2016,-11.254810576462242,-2.529143535299207,-2.8571428571428465,-8.333333333333334
WQS1469,2016,-5.329650713614663,-2.864336518833438,-7.142857142857142,-9.333333333333334
WQS1459,2016,-7.68260341725951,-3.0610769897849037,-4.285714285714295,-8.666666666666666
WQS1468,2016,-5.8478882811232085,-2.1747349844838513,-2.8571428571428465,-4.666666666666668
WQS1473,2016,18.619495293884288,3.5549203310072386,-8.571428571428566,8.0
WQS1453,2016,13.607763280107086,3.2019573565624486,-8.571428571428566,-1.3333333333333346
WQS1456,2016,10.772342943686354,0.06551284345684714,-1.4285714285714233,13.333333333333334
WQS1470,2016,-7.68260341725951,-3.0610769897849037,-8.571428571428566,-7.333333333333334
WQS1457,2016,-7.68260341725951,-2.864336518833438,-7.142857142857142,-6.666666666666667
WQS1449,2016,,-3.0610769897849037,-7.142857142857142,-8.666666666666666
WQS1454,2016,0.0,-3.191301094634779,-7.142857142857142,0.6666666666666673
WQS0472,2016,-9.243047832044192,-8.660815280745382,-1.4285714285714233,-4.000000000000001
WQS0422,2016,-5.329650713614663,-8.660815280745382,-5.714285714285719,-12.0
WQS0420,2016,-12.529786498098288,-8.33650418189909,-4.285714285714295,-11.333333333333336
WQS0473,2016,-11.254810576462242,-8.545572113909062,-5.714285714285719,-11.333333333333336
WQS0421,2016,-3.5722071592027325,-8.545572113909062,-8.571428571428566,-11.666666666666668
WQS1447,2016,-7.68260341725951,-5.9724691102222325,-10.000000000000002,-6.666666666666667
WQS0419,2016,-23.784597074560526,-7.332993518606788,-1.4285714285714233,-9.333333333333334
WQS0418,2016,-23.784597074560526,-7.831585279440171,1.4285714285714233,-9.666666666666668
WQS0417,2016,-23.784597074560526,-7.228561803054423,-4.285714285714283,-9.666666666666668
WQS0409,2016,-23.784597074560526,-6.786429050355581,32.857142857142854,-8.666666666666666
WQS0523,2016,0.0,-7.831585279440171,-1.4285714285714233,-0.6666666666666673
WQS0479,2016,2.0117627444180477,-7.228561803054423,4.285714285714295,3.0000000000000013
WQS0524,2016,6.858945825256826,-6.673777603809475,1.4285714285714233,2.333333333333334
WQS0533,2016,-2.835420336420731,-7.626794848850844,0.0,0.0
WQS0525,2016,-9.243047832044192,-9.0636435519762,-2.8571428571428465,-12.0
WQS0551,2016,8.419390240041512,,-1.4285714285714233,10.0
WQS0527,2016,-14.090230912882971,-4.814661434591535,-5.714285714285719,-5.666666666666668
WQS0398,2016,-9.243047832044192,-8.660815280745382,-4.285714285714283,-7.666666666666666
WQS0415,2016,-6.407627495623464,-8.660815280745382,0.0,-9.333333333333334
WQS0526,2016,-23.784597074560526,,-1.4285714285714233,-14.666666666666668
WQS0385,2016,-23.784597074560526,,-7.142857142857142,-13.000000000000002
WQS0557,2016,7.68260341725951,,-7.142857142857142,-1.3333333333333346
WQS0538,2016,-1.0007052002844297,,-2.8571428571428465,-4.666666666666668
WQS0559,2016,2.0117627444180477,,-5.714285714285719,1.3333333333333346
WQS0558,2016,3.1395120283070157,,-5.714285714285719,-0.6666666666666673
WQS0567,2016,-9.243047832044192,,-7.142857142857142,-6.666666666666667
WQS0565,2016,-0.7367868227820025,,0.0,-1.3333333333333346
WQS0560,2016,-0.7367868227820025,,-7.142857142857142,-6.333333333333335
WQS0563,2016,-0.23707378794182898,,-8.571428571428566,-1.999999999999999
WQS0566,2016,0.0,,-7.142857142857142,-6.0
WQS0561,2016,0.4513183296333642,,-7.142857142857142,-6.666666666666667
WQS0570,2016,-7.68260341725951,,-7.142857142857142,-12.333333333333332
WQS0569,2016,-7.68260341725951,,-5.714285714285719,-6.666666666666667
WQS0568,2016,-5.329650713614663,,-8.571428571428566,-9.333333333333334
WQS0572,2016,-7.68260341725951,,-5.714285714285719,-2.333333333333334
WQS0574,2016,-7.68260341725951,,-8.571428571428566,-9.333333333333334
WQS0583,2016,-11.254810576462242,,0.0,-10.0
WQS0582,2016,-10.176833794453444,,-2.8571428571428465,-10.333333333333332
WQS0584,2016,-6.407627495623464,,0.0,-10.0
WQS0580,2016,-2.835420336420731,,-5.714285714285719,-11.666666666666668
WQS0581,2016,-2.835420336420731,,-2.8571428571428465,-10.666666666666664
WQS0542,2016,2.0117627444180477,,-4.285714285714295,-1.999999999999999
WQS0543,2016,4.847183080838778,,-5.714285714285719,-1.999999999999999
WQS0545,2016,3.572207159202731,,-4.285714285714295,-7.333333333333334
WQS0544,2016,4.847183080838778,,-2.8571428571428465,-5.0
WQS0550,2016,-104.29456536106562,,-5.714285714285719,-5.333333333333332
WQS0546,2016,-0.4824676327758857,,-4.285714285714295,-6.666666666666667
WQS0547,2016,-104.29456536106562,,-7.142857142857142,-7.333333333333334
WQS0548,2016,3.572207159202731,,-10.000000000000002,-10.0
WQS0556,2016,13.933078074756688,,-8.571428571428566,2.666666666666666
WQS0555,2016,0.8752667339440972,,-5.714285714285719,6.333333333333333
WQS0586,2016,-2.1689155825443325,,-7.142857142857142,-4.333333333333333
WQS0592,2016,0.22929946030063506,,-10.000000000000002,-6.999999999999999
WQS0588,2016,5.722449814782877,,-7.142857142857142,-9.333333333333334
WQS0590,2016,-6.407627495623464,,-10.000000000000002,-5.0
WQS0593,2016,-104.29456536106562,,-5.714285714285719,-9.333333333333334
WQS1797,2016,,,-12.857142857142861,-13.999999999999998
WQS1781,2016,-7.68260341725951,,-8.571428571428566,-11.333333333333336
WQS1814,2016,-7.68260341725951,,-8.571428571428566,-12.0
WQS1779,2016,-7.68260341725951,,-5.714285714285719,-10.666666666666664
WQS1782,2016,-7.68260341725951,,-10.000000000000002,-12.0
WQS1783,2016,-7.68260341725951,,-8.571428571428566,-13.333333333333334
WQS1780,2016,-7.68260341725951,,-11.428571428571425,-12.66666666666667
WQS1788,2016,-7.68260341725951,,-10.000000000000002,-13.999999999999998
WQS1799,2016,-5.329650713614663,,-11.428571428571425,-8.666666666666666
WQS1821,2016,-6.407627495623464,,-10.000000000000002,-12.0
WQS1803,2016,5.298501410472143,,2.8571428571428594,3.3333333333333335
WQS1664,2016,1.0779767820087993,-2.102621769049854,-7.142857142857142,-6.999999999999999
WQS1676,2016,0.22929946030063506,-2.864336518833438,-8.571428571428566,-6.666666666666667
WQS1674,2016,0.4513183296333642,-2.940275204201734,-11.428571428571425,-6.666666666666667
WQS1672,2016,1.65306837807154,-2.3561929756202704,-7.142857142857142,-4.000000000000001
WQS1665,2016,0.8752667339440972,-3.0198313536627,-7.142857142857142,-4.666666666666668
WQS1669,2016,2.184438356938128,0.12855290571903796,-1.4285714285714233,-8.000000000000002
WQS1668,2016,3.1395120283070157,0.7427869167479292,-2.8571428571428465,-8.333333333333334
WQS1662,2016,1.2749759216360452,0.18930008719300745,-1.4285714285714233,-6.666666666666667
WQS1671,2016,3.2867386660540943,0.5136111860392978,-1.4285714285714233,-5.333333333333332
WQS1670,2016,7.525450579133226,5.251876864964998,-4.285714285714295,1.3333333333333346
WQS1663,2016,3.430929485653645,1.4899608705335756,-7.142857142857142,-3.6666666666666656
WQS1667,2016,3.2867386660540943,1.4342769345004105,-7.142857142857142,-4.333333333333333
WQS1660,2016,2.83542033642073,3.911666689610695,-1.4285714285714233,-6.0
WQS1666,2016,3.1395120283070157,3.9747067518728825,-1.4285714285714233,-6.666666666666667
WQS1661,2016,3.2867386660540943,4.309899735407114,-1.4285714285714233,-7.333333333333334
WQS1677,2016,-1.560444414784685,-1.0922948321738482,0.0,-9.000000000000002
WQS1675,2016,-0.7367868227820025,-0.6441964895913976,-1.4285714285714233,-9.666666666666668
WQS1711,2016,1.0779767820087993,-0.13927758713247856,0.0,-8.000000000000002
WQS1710,2016,5.722449814782877,4.309899735407114,1.4285714285714233,-4.666666666666668
WQS1673,2016,4.1103962580567766,4.205468019854752,2.8571428571428465,-5.666666666666668
WQS0179,2016,-0.23707378794182898,0.06551284345684714,-4.285714285714295,-3.3333333333333335
WQS0180,2016,-0.4824676327758857,0.30454325402932736,-2.8571428571428465,-1.6666666666666667
WQS0217,2016,-0.23707378794182898,0.06551284345684714,-2.8571428571428465,-7.333333333333334
WQS0188,2016,-0.4824676327758857,-0.2912335151466093,-1.4285714285714233,-6.666666666666667
WQS0218,2016,0.0,2.139625002951105,-2.8571428571428465,-5.0
WQS0224,2016,-0.4824676327758857,2.139625002951105,-2.8571428571428465,-4.000000000000001
WQS0186,2016,-0.4824676327758857,-0.13927758713247856,-2.8571428571428465,-5.0
WQS0220,2016,-0.4824676327758857,0.06551284345684714,-4.285714285714295,-6.0
WQS0223,2016,-0.4824676327758857,-0.21352818403781276,1.4285714285714233,-8.666666666666666
WQS0184,2016,-0.7367868227820025,-0.21352818403781276,-7.142857142857142,-8.333333333333334
WQS0185,2016,-0.4824676327758857,0.30454325402932736,-8.571428571428566,-6.333333333333335
WQS0187,2016,-0.4824676327758857,0.30454325402932736,-5.714285714285719,-6.999999999999999
WQS0178,2016,-0.4824676327758857,0.06551284345684714,-5.714285714285719,-6.333333333333335
WQS0182,2016,-0.4824676327758857,0.06551284345684714,-5.714285714285719,-7.333333333333334
WQS0181,2016,-0.23707378794182898,0.06551284345684714,-5.714285714285719,-0.6666666666666673
WQS0232,2016,-0.23707378794182898,-0.21352818403781276,-2.8571428571428465,-8.333333333333334
WQS0191,2016,-0.23707378794182898,0.12855290571903796,-5.714285714285719,-8.666666666666666
WQS0190,2016,-0.4824676327758857,-0.2912335151466093,-5.714285714285719,-6.999999999999999
WQS0226,2016,-0.23707378794182898,0.30454325402932736,-5.714285714285719,-6.999999999999999
WQS0189,2016,-0.4824676327758857,-0.21352818403781276,-5.714285714285719,-6.999999999999999
WQS0183,2016,-0.4824676327758857,0.06551284345684714,-2.8571428571428465,-5.0
WQS0211,2016,-0.23707378794182898,-0.21352818403781276,-5.714285714285719,-8.666666666666666
WQS0600,2016,-0.23707378794182898,,-8.571428571428566,-13.333333333333334
WQS1854,2016,3.9796820411885756,7.478779508269881,-2.8571428571428465,0.0
WQS1875,2016,1.65306837807154,6.600012860133844,0.0,0.9999999999999994
WQS1886,2016,3.430929485653645,7.048111202716294,0.0,-0.33333333333333215
WQS1829,2016,4.23871191307913,7.478779508269881,-2.8571428571428465,0.9999999999999994
WQS1864,2016,5.188373040065574,7.478779508269881,-2.8571428571428465,1.3333333333333346
WQS1857,2016,4.962772604973117,7.6241201270752645,-4.285714285714295,4.000000000000001
WQS1861,2016,7.68260341725951,5.789038378153485,-4.285714285714295,4.333333333333333
WQS1860,2016,8.206388789099492,7.99685094633702,-2.8571428571428465,6.333333333333333
WQS1865,2016,5.406922295339032,6.3209718326391835,-4.285714285714295,8.333333333333334
WQS1858,2016,9.694366161677557,4.150697100183173,-1.4285714285714233,1.999999999999999
WQS1825,2016,-104.29456536106562,,-14.285714285714285,-12.66666666666667
WQS1822,2016,-104.29456536106562,,-12.857142857142861,-12.0
WQS1824,2016,,,-4.285714285714295,-12.0
WQS1823,2016,-7.68260341725951,,-8.571428571428566,-10.0
WQS0517,2016,-7.68260341725951,-9.0636435519762,1.4285714285714233,-4.000000000000001
WQS0515,2016,-2.835420336420731,-8.660815280745382,1.4285714285714233,-4.000000000000001
WQS0366,2016,-2.835420336420731,2.753859013979998,-10.000000000000002,-10.666666666666664
WQS0368,2016,-2.835420336420731,3.2019573565624486,-10.000000000000002,-8.666666666666666
WQS0374,2016,9.694366161677557,3.7779662809214187,-8.571428571428566,-4.666666666666668
WQS0311,2016,7.68260341725951,3.7779662809214187,-7.142857142857142,-0.33333333333333215
WQS0312,2016,18.937413993721748,12.824822119811271,-8.571428571428566,15.333333333333332
WQS0307,2016,21.720841473586404,17.5609531487443,-7.142857142857142,16.333333333333336
WQS1777,2016,15.365206834519016,10.792999899938028,-4.285714285714295,16.666666666666668
WQS1774,2016,8.419390240041512,5.251876864964998,-4.285714285714283,5.333333333333334
WQS1776,2016,15.365206834519016,8.978668273657425,-8.571428571428566,13.666666666666666
WQS1778,2016,8.419390240041512,6.946846053784182,-2.8571428571428594,7.333333333333334
WQS1775,2016,12.529786498098286,8.254338598762454,-7.142857142857142,7.333333333333334
WQS1768,2016,15.365206834519016,6.3209718326391835,-4.285714285714295,3.0000000000000013
WQS1759,2016,15.101288457016592,4.0354539333468535,-5.714285714285719,7.333333333333334
WQS1763,2016,6.858945825256826,4.545552261326049,-4.285714285714295,0.6666666666666673
WQS1771,2016,14.541549242516338,3.1006922076303365,-8.571428571428566,-4.000000000000001
WQS1760,2016,12.529786498098286,5.768027240840016,-8.571428571428566,-4.666666666666668
WQS1773,2016,9.08589499391791,3.7779662809214187,-10.000000000000002,-1.3333333333333346
WQS1769,2016,-0.4824676327758857,1.9005945923786263,-2.8571428571428465,-8.000000000000002
WQS1817,2016,17.376969578937064,,-7.142857142857142,12.0
WQS1789,2016,-4.395864751205414,,-8.571428571428566,-6.666666666666667
WQS1686,2016,5.513687834715175,0.826322492491146,0.0,-3.6666666666666656
WQS1747,2016,22.224152659775843,7.048111202716294,-10.000000000000002,
WQS1685,2016,5.925159862847577,1.0544532663987694,-4.285714285714295,-3.0000000000000013
WQS1756,2016,2.83542033642073,3.2019573565624486,-4.285714285714295,-3.0000000000000013
WQS1757,2016,18.937413993721748,7.048111202716294,1.4285714285714233,11.666666666666668
WQS1765,2016,2.0117627444180477,0.0,-8.571428571428566,-5.666666666666668
WQS1754,2016,2.5175016365832654,2.753859013979998,-1.4285714285714233,-6.0
WQS1681,2016,-0.4824676327758857,-2.8276237576556293,2.8571428571428465,-9.333333333333334
WQS1680,2016,1.4665771397347491,0.7850768563689423,0.0,-1.3333333333333346
WQS1679,2016,10.254105376177812,6.723800103870002,-8.571428571428566,15.666666666666668
WQS1725,2016,3.572207159202731,3.7068762590213673,1.4285714285714233,-6.999999999999999
WQS1682,2016,2.83542033642073,2.753859013979998,-1.4285714285714233,-8.000000000000002
WQS1753,2016,4.729650784920029,1.286360581349735,-4.285714285714295,-7.333333333333334
WQS1687,2016,-1.0007052002844297,-2.688346170523149,-4.285714285714295,-8.000000000000002
WQS1766,2016,2.184438356938128,1.1908852593303798,-8.571428571428566,-8.000000000000002
WQS1678,2016,-0.23707378794182898,-1.9032693141542065,-4.285714285714295,-8.333333333333334
WQS1718,2016,2.83542033642073,0.9818173273204077,-2.8571428571428465,-6.999999999999999
WQS0235,2016,-0.23707378794182898,-0.6441964895913976,0.0,-6.0
WQS1689,2016,-3.5722071592027325,-0.9685075884376897,-4.285714285714295,-6.999999999999999
WQS1688,2016,-2.835420336420731,-0.6441964895913976,-2.8571428571428465,-8.333333333333334
WQS0266,2016,-0.23707378794182898,-0.13927758713247856,-2.8571428571428465,0.0
WQS0207,2016,-0.23707378794182898,-0.6441964895913976,1.4285714285714233,-7.333333333333334
WQS0176,2016,-0.4824676327758857,-0.6441964895913976,-4.285714285714295,-6.666666666666667
WQS0199,2016,-0.23707378794182898,-0.21352818403781276,5.714285714285719,-8.666666666666666
WQS0258,2016,-0.4824676327758857,0.30454325402932736,0.0,-4.000000000000001
WQS0257,2016,-0.4824676327758857,0.06551284345684714,-4.285714285714295,-3.3333333333333335
WQS0172,2016,-0.23707378794182898,0.30454325402932736,4.285714285714295,-5.333333333333332
WQS0236,2016,0.0,0.30454325402932736,0.0,-5.0
WQS0240,2016,-0.23707378794182898,0.30454325402932736,5.714285714285719,-8.000000000000002
WQS0241,2016,-0.23707378794182898,0.06551284345684714,-4.285714285714295,-6.666666666666667
WQS0193,2016,-0.23707378794182898,1.1578076756306972,-4.285714285714283,-5.666666666666668
WQS0246,2016,-0.23707378794182898,0.06551284345684714,-1.4285714285714233,-4.333333333333333
WQS0247,2016,-0.4824676327758857,0.06551284345684714,-10.000000000000002,-4.000000000000001
WQS0174,2016,-0.23707378794182898,0.3593141737009044,-1.4285714285714233,0.0
WQS0202,2016,-0.4824676327758857,0.30454325402932736,-7.142857142857142,-3.3333333333333335
WQS0200,2016,-0.23707378794182898,-0.13927758713247856,-1.4285714285714233,-6.333333333333335
WQS0205,2016,-0.4824676327758857,0.30454325402932736,5.714285714285719,-3.3333333333333335
WQS0253,2016,0.0,-0.21352818403781276,-1.4285714285714233,-1.999999999999999
WQS0255,2016,-0.4824676327758857,0.30454325402932736,-5.714285714285719,-4.666666666666668
WQS0260,2016,12.529786498098286,1.1578076756306972,-7.142857142857142,-4.666666666666668
WQS0512,2016,-6.407627495623464,-10.883608786942471,2.8571428571428594,-12.333333333333332
WQS0377,2016,-2.835420336420731,-8.918302933170816,5.714285714285719,-8.000000000000002
WQS0387,2016,-6.407627495623464,-8.78460252448154,1.4285714285714233,-5.333333333333332
WQS0426,2016,-5.329650713614663,-8.78460252448154,0.0,-4.000000000000001
WQS0404,2016,0.0,-9.534084293446014,2.8571428571428465,-9.333333333333334
WQS0405,2016,-6.407627495623464,-8.78460252448154,-1.4285714285714233,-6.0
WQS0406,2016,-4.395864751205414,-8.33650418189909,-1.4285714285714233,-5.0
WQS0467,2016,-5.329650713614663,-9.867042676791543,2.8571428571428465,-11.333333333333336
WQS0468,2016,-6.407627495623464,-10.929375030402886,0.0,-10.0
WQS0469,2016,-3.5722071592027325,-9.867042676791543,-1.4285714285714233,-12.0
WQS1745,2016,19.388732323355118,2.992889424552476,-11.428571428571425,
WQS1746,2016,21.50891595264005,6.600012860133844,-10.000000000000002,
WQS1684,2016,22.783891874276097,7.478779508269881,-2.8571428571428594,16.666666666666668
WQS1692,2016,1.65306837807154,0.0,-1.4285714285714233,0.6666666666666673
WQS0787,2016,-0.4824676327758857,,4.285714285714295,
WQS0786,2016,-0.4824676327758857,,4.285714285714295,-4.666666666666668
WQS0826,2016,13.266573320880289,-3.914341411386275,-4.285714285714283,-3.0000000000000013
WQS0829,2016,-0.23707378794182898,,0.0,-5.666666666666668
WQS0830,2016,-1.8580640960350063,,-1.4285714285714233,-8.333333333333334
WQS0831,2016,-1.560444414784685,,2.8571428571428465,-6.666666666666667
WQS0784,2016,1.8347151361362997,,0.0,-4.666666666666668
WQS0785,2016,0.6665047538763971,,1.4285714285714233,-6.0
WQS1683,2016,0.6665047538763971,-0.2912335151466093,5.714285714285719,-3.0000000000000013
WQS0852,2016,2.184438356938128,-8.918302933170816,0.0,-3.0000000000000013
WQS0920,2016,-2.1689155825443325,,-5.714285714285719,-5.666666666666668
WQS0918,2016,-2.4942303771939334,,-5.714285714285719,-6.0
WQS0925,2016,-4.395864751205414,,-4.285714285714283,-3.3333333333333335
WQS0919,2016,9.694366161677557,-10.753384682092596,-1.4285714285714233,6.0
WQS0923,2016,-3.1941147027672385,,-5.714285714285719,-6.0
WQS0264,2016,-0.23707378794182898,-0.21352818403781276,1.4285714285714233,-7.333333333333334
WQS0263,2016,-0.23707378794182898,0.30454325402932736,-4.285714285714295,-0.6666666666666673
WQS0267,2016,-0.7367868227820025,0.30454325402932736,0.0,-6.999999999999999
WQS0789,2016,4.847183080838778,-2.3838029164938233,5.714285714285719,-6.333333333333335
WQS0790,2016,2.0117627444180477,-7.9835412074543,-1.4285714285714233,-5.0
WQS0839,2016,-0.23707378794182898,-6.90723083593875,1.4285714285714233,-6.0
WQS0838,2016,20.466709105363915,,-1.4285714285714233,-3.6666666666666656
WQS1487,2016,-3.9719163468946816,-9.818622956376078,18.57142857142858,1.3333333333333346
WQS0835,2016,-1.0007052002844297,-7.905835876345505,-1.4285714285714233,-7.333333333333334
WQS1484,2016,-7.016098663383111,-10.753384682092596,4.285714285714295,-1.6666666666666667
WQS1486,2016,0.22929946030063506,-7.503007605114686,8.571428571428566,1.6666666666666667
WQS1485,2016,-2.1689155825443325,-8.065038511569448,7.142857142857142,0.33333333333333215
WQS0833,2016,-1.8580640960350063,,0.0,-7.333333333333334
WQS0912,2016,-1.0007052002844297,,-8.571428571428566,-5.666666666666668
WQS0817,2016,-0.4824676327758857,-7.9835412074543,-12.857142857142861,-4.000000000000001
WQS1504,2016,-3.1941147027672385,-8.660815280745382,7.142857142857142,0.0
WQS0793,2016,5.188373040065574,,5.714285714285719,3.0000000000000013
WQS0858,2016,19.674200816503753,-1.6698160820249321,-5.714285714285719,8.333333333333334
WQS0862,2016,11.706128906095605,-1.9032693141542065,4.285714285714295,9.000000000000002
WQS0864,2016,10.772342943686354,-1.7065288432027412,4.285714285714295,4.666666666666667
WQS0863,2016,17.755062035372557,-1.7065288432027412,2.8571428571428465,7.666666666666666
WQS1494,2016,-3.5722071592027325,-9.818622956376078,4.285714285714295,0.9999999999999994
WQS1495,2016,28.709051737123676,-8.065038511569448,5.714285714285719,1.3333333333333346
WQS0917,2016,-3.5722071592027325,-9.0636435519762,2.8571428571428465,-10.0
WQS0788,2016,1.0779767820087993,-6.534500016676995,-10.000000000000002,-1.999999999999999
WQS0916,2016,-1.2749759216360468,-1.37133585966851,-5.714285714285719,-8.333333333333334
WQS1475,2016,-3.5722071592027325,-8.660815280745382,7.142857142857142,1.6666666666666667
WQS1476,2016,10.254105376177812,-7.503007605114686,12.857142857142861,10.333333333333334
WQS1474,2016,-3.9719163468946816,-9.818622956376078,12.857142857142861,4.666666666666667
WQS1489,2016,-6.407627495623464,-8.660815280745382,1.4285714285714233,0.33333333333333215
WQS1506,2016,-3.9719163468946816,-9.818622956376078,2.8571428571428465,-0.33333333333333215
WQS0606,2016,-0.23707378794182898,,0.0,-11.666666666666668
WQS0171,2016,-0.23707378794182898,0.06551284345684714,-4.285714285714295,-7.333333333333334
WQS0170,2016,-0.23707378794182898,0.06551284345684714,4.285714285714295,-8.000000000000002
WQS1785,2016,2.9891189848037722,,-8.571428571428566,-0.6666666666666673
WQS1784,2016,22.60224511621134,,-4.285714285714283,16.666666666666668
WQS0823,2016,-2.1689155825443325,-7.228561803054423,-12.857142857142861,-4.000000000000001
WQS0837,2016,-2.835420336420731,,0.0,-5.0
WQS0175,2016,-0.4824676327758857,0.30454325402932736,-4.285714285714295,-5.0
WQS0599,2016,1.8347151361362997,,-12.857142857142861,-6.666666666666667
WQS0598,2016,1.8347151361362997,,-10.000000000000002,-8.000000000000002
WQS1787,2016,7.200135784483624,,-11.428571428571425,6.0
WQS1786,2016,22.960939482557844,,-2.8571428571428465,16.666666666666668
WQS0173,2016,-0.23707378794182898,-0.06818756523242914,-1.4285714285714233,-8.333333333333334
WQS0208,2016,-0.23707378794182898,-0.13927758713247856,1.4285714285714233,-6.666666666666667
WQS1869,2016,2.352952703644846,3.632625662116035,-5.714285714285719,-3.3333333333333335
WQS0850,2016,-1.560444414784685,,-4.285714285714295,-7.333333333333334
WQS0242,2016,-0.23707378794182898,1.1578076756306972,0.0,-8.333333333333334
WQS0859,2016,22.960939482557844,-1.6338929041243797,-4.285714285714295,5.333333333333334
WQS0860,2016,15.101288457016592,-4.938448678327695,-4.285714285714295,6.0
WQS1811,2016,15.619526024525136,,-10.000000000000002,6.0
WQS0798,2016,-2.4942303771939334,,1.4285714285714233,-7.666666666666666
WQS0604,2016,0.8752667339440972,,-10.000000000000002,-6.666666666666667
WQS0602,2016,1.2749759216360452,,-4.285714285714283,-6.666666666666667
WQS0245,2016,-0.23707378794182898,0.06551284345684714,-10.000000000000002,-5.333333333333332
WQS1791,2016,5.298501410472143,,-10.000000000000002,-4.000000000000001
WQS0799,2016,9.08589499391791,-2.688346170523149,-1.4285714285714233,-5.0
WQS0800,2016,6.858945825256826,-2.3838029164938233,5.714285714285719,-6.0
WQS0801,2016,2.0117627444180477,-7.387764438278365,2.8571428571428465,-3.0000000000000013
WQS0872,2016,4.610109292896951,,-2.8571428571428465,-3.0000000000000013
WQS0849,2016,-4.395864751205414,,-1.4285714285714233,-6.333333333333335
WQS0943,2016,1.8347151361362997,-8.660815280745382,-2.8571428571428465,-3.3333333333333335
WQS0252,2016,-0.23707378794182898,-0.13927758713247856,1.4285714285714233,-6.666666666666667
WQS0605,2016,1.65306837807154,,0.0,6.666666666666667
WQS1816,2016,3.2867386660540943,,-8.571428571428566,5.333333333333334
WQS1815,2016,2.0117627444180477,,-8.571428571428566,-2.666666666666666
WQS0911,2016,2.0117627444180477,-7.387764438278365,4.285714285714295,-3.3333333333333335
WQS1793,2016,6.122159002474825,,0.0,0.6666666666666673
WQS0194,2016,0.6665047538763971,0.30454325402932736,1.4285714285714233,-5.0
WQS0195,2016,0.0,-0.21352818403781276,0.0,-5.0
WQS0256,2016,-0.4824676327758857,0.06551284345684714,-8.571428571428566,-6.333333333333335
WQS0271,2016,0.0,0.12855290571903796,-10.000000000000002,-6.666666666666667
WQS0261,2016,13.266573320880289,2.139625002951105,-10.000000000000002,7.333333333333334
WQS0935,2016,-1.560444414784685,,2.8571428571428594,-2.666666666666666
WQS0947,2016,-3.1941147027672385,-8.660815280745382,-10.000000000000002,-5.666666666666668
WQS0932,2016,-1.2749759216360468,-7.228561803054423,-10.000000000000002,-3.3333333333333335
WQS0934,2016,1.0779767820087993,,5.714285714285719,-2.333333333333334
WQS0597,2016,-0.4824676327758857,,-11.428571428571425,-7.333333333333334
WQS0616,2016,-3.1941147027672385,,-12.857142857142861,-8.333333333333334
WQS0610,2016,-2.4942303771939334,,-14.285714285714285,-7.666666666666666
WQS0596,2016,-4.395864751205414,,-12.857142857142861,-8.333333333333334
WQS1848,2016,6.770982313320744,5.985778849104952,-5.714285714285719,-4.333333333333333
WQS1846,2016,2.5175016365832654,4.408184752608609,-2.8571428571428465,-5.333333333333332
WQS1850,2016,7.60446844804185,3.632625662116035,-1.4285714285714233,0.9999999999999994
WQS1852,2016,3.1395120283070157,3.7779662809214187,-1.4285714285714233,0.33333333333333215
WQS1888,2016,4.364715448062894,3.2019573565624486,-2.8571428571428465,-5.0
WQS0607,2016,-5.329650713614663,,-12.857142857142861,-8.000000000000002
WQS1834,2016,4.488488714492272,4.150697100183173,-4.285714285714295,-3.3333333333333335
WQS0603,2016,-5.8478882811232085,,-14.285714285714285,-9.000000000000002
WQS1841,2016,-2.1689155825443325,3.632625662116035,-4.285714285714295,-2.333333333333334
WQS1878,2016,-0.23707378794182898,4.150697100183173,0.0,0.6666666666666673
WQS1853,2016,2.678267498294446,4.408184752608609,-2.8571428571428465,-3.3333333333333335
WQS1890,2016,8.419390240041512,4.408184752608609,2.8571428571428465,6.666666666666667
WQS1827,2016,8.419390240041512,5.985778849104952,4.285714285714295,0.6666666666666673
WQS1842,2016,1.65306837807154,3.7779662809214187,-5.714285714285719,0.9999999999999994
WQS1867,2016,7.1163861967443545,7.048111202716294,-2.8571428571428465,11.333333333333334
WQS1826,2016,8.419390240041512,8.85011536793839,-5.714285714285719,10.666666666666668
WQS1838,2016,7.1163861967443545,7.881607779500699,-2.8571428571428465,16.0
WQS1832,2016,6.770982313320744,7.478779508269881,-5.714285714285719,15.333333333333332
WQS1889,2016,2.83542033642073,2.753859013979998,-4.285714285714295,-0.33333333333333215
WQS1840,2016,6.770982313320744,4.150697100183173,7.142857142857142,-1.999999999999999
WQS1871,2016,4.847183080838778,4.631230702522789,0.0,5.666666666666668
WQS1872,2016,14.827017735664974,10.569953950023848,-4.285714285714283,12.666666666666666
WQS0250,2016,15.619526024525136,0.30454325402932736,0.0,-3.6666666666666656
WQS1887,2016,18.937413993721748,7.99685094633702,-7.142857142857142,15.333333333333332
WQS1839,2016,15.365206834519016,5.789038378153485,-7.142857142857142,14.666666666666668
WQS0608,2016,-1.2749759216360468,,-11.428571428571425,-5.666666666666668
WQS0058,2016,-1.2749759216360468,-0.8532644216013697,-4.285714285714283,-2.666666666666666
WQS0057,2016,-1.0007052002844297,-0.3727308192617548,-4.285714285714295,-3.6666666666666656
WQS0059,2016,1.8347151361362997,-0.8532644216013697,-7.142857142857142,-0.9999999999999994
WQS0062,2016,3.2867386660540943,-0.3727308192617548,-5.714285714285719,-4.333333333333333
WQS0060,2016,-0.7367868227820025,0.18930008719300745,-5.714285714285719,-4.666666666666668
WQS0089,2016,0.0,-0.2912335151466093,-5.714285714285719,0.9999999999999994
WQS0090,2016,-1.2749759216360468,-0.8532644216013697,-2.8571428571428465,-0.6666666666666673
WQS0093,2016,-1.560444414784685,0.9058786419521121,-1.4285714285714233,-4.000000000000001
WQS0088,2016,3.1395120283070157,-0.2912335151466093,0.0,-3.0000000000000013
WQS0063,2016,2.83542033642073,-1.37133585966851,-1.4285714285714233,0.33333333333333215
WQS0120,2016,-0.4824676327758857,-0.2912335151466093,-2.8571428571428465,-1.3333333333333346
WQS0066,2016,-1.0007052002844297,0.5136111860392978,-1.4285714285714233,-0.9999999999999994
WQS1261,2016,6.858945825256826,,-1.4285714285714233,14.333333333333334
WQS1260,2016,8.419390240041512,,-7.142857142857142,14.333333333333334
WQS1263,2016,7.68260341725951,,-7.142857142857142,14.000000000000002
WQS1275,2016,6.858945825256826,,0.0,14.666666666666668
WQS1264,2016,19.674200816503753,,0.0,16.0
WQS1262,2016,14.827017735664974,,-5.714285714285719,16.0
WQS1258,2016,5.925159862847577,,7.142857142857142,14.000000000000002
WQS1265,2016,5.925159862847577,,9.99999999999999,13.0
WQS0056,2016,2.352952703644846,-1.37133585966851,-4.285714285714283,-1.6666666666666667
WQS0080,2016,1.0779767820087993,3.1006922076303365,-2.8571428571428465,0.0
WQS0081,2016,19.948471537855372,7.6241201270752645,-5.714285714285719,16.666666666666668
WQS0083,2016,2.83542033642073,0.7427869167479292,-2.8571428571428594,1.6666666666666667
WQS0084,2016,-0.4824676327758857,-1.6880716013497847,-4.285714285714295,-6.0
WQS0074,2016,1.0779767820087993,0.2479153431804561,-4.285714285714283,-1.6666666666666667
WQS0064,2016,2.0117627444180477,-1.5305384948924519,-4.285714285714283,2.666666666666666
WQS0095,2016,-1.0007052002844297,-1.6880716013497847,-4.285714285714283,1.6666666666666667
WQS0096,2016,1.65306837807154,-0.3727308192617548,-5.714285714285719,-3.6666666666666656
WQS0065,2016,9.08589499391791,-0.2912335151466093,-4.285714285714283,6.333333333333333
WQS0103,2016,10.772342943686354,-0.9685075884376897,21.428571428571427,6.666666666666667
WQS0104,2016,0.0,1.8350817489217792,-1.4285714285714233,0.33333333333333215
WQS0070,2016,2.352952703644846,0.18930008719300745,4.285714285714283,0.6666666666666673
WQS0107,2016,-0.4824676327758857,-2.0562198021214675,-2.8571428571428465,5.333333333333334
WQS0114,2016,-2.4942303771939334,-2.079259662464496,-4.285714285714295,-5.0
WQS0113,2016,1.65306837807154,-0.9685075884376897,1.4285714285714233,0.6666666666666673
WQS0125,2016,1.4665771397347491,3.7779662809214187,1.4285714285714233,4.666666666666667
WQS0119,2016,0.6665047538763971,2.6201586052907215,2.8571428571428594,0.0
WQS1870,2016,0.6665047538763971,4.150697100183173,-2.8571428571428594,3.0000000000000013
WQS0121,2016,6.122159002474825,-1.6880716013497847,-1.4285714285714233,-1.6666666666666667
WQS0123,2016,2.678267498294446,0.12855290571903796,2.8571428571428594,3.666666666666667
WQS0124,2016,2.5175016365832654,0.18930008719300745,-1.4285714285714233,1.3333333333333346
WQS0128,2016,-1.0007052002844297,-1.6880716013497847,-1.4285714285714233,-3.6666666666666656
WQS0129,2016,-0.7367868227820025,-0.9685075884376897,-1.4285714285714233,-1.6666666666666667
WQS1659,2016,-1.8580640960350063,,5.714285714285719,-0.6666666666666673
WQS1656,2016,1.0779767820087993,,-4.285714285714295,-1.6666666666666667
WQS1657,2016,1.2749759216360452,,-10.000000000000002,-6.333333333333335
WQS0133,2016,-1.2749759216360468,-0.3727308192617548,0.0,-1.999999999999999
WQS0134,2016,2.5175016365832654,0.5620309064547622,0.0,-5.0
WQS0136,2016,7.0316214377769075,-0.13927758713247856,4.285714285714295,-1.999999999999999
WQS0138,2016,1.65306837807154,-0.8532644216013697,-2.8571428571428465,-5.0
WQS0140,2016,-1.560444414784685,-1.6880716013497847,-1.4285714285714233,-5.333333333333332
WQS0141,2016,0.6665047538763971,-1.37133585966851,-2.8571428571428594,2.333333333333334
WQS0143,2016,2.678267498294446,-0.8532644216013697,-4.285714285714283,-1.6666666666666667
WQS0144,2016,-3.5722071592027325,-2.079259662464496,-2.8571428571428465,-7.666666666666666
WQS1883,2016,0.6665047538763971,2.8776462577161563,-4.285714285714283,-1.999999999999999
WQS1501,2016,-2.1689155825443325,-9.818622956376078,7.142857142857142,3.0000000000000013
WQS0319,2016,3.2867386660540943,-6.568245879398169,0.0,-0.9999999999999994
WQS0316,2016,3.430929485653645,-6.673777603809475,0.0,-3.3333333333333335
WQS0317,2016,-0.4824676327758857,-6.568245879398169,1.4285714285714233,-7.666666666666666
WQS0320,2016,3.2867386660540943,-6.673777603809475,0.0,0.33333333333333215
WQS0332,2016,5.406922295339032,-9.0636435519762,0.0,-4.000000000000001
WQS0328,2016,5.925159862847577,-6.673777603809475,0.0,-1.999999999999999
WQS0331,2016,-1.0007052002844297,-6.673777603809475,0.0,6.666666666666667
WQS0867,2016,-5.329650713614663,,-2.8571428571428465,-6.333333333333335
WQS0318,2016,4.729650784920029,-7.563754786588654,0.0,-3.3333333333333335
WQS0802,2016,-0.4824676327758857,-8.78460252448154,2.8571428571428465,-6.0
WQS0942,2016,-0.23707378794182898,-8.78460252448154,2.8571428571428465,-6.666666666666667
WQS0848,2016,-1.0007052002844297,-9.595577006461898,1.4285714285714233,-6.0
WQS0870,2016,1.0779767820087993,-1.7065288432027412,0.0,-3.3333333333333335
WQS0841,2016,-0.23707378794182898,-6.534500016676995,4.285714285714295,0.6666666666666673
WQS0322,2016,2.5175016365832654,-7.626794848850844,7.142857142857142,4.000000000000001
WQS0339,2016,-1.8580640960350063,-6.673777603809475,0.0,-1.999999999999999
WQS0356,2016,22.60224511621134,-7.692307692307692,5.714285714285719,-1.6666666666666667
WQS0355,2016,20.949176738139794,-3.0610769897849037,-7.142857142857142,12.666666666666666
WQS0346,2016,2.0117627444180477,-8.660815280745382,0.0,3.0000000000000013
WQS0340,2016,19.948471537855372,-3.7806410026969988,-1.4285714285714233,13.0
WQS0344,2016,5.925159862847577,-8.660815280745382,0.0,0.0
WQS0350,2016,21.824443472083896,-2.3023056123786763,4.285714285714295,-6.999999999999999
WQS0349,2016,15.619526024525136,-7.626794848850844,-1.4285714285714233,5.333333333333334
WQS0348,2016,0.0,-9.0636435519762,-1.4285714285714233,3.3333333333333335
WQS0345,2016,-1.2749759216360468,-7.228561803054423,-2.8571428571428465,2.333333333333334
WQS0326,2016,30.496316262070273,2.4748179864853377,-2.8571428571428465,
WQS0333,2016,-4.8471830808387795,-10.048500667927962,-7.142857142857142,-5.333333333333332
WQS0351,2016,7.68260341725951,-6.673777603809475,-5.714285714285719,12.666666666666666
WQS0813,2016,-3.1941147027672385,,-8.571428571428566,-5.333333333333332
WQS0803,2016,-3.1941147027672385,,-5.714285714285719,-8.333333333333334
WQS0814,2016,-3.1941147027672385,,-7.142857142857142,-6.999999999999999
WQS0888,2016,-3.9719163468946816,,-1.4285714285714233,-8.000000000000002
WQS0809,2016,-2.835420336420731,,-1.4285714285714233,-8.000000000000002
WQS0812,2016,-3.5722071592027325,,-2.8571428571428465,-7.666666666666666
WQS0808,2016,-1.560444414784685,,-2.8571428571428465,-7.333333333333334
WQS0892,2016,-3.9719163468946816,,4.285714285714295,-6.333333333333335
WQS0894,2016,-2.1689155825443325,,-2.8571428571428465,-6.0
WQS0810,2016,-3.5722071592027325,,-1.4285714285714233,-7.666666666666666
WQS0806,2016,-3.9719163468946816,,0.0,-7.333333333333334
WQS0807,2016,-3.5722071592027325,,1.4285714285714233,-8.333333333333334
WQS0811,2016,-9.243047832044192,,-2.8571428571428594,-4.000000000000001
WQS0805,2016,6.858945825256826,,,12.333333333333334
WQS0891,2016,-2.835420336420731,-8.065038511569448,-4.285714285714295,-6.0
WQS0901,2016,-5.329650713614663,,0.0,-6.0
WQS0804,2016,-3.9719163468946816,,0.0,-6.0
WQS0900,2016,-3.9719163468946816,,-1.4285714285714233,-6.0
WQS0889,2016,,,-7.142857142857142,2.666666666666666
WQS0887,2016,-5.329650713614663,,0.0,-6.999999999999999
WQS0874,2016,-4.395864751205414,,0.0,-6.333333333333335
WQS0336,2016,-7.68260341725951,-7.905835876345505,-1.4285714285714233,-6.999999999999999
WQS0335,2016,-2.4942303771939334,-8.660815280745382,0.0,-2.666666666666666
WQS0338,2016,-7.68260341725951,-7.228561803054423,-1.4285714285714233,-6.666666666666667
WQS0321,2016,-8.419390240041512,-5.770434297621524,-2.8571428571428465,-5.666666666666668
WQS0334,2016,-5.8478882811232085,-0.9685075884376897,-1.4285714285714233,-5.0
WQS0782,2016,-2.1689155825443325,-10.076110608801514,-1.4285714285714233,-7.666666666666666
WQS0791,2016,-6.407627495623464,,0.0,-6.333333333333335
WQS0795,2016,-2.1689155825443325,-9.222846187200144,-1.4285714285714233,-6.999999999999999
WQS0797,2016,1.0779767820087993,-7.444392349127236,-2.8571428571428465,-4.333333333333333
WQS0865,2016,2.0117627444180477,,-1.4285714285714233,-2.333333333333334
WQS0946,2016,-5.329650713614663,,-7.142857142857142,-5.333333333333332
WQS0944,2016,-0.23707378794182898,,2.8571428571428465,-4.000000000000001
WQS0945,2016,-0.4824676327758857,,2.8571428571428465,-4.666666666666668
WQS1050,2016,6.858945825256826,,-4.285714285714295,-1.3333333333333346
WQS1053,2016,6.858945825256826,,-7.142857142857142,-1.3333333333333346
WQS1054,2016,3.572207159202731,,-4.285714285714295,-3.0000000000000013
WQS0359,2016,-2.835420336420731,-11.911192357723293,1.4285714285714233,-9.666666666666668
WQS0353,2016,-6.407627495623464,-2.5536181620525014,0.0,8.666666666666668
WQS0357,2016,11.25481057646224,-8.065038511569448,0.0,3.666666666666667
WQS0354,2016,-4.395864751205414,1.2925356841013445,-2.8571428571428465,-0.6666666666666673
WQS0358,2016,-4.395864751205414,-2.9558861906512255,-2.8571428571428465,0.6666666666666673
WQS0361,2016,-6.407627495623464,-3.6688277413613894,-1.4285714285714233,-1.999999999999999
WQS0360,2016,6.858945825256826,-2.9558861906512255,-10.000000000000002,8.0
WQS0966,2016,7.68260341725951,,-7.142857142857142,1.999999999999999
WQS1012,2016,5.513687834715175,,-5.714285714285719,2.666666666666666
WQS1005,2016,3.572207159202731,,-8.571428571428566,-6.0
WQS0315,2016,-0.23707378794182898,-2.5536181620525014,-5.714285714285719,3.3333333333333335
WQS0930,2016,-3.5722071592027325,,2.8571428571428465,-5.0
WQS0792,2016,-2.1689155825443325,-9.818622956376078,0.0,-4.666666666666668
WQS1048,2016,8.419390240041512,,5.714285714285719,-1.6666666666666667
WQS0950,2016,2.0117627444180477,,-12.857142857142861,-6.666666666666667
WQS0957,2016,7.836302065642552,,-8.571428571428566,7.000000000000001
WQS1011,2016,0.0,,-12.857142857142861,-6.999999999999999
WQS0973,2016,2.0117627444180477,,-10.000000000000002,-6.0
WQS0974,2016,7.364684717422043,,-10.000000000000002,4.666666666666667
WQS0986,2016,7.0316214377769075,,-10.000000000000002,-0.6666666666666673
WQS1035,2016,12.529786498098286,,5.714285714285719,9.333333333333334
WQS0999,2016,4.847183080838778,,-7.142857142857142,-0.9999999999999994
WQS1045,2016,11.25481057646224,,4.285714285714295,8.0
WQS1067,2016,4.364715448062894,,-10.000000000000002,-1.3333333333333346
WQS1073,2016,6.313760220573529,,-8.571428571428566,0.33333333333333215
WQS0314,2016,4.847183080838778,-3.7806410026969988,-1.4285714285714233,3.0000000000000013
WQS0288,2016,-1.0007052002844297,,-11.428571428571425,-4.000000000000001
WQS0286,2016,-1.8580640960350063,,-8.571428571428566,-7.333333333333334
WQS0289,2016,-0.4824676327758857,,12.857142857142861,-3.6666666666666656
WQS0283,2016,-0.4824676327758857,,-8.571428571428566,-7.333333333333334
WQS0285,2016,-5.8478882811232085,,0.0,-1.6666666666666667
WQS0287,2016,,,7.142857142857142,-3.3333333333333335
WQS0297,2016,-5.329650713614663,,21.428571428571427,-3.3333333333333335
WQS0284,2016,-1.0007052002844297,,-10.000000000000002,-6.0
WQS0290,2016,5.925159862847577,,-8.571428571428566,1.3333333333333346
WQS0292,2016,6.858945825256826,,-10.000000000000002,2.666666666666666
WQS1316,2016,-5.8478882811232085,0.5620309064547622,-2.8571428571428465,-0.9999999999999994
WQS1395,2016,-3.9719163468946816,6.946846053784182,-2.8571428571428465,-1.999999999999999
WQS1393,2016,1.2749759216360452,6.946846053784182,-1.4285714285714233,1.999999999999999
WQS1394,2016,-4.395864751205414,5.13251442750358,-1.4285714285714233,-4.333333333333333
WQS1384,2016,-5.8478882811232085,-0.21352818403781276,0.0,-5.333333333333332
WQS1385,2016,-2.835420336420731,1.1240618129095243,-1.4285714285714233,-4.000000000000001
WQS1318,2016,-4.395864751205414,1.9218733946861688,-1.4285714285714233,-3.3333333333333335
WQS1317,2016,-5.329650713614663,0.5620309064547622,-1.4285714285714233,-5.333333333333332
WQS1388,2016,-3.1941147027672385,-0.6441964895913976,0.0,-4.333333333333333
WQS1386,2016,-1.2749759216360468,6.946846053784182,0.0,-3.3333333333333335
WQS1390,2016,-4.8471830808387795,2.4748179864853377,-1.4285714285714233,-3.6666666666666656
WQS1323,2016,-3.5722071592027325,1.286360581349735,-2.8571428571428465,0.33333333333333215
WQS1392,2016,-3.1941147027672385,3.7779662809214187,-2.8571428571428465,-3.3333333333333335
WQS1391,2016,-2.4942303771939334,3.632625662116035,-4.285714285714295,-1.999999999999999
WQS1335,2016,-3.5722071592027325,3.7779662809214187,-1.4285714285714233,4.000000000000001
WQS1356,2016,4.23871191307913,6.946846053784182,-1.4285714285714233,6.0
WQS0275,2016,1.65306837807154,,-8.571428571428566,-1.3333333333333346
WQS0276,2016,-6.407627495623464,,0.0,-4.000000000000001
WQS0291,2016,1.2749759216360452,,-8.571428571428566,-0.6666666666666673
WQS0293,2016,-9.243047832044192,,-10.000000000000002,-4.666666666666668
WQS1307,2016,-3.5722071592027325,0.5620309064547622,-2.8571428571428465,-3.6666666666666656
WQS1306,2016,-4.8471830808387795,1.9218733946861688,-1.4285714285714233,-5.0
WQS1365,2016,-3.5722071592027325,1.7198385820854594,-1.4285714285714233,-4.000000000000001
WQS1366,2016,-4.395864751205414,0.4637458892532693,-2.8571428571428465,-4.666666666666668
WQS1333,2016,-3.5722071592027325,1.286360581349735,-1.4285714285714233,-4.333333333333333
WQS1370,2016,4.610109292896951,6.946846053784182,-1.4285714285714233,1.6666666666666667
WQS0279,2016,-1.560444414784685,,-10.000000000000002,-8.000000000000002
WQS0280,2016,-2.835420336420731,,-11.428571428571425,-6.666666666666667
WQS0281,2016,6.122159002474825,,-10.000000000000002,-4.000000000000001
WQS0282,2016,-1.0007052002844297,,-10.000000000000002,-4.000000000000001
WQS1380,2016,-3.5722071592027325,5.13251442750358,1.4285714285714233,-2.333333333333334
WQS1355,2016,5.61884781628539,6.946846053784182,-1.4285714285714233,6.333333333333333
WQS1379,2016,-4.8471830808387795,2.176337764128914,-1.4285714285714233,-7.333333333333334
WQS0273,2016,,,-7.142857142857142,-7.666666666666666
WQS0278,2016,0.0,,-10.000000000000002,-5.666666666666668
WQS0277,2016,1.65306837807154,,-11.428571428571425,-5.0
WQS0300,2016,-2.835420336420731,,-12.857142857142861,-6.0
WQS0299,2016,-0.4824676327758857,,-10.000000000000002,-8.000000000000002
WQS0301,2016,-2.835420336420731,,-12.857142857142861,-4.666666666666668
WQS0298,2016,7.200135784483624,,-8.571428571428566,2.666666666666666
WQS0303,2016,-2.1689155825443325,,-11.428571428571425,-5.666666666666668
WQS1410,2016,3.2867386660540943,6.946846053784182,-1.4285714285714233,0.33333333333333215
WQS1414,2016,-1.560444414784685,1.286360581349735,-1.4285714285714233,-4.666666666666668
WQS1350,2016,6.858945825256826,5.13251442750358,-2.8571428571428465,-2.666666666666666
WQS1337,2016,4.610109292896951,6.946846053784182,0.0,2.666666666666666
WQS1344,2016,4.1103962580567766,6.946846053784182,-2.8571428571428594,1.999999999999999
WQS1346,2016,-1.2749759216360468,2.753859013979998,-2.8571428571428465,-4.333333333333333
WQS1294,2016,-3.5722071592027325,2.753859013979998,-5.714285714285719,-4.000000000000001
WQS1297,2016,-3.5722071592027325,1.286360581349735,-4.285714285714295,-4.333333333333333
WQS1298,2016,-5.329650713614663,0.5620309064547622,7.142857142857142,-2.666666666666666
WQS1349,2016,-3.5722071592027325,1.9218733946861688,-2.8571428571428465,-4.333333333333333
WQS1348,2016,-3.9719163468946816,1.1240618129095243,-2.8571428571428465,-4.000000000000001
WQS1347,2016,-3.9719163468946816,1.9218733946861688,-1.4285714285714233,3.3333333333333335
WQS1342,2016,-1.2749759216360468,3.2019573565624486,-1.4285714285714233,-1.999999999999999
WQS1292,2016,-1.8580640960350063,5.13251442750358,-1.4285714285714233,-4.333333333333333
WQS1293,2016,-4.395864751205414,3.2019573565624486,-1.4285714285714233,-2.666666666666666
WQS1295,2016,-3.5722071592027325,2.753859013979998,0.0,-4.000000000000001
WQS1340,2016,-3.9719163468946816,1.7198385820854594,0.0,-4.000000000000001
WQS1296,2016,-0.23707378794182898,3.7779662809214187,-1.4285714285714233,-3.3333333333333335
WQS0626,2016,-1.2749759216360468,-3.9854314332863248,-10.000000000000002,-10.333333333333332
WQS1376,2016,-4.395864751205414,0.4637458892532693,-1.4285714285714233,-2.333333333333334
WQS1374,2016,-5.8478882811232085,6.022491610282762,-2.8571428571428465,-3.0000000000000013
WQS0629,2016,-1.0007052002844297,-3.9854314332863248,-4.285714285714283,-10.0
WQS0630,2016,-9.243047832044192,,-8.571428571428566,-6.0
WQS0635,2016,-0.4824676327758857,-4.218884665415601,-11.428571428571425,-8.000000000000002
WQS0634,2016,-0.23707378794182898,-3.9854314332863248,-10.000000000000002,-6.999999999999999
WQS1378,2016,-0.23707378794182898,3.7779662809214187,-4.285714285714295,-2.666666666666666
WQS0636,2016,-1.560444414784685,-4.218884665415601,-10.000000000000002,-11.000000000000004
WQS1286,2016,-2.835420336420731,1.286360581349735,-2.8571428571428465,-1.999999999999999
WQS1283,2016,-4.8471830808387795,3.7779662809214187,-1.4285714285714233,-4.000000000000001
WQS1285,2016,-1.2749759216360468,3.2019573565624486,-2.8571428571428465,-1.3333333333333346
WQS1330,2016,-3.9719163468946816,3.7779662809214187,-2.8571428571428465,0.0
WQS1284,2016,-0.7367868227820025,3.1006922076303365,-4.285714285714295,0.0
WQS1381,2016,-5.329650713614663,3.7779662809214187,-1.4285714285714233,-3.6666666666666656
WQS1413,2016,-3.1941147027672385,1.1240618129095243,0.0,-1.999999999999999
WQS0652,2016,-14.090230912882971,,-10.000000000000002,-6.0
WQS0651,2016,-1.0007052002844297,,-1.4285714285714233,-5.666666666666668
WQS0655,2016,1.65306837807154,,0.0,-1.3333333333333346
WQS0639,2016,-5.329650713614663,,-4.285714285714295,4.333333333333333
WQS0650,2016,-14.090230912882971,,-10.000000000000002,-6.666666666666667
WQS0640,2016,0.8752667339440972,-3.9854314332863248,-1.4285714285714233,0.33333333333333215
WQS0657,2016,0.8752667339440972,-3.9854314332863248,1.4285714285714233,-0.9999999999999994
WQS0656,2016,-0.4824676327758857,-3.9854314332863248,-11.428571428571425,-7.333333333333334
WQS0654,2016,0.0,-3.9854314332863248,-8.571428571428566,-10.666666666666664
WQS0653,2016,-0.23707378794182898,-3.9854314332863248,-11.428571428571425,-10.333333333333332
WQS0601,2016,0.6665047538763971,-3.9854314332863248,0.0,-3.0000000000000013
WQS0968,2016,4.847183080838778,,7.142857142857142,-3.6666666666666656
WQS1026,2016,9.694366161677557,,-4.285714285714295,-1.3333333333333346
WQS1022,2016,4.364715448062894,,-5.714285714285719,-0.33333333333333215
WQS1016,2016,11.706128906095605,,-5.714285714285719,0.9999999999999994
WQS0970,2016,3.572207159202731,,-4.285714285714295,-2.666666666666666
WQS1018,2016,6.858945825256826,,-4.285714285714295,2.666666666666666
WQS0972,2016,5.925159862847577,,-1.4285714285714233,-0.6666666666666673
WQS1021,2016,8.419390240041512,,-4.285714285714295,-0.6666666666666673
WQS1014,2016,9.694366161677557,,-7.142857142857142,3.3333333333333335
WQS1024,2016,6.858945825256826,,-8.571428571428566,-1.3333333333333346
WQS0971,2016,3.572207159202731,,2.8571428571428465,-6.0
WQS1025,2016,3.572207159202731,,4.285714285714295,-5.333333333333332
WQS1015,2016,4.847183080838778,,7.142857142857142,-5.666666666666668
WQS1017,2016,6.858945825256826,,-1.4285714285714233,-2.666666666666666
WQS0967,2016,2.0117627444180477,,-2.8571428571428465,-6.333333333333335
WQS0969,2016,5.925159862847577,,1.4285714285714233,-4.000000000000001
WQS1020,2016,5.925159862847577,,0.0,-2.666666666666666
WQS1019,2016,5.925159862847577,,-2.8571428571428465,-4.000000000000001
WQS1593,2016,0.0,,0.0,-3.6666666666666656
WQS1600,2016,3.572207159202731,,1.4285714285714233,1.6666666666666667
WQS1601,2016,5.925159862847577,,2.8571428571428465,3.3333333333333335
WQS1598,2016,0.0,,1.4285714285714233,-0.6666666666666673
WQS1597,2016,4.847183080838778,,4.285714285714295,3.0000000000000013
WQS1602,2016,4.847183080838778,,4.285714285714295,2.333333333333334
WQS1616,2016,13.739710722795078,,2.8571428571428465,1.6666666666666667
WQS1613,2016,2.0117627444180477,,0.0,-1.6666666666666667
WQS1599,2016,2.0117627444180477,,1.4285714285714233,0.6666666666666673
WQS1595,2016,5.925159862847577,,0.0,0.33333333333333215
WQS1594,2016,6.858945825256826,,-5.714285714285719,3.3333333333333335
WQS1596,2016,7.68260341725951,,-5.714285714285719,4.333333333333333
WQS1620,2016,0.0,,0.0,0.33333333333333215
WQS1619,2016,12.529786498098286,,1.4285714285714233,1.3333333333333346
WQS0005,2016,-0.4824676327758857,,-1.4285714285714233,-1.999999999999999
WQS0007,2016,0.22929946030063506,,-2.8571428571428594,-1.999999999999999
WQS0008,2016,0.0,,11.428571428571425,-2.666666666666666
WQS0006,2016,-0.4824676327758857,,8.571428571428566,-3.0000000000000013
WQS0009,2016,0.8752667339440972,,10.000000000000002,-0.6666666666666673
WQS0294,2016,-4.395864751205414,,-8.571428571428566,-8.666666666666666
WQS0302,2016,-1.560444414784685,,-10.000000000000002,-7.666666666666666
WQS0036,2016,-7.68260341725951,,-5.714285714285719,-1.3333333333333346
WQS1608,2016,15.101288457016592,,-2.8571428571428465,-0.6666666666666673
WQS1607,2016,8.419390240041512,,-8.571428571428566,-1.6666666666666667
WQS1631,2016,0.0,,-1.4285714285714233,-4.000000000000001
WQS1632,2016,0.0,,0.0,-5.0
WQS0956,2016,3.572207159202731,,-1.4285714285714233,-6.333333333333335
WQS1606,2016,4.847183080838778,,-4.285714285714295,-1.6666666666666667
WQS1605,2016,13.266573320880289,,2.8571428571428465,-1.6666666666666667
WQS1062,2016,7.836302065642552,,2.8571428571428465,-3.3333333333333335
WQS1065,2016,5.298501410472143,,2.8571428571428465,-4.000000000000001
WQS1064,2016,5.722449814782877,,2.8571428571428465,-3.3333333333333335
WQS1061,2016,8.419390240041512,,2.8571428571428465,-3.3333333333333335
WQS1060,2016,9.08589499391791,,1.4285714285714233,-1.999999999999999
WQS1076,2016,9.694366161677557,,4.285714285714295,1.6666666666666667
WQS0936,2016,-1.0007052002844297,,4.285714285714295,-6.666666666666667
WQS0949,2016,-0.4824676327758857,,-7.142857142857142,-6.333333333333335
WQS1055,2016,8.419390240041512,,-2.8571428571428594,-0.6666666666666673
WQS1059,2016,5.298501410472143,,4.285714285714295,-1.999999999999999
WQS1058,2016,10.254105376177812,,-4.285714285714283,1.3333333333333346
WQS1075,2016,5.513687834715175,,2.8571428571428465,-3.6666666666666656
WQS1074,2016,8.278112566492425,,2.8571428571428465,-1.3333333333333346
WQS1056,2016,5.722449814782877,,2.8571428571428465,-4.666666666666668
WQS0948,2016,0.4513183296333642,-10.076110608801514,-2.8571428571428465,-6.666666666666667
WQS0937,2016,0.4513183296333642,-9.222846187200144,-1.4285714285714233,-4.333333333333333
WQS1031,2016,7.68260341725951,,-5.714285714285719,-1.999999999999999
WQS0976,2016,8.278112566492425,,0.0,0.6666666666666673
WQS1030,2016,8.278112566492425,,-7.142857142857142,-1.6666666666666667
WQS1029,2016,11.706128906095605,,-2.8571428571428594,-0.33333333333333215
WQS0853,2016,0.4513183296333642,-36.14592311027707,-4.285714285714295,-6.333333333333335
WQS1004,2016,6.681898216975081,,-4.285714285714295,-1.6666666666666667
WQS1603,2016,4.847183080838778,,1.4285714285714233,3.3333333333333335
WQS0985,2016,2.0117627444180477,,-2.8571428571428465,-6.333333333333335
WQS0961,2016,3.572207159202731,,-8.571428571428566,-4.000000000000001
WQS0964,2016,3.572207159202731,,-7.142857142857142,-4.000000000000001
WQS0962,2016,4.847183080838778,,-8.571428571428566,-4.666666666666668
WQS0960,2016,4.847183080838778,,-10.000000000000002,2.666666666666666
WQS0963,2016,5.925159862847577,,-5.714285714285719,-1.3333333333333346
WQS1003,2016,7.364684717422043,,4.285714285714295,-3.3333333333333335
WQS1047,2016,7.68260341725951,,2.8571428571428465,-3.3333333333333335
WQS1046,2016,10.254105376177812,,-7.142857142857142,8.333333333333334
WQS1078,2016,7.0316214377769075,,-5.714285714285719,-2.333333333333334
WQS1077,2016,10.772342943686354,,-2.8571428571428594,2.333333333333334
WQS0981,2016,4.610109292896951,,-1.4285714285714233,3.0000000000000013
WQS1033,2016,0.4513183296333642,,-7.142857142857142,0.6666666666666673
WQS0977,2016,7.525450579133226,,-2.8571428571428465,8.333333333333334
WQS1034,2016,0.0,,-7.142857142857142,-0.6666666666666673
WQS0982,2016,-1.0007052002844297,,-4.285714285714283,-2.666666666666666
WQS0980,2016,0.8752667339440972,,-4.285714285714283,2.666666666666666
WQS0979,2016,10.772342943686354,,-1.4285714285714233,8.0
WQS0978,2016,9.694366161677557,,0.0,5.333333333333334
WQS1006,2016,8.419390240041512,,-4.285714285714295,4.333333333333333
WQS0680,2016,4.364715448062894,-1.7065288432027412,-5.714285714285719,-5.0
WQS0676,2016,4.364715448062894,-1.37133585966851,-5.714285714285719,-3.0000000000000013
WQS0678,2016,0.6665047538763971,-1.7065288432027412,-1.4285714285714233,0.6666666666666673
WQS0679,2016,0.0,-2.3838029164938233,2.8571428571428465,-6.666666666666667
WQS0737,2016,1.0779767820087993,-1.7065288432027412,1.4285714285714233,-6.0
WQS0677,2016,0.0,-1.7065288432027412,-1.4285714285714233,-0.33333333333333215
WQS1627,2016,2.0117627444180477,,-2.8571428571428465,3.3333333333333335
WQS1604,2016,4.847183080838778,,-4.285714285714295,3.3333333333333335
WQS0017,2016,0.0,,-4.285714285714295,0.33333333333333215
WQS1621,2016,2.0117627444180477,,1.4285714285714233,-2.333333333333334
WQS0037,2016,-9.243047832044192,,1.4285714285714233,-2.666666666666666
WQS0019,2016,-7.68260341725951,,4.285714285714283,-2.666666666666666
WQS0022,2016,-9.243047832044192,,-2.8571428571428594,-4.000000000000001
WQS0001,2016,-3.5722071592027325,,-8.571428571428566,2.666666666666666
WQS0002,2016,0.4513183296333642,,-4.285714285714295,-0.33333333333333215
WQS0995,2016,4.610109292896951,,-8.571428571428566,3.3333333333333335
WQS0997,2016,3.846477880554349,,-4.285714285714283,0.6666666666666673
WQS0998,2016,0.4513183296333642,,-5.714285714285719,1.6666666666666667
WQS0996,2016,3.846477880554349,,-4.285714285714283,0.9999999999999994
WQS1009,2016,16.101993657301023,,-5.714285714285719,7.666666666666666
WQS0954,2016,7.836302065642552,,0.0,7.000000000000001
WQS0955,2016,7.364684717422043,,-1.4285714285714233,7.000000000000001
WQS0952,2016,18.780261155595465,,-4.285714285714283,14.000000000000002
WQS1007,2016,12.529786498098286,,-2.8571428571428465,9.333333333333334
WQS0951,2016,13.933078074756688,,4.285714285714295,12.333333333333334
WQS1008,2016,6.858945825256826,,2.8571428571428465,-0.33333333333333215
WQS0953,2016,11.25481057646224,,0.0,3.666666666666667
WQS0663,2016,0.6665047538763971,-3.5416105921245187,1.4285714285714233,-3.0000000000000013
WQS0664,2016,2.9891189848037722,-4.218884665415601,0.0,-3.3333333333333335
WQS0665,2016,2.678267498294446,-1.7065288432027412,1.4285714285714233,-3.0000000000000013
WQS0662,2016,0.0,-0.8532644216013697,-1.4285714285714233,-5.0
WQS0723,2016,17.17997043930982,-0.9685075884376897,-2.8571428571428465,-0.6666666666666673
WQS0673,2016,31.20328211431761,-1.7065288432027412,-4.285714285714283,1.999999999999999
WQS0683,2016,12.130077310406339,-1.5305384948924519,-5.714285714285719,-4.666666666666668
WQS0684,2016,-0.23707378794182898,-0.6441964895913976,0.0,-5.666666666666668
WQS0682,2016,6.770982313320744,-1.7065288432027412,-5.714285714285719,-3.0000000000000013
WQS0681,2016,6.218615800603048,-1.7065288432027412,-8.571428571428566,-4.333333333333333
WQS0761,2016,2.0117627444180477,-1.7065288432027412,-10.000000000000002,-3.3333333333333335
WQS0772,2016,3.572207159202731,-1.0922948321738482,-7.142857142857142,-4.333333333333333
WQS0773,2016,-1.0007052002844297,,-1.4285714285714233,-5.666666666666668
WQS0032,2016,0.0,,-2.8571428571428465,-1.999999999999999
WQS0031,2016,0.4513183296333642,,-4.285714285714295,-1.3333333333333346
WQS0767,2016,-0.7367868227820025,-1.7065288432027412,-10.000000000000002,-4.000000000000001
WQS0769,2016,0.0,-1.0922948321738482,-8.571428571428566,-3.6666666666666656
WQS0756,2016,12.90787895453378,-0.6441964895913976,-4.285714285714283,1.3333333333333346
WQS0762,2016,7.68260341725951,0.18930008719300745,-8.571428571428566,0.6666666666666673
WQS0758,2016,6.858945825256826,2.3156153512613944,-4.285714285714295,-1.6666666666666667
WQS0750,2016,2.5175016365832654,5.985778849104952,-4.285714285714295,-3.6666666666666656
WQS0675,2016,2.9891189848037722,-1.7065288432027412,-1.4285714285714233,-3.0000000000000013
WQS0754,2016,2.0117627444180477,0.30454325402932736,-4.285714285714295,-4.000000000000001
WQS0690,2016,-2.835420336420731,-2.3023056123786763,-4.285714285714295,-0.6666666666666673
WQS0688,2016,6.681898216975081,1.4623509296600228,-7.142857142857142,0.33333333333333215
WQS0689,2016,4.23871191307913,1.3170103108546392,-2.8571428571428594,-0.6666666666666673
WQS0692,2016,0.0,-3.5416105921245187,-4.285714285714295,-3.3333333333333335
WQS0691,2016,-2.835420336420731,-2.8276237576556293,-5.714285714285719,-0.9999999999999994
WQS1610,2016,2.0117627444180477,,-2.8571428571428465,5.0
WQS1635,2016,16.977260391245117,,-7.142857142857142,13.333333333333334
WQS1640,2016,20.212389915357797,,-8.571428571428566,13.333333333333334
WQS1609,2016,2.0117627444180477,,11.428571428571438,5.0
WQS0026,2016,-2.4942303771939334,,0.0,-4.666666666666668
WQS0003,2016,-9.243047832044192,,0.0,-4.000000000000001
WQS0734,2016,2.83542033642073,,-1.4285714285714233,-3.0000000000000013
WQS1611,2016,14.541549242516338,,-1.4285714285714233,8.333333333333334
WQS0015,2016,-7.68260341725951,,-5.714285714285719,11.0
WQS0661,2016,16.977260391245117,-1.7065288432027412,-2.8571428571428465,-3.3333333333333335
WQS0991,2016,17.17997043930982,,2.8571428571428465,13.0
WQS0994,2016,14.827017735664974,,7.142857142857142,5.0
WQS1041,2016,10.254105376177812,,7.142857142857142,10.333333333333334
WQS0992,2016,13.266573320880289,,4.285714285714295,10.666666666666668
WQS0993,2016,14.541549242516338,,-4.285714285714295,7.666666666666666
WQS1072,2016,5.406922295339032,,-1.4285714285714233,3.666666666666667
WQS1070,2016,3.2867386660540943,,-4.285714285714283,1.3333333333333346
WQS1071,2016,10.254105376177812,,-1.4285714285714233,3.3333333333333335
WQS1032,2016,7.364684717422043,,-5.714285714285719,8.666666666666668
WQS1036,2016,17.17997043930982,,-4.285714285714283,14.666666666666668
WQS0987,2016,16.76849841117742,,-2.8571428571428465,12.0
WQS1038,2016,13.933078074756688,,-5.714285714285719,15.666666666666668
WQS1037,2016,10.772342943686354,,-2.8571428571428465,8.666666666666668
WQS1040,2016,19.091112642104793,,-7.142857142857142,10.0
WQS0989,2016,18.619495293884288,,-7.142857142857142,15.0
WQS1039,2016,18.45494636094587,,-7.142857142857142,8.0
WQS0988,2016,2.352952703644846,,-4.285714285714295,-1.6666666666666667
WQS1044,2016,14.541549242516338,,-4.285714285714295,13.666666666666666
WQS1001,2016,13.933078074756688,,-2.8571428571428465,15.0
WQS1042,2016,13.933078074756688,,-1.4285714285714233,14.000000000000002
WQS1043,2016,11.706128906095605,,1.4285714285714233,12.666666666666666
WQS1000,2016,13.266573320880289,,-2.8571428571428465,13.0
WQS1002,2016,13.933078074756688,,-4.285714285714295,15.0
WQS1027,2016,18.286432014239146,,-1.4285714285714233,13.666666666666666
WQS0975,2016,12.90787895453378,,-1.4285714285714233,12.333333333333334
WQS1028,2016,10.254105376177812,,-1.4285714285714233,8.0
WQS0959,2016,6.407627495623461,,0.0,2.666666666666666
WQS0958,2016,8.060695873695005,,0.0,12.666666666666666
WQS0965,2016,7.364684717422043,,1.4285714285714233,4.000000000000001
WQS1066,2016,2.0117627444180477,,-5.714285714285719,-2.333333333333334
WQS1068,2016,8.060695873695005,,-2.8571428571428465,8.333333333333334
WQS1069,2016,16.101993657301023,,-1.4285714285714233,14.000000000000002
WQS0755,2016,-0.4824676327758857,-1.2259952408631263,-1.4285714285714233,-5.333333333333332
WQS0030,2016,-7.68260341725951,,-5.714285714285719,3.666666666666667
WQS0028,2016,-4.8471830808387795,,-2.8571428571428465,4.666666666666667
WQS0027,2016,-9.243047832044192,,1.4285714285714233,-3.0000000000000013
WQS0029,2016,-5.329650713614663,,-4.285714285714295,4.333333333333333
WQS0025,2016,1.0779767820087993,,-4.285714285714295,4.333333333333333
WQS0704,2016,-3.5722071592027325,-2.940275204201734,0.0,-2.333333333333334
WQS0667,2016,-1.560444414784685,-2.1263152640683867,0.0,-4.333333333333333
WQS0666,2016,-1.0007052002844297,-2.3023056123786763,0.0,-0.6666666666666673
WQS0668,2016,0.0,-1.0922948321738482,0.0,-1.6666666666666667
WQS0706,2016,1.2749759216360452,-0.06818756523242914,0.0,2.666666666666666
WQS0699,2016,-0.7367868227820025,-1.6338929041243797,0.0,-0.6666666666666673
WQS0698,2016,0.6665047538763971,0.0,0.0,0.6666666666666673
WQS0705,2016,0.0,-0.06818756523242914,0.0,-1.6666666666666667
WQS1542,2016,0.0,-0.2912335151466093,4.285714285714295,-2.333333333333334
WQS1536,2016,4.1103962580567766,-0.2912335151466093,-2.8571428571428465,10.666666666666668
WQS1545,2016,5.0764825411394146,-0.21352818403781276,2.8571428571428465,-1.3333333333333346
WQS1538,2016,4.847183080838778,0.5620309064547622,1.4285714285714233,14.666666666666668
WQS1555,2016,-1.0007052002844297,-0.9685075884376897,7.142857142857142,-2.333333333333334
WQS1548,2016,-1.2749759216360468,-1.6338929041243797,11.428571428571438,-0.33333333333333215
WQS1543,2016,2.352952703644846,-0.6441964895913976,4.285714285714295,1.6666666666666667
WQS1575,2016,-1.560444414784685,-1.6338929041243797,12.857142857142861,-1.6666666666666667
WQS1544,2016,0.0,-0.2912335151466093,4.285714285714295,-2.333333333333334
WQS1546,2016,-0.23707378794182898,-0.9685075884376897,1.4285714285714233,-5.0
WQS1551,2016,1.0779767820087993,0.3593141737009044,2.8571428571428465,-3.3333333333333335
WQS1550,2016,8.133921746892874,4.970215659063371,4.285714285714295,9.333333333333334
WQS1552,2016,5.722449814782877,2.2122609420294665,4.285714285714295,4.666666666666667
WQS1549,2016,1.2749759216360452,-1.0922948321738482,5.714285714285719,-1.3333333333333346
WQS1541,2016,-3.1941147027672385,-1.37133585966851,5.714285714285719,-10.666666666666664
WQS1539,2016,4.610109292896951,1.018530088498217,2.8571428571428465,3.3333333333333335
WQS1553,2016,2.678267498294446,-1.37133585966851,7.142857142857142,0.9999999999999994
WQS1554,2016,0.22929946030063506,-0.2912335151466093,1.4285714285714233,3.0000000000000013
WQS1540,2016,-0.4824676327758857,-1.37133585966851,2.8571428571428465,-1.3333333333333346
WQS1537,2016,12.130077310406339,-1.9242804514676772,9.99999999999999,3.3333333333333335
WQS1547,2016,11.706128906095605,-2.1263152640683867,1.4285714285714233,3.0000000000000013
WQS0774,2016,2.0117627444180477,-0.2912335151466093,2.8571428571428465,3.0000000000000013
WQS0726,2016,-2.835420336420731,-1.6338929041243797,-4.285714285714295,-0.33333333333333215
WQS0746,2016,2.0117627444180477,6.3057172664176395,2.8571428571428465,-1.999999999999999
WQS0745,2016,5.722449814782877,-0.6441964895913976,0.0,10.0
WQS0658,2016,10.772342943686354,14.759955531675043,-4.285714285714295,12.666666666666666
WQS0660,2016,7.68260341725951,9.54951378311059,-5.714285714285719,5.333333333333334
WQS0739,2016,7.68260341725951,0.06551284345684714,-1.4285714285714233,11.666666666666668
WQS0740,2016,3.7106870703648274,0.5620309064547622,0.0,3.3333333333333335
WQS0775,2016,-9.243047832044192,,-4.285714285714283,-3.3333333333333335
WQS0729,2016,1.8347151361362997,-2.8276237576556293,0.0,1.3333333333333346
WQS0728,2016,-7.68260341725951,-7.178696506268394,-2.8571428571428594,
WQS0730,2016,-0.23707378794182898,-0.8532644216013697,0.0,1.3333333333333346
WQS0727,2016,4.488488714492272,1.54384823377517,0.0,6.666666666666667
WQS0776,2016,-3.1941147027672385,,4.285714285714283,-4.000000000000001
WQS1562,2016,-1.560444414784685,-1.9242804514676772,1.4285714285714233,0.0
WQS1567,2016,-2.835420336420731,-1.37133585966851,-2.8571428571428594,-3.3333333333333335
WQS1563,2016,-0.7367868227820025,-2.4404308273426927,-1.4285714285714233,-1.6666666666666667
WQS1564,2016,-1.560444414784685,-1.2259952408631263,0.0,0.6666666666666673
WQS1565,2016,5.513687834715175,-1.37133585966851,-4.285714285714283,0.6666666666666673
WQS1535,2016,-2.1689155825443325,-2.1263152640683867,-5.714285714285719,-3.6666666666666656
WQS1568,2016,-1.560444414784685,-2.1263152640683867,-4.285714285714295,1.6666666666666667
WQS1566,2016,-3.9719163468946816,-1.9242804514676772,0.0,-3.0000000000000013
WQS1586,2016,22.783891874276097,12.824822119811271,-1.4285714285714233,5.0
WQS1587,2016,29.0098726118348,16.670975965965116,4.285714285714283,
WQS1592,2016,37.8748279874435,16.670975965965116,1.4285714285714233,9.666666666666666
WQS0489,2017,-18.93741399372175,-11.911192357723293,-4.285714285714283,-15.666666666666664
WQS0531,2017,-12.529786498098288,-11.911192357723293,-2.8571428571428594,-15.666666666666664
WQS0520,2017,-12.529786498098288,-11.911192357723293,-4.285714285714283,-13.666666666666666
WQS0486,2017,-14.090230912882971,-11.911192357723293,-6.57142857142857,-12.66666666666667
WQS0484,2017,-18.93741399372175,-11.911192357723293,-5.8571428571428585,-12.333333333333332
WQS0487,2017,-2.835420336420731,-11.911192357723293,-5.428571428571426,-12.0
WQS0505,2017,-23.784597074560526,-7.831585279440171,-5.571428571428579,-10.0
WQS0494,2017,-18.93741399372175,-6.786429050355581,-4.857142857142855,-5.666666666666668
WQS0491,2017,-6.407627495623464,-7.9835412074543,-0.4285714285714194,-5.0
WQS1451,2017,,-4.0596820301916585,-5.714285714285719,-9.333333333333334
WQS1472,2017,-2.835420336420731,-1.841776601138322,-7.142857142857142,-6.666666666666667
WQS1458,2017,,-0.9685075884376897,-4.285714285714295,-7.666666666666666
WQS1450,2017,-7.68260341725951,-3.0610769897849037,-4.285714285714295,-8.333333333333334
WQS1469,2017,,-2.1747349844838513,-3.000000000000012,-8.000000000000002
WQS1459,2017,,-2.3838029164938233,-7.142857142857142,-8.000000000000002
WQS1468,2017,-2.835420336420731,-0.6441964895913976,-10.000000000000002,-1.999999999999999
WQS1473,2017,25.059572996196575,7.401074177161084,-9.57142857142857,10.0
WQS1453,2017,17.56857079703577,5.390002079929018,-4.285714285714295,5.333333333333334
WQS1456,2017,13.933078074756688,-0.13927758713247856,-7.142857142857142,13.333333333333334
WQS1470,2017,-2.835420336420731,-1.6698160820249321,-4.285714285714295,-6.666666666666667
WQS1457,2017,-2.835420336420731,-1.37133585966851,-7.142857142857142,-6.333333333333335
WQS1454,2017,2.184438356938128,-1.6338929041243797,-5.714285714285719,3.3333333333333335
WQS1449,2017,-7.68260341725951,-2.1747349844838513,-1.4285714285714233,-8.000000000000002
WQS0498,2017,-12.529786498098288,-36.14592311027707,-5.714285714285719,-12.333333333333332
WQS0496,2017,-11.254810576462242,-11.911192357723293,-8.571428571428566,-13.000000000000002
WQS0497,2017,-18.93741399372175,-10.753384682092596,-8.571428571428566,-12.66666666666667
WQS1452,2017,-12.529786498098288,-1.9455592537752198,-1.4285714285714233,-8.333333333333334
WQS1455,2017,-2.835420336420731,-0.6441964895913976,-7.142857142857142,-6.666666666666667
WQS1467,2017,1.65306837807154,-4.0596820301916585,-7.142857142857142,0.6666666666666673
WQS1466,2017,10.772342943686354,-0.9685075884376897,-5.714285714285719,12.666666666666666
WQS1465,2017,19.388732323355118,-0.2912335151466093,-7.142857142857142,16.666666666666668
WQS1461,2017,22.027153520148598,0.4637458892532693,-7.142857142857142,16.666666666666668
WQS1460,2017,22.783891874276097,1.018530088498217,-5.714285714285719,16.666666666666668
WQS1463,2017,-2.835420336420731,-1.0922948321738482,-8.571428571428566,-2.666666666666666
WQS1462,2017,22.224152659775843,6.600012860133844,-10.000000000000002,10.0
WQS0433,2017,-23.784597074560526,-7.831585279440171,-5.714285714285719,-12.0
WQS0391,2017,-18.93741399372175,-6.786429050355581,-1.4285714285714233,-8.333333333333334
WQS0390,2017,-16.101993657301023,-6.673777603809475,-2.1428571428571477,-8.000000000000002
WQS0388,2017,-18.93741399372175,-7.178696506268394,-6.714285714285722,-12.333333333333332
WQS0396,2017,-18.93741399372175,-6.673777603809475,-4.999999999999995,-10.666666666666664
WQS0394,2017,-18.93741399372175,-7.178696506268394,-4.428571428571435,-5.666666666666668
WQS0397,2017,-23.784597074560526,-7.905835876345505,-4.285714285714295,-9.000000000000002
WQS0392,2017,-18.93741399372175,-6.786429050355581,-0.2857142857142796,-8.333333333333334
WQS0389,2017,-12.529786498098288,-8.545572113909062,2.8571428571428465,-5.666666666666668
WQS0427,2017,-11.254810576462242,-8.660815280745382,-0.2857142857142796,-6.0
WQS0428,2017,-12.529786498098288,-8.545572113909062,-0.2857142857142796,-6.333333333333335
WQS0429,2017,-12.529786498098288,-8.545572113909062,-4.571428571428575,-4.666666666666668
WQS0395,2017,-18.93741399372175,-6.673777603809475,-1.4285714285714233,-8.333333333333334
WQS0393,2017,-18.93741399372175,-7.228561803054423,-1.4285714285714233,-6.666666666666667
WQS0435,2017,-14.090230912882971,-8.78460252448154,0.0,-6.666666666666667
WQS1430,2017,-104.29456536106562,-5.9724691102222325,-7.142857142857142,-7.333333333333334
WQS1440,2017,-7.016098663383111,-5.667925856192907,-7.142857142857142,-6.666666666666667
WQS1441,2017,-5.8478882811232085,-5.217489705822356,-7.142857142857142,-6.333333333333335
WQS1439,2017,-5.329650713614663,-5.217489705822356,-7.142857142857142,-6.666666666666667
WQS1433,2017,-1.0007052002844297,-3.7806410026969988,-7.142857142857142,-0.6666666666666673
WQS1436,2017,-4.395864751205414,-4.814661434591535,-10.000000000000002,-6.999999999999999
WQS1443,2017,-4.395864751205414,-5.217489705822356,-7.142857142857142,-6.666666666666667
WQS1432,2017,-4.395864751205414,-4.4903503357452434,-7.142857142857142,-6.333333333333335
WQS1429,2017,-4.395864751205414,-5.217489705822356,-7.142857142857142,-7.333333333333334
WQS0472,2017,-14.090230912882971,-9.222846187200144,-4.999999999999995,-6.0
WQS0422,2017,-12.529786498098288,-8.660815280745382,-2.1428571428571477,-11.333333333333336
WQS0420,2017,-12.529786498098288,-8.545572113909062,-1.4285714285714233,-11.666666666666668
WQS0473,2017,-11.254810576462242,-8.660815280745382,-1.4285714285714233,-11.666666666666668
WQS0421,2017,-12.529786498098288,-8.33650418189909,-1.4285714285714233,-11.000000000000004
WQS0475,2017,-16.101993657301023,-8.78460252448154,-2.8571428571428465,-12.0
WQS0474,2017,-10.176833794453444,-8.545572113909062,-1.4285714285714233,-11.666666666666668
WQS0535,2017,-16.101993657301023,-8.660815280745382,-1.4285714285714233,-3.6666666666666656
WQS0534,2017,-7.016098663383111,-7.905835876345505,-1.4285714285714233,-3.3333333333333335
WQS0510,2017,-2.4942303771939334,-8.33650418189909,0.0,-3.6666666666666656
WQS0536,2017,-14.090230912882971,-8.33650418189909,0.0,-2.666666666666666
WQS1447,2017,-4.8471830808387795,-5.480046750278227,-10.000000000000002,-6.999999999999999
WQS0419,2017,-23.784597074560526,-6.99290927713549,1.4285714285714233,
WQS0418,2017,-23.784597074560526,-7.905835876345505,-2.8571428571428465,
WQS0417,2017,-18.93741399372175,-7.626794848850844,0.0,-13.000000000000002
WQS0409,2017,-18.93741399372175,-7.178696506268394,-4.14285714285713,-12.0
WQS0523,2017,6.858945825256826,-7.626794848850844,-4.285714285714295,1.999999999999999
WQS0479,2017,11.706128906095605,-6.99290927713549,4.285714285714283,4.666666666666667
WQS0524,2017,9.694366161677557,-7.228561803054423,1.4285714285714233,7.000000000000001
WQS0533,2017,-4.8471830808387795,-7.332993518606788,0.0,0.0
WQS0525,2017,-11.254810576462242,-8.33650418189909,-2.8571428571428465,-12.0
WQS0527,2017,-14.090230912882971,-5.480046750278227,-4.285714285714295,-6.0
WQS0398,2017,-11.254810576462242,-8.545572113909062,-5.714285714285719,-7.333333333333334
WQS0415,2017,-11.254810576462242,-8.918302933170816,0.0,-5.666666666666668
WQS0526,2017,-18.93741399372175,-11.911192357723293,-4.285714285714283,
WQS0385,2017,-12.529786498098288,,-2.8571428571428594,-14.333333333333336
WQS0551,2017,11.017736788520413,,-7.142857142857142,13.0
WQS0557,2017,4.847183080838778,,-5.714285714285719,-1.999999999999999
WQS0538,2017,1.0779767820087993,,-4.285714285714295,-3.6666666666666656
WQS0560,2017,0.6665047538763971,,-2.8571428571428465,-3.3333333333333335
WQS0563,2017,0.4513183296333642,,0.0,0.0
WQS0559,2017,2.83542033642073,,2.8571428571428465,0.6666666666666673
WQS0558,2017,4.23871191307913,,-8.571428571428566,2.333333333333334
WQS0542,2017,10.772342943686354,,-2.8571428571428465,-0.33333333333333215
WQS0543,2017,3.572207159202731,,-2.8571428571428465,0.6666666666666673
WQS0545,2017,-0.23707378794182898,,1.4285714285714233,-5.333333333333332
WQS0544,2017,2.0117627444180477,,-5.714285714285719,-4.666666666666668
WQS0550,2017,-0.4824676327758857,,-7.142857142857142,-7.333333333333334
WQS0546,2017,-0.7367868227820025,,-5.714285714285719,-10.0
WQS0547,2017,-7.68260341725951,,-7.142857142857142,-10.333333333333332
WQS0548,2017,0.22929946030063506,,-7.142857142857142,-10.0
WQS0556,2017,8.419390240041512,,-1.4285714285714233,1.6666666666666667
WQS0555,2017,0.6665047538763971,,-5.714285714285719,-7.333333333333334
WQS0590,2017,-6.407627495623464,,-4.285714285714295,
WQS0586,2017,-5.8478882811232085,,-4.285714285714295,-7.666666666666666
WQS0592,2017,7.1163861967443545,,0.0,-4.000000000000001
WQS0595,2017,3.9796820411885756,,-4.285714285714295,-5.666666666666668
WQS0588,2017,5.61884781628539,,0.0,
WQS0591,2017,3.430929485653645,,-1.4285714285714233,-6.666666666666667
WQS0593,2017,-7.68260341725951,,0.0,-10.0
WQS0567,2017,-7.68260341725951,,-10.000000000000002,-4.666666666666668
WQS0565,2017,0.0,,-5.714285714285719,-2.333333333333334
WQS0566,2017,0.0,,-4.285714285714295,-3.3333333333333335
WQS0561,2017,0.6665047538763971,,-4.285714285714295,-4.000000000000001
WQS0570,2017,-6.407627495623464,,1.4285714285714233,-6.666666666666667
WQS0569,2017,-6.407627495623464,,0.0,-6.0
WQS0568,2017,-2.4942303771939334,,-2.8571428571428465,-6.333333333333335
WQS0572,2017,-7.016098663383111,,-5.714285714285719,-7.666666666666666
WQS0574,2017,-7.016098663383111,,-2.8571428571428465,-8.333333333333334
WQS0583,2017,-7.016098663383111,,-5.714285714285719,-7.666666666666666
WQS0582,2017,-7.68260341725951,,-2.8571428571428465,-8.666666666666666
WQS0584,2017,-7.68260341725951,,-1.4285714285714233,-8.666666666666666
WQS0580,2017,1.4665771397347491,,-5.714285714285719,-3.0000000000000013
WQS0581,2017,-4.8471830808387795,,-7.142857142857142,-5.0
WQS1797,2017,-7.68260341725951,-11.911192357723293,-8.571428571428566,-17.0
WQS1814,2017,-7.68260341725951,-4.4903503357452434,-7.142857142857142,-13.333333333333334
WQS1781,2017,-7.68260341725951,-3.914341411386275,-8.571428571428566,-12.0
WQS1779,2017,-7.68260341725951,,-10.000000000000002,-12.66666666666667
WQS1783,2017,-7.68260341725951,,-8.571428571428566,-13.999999999999998
WQS1782,2017,-7.68260341725951,,-10.000000000000002,-12.66666666666667
WQS1780,2017,-7.68260341725951,,-8.571428571428566,-13.999999999999998
WQS1788,2017,-7.68260341725951,,-7.142857142857142,-15.333333333333332
WQS1799,2017,-6.407627495623464,,-7.142857142857142,-6.999999999999999
WQS1804,2017,-7.68260341725951,,-11.428571428571425,-12.0
WQS1807,2017,-7.68260341725951,,-8.571428571428566,-10.666666666666664
WQS1800,2017,-7.68260341725951,,-7.142857142857142,-12.0
WQS1803,2017,5.513687834715175,,-5.714285714285719,-4.666666666666668
WQS1664,2017,0.0,-3.284122939699084,-11.428571428571425,-7.666666666666666
WQS1705,2017,-1.0007052002844297,-3.284122939699084,-8.571428571428566,-8.000000000000002
WQS1676,2017,2.5175016365832654,-3.6568537589608385,-7.142857142857142,-4.666666666666668
WQS1674,2017,2.184438356938128,-3.9854314332863248,-10.000000000000002,-6.999999999999999
WQS1672,2017,2.352952703644846,-3.191301094634779,-7.142857142857142,-6.333333333333335
WQS1665,2017,1.2749759216360452,-3.846153846153846,-10.000000000000002,-6.0
WQS1669,2017,2.352952703644846,0.6993984151722024,0.0,-4.333333333333333
WQS1668,2017,3.572207159202731,0.826322492491146,1.4285714285714233,-4.000000000000001
WQS1662,2017,1.2749759216360452,0.9058786419521121,4.285714285714295,-3.6666666666666656
WQS1671,2017,1.8347151361362997,1.0544532663987694,0.0,-3.0000000000000013
WQS1698,2017,1.65306837807154,1.0544532663987694,-2.8571428571428465,-2.666666666666666
WQS1703,2017,1.65306837807154,1.54384823377517,-2.8571428571428465,-2.333333333333334
WQS1699,2017,2.678267498294446,2.024381836114785,-4.285714285714295,-2.333333333333334
WQS1670,2017,5.298501410472143,5.251876864964998,1.4285714285714233,0.0
WQS1700,2017,4.364715448062894,2.753859013979998,-8.571428571428566,-1.999999999999999
WQS1663,2017,2.9891189848037722,1.54384823377517,-7.142857142857142,-6.0
WQS1667,2017,2.9891189848037722,1.5171218493316014,-7.142857142857142,-6.333333333333335
WQS1660,2017,4.364715448062894,3.911666689610695,-2.8571428571428465,-9.000000000000002
WQS1666,2017,4.847183080838778,3.911666689610695,-2.8571428571428465,-6.999999999999999
WQS1661,2017,4.610109292896951,4.309899735407114,-2.8571428571428465,-7.666666666666666
WQS1677,2017,-0.7367868227820025,-0.9685075884376897,2.8571428571428594,-9.000000000000002
WQS1675,2017,-0.23707378794182898,0.12855290571903796,0.0,-8.666666666666666
WQS1711,2017,0.6665047538763971,-0.21352818403781276,1.4285714285714233,-8.333333333333334
WQS1710,2017,4.962772604973117,4.970215659063371,4.285714285714295,-4.666666666666668
WQS1673,2017,4.364715448062894,4.309899735407114,4.285714285714295,-4.666666666666668
WQS0179,2017,-1.560444414784685,13.714799302590453,1.4285714285714233,-6.666666666666667
WQS0228,2017,-2.4942303771939334,5.768027240840016,-5.714285714285719,-9.333333333333334
WQS0180,2017,-0.4824676327758857,14.639153746091875,-2.8571428571428465,-6.666666666666667
WQS0181,2017,-1.0007052002844297,13.714799302590453,-2.8571428571428465,-7.333333333333334
WQS0209,2017,-1.2749759216360468,11.324933354423727,-1.4285714285714233,-8.000000000000002
WQS0188,2017,-1.0007052002844297,3.9747067518728825,-4.285714285714295,-7.666666666666666
WQS0221,2017,-0.4824676327758857,3.9747067518728825,-10.000000000000002,-8.000000000000002
WQS0232,2017,-0.23707378794182898,7.757820535764541,1.4285714285714233,-4.666666666666668
WQS0217,2017,-1.0007052002844297,12.824822119811271,0.0,-7.333333333333334
WQS0186,2017,0.4513183296333642,14.639153746091875,1.4285714285714233,1.3333333333333346
WQS0218,2017,-0.23707378794182898,10.89426504887014,4.285714285714295,-5.0
WQS0219,2017,-0.4824676327758857,3.911666689610695,-8.571428571428566,-5.666666666666668
WQS0224,2017,-0.23707378794182898,10.44616670628769,2.8571428571428465,-6.666666666666667
WQS0183,2017,-0.23707378794182898,11.324933354423727,2.8571428571428465,-4.000000000000001
WQS0225,2017,-1.0007052002844297,12.1004924449163,1.4285714285714233,-3.3333333333333335
WQS0220,2017,0.0,10.89426504887014,4.285714285714295,-3.3333333333333335
WQS0191,2017,-1.2749759216360468,3.5549203310072386,-1.4285714285714233,-7.333333333333334
WQS0215,2017,-1.0007052002844297,3.5549203310072386,0.0,-6.999999999999999
WQS0227,2017,-1.0007052002844297,3.911666689610695,-5.714285714285719,-6.999999999999999
WQS0223,2017,-0.7367868227820025,3.911666689610695,-4.285714285714295,-7.333333333333334
WQS0184,2017,2.184438356938128,0.7850768563689423,-8.571428571428566,-4.000000000000001
WQS0211,2017,2.352952703644846,3.9747067518728825,-7.142857142857142,-5.0
WQS0190,2017,-0.4824676327758857,3.9747067518728825,-7.142857142857142,-3.3333333333333335
WQS0185,2017,-0.4824676327758857,3.9747067518728825,-8.571428571428566,-4.666666666666668
WQS0226,2017,-0.4824676327758857,3.9747067518728825,-7.142857142857142,-0.6666666666666673
WQS0187,2017,-0.23707378794182898,5.768027240840016,-7.142857142857142,0.0
WQS0213,2017,-0.4824676327758857,6.3209718326391835,-8.571428571428566,-3.0000000000000013
WQS0178,2017,-0.7367868227820025,3.9747067518728825,-8.571428571428566,-5.333333333333332
WQS0189,2017,-0.4824676327758857,3.9747067518728825,-7.142857142857142,-6.0
WQS0182,2017,-1.0007052002844297,3.9747067518728825,-7.142857142857142,-5.333333333333332
WQS0230,2017,-1.0007052002844297,5.768027240840016,-8.571428571428566,-3.6666666666666656
WQS0600,2017,-0.7367868227820025,,-7.142857142857142,-8.000000000000002
WQS1854,2017,6.218615800603048,7.99685094633702,-4.285714285714295,-2.333333333333334
WQS1875,2017,3.572207159202731,7.048111202716294,-4.285714285714295,-1.3333333333333346
WQS1886,2017,3.9796820411885756,7.881607779500699,-4.285714285714295,-0.6666666666666673
WQS1829,2017,3.846477880554349,7.478779508269881,-1.4285714285714233,3.0000000000000013
WQS1864,2017,4.962772604973117,7.881607779500699,-2.8571428571428465,2.666666666666666
WQS1857,2017,3.9796820411885756,8.85011536793839,-5.714285714285719,3.3333333333333335
WQS1861,2017,3.1395120283070157,6.600012860133844,-4.285714285714295,4.666666666666667
WQS1860,2017,5.513687834715175,7.99685094633702,-5.714285714285719,3.3333333333333335
WQS1865,2017,2.5175016365832654,6.600012860133844,-4.285714285714295,3.3333333333333335
WQS1858,2017,4.364715448062894,4.150697100183173,2.8571428571428594,2.666666666666666
WQS1825,2017,-9.0,-11.911192357723293,-8.571428571428566,-18.000000000000004
WQS1822,2017,-9.0,1.286360581349735,-8.571428571428566,-12.66666666666667
WQS1824,2017,-7.68260341725951,-1.0922948321738482,-7.142857142857142,-13.333333333333334
WQS1823,2017,-2.835420336420731,4.970215659063371,-10.000000000000002,-11.333333333333336
WQS0517,2017,-18.93741399372175,-8.33650418189909,-4.285714285714295,-6.333333333333335
WQS0515,2017,-11.254810576462242,-8.065038511569448,-5.714285714285719,-5.666666666666668
WQS0366,2017,0.0,1.9218733946861688,-8.571428571428566,-10.0
WQS0368,2017,0.0,1.9218733946861688,-5.714285714285719,-7.333333333333334
WQS0369,2017,20.34070557038015,1.0544532663987694,-4.285714285714295,6.333333333333333
WQS0374,2017,4.847183080838778,4.359765032193145,-10.000000000000002,-1.999999999999999
WQS0311,2017,5.925159862847577,5.13251442750358,-5.714285714285719,4.333333333333333
WQS0312,2017,17.56857079703577,17.85943337110072,-10.000000000000002,15.0
WQS0313,2017,16.553311986934386,14.639153746091875,-10.000000000000002,13.666666666666666
WQS0307,2017,22.960939482557844,15.171087200577572,-10.000000000000002,15.0
WQS1777,2017,20.34070557038015,13.714799302590453,-5.714285714285719,16.666666666666668
WQS1763,2017,6.681898216975081,4.359765032193145,-7.142857142857142,4.000000000000001
WQS1774,2017,8.826865122027355,5.003961521784543,-11.428571428571425,7.333333333333334
WQS1776,2017,15.365206834519016,2.753859013979998,-5.714285714285719,8.333333333333334
WQS1778,2017,9.211898528901672,5.985778849104952,-10.000000000000002,8.666666666666668
WQS1775,2017,12.529786498098286,6.600012860133844,-5.714285714285719,5.666666666666668
WQS1768,2017,12.529786498098286,6.3209718326391835,-8.571428571428566,6.0
WQS1759,2017,12.529786498098286,12.1004924449163,-5.714285714285719,11.0
WQS1771,2017,14.827017735664974,2.753859013979998,0.0,-2.666666666666666
WQS1772,2017,17.56857079703577,3.7779662809214187,2.8571428571428465,4.666666666666667
WQS1773,2017,11.25481057646224,5.565992428239305,-1.4285714285714233,-2.666666666666666
WQS1769,2017,-1.2749759216360468,2.2122609420294665,-2.8571428571428465,-10.0
WQS1817,2017,17.56857079703577,,-5.714285714285719,10.666666666666668
WQS1785,2017,4.847183080838778,,-7.142857142857142,-0.6666666666666673
WQS1784,2017,21.40049506777316,,-4.285714285714283,16.666666666666668
WQS1787,2017,9.694366161677557,,-10.000000000000002,0.6666666666666673
WQS1786,2017,20.949176738139794,,-2.8571428571428594,16.666666666666668
WQS1791,2017,4.847183080838778,,-8.571428571428566,-3.3333333333333335
WQS1789,2017,-3.5722071592027325,,-5.714285714285719,-7.333333333333334
WQS1686,2017,5.513687834715175,1.089620110398268,4.285714285714295,0.6666666666666673
WQS1747,2017,22.783891874276097,6.8390432707063225,-10.000000000000002,
WQS1685,2017,6.858945825256826,1.089620110398268,-1.4285714285714233,-1.3333333333333346
WQS1756,2017,1.8347151361362997,-0.6441964895913976,1.4285714285714233,-8.000000000000002
WQS1757,2017,18.90626469057923,7.478779508269881,4.285714285714295,12.333333333333334
WQS1765,2017,1.4665771397347491,0.12855290571903796,-7.142857142857142,-5.0
WQS1754,2017,2.83542033642073,2.753859013979998,2.8571428571428465,-7.666666666666666
WQS1681,2017,-1.0007052002844297,-3.3325426601145485,7.142857142857142,-4.000000000000001
WQS1680,2017,2.352952703644846,0.4637458892532693,2.8571428571428465,4.000000000000001
WQS1679,2017,10.772342943686354,7.048111202716294,-11.428571428571425,12.666666666666666
WQS1725,2017,3.846477880554349,3.7068762590213673,4.285714285714295,-6.0
WQS1682,2017,2.678267498294446,2.753859013979998,4.285714285714295,-7.666666666666666
WQS1730,2017,-0.4824676327758857,-2.7220920332443215,2.8571428571428465,-1.999999999999999
WQS1729,2017,-0.23707378794182898,-2.3023056123786763,4.285714285714295,-0.6666666666666673
WQS1720,2017,0.22929946030063506,-0.6441964895913976,4.285714285714295,-0.9999999999999994
WQS1719,2017,0.4513183296333642,-0.21352818403781276,2.8571428571428465,-0.33333333333333215
WQS1724,2017,2.352952703644846,0.4637458892532693,2.8571428571428465,4.333333333333333
WQS1723,2017,2.352952703644846,1.018530088498217,2.8571428571428465,6.666666666666667
WQS1728,2017,9.694366161677557,3.632625662116035,-7.142857142857142,15.0
WQS1727,2017,12.529786498098286,3.911666689610695,-8.571428571428566,16.0
WQS1732,2017,10.466030897124169,6.3209718326391835,-10.000000000000002,12.333333333333334
WQS1731,2017,10.772342943686354,7.048111202716294,-10.000000000000002,12.666666666666666
WQS1722,2017,7.28289422956756,3.9747067518728825,0.0,10.0
WQS1721,2017,7.0316214377769075,3.911666689610695,1.4285714285714233,8.666666666666668
WQS1734,2017,3.1395120283070157,1.286360581349735,-8.571428571428566,-4.666666666666668
WQS1733,2017,3.2867386660540943,1.4342769345004105,-8.571428571428566,-4.000000000000001
WQS1726,2017,1.0779767820087993,0.4637458892532693,1.4285714285714233,-8.333333333333334
WQS1753,2017,2.678267498294446,3.2019573565624486,-8.571428571428566,-7.666666666666666
WQS1687,2017,3.1395120283070157,2.753859013979998,-4.285714285714295,-8.666666666666666
WQS1766,2017,2.5175016365832654,1.5171218493316014,-8.571428571428566,-7.333333333333334
WQS1678,2017,2.0117627444180477,2.753859013979998,-4.285714285714295,-7.333333333333334
WQS1718,2017,1.8347151361362997,2.4748179864853377,-5.714285714285719,-7.333333333333334
WQS1689,2017,-4.395864751205414,-0.9685075884376897,-7.142857142857142,-6.999999999999999
WQS1688,2017,-3.9719163468946816,-0.6441964895913976,-5.714285714285719,-8.333333333333334
WQS0235,2017,-0.4824676327758857,3.9747067518728825,4.285714285714295,-6.999999999999999
WQS0266,2017,-1.560444414784685,10.89426504887014,2.8571428571428465,-7.333333333333334
WQS0264,2017,-0.4824676327758857,2.753859013979998,-5.714285714285719,-6.0
WQS0263,2017,-0.4824676327758857,11.47027397322911,-1.4285714285714233,-8.000000000000002
WQS0267,2017,-1.0007052002844297,3.9747067518728825,-7.142857142857142,-5.333333333333332
WQS0207,2017,0.0,11.324933354423727,-5.714285714285719,-6.666666666666667
WQS0176,2017,-1.560444414784685,2.753859013979998,-5.714285714285719,7.333333333333334
WQS0199,2017,-0.7367868227820025,3.5549203310072386,0.0,-6.333333333333335
WQS0173,2017,-0.4824676327758857,10.792999899938028,-2.8571428571428465,-5.0
WQS0208,2017,-0.4824676327758857,3.5549203310072386,-4.285714285714295,-6.999999999999999
WQS0258,2017,-0.4824676327758857,3.5549203310072386,-4.285714285714295,0.6666666666666673
WQS0257,2017,2.83542033642073,3.5549203310072386,-5.714285714285719,5.0
WQS0271,2017,0.0,2.4748179864853377,-7.142857142857142,1.3333333333333346
WQS0172,2017,-0.4824676327758857,5.768027240840016,-4.285714285714295,-1.6666666666666667
WQS0236,2017,-0.4824676327758857,0.3593141737009044,-8.571428571428566,-4.666666666666668
WQS0237,2017,-0.7367868227820025,0.4637458892532693,2.8571428571428465,-6.0
WQS0240,2017,-1.0007052002844297,3.5549203310072386,-5.714285714285719,-6.0
WQS0241,2017,-0.23707378794182898,2.8776462577161563,-4.285714285714295,-5.333333333333332
WQS0242,2017,-0.4824676327758857,2.8776462577161563,1.4285714285714233,-6.0
WQS0193,2017,-0.4824676327758857,3.632625662116035,-4.285714285714283,-3.6666666666666656
WQS0246,2017,-1.8580640960350063,6.3209718326391835,-7.142857142857142,-7.333333333333334
WQS0247,2017,-1.0007052002844297,5.565992428239305,-5.714285714285719,-5.333333333333332
WQS0245,2017,-1.2749759216360468,5.768027240840016,-4.285714285714295,-7.333333333333334
WQS0174,2017,0.0,5.768027240840016,-7.142857142857142,-3.3333333333333335
WQS0202,2017,-0.23707378794182898,3.5549203310072386,-1.4285714285714233,-6.0
WQS0200,2017,-0.4824676327758857,3.9747067518728825,-1.4285714285714233,-6.666666666666667
WQS0175,2017,-0.23707378794182898,3.9747067518728825,-1.4285714285714233,-6.666666666666667
WQS0205,2017,-0.4824676327758857,3.5549203310072386,-7.142857142857142,-6.0
WQS0253,2017,1.2749759216360452,3.5549203310072386,-5.714285714285719,2.666666666666666
WQS0255,2017,3.572207159202731,1.4899608705335756,-7.142857142857142,4.666666666666667
WQS0256,2017,3.572207159202731,0.7850768563689423,-1.4285714285714233,4.666666666666667
WQS0260,2017,11.25481057646224,3.5549203310072386,-5.714285714285719,9.666666666666666
WQS0171,2017,-0.4824676327758857,2.8776462577161563,-5.714285714285719,-6.666666666666667
WQS0170,2017,-0.7367868227820025,3.5549203310072386,2.8571428571428465,-6.333333333333335
WQS0252,2017,-1.0007052002844297,3.2019573565624486,-4.285714285714283,-3.6666666666666656
WQS0194,2017,0.0,6.3209718326391835,-4.285714285714295,-4.000000000000001
WQS0195,2017,-0.4824676327758857,6.3209718326391835,-2.8571428571428465,-5.333333333333332
WQS0261,2017,9.08589499391791,3.9747067518728825,-5.714285714285719,8.0
WQS0265,2017,-1.0007052002844297,3.5549203310072386,-7.142857142857142,-5.333333333333332
WQS0206,2017,-1.0007052002844297,10.89426504887014,-7.142857142857142,-7.333333333333334
WQS0177,2017,-0.23707378794182898,11.727761625654546,-7.142857142857142,-6.999999999999999
WQS0058,2017,-0.4824676327758857,-1.6880716013497847,-5.714285714285719,4.666666666666667
WQS0057,2017,0.0,0.18930008719300745,-4.285714285714283,0.0
WQS0059,2017,-0.23707378794182898,-0.2912335151466093,-1.4285714285714233,0.6666666666666673
WQS0062,2017,5.298501410472143,-0.2912335151466093,0.0,
WQS0060,2017,-1.0007052002844297,1.8350817489217792,-7.142857142857142,-3.6666666666666656
WQS0090,2017,-0.4824676327758857,-0.2912335151466093,-2.8571428571428594,0.9999999999999994
WQS0093,2017,0.4513183296333642,-0.3727308192617548,-8.571428571428566,-2.666666666666666
WQS0088,2017,-0.4824676327758857,-1.5305384948924519,-1.4285714285714233,-2.333333333333334
WQS0063,2017,1.2749759216360452,-1.6880716013497847,-7.142857142857142,-1.6666666666666667
WQS0089,2017,-0.4824676327758857,0.5620309064547622,0.0,-0.6666666666666673
WQS0087,2017,1.2749759216360452,-2.0562198021214675,-7.142857142857142,-1.3333333333333346
WQS1261,2017,4.847183080838778,,2.8571428571428465,14.000000000000002
WQS1275,2017,2.0117627444180477,,-4.285714285714295,12.0
WQS1260,2017,5.925159862847577,,0.0,12.333333333333334
WQS1264,2017,14.827017735664974,,0.0,16.0
WQS1263,2017,4.847183080838778,,-1.4285714285714233,13.0
WQS0066,2017,4.364715448062894,-0.8532644216013697,-2.8571428571428594,-2.666666666666666
WQS1262,2017,8.419390240041512,,-4.285714285714295,14.000000000000002
WQS1258,2017,0.4513183296333642,,0.0,11.0
WQS1265,2017,3.2867386660540943,,11.428571428571438,12.333333333333334
WQS0100,2017,3.846477880554349,0.12855290571903796,-5.714285714285719,-6.0
WQS0067,2017,2.5175016365832654,0.5620309064547622,-1.4285714285714233,-0.9999999999999994
WQS0144,2017,-0.7367868227820025,-1.6880716013497847,4.285714285714283,-6.666666666666667
WQS0121,2017,-0.4824676327758857,-2.0562198021214675,-4.285714285714283,-3.3333333333333335
WQS0064,2017,1.2749759216360452,0.18930008719300745,-4.285714285714283,10.0
WQS0096,2017,2.9891189848037722,-0.3727308192617548,2.8571428571428594,-4.000000000000001
WQS0095,2017,2.678267498294446,0.12855290571903796,2.8571428571428594,5.333333333333334
WQS0136,2017,3.846477880554349,0.5620309064547622,-7.142857142857142,4.333333333333333
WQS0103,2017,5.513687834715175,0.5620309064547622,1.4285714285714233,12.666666666666666
WQS0114,2017,0.22929946030063506,-2.0562198021214675,1.4285714285714233,-3.3333333333333335
WQS0125,2017,0.4513183296333642,-0.13927758713247856,4.285714285714283,11.0
WQS0124,2017,0.0,0.18930008719300745,2.8571428571428594,6.666666666666667
WQS0133,2017,-3.1941147027672385,-0.8532644216013697,-7.142857142857142,-0.6666666666666673
WQS0107,2017,-1.0007052002844297,-0.3727308192617548,-2.8571428571428594,-3.6666666666666656
WQS0070,2017,-2.4942303771939334,-0.3727308192617548,1.4285714285714233,0.6666666666666673
WQS0113,2017,-1.2749759216360468,-0.2912335151466093,2.8571428571428594,-0.6666666666666673
WQS0083,2017,0.4513183296333642,0.9442794915928843,-1.4285714285714233,2.666666666666666
WQS0134,2017,3.846477880554349,-0.3727308192617548,2.8571428571428594,8.333333333333334
WQS0074,2017,-2.1689155825443325,-0.8532644216013697,1.4285714285714233,-1.6666666666666667
WQS1109,2017,-7.68260341725951,,-8.571428571428566,-7.333333333333334
WQS1080,2017,-7.016098663383111,,4.285714285714283,
WQS1079,2017,-7.68260341725951,,2.8571428571428594,-6.999999999999999
WQS0081,2017,18.45494636094587,7.6241201270752645,-1.4285714285714233,15.666666666666668
WQS0065,2017,5.824539321224504,0.5620309064547622,20.000000000000004,
WQS0120,2017,-0.23707378794182898,-1.37133585966851,2.8571428571428594,-1.6666666666666667
WQS0042,2017,,,-4.285714285714295,15.666666666666668
WQS0040,2017,,,-10.000000000000002,
WQS0046,2017,,,0.0,
WQS0047,2017,,,-11.428571428571425,
WQS0049,2017,,,-11.428571428571425,
WQS0041,2017,,,-11.428571428571425,
WQS0038,2017,,,-1.4285714285714233,
WQS0039,2017,,,-2.8571428571428465,
WQS0082,2017,-2.4942303771939334,,1.4285714285714233,0.9999999999999994
WQS0068,2017,-0.7367868227820025,-2.0562198021214675,1.4285714285714233,0.33333333333333215
WQS1883,2017,0.6665047538763971,2.139625002951105,4.285714285714295,-4.000000000000001
WQS0104,2017,0.4513183296333642,-1.37133585966851,1.4285714285714233,-0.6666666666666673
WQS0123,2017,-0.4824676327758857,0.12855290571903796,5.714285714285719,2.666666666666666
WQS0084,2017,2.352952703644846,0.5620309064547622,10.000000000000002,-5.333333333333332
WQS0140,2017,1.65306837807154,-2.0562198021214675,-1.4285714285714233,-5.0
WQS0119,2017,4.23871191307913,-0.9685075884376897,17.142857142857142,6.333333333333333
WQS0080,2017,-2.835420336420731,-1.7065288432027412,-4.285714285714283,-0.6666666666666673
WQS0141,2017,-0.23707378794182898,-1.37133585966851,4.285714285714283,0.0
WQS0056,2017,-0.4824676327758857,0.18930008719300745,0.0,-1.6666666666666667
WQS0143,2017,-1.0007052002844297,-1.6880716013497847,0.0,-0.6666666666666673
WQS0129,2017,-0.4824676327758857,-1.37133585966851,0.0,2.333333333333334
WQS1870,2017,1.8347151361362997,1.7198385820854594,-2.8571428571428594,0.33333333333333215
WQS1869,2017,4.847183080838778,5.985778849104952,-4.285714285714283,0.6666666666666673
WQS0138,2017,9.33567179533105,-0.2912335151466093,0.0,-4.333333333333333
WQS1259,2017,0.0,,-1.4285714285714233,4.000000000000001
WQS1266,2017,0.0,,7.142857142857142,4.000000000000001
WQS1280,2017,2.0117627444180477,,0.0,6.333333333333333
WQS1270,2017,10.254105376177812,,5.714285714285719,7.000000000000001
WQS1277,2017,4.847183080838778,,-4.285714285714295,7.000000000000001
WQS1278,2017,0.0,,0.0,6.0
WQS1279,2017,0.0,,14.285714285714285,6.666666666666667
WQS1145,2017,-3.9719163468946816,-7.13027678585293,-2.8571428571428594,-6.333333333333335
WQS1144,2017,-3.5722071592027325,-7.444392349127236,0.0,-6.0
WQS1125,2017,-1.8580640960350063,-6.534500016676995,-5.714285714285719,-5.666666666666668
WQS1121,2017,-2.4942303771939334,-6.865985199816546,-2.8571428571428465,-5.333333333333332
WQS1122,2017,-4.395864751205414,-7.083221184249039,-7.142857142857142,-6.333333333333335
WQS1501,2017,-2.1689155825443325,-6.949520775559763,0.0,1.999999999999999
WQS0317,2017,-7.275128535273665,-7.228561803054423,1.5714285714285632,-4.666666666666668
WQS0332,2017,-8.419390240041512,-11.911192357723293,-1.4285714285714233,-5.0
WQS0328,2017,-2.1689155825443325,-7.626794848850844,0.0,-4.333333333333333
WQS0331,2017,-5.329650713614663,-7.626794848850844,0.0,-3.6666666666666656
WQS0319,2017,-2.835420336420731,-7.9835412074543,4.285714285714295,-7.666666666666666
WQS0316,2017,-3.9719163468946816,-8.660815280745382,0.0,3.0000000000000013
WQS0320,2017,-1.473573645564005,-7.228561803054423,7.428571428571422,-4.666666666666668
WQS0867,2017,-2.835420336420731,-11.911192357723293,2.8571428571428465,-5.0
WQS0318,2017,-1.0007052002844297,-8.660815280745382,0.0,8.333333333333334
WQS0802,2017,-0.4824676327758857,-7.387764438278365,-5.714285714285719,-5.666666666666668
WQS0942,2017,-1.560444414784685,-8.918302933170816,-4.285714285714295,
WQS0848,2017,-2.835420336420731,-9.595577006461898,-7.142857142857142,-6.0
WQS0870,2017,-0.4824676327758857,-6.534500016676995,-4.285714285714295,-4.666666666666668
WQS0841,2017,-1.560444414784685,-9.398836535510434,2.8571428571428465,-2.666666666666666
WQS0781,2017,-2.835420336420731,-11.911192357723293,2.8571428571428465,-4.666666666666668
WQS0346,2017,2.0117627444180477,-7.831585279440171,-4.285714285714295,2.666666666666666
WQS0344,2017,4.847183080838778,-6.90723083593875,1.4285714285714233,3.0000000000000013
WQS0350,2017,25.31389218620269,-0.2912335151466093,-5.714285714285719,16.0
WQS0349,2017,14.243929561266013,-4.938448678327695,-1.4285714285714233,5.0
WQS0345,2017,7.68260341725951,-4.814661434591535,-2.8571428571428465,9.333333333333334
WQS0340,2017,22.1263467718406,-0.6441964895913976,14.285714285714285,12.666666666666666
WQS0356,2017,-0.7367868227820025,-9.398836535510434,-2.571428571428567,-0.6666666666666673
WQS0355,2017,27.21552656021417,0.5620309064547622,0.5714285714285592,7.333333333333334
WQS0348,2017,5.925159862847577,-7.387764438278365,4.285714285714295,2.333333333333334
WQS0351,2017,2.184438356938128,-7.228561803054423,0.0,6.666666666666667
WQS0333,2017,2.0117627444180477,-8.33650418189909,-4.285714285714295,1.999999999999999
WQS0326,2017,29.57527188896134,1.7198385820854594,-7.142857142857142,16.666666666666668
WQS0339,2017,-2.4942303771939334,-8.660815280745382,-1.4285714285714233,-0.9999999999999994
WQS0888,2017,-3.5722071592027325,-9.222846187200144,0.0,-7.666666666666666
WQS0811,2017,-1.0007052002844297,-11.911192357723293,-1.000000000000004,-8.000000000000002
WQS0810,2017,-3.5722071592027325,-8.660815280745382,2.8571428571428465,-7.333333333333334
WQS0806,2017,-1.0007052002844297,-10.753384682092596,-1.4285714285714233,-9.000000000000002
WQS0807,2017,0.0,-11.911192357723293,-1.4285714285714233,-6.666666666666667
WQS0891,2017,-2.835420336420731,-9.398836535510434,-5.714285714285719,-5.666666666666668
WQS0812,2017,-3.5722071592027325,-9.222846187200144,1.4285714285714233,-6.666666666666667
WQS0809,2017,-3.1941147027672385,-9.0636435519762,2.8571428571428465,-7.333333333333334
WQS0808,2017,-4.395864751205414,-7.692307692307692,-1.4285714285714233,-7.333333333333334
WQS0892,2017,-3.5722071592027325,-7.626794848850844,-1.4285714285714233,-6.666666666666667
WQS0894,2017,-2.835420336420731,-7.503007605114686,1.4285714285714233,-6.0
WQS0804,2017,-4.395864751205414,-11.911192357723293,-1.4285714285714233,-6.0
WQS0887,2017,-2.4942303771939334,-11.911192357723293,2.8571428571428465,-5.666666666666668
WQS0900,2017,-4.8471830808387795,-11.911192357723293,1.4285714285714233,-5.666666666666668
WQS0901,2017,-6.407627495623464,-11.911192357723293,0.0,-5.0
WQS0814,2017,-3.9719163468946816,-9.595577006461898,-8.571428571428566,-8.000000000000002
WQS0803,2017,-3.5722071592027325,-8.918302933170816,-7.142857142857142,-9.000000000000002
WQS0805,2017,-1.0007052002844297,-9.222846187200144,-1.4285714285714233,-6.999999999999999
WQS0874,2017,-3.9719163468946816,-11.911192357723293,-1.4285714285714233,-4.666666666666668
WQS0813,2017,-3.9719163468946816,-10.753384682092596,-10.000000000000002,-6.0
WQS0815,2017,-3.1941147027672385,-11.911192357723293,5.714285714285719,-6.999999999999999
WQS0334,2017,-7.016098663383111,-4.4903503357452434,-7.142857142857142,-5.333333333333332
WQS0338,2017,-7.68260341725951,-7.831585279440171,-2.8571428571428465,-6.0
WQS0335,2017,-7.68260341725951,-8.660815280745382,0.0,-4.000000000000001
WQS0321,2017,-7.68260341725951,-7.831585279440171,-5.714285714285719,-4.000000000000001
WQS0791,2017,-4.395864751205414,-11.911192357723293,4.285714285714295,-4.666666666666668
WQS0795,2017,-2.4942303771939334,-5.072149087016972,-1.4285714285714233,-5.0
WQS0797,2017,-0.4824676327758857,-10.753384682092596,-2.8571428571428465,0.33333333333333215
WQS0782,2017,-1.560444414784685,-6.949520775559763,-1.4285714285714233,-7.666666666666666
WQS0796,2017,-0.4824676327758857,-8.918302933170816,-1.4285714285714233,
WQS0847,2017,-0.23707378794182898,-6.122153979569809,-2.8571428571428465,-6.0
WQS1050,2017,7.68260341725951,,-4.285714285714295,10.666666666666668
WQS1053,2017,6.313760220573529,,-4.285714285714295,7.333333333333334
WQS1054,2017,9.694366161677557,,5.714285714285719,12.666666666666666
WQS0353,2017,-3.5722071592027325,-5.480046750278227,-1.4285714285714233,12.0
WQS0354,2017,-2.4942303771939334,-6.286584673496539,-1.4285714285714233,-5.0
WQS0358,2017,-1.8580640960350063,-2.5536181620525014,0.0,-4.666666666666668
WQS0361,2017,-5.8478882811232085,-6.949520775559763,1.4285714285714233,-4.666666666666668
WQS0360,2017,-0.23707378794182898,-2.5536181620525014,-7.142857142857142,3.0000000000000013
WQS0946,2017,-3.5722071592027325,-11.911192357723293,3.9999999999999907,-5.0
WQS0944,2017,6.858945825256826,-8.33650418189909,2.000000000000008,6.666666666666667
WQS0359,2017,-3.1941147027672385,-3.914341411386275,-3.2857142857142914,-4.666666666666668
WQS0357,2017,-1.0007052002844297,-5.9724691102222325,-2.571428571428567,-4.666666666666668
WQS0945,2017,2.9891189848037722,-8.33650418189909,2.8571428571428465,-3.6666666666666656
WQS0930,2017,-1.0007052002844297,-11.911192357723293,0.0,-4.666666666666668
WQS0315,2017,0.22929946030063506,-6.568245879398169,-5.714285714285719,-0.6666666666666673
WQS0966,2017,4.847183080838778,,-5.714285714285719,5.333333333333334
WQS1012,2017,0.0,,-4.285714285714295,-4.000000000000001
WQS1005,2017,3.572207159202731,,-4.285714285714295,0.6666666666666673
WQS0792,2017,-1.0007052002844297,-11.911192357723293,-2.8571428571428465,-5.0
WQS1048,2017,9.576833865758807,,-5.714285714285719,0.0
WQS0314,2017,8.419390240041512,-6.568245879398169,-4.285714285714295,-2.333333333333334
WQS0957,2017,4.847183080838778,,-7.142857142857142,6.0
WQS0973,2017,4.847183080838778,,-2.8571428571428465,3.3333333333333335
WQS0974,2017,7.200135784483624,,-7.142857142857142,
WQS0986,2017,11.706128906095605,,-2.8571428571428465,-3.6666666666666656
WQS1035,2017,20.055237077231514,,-2.8571428571428594,12.666666666666666
WQS0999,2017,3.572207159202731,,0.0,-1.999999999999999
WQS1045,2017,13.266573320880289,,-2.8571428571428594,14.000000000000002
WQS1067,2017,6.681898216975081,,-7.142857142857142,13.333333333333334
WQS1073,2017,12.529786498098286,,-4.285714285714295,-4.333333333333333
WQS0288,2017,1.0779767820087993,,-11.428571428571425,-1.3333333333333346
WQS0286,2017,-1.560444414784685,,-11.428571428571425,-4.000000000000001
WQS0283,2017,0.6665047538763971,,-10.000000000000002,-6.0
WQS0285,2017,-0.23707378794182898,,0.0,-6.0
WQS0287,2017,-0.7367868227820025,,0.0,-6.0
WQS0297,2017,-0.4824676327758857,,0.0,-5.333333333333332
WQS0284,2017,-0.7367868227820025,,-11.428571428571425,-6.0
WQS1316,2017,-5.329650713614663,-0.06818756523242914,-1.4285714285714233,-5.333333333333332
WQS1395,2017,-4.395864751205414,3.1006922076303365,-2.8571428571428465,-0.33333333333333215
WQS1393,2017,-0.23707378794182898,3.7779662809214187,-2.8571428571428465,-1.3333333333333346
WQS1394,2017,-3.9719163468946816,0.5620309064547622,-1.4285714285714233,-1.999999999999999
WQS1384,2017,-6.407627495623464,-1.37133585966851,-1.4285714285714233,-6.0
WQS1385,2017,-4.8471830808387795,1.1240618129095243,-1.4285714285714233,-1.6666666666666667
WQS1318,2017,-6.407627495623464,-0.06818756523242914,-1.4285714285714233,-5.666666666666668
WQS1317,2017,-6.407627495623464,-1.0922948321738482,-1.4285714285714233,-4.000000000000001
WQS1388,2017,-6.407627495623464,-1.6517579235311624,-1.4285714285714233,-4.000000000000001
WQS1386,2017,-2.4942303771939334,6.946846053784182,-1.4285714285714233,-3.0000000000000013
WQS1391,2017,-1.8580640960350063,3.1006922076303365,-5.714285714285719,-1.999999999999999
WQS1323,2017,-5.8478882811232085,-1.9242804514676772,-1.4285714285714233,-1.999999999999999
WQS1390,2017,-7.68260341725951,-0.6441964895913976,-1.4285714285714233,-4.666666666666668
WQS1392,2017,-4.395864751205414,-1.37133585966851,-1.4285714285714233,-3.6666666666666656
WQS1324,2017,-7.68260341725951,-2.7220920332443215,-1.4285714285714233,-0.9999999999999994
WQS1387,2017,-5.329650713614663,3.1006922076303365,-1.4285714285714233,-3.3333333333333335
WQS0300,2017,,,-11.428571428571425,-6.0
WQS0301,2017,,,-10.000000000000002,-6.0
WQS0299,2017,0.8752667339440972,,-8.571428571428566,-4.000000000000001
WQS0298,2017,,,-5.714285714285719,-0.6666666666666673
WQS0303,2017,,,-11.428571428571425,-5.666666666666668
WQS0279,2017,0.6665047538763971,,-10.000000000000002,-5.0
WQS0281,2017,,,-10.000000000000002,-6.0
WQS0280,2017,,,-11.428571428571425,-6.0
WQS0282,2017,0.8752667339440972,,-10.000000000000002,-1.999999999999999
WQS0275,2017,-5.329650713614663,,-8.999999999999998,-4.000000000000001
WQS0276,2017,-0.4824676327758857,,0.0,-6.0
WQS0290,2017,-1.560444414784685,,-8.571428571428566,-2.666666666666666
WQS0292,2017,-1.0007052002844297,,-8.571428571428566,
WQS0273,2017,-0.4824676327758857,,0.0,-4.333333333333333
WQS0278,2017,-0.4824676327758857,,-12.857142857142861,
WQS0277,2017,0.22929946030063506,,-10.000000000000002,-5.333333333333332
WQS0291,2017,-5.329650713614663,,-8.571428571428566,-2.666666666666666
WQS0293,2017,-11.254810576462242,,-10.000000000000002,-6.0
WQS1307,2017,-1.0007052002844297,1.286360581349735,-2.8571428571428465,-1.3333333333333346
WQS1306,2017,-3.5722071592027325,1.286360581349735,-4.285714285714295,-3.3333333333333335
WQS1366,2017,-2.4942303771939334,-1.0922948321738482,-2.8571428571428465,-1.6666666666666667
WQS1365,2017,-1.0007052002844297,2.176337764128914,-1.4285714285714233,-3.0000000000000013
WQS1333,2017,1.2749759216360452,-1.37133585966851,-2.8571428571428465,-6.0
WQS1380,2017,-0.23707378794182898,6.946846053784182,-1.4285714285714233,0.0
WQS1355,2017,6.591664616723976,6.946846053784182,-2.8571428571428465,13.333333333333334
WQS1379,2017,-7.68260341725951,2.176337764128914,-1.4285714285714233,-1.3333333333333346
WQS1356,2017,6.218615800603048,6.946846053784182,-4.285714285714283,10.666666666666668
WQS1370,2017,4.1103962580567766,6.946846053784182,-1.4285714285714233,-1.3333333333333346
WQS1409,2017,-2.4942303771939334,3.1006922076303365,-5.714285714285719,-3.0000000000000013
WQS1414,2017,-4.395864751205414,-0.9685075884376897,-1.4285714285714233,-0.9999999999999994
WQS1335,2017,-5.329650713614663,6.022491610282762,-1.4285714285714233,-3.3333333333333335
WQS1410,2017,2.678267498294446,6.946846053784182,-1.4285714285714233,1.999999999999999
WQS1420,2017,-1.8580640960350063,1.286360581349735,-1.4285714285714233,-2.333333333333334
WQS1400,2017,-3.5722071592027325,-1.9242804514676772,0.0,-0.6666666666666673
WQS1373,2017,-5.329650713614663,-0.2912335151466093,-2.8571428571428465,-6.0
WQS1372,2017,9.211898528901672,3.2019573565624486,0.0,5.666666666666668
WQS1371,2017,-1.2749759216360468,3.1006922076303365,-1.4285714285714233,-4.333333333333333
WQS1357,2017,-4.8471830808387795,3.2019573565624486,-1.4285714285714233,-2.666666666666666
WQS1358,2017,2.0117627444180477,3.632625662116035,-5.714285714285719,8.333333333333334
WQS1303,2017,14.541549242516338,6.946846053784182,-7.142857142857142,15.666666666666668
WQS1300,2017,17.93670879343732,6.946846053784182,-5.714285714285719,14.666666666666668
WQS1301,2017,17.17997043930982,6.946846053784182,-2.8571428571428465,15.666666666666668
WQS1302,2017,10.772342943686354,8.978668273657425,-4.285714285714283,15.666666666666668
WQS1363,2017,-2.835420336420731,3.1006922076303365,-1.4285714285714233,2.666666666666666
WQS1362,2017,-0.4824676327758857,3.1006922076303365,-1.4285714285714233,0.6666666666666673
WQS1359,2017,-3.9719163468946816,-0.9685075884376897,-4.285714285714295,12.666666666666666
WQS1312,2017,-3.9719163468946816,2.176337764128914,-1.4285714285714233,2.666666666666666
WQS1314,2017,-4.395864751205414,3.7779662809214187,-1.4285714285714233,1.6666666666666667
WQS1313,2017,-2.1689155825443325,3.2019573565624486,-1.4285714285714233,3.0000000000000013
WQS1397,2017,-3.1941147027672385,3.1006922076303365,-1.4285714285714233,0.6666666666666673
WQS1396,2017,4.488488714492272,5.13251442750358,0.0,2.666666666666666
WQS1291,2017,-3.9719163468946816,3.1006922076303365,-1.4285714285714233,2.666666666666666
WQS1308,2017,-2.835420336420731,5.13251442750358,-1.4285714285714233,2.666666666666666
WQS1282,2017,-0.7367868227820025,2.753859013979998,0.0,-0.6666666666666673
WQS1403,2017,0.6665047538763971,2.176337764128914,-2.8571428571428465,9.666666666666666
WQS1326,2017,0.22929946030063506,6.022491610282762,-1.4285714285714233,2.333333333333334
WQS1315,2017,0.4513183296333642,3.2019573565624486,-1.4285714285714233,3.0000000000000013
WQS1419,2017,3.572207159202731,3.2019573565624486,-1.4285714285714233,3.0000000000000013
WQS1352,2017,-3.5722071592027325,6.022491610282762,-1.4285714285714233,-4.666666666666668
WQS1418,2017,-3.5722071592027325,3.1006922076303365,-1.4285714285714233,-5.666666666666668
WQS1417,2017,-3.1941147027672385,1.286360581349735,-1.4285714285714233,-2.666666666666666
WQS1281,2017,-2.1689155825443325,1.286360581349735,0.0,-3.0000000000000013
WQS1406,2017,-3.1941147027672385,2.176337764128914,-1.4285714285714233,-2.666666666666666
WQS1286,2017,-2.1689155825443325,-1.0922948321738482,-4.285714285714295,0.33333333333333215
WQS1283,2017,-2.1689155825443325,2.176337764128914,-1.4285714285714233,-3.3333333333333335
WQS1285,2017,-3.5722071592027325,6.022491610282762,-1.4285714285714233,-1.999999999999999
WQS1330,2017,-4.8471830808387795,3.2019573565624486,-1.4285714285714233,-4.000000000000001
WQS1284,2017,-0.4824676327758857,3.1006922076303365,-5.714285714285719,-0.6666666666666673
WQS1288,2017,-1.2749759216360468,3.632625662116035,-5.714285714285719,-5.0
WQS1289,2017,-5.8478882811232085,-0.5487211675720441,-5.714285714285719,-5.666666666666668
WQS1287,2017,-0.4824676327758857,-1.0922948321738482,-7.142857142857142,-4.666666666666668
WQS1331,2017,-0.4824676327758857,2.176337764128914,-5.714285714285719,-3.0000000000000013
WQS0636,2017,7.200135784483624,-4.137387361300456,-10.000000000000002,-10.666666666666664
WQS1381,2017,-1.2749759216360468,3.1006922076303365,0.0,-4.000000000000001
WQS1408,2017,-5.8478882811232085,6.022491610282762,0.0,-1.999999999999999
WQS1407,2017,-3.5722071592027325,6.022491610282762,-1.4285714285714233,-0.6666666666666673
WQS1350,2017,-4.8471830808387795,3.1006922076303365,-1.4285714285714233,-1.3333333333333346
WQS1337,2017,4.610109292896951,6.022491610282762,0.0,1.999999999999999
WQS1344,2017,4.847183080838778,6.946846053784182,-4.285714285714283,0.33333333333333215
WQS1346,2017,-0.7367868227820025,3.1006922076303365,-4.285714285714295,-1.6666666666666667
WQS1294,2017,-3.5722071592027325,2.753859013979998,-4.285714285714295,-3.6666666666666656
WQS1297,2017,-3.1941147027672385,0.18930008719300745,-2.8571428571428465,-2.666666666666666
WQS1298,2017,-4.395864751205414,1.286360581349735,-2.8571428571428465,-4.000000000000001
WQS1349,2017,-4.395864751205414,2.176337764128914,-1.4285714285714233,-4.333333333333333
WQS1348,2017,-5.329650713614663,0.5620309064547622,-1.4285714285714233,-4.333333333333333
WQS1347,2017,-1.2749759216360468,2.176337764128914,-1.4285714285714233,-3.0000000000000013
WQS1342,2017,-1.2749759216360468,3.1006922076303365,-1.4285714285714233,-1.999999999999999
WQS1292,2017,-4.8471830808387795,2.176337764128914,-2.8571428571428465,-4.666666666666668
WQS1293,2017,-4.395864751205414,3.1006922076303365,-1.4285714285714233,-4.000000000000001
WQS1295,2017,-4.395864751205414,-0.06818756523242914,-1.4285714285714233,-7.333333333333334
WQS1340,2017,-7.016098663383111,2.176337764128914,-1.4285714285714233,-5.333333333333332
WQS1336,2017,-4.395864751205414,6.022491610282762,-2.8571428571428465,-0.6666666666666673
WQS1339,2017,-4.8471830808387795,3.1006922076303365,-1.4285714285714233,-5.0
WQS1343,2017,-0.23707378794182898,3.1006922076303365,-4.285714285714295,-3.6666666666666656
WQS1341,2017,-5.329650713614663,1.286360581349735,-2.8571428571428465,-6.0
WQS1296,2017,-3.5722071592027325,3.1006922076303365,-2.8571428571428465,-4.000000000000001
WQS1399,2017,-4.395864751205414,0.5620309064547622,0.0,-3.0000000000000013
WQS1398,2017,-0.7367868227820025,3.7779662809214187,0.0,-2.666666666666666
WQS1377,2017,-3.5722071592027325,-0.06818756523242914,0.0,-3.0000000000000013
WQS1375,2017,-5.329650713614663,-0.06818756523242914,-1.4285714285714233,-6.0
WQS1345,2017,0.4513183296333642,3.1006922076303365,-5.714285714285719,-1.3333333333333346
WQS0630,2017,-8.419390240041512,,-11.428571428571425,-7.333333333333334
WQS1378,2017,-3.9719163468946816,3.1006922076303365,0.0,-2.666666666666666
WQS1376,2017,-4.395864751205414,-0.06818756523242914,-1.4285714285714233,-5.333333333333332
WQS1374,2017,-2.835420336420731,2.753859013979998,-4.285714285714295,-4.666666666666668
WQS0629,2017,-1.2749759216360468,-3.9854314332863248,-11.428571428571425,-8.333333333333334
WQS0635,2017,-0.4824676327758857,-3.9854314332863248,-11.428571428571425,-9.666666666666668
WQS1304,2017,9.274059000350945,6.946846053784182,2.8571428571428594,5.333333333333334
WQS1327,2017,-3.5722071592027325,5.13251442750358,0.0,-1.3333333333333346
WQS1383,2017,-5.329650713614663,-1.0922948321738482,0.0,-3.6666666666666656
WQS1382,2017,-3.1941147027672385,1.286360581349735,0.0,-3.3333333333333335
WQS1416,2017,-4.8471830808387795,-0.9685075884376897,-2.8571428571428465,-1.999999999999999
WQS1415,2017,-1.8580640960350063,2.176337764128914,-2.8571428571428465,-2.666666666666666
WQS1411,2017,-3.1941147027672385,2.176337764128914,-1.4285714285714233,-3.3333333333333335
WQS1290,2017,0.4513183296333642,2.176337764128914,0.0,-4.000000000000001
WQS1332,2017,-2.835420336420731,1.286360581349735,0.0,-6.0
WQS1402,2017,-5.329650713614663,-0.9685075884376897,-2.8571428571428465,-5.333333333333332
WQS1354,2017,-5.329650713614663,-0.6441964895913976,-2.8571428571428465,-7.333333333333334
WQS1311,2017,-3.1941147027672385,2.176337764128914,-5.714285714285719,-1.6666666666666667
WQS1405,2017,-3.5722071592027325,3.1006922076303365,-1.4285714285714233,
WQS1404,2017,-0.4824676327758857,2.176337764128914,0.0,-3.0000000000000013
WQS0968,2017,2.678267498294446,,4.285714285714295,-3.0000000000000013
WQS1022,2017,4.847183080838778,,-1.4285714285714233,6.333333333333333
WQS1023,2017,5.298501410472143,,5.714285714285719,-0.6666666666666673
WQS1025,2017,5.298501410472143,,5.714285714285719,0.6666666666666673
WQS1015,2017,5.0764825411394146,,5.714285714285719,-2.666666666666666
WQS0967,2017,2.678267498294446,,1.4285714285714233,-2.666666666666666
WQS0969,2017,5.298501410472143,,0.0,-0.6666666666666673
WQS1020,2017,7.0316214377769075,,1.4285714285714233,0.6666666666666673
WQS1019,2017,6.858945825256826,,2.8571428571428465,0.6666666666666673
WQS1593,2017,2.0117627444180477,,-2.8571428571428465,-3.3333333333333335
WQS1600,2017,6.858945825256826,,5.714285714285719,2.666666666666666
WQS1601,2017,6.858945825256826,,-1.4285714285714233,3.3333333333333335
WQS1597,2017,4.847183080838778,,1.4285714285714233,2.333333333333334
WQS1602,2017,3.572207159202731,,4.285714285714295,2.666666666666666
WQS1616,2017,6.858945825256826,,1.4285714285714233,3.666666666666667
WQS1613,2017,0.0,,2.8571428571428465,-0.33333333333333215
WQS1598,2017,2.0117627444180477,,2.8571428571428465,0.0
WQS1599,2017,2.0117627444180477,,0.8571428571428642,-0.33333333333333215
WQS1595,2017,0.0,,4.285714285714295,-0.33333333333333215
WQS1594,2017,6.858945825256826,,4.285714285714295,1.3333333333333346
WQS1596,2017,2.0117627444180477,,2.8571428571428465,2.666666666666666
WQS0008,2017,-1.8580640960350063,,-1.4285714285714233,-1.999999999999999
WQS0005,2017,-2.4942303771939334,,0.0,-3.6666666666666656
WQS0007,2017,-1.8580640960350063,,0.0,-2.666666666666666
WQS0009,2017,-1.8580640960350063,,0.0,-2.666666666666666
WQS0006,2017,-1.2749759216360468,,-1.4285714285714233,-2.666666666666666
WQS1024,2017,5.925159862847577,,2.4285714285714275,12.666666666666666
WQS1021,2017,16.101993657301023,,-2.8571428571428465,11.333333333333334
WQS1014,2017,13.933078074756688,,-1.4285714285714233,8.666666666666668
WQS1026,2017,20.949176738139794,,5.714285714285719,9.333333333333334
WQS1016,2017,15.101288457016592,,-4.285714285714295,12.666666666666666
WQS0970,2017,3.572207159202731,,5.714285714285719,0.6666666666666673
WQS1018,2017,22.027153520148598,,0.0,12.666666666666666
WQS0972,2017,23.627444236434247,,2.8571428571428465,9.000000000000002
WQS0971,2017,6.858945825256826,,2.8571428571428465,-3.3333333333333335
WQS0295,2017,,,-12.857142857142861,-5.0
WQS0302,2017,,,-11.428571428571425,-3.0000000000000013
WQS1608,2017,3.572207159202731,,-4.285714285714295,-2.666666666666666
WQS1607,2017,9.694366161677557,,0.0,1.3333333333333346
WQS1631,2017,3.572207159202731,,-2.8571428571428465,-3.0000000000000013
WQS1632,2017,3.572207159202731,,0.2857142857142796,-6.333333333333335
WQS0742,2017,,-1.2259952408631263,-1.4285714285714233,-1.999999999999999
WQS1606,2017,4.847183080838778,,4.285714285714295,0.9999999999999994
WQS1605,2017,2.0117627444180477,,3.571428571428571,2.333333333333334
WQS1062,2017,9.08589499391791,,0.0,3.0000000000000013
WQS1065,2017,13.933078074756688,,0.0,0.0
WQS1064,2017,5.925159862847577,,2.8571428571428465,-1.999999999999999
WQS1061,2017,9.809955685811897,,2.8571428571428465,-0.9999999999999994
WQS1060,2017,10.035556120904353,,1.4285714285714233,-3.3333333333333335
WQS0936,2017,0.4513183296333642,-8.918302933170816,-1.4285714285714233,-7.333333333333334
WQS0949,2017,-0.4824676327758857,-10.753384682092596,-2.8571428571428465,-7.333333333333334
WQS1055,2017,8.419390240041512,,-7.142857142857142,2.666666666666666
WQS0948,2017,-3.5722071592027325,-8.78460252448154,-1.4285714285714233,-3.3333333333333335
WQS0937,2017,-1.8580640960350063,-8.660815280745382,4.285714285714295,-3.3333333333333335
WQS1059,2017,11.706128906095605,,5.714285714285719,-1.6666666666666667
WQS1058,2017,12.683485146481331,,-4.285714285714295,-2.333333333333334
WQS1075,2017,8.693660961393128,,0.0,0.0
WQS1074,2017,14.059081609740453,,0.0,1.6666666666666667
WQS1056,2017,10.360870915553955,,-1.4285714285714233,-1.3333333333333346
WQS0853,2017,-0.4824676327758857,-9.818622956376078,-2.8571428571428465,-6.0
WQS1030,2017,6.681898216975081,,0.0,-0.33333333333333215
WQS1029,2017,9.694366161677557,,0.0,2.333333333333334
WQS0976,2017,10.569632895621655,,2.8571428571428465,0.6666666666666673
WQS1603,2017,8.419390240041512,,1.4285714285714233,9.333333333333334
WQS0036,2017,-2.835420336420731,,4.285714285714295,-0.6666666666666673
WQS0956,2017,6.858945825256826,,4.285714285714295,-3.3333333333333335
WQS1003,2017,5.925159862847577,,-2.8571428571428465,-0.6666666666666673
WQS1047,2017,7.0316214377769075,,-4.285714285714295,-0.6666666666666673
WQS1046,2017,13.266573320880289,,-5.714285714285719,7.333333333333334
WQS1078,2017,8.557870151203606,,1.4285714285714233,-2.333333333333334
WQS1077,2017,10.360870915553955,,0.0,-1.3333333333333346
WQS1031,2017,12.529786498098286,,1.4285714285714233,0.33333333333333215
WQS1004,2017,12.683485146481331,,-1.4285714285714233,13.0
WQS1049,2017,1.2749759216360452,,-7.142857142857142,-5.666666666666668
WQS0961,2017,2.678267498294446,,5.714285714285719,-0.6666666666666673
WQS0964,2017,3.572207159202731,,0.0,-0.33333333333333215
WQS0962,2017,3.846477880554349,,-1.4285714285714233,1.3333333333333346
WQS0960,2017,7.68260341725951,,-1.4285714285714233,2.333333333333334
WQS0963,2017,5.925159862847577,,-1.4285714285714233,5.0
WQS0981,2017,3.572207159202731,,-2.8571428571428465,-0.6666666666666673
WQS1033,2017,0.8752667339440972,,-2.8571428571428465,0.6666666666666673
WQS0977,2017,5.925159862847577,,-1.4285714285714233,-0.33333333333333215
WQS1034,2017,0.0,,-5.714285714285719,-3.0000000000000013
WQS0980,2017,0.4513183296333642,,-2.8571428571428465,-1.999999999999999
WQS0982,2017,-0.4824676327758857,,-4.285714285714283,-2.666666666666666
WQS0979,2017,5.925159862847577,,2.8571428571428465,0.0
WQS0978,2017,8.060695873695005,,1.4285714285714233,3.666666666666667
WQS1006,2017,6.407627495623461,,1.4285714285714233,1.3333333333333346
WQS0680,2017,-0.7367868227820025,-1.7065288432027412,-3.8571428571428505,2.666666666666666
WQS0676,2017,-0.23707378794182898,-1.7065288432027412,-7.142857142857142,1.6666666666666667
WQS0678,2017,0.0,-1.7065288432027412,1.857142857142868,-6.333333333333335
WQS0737,2017,,-0.5487211675720441,1.4285714285714233,-6.0
WQS0679,2017,,-1.7065288432027412,1.4285714285714233,-6.0
WQS0677,2017,-0.7367868227820025,-1.7065288432027412,1.4285714285714233,-5.333333333333332
WQS1627,2017,0.0,,1.4285714285714233,2.333333333333334
WQS0017,2017,0.4513183296333642,,-1.4285714285714233,-3.3333333333333335
WQS1604,2017,2.0117627444180477,,3.571428571428571,2.666666666666666
WQS1621,2017,3.572207159202731,,1.4285714285714233,-7.333333333333334
WQS0021,2017,-1.8580640960350063,,0.0,-3.6666666666666656
WQS0019,2017,-2.1689155825443325,,0.0,-6.0
WQS0022,2017,-2.4942303771939334,,-1.2857142857142836,-6.0
WQS0002,2017,-4.8471830808387795,,-2.8571428571428465,-3.3333333333333335
WQS0020,2017,-2.4942303771939334,,-4.285714285714295,1.3333333333333346
WQS0995,2017,2.0117627444180477,,-4.285714285714283,1.6666666666666667
WQS0997,2017,1.2749759216360452,,-2.8571428571428465,1.6666666666666667
WQS0998,2017,0.4513183296333642,,-4.285714285714283,-0.6666666666666673
WQS0996,2017,0.8752667339440972,,-4.285714285714295,-1.999999999999999
WQS1009,2017,12.90787895453378,,-1.4285714285714233,14.666666666666668
WQS0954,2017,7.28289422956756,,0.0,0.0
WQS0955,2017,7.68260341725951,,1.4285714285714233,0.6666666666666673
WQS0952,2017,12.529786498098286,,0.0,15.0
WQS1007,2017,9.08589499391791,,2.8571428571428465,11.333333333333334
WQS0951,2017,10.969342083313602,,2.8571428571428465,10.333333333333334
WQS1008,2017,5.298501410472143,,1.000000000000004,-0.9999999999999994
WQS0953,2017,9.979834654826195,,2.8571428571428465,6.0
WQS0663,2017,-3.1941147027672385,-1.5305384948924519,2.2857142857142874,-4.000000000000001
WQS0664,2017,0.0,-3.284122939699084,2.000000000000008,-5.666666666666668
WQS0662,2017,4.847183080838778,0.30454325402932736,-0.7142857142857244,-5.0
WQS0665,2017,-5.329650713614663,-2.688346170523149,2.8571428571428465,-4.666666666666668
WQS0723,2017,-2.4942303771939334,-1.7065288432027412,-1.7142857142857029,-4.666666666666668
WQS0673,2017,-5.430271255237738,-1.7065288432027412,-9.142857142857137,-5.333333333333332
WQS0683,2017,0.9162815552895391,-0.5487211675720441,-4.0000000000000036,-7.333333333333334
WQS0684,2017,-2.9057024053263354,-1.7065288432027412,-0.7142857142857244,-6.333333333333335
WQS0682,2017,-0.23707378794182898,-1.5305384948924519,-6.857142857142863,-3.0000000000000013
WQS0681,2017,-0.23707378794182898,-1.5305384948924519,-8.571428571428566,-4.000000000000001
WQS0772,2017,0.0,-0.9685075884376897,-2.8571428571428465,-6.999999999999999
WQS0773,2017,-104.29456536106562,-0.5487211675720441,-1.4285714285714233,-6.666666666666667
WQS0769,2017,0.0,-0.6441964895913976,-2.8571428571428465,-6.333333333333335
WQS0756,2017,11.706128906095605,0.30454325402932736,-2.8571428571428465,1.6666666666666667
WQS0762,2017,9.694366161677557,-0.21352818403781276,-4.285714285714295,1.3333333333333346
WQS0758,2017,4.847183080838778,5.985778849104952,-2.8571428571428465,-3.3333333333333335
WQS0755,2017,-7.68260341725951,-1.5305384948924519,-1.4285714285714233,-6.0
WQS0031,2017,-0.4824676327758857,,-2.8571428571428465,10.0
WQS0032,2017,5.61884781628539,,-1.4285714285714233,9.666666666666666
WQS0750,2017,1.2749759216360452,6.16176919741524,-3.714285714285711,-3.3333333333333335
WQS0754,2017,2.0117627444180477,3.2019573565624486,-5.714285714285719,-3.3333333333333335
WQS0690,2017,-2.835420336420731,-3.103366929405917,-7.142857142857142,-0.36666666666666775
WQS0688,2017,2.9891189848037722,6.16176919741524,-7.142857142857142,-4.000000000000001
WQS0689,2017,1.65306837807154,4.150697100183173,-6.571428571428583,-5.333333333333332
WQS0692,2017,0.0,-1.9032693141542065,-5.714285714285719,-5.666666666666668
WQS0691,2017,-3.9719163468946816,-3.4868396724529416,-5.714285714285719,-0.33333333333333215
WQS1610,2017,0.0,,2.000000000000008,3.0000000000000013
WQS1635,2017,19.674200816503753,,-1.5714285714285632,16.0
WQS1640,2017,20.949176738139794,,-5.714285714285719,2.666666666666666
WQS1609,2017,15.619526024525136,,2.8571428571428465,3.3333333333333335
WQS0026,2017,-1.0007052002844297,,-1.857142857142868,-5.0
WQS0003,2017,-2.1689155825443325,,-7.142857142857142,-6.0
WQS0675,2017,-0.23707378794182898,-1.7065288432027412,0.0,-4.000000000000001
WQS0734,2017,6.313760220573529,-1.7065288432027412,0.0,
WQS1611,2017,15.101288457016592,,-10.000000000000002,6.0
WQS0015,2017,-4.8471830808387795,,-2.8571428571428465,10.666666666666668
WQS0661,2017,-0.23707378794182898,-2.688346170523149,0.0,-4.666666666666668
WQS0991,2017,11.61816539415952,,4.285714285714295,6.0
WQS0994,2017,6.407627495623461,,2.8571428571428465,0.6666666666666673
WQS1041,2017,5.925159862847577,,0.0,0.33333333333333215
WQS0992,2017,12.332787358471041,,5.714285714285719,8.333333333333334
WQS0993,2017,7.28289422956756,,-1.4285714285714233,2.666666666666666
WQS1072,2017,8.060695873695005,,0.0,6.333333333333333
WQS1070,2017,5.722449814782877,,-2.8571428571428465,-0.6666666666666673
WQS1071,2017,7.836302065642552,,1.4285714285714233,3.3333333333333335
WQS1032,2017,5.925159862847577,,-2.8571428571428465,0.0
WQS1036,2017,13.933078074756688,,0.0,15.0
WQS0987,2017,11.25481057646224,,0.0,14.333333333333334
WQS1038,2017,13.607763280107086,,4.285714285714295,15.0
WQS1037,2017,10.518023753680238,,-1.4285714285714233,11.333333333333334
WQS1040,2017,16.553311986934386,,-2.8571428571428465,14.333333333333334
WQS0989,2017,16.101993657301023,,-4.285714285714295,12.333333333333334
WQS1039,2017,14.541549242516338,,-4.285714285714295,13.333333333333334
WQS0988,2017,3.572207159202731,,-4.285714285714295,
WQS1044,2017,12.529786498098286,,-1.4285714285714233,14.000000000000002
WQS1001,2017,13.607763280107086,,-4.285714285714295,15.0
WQS1042,2017,12.721387716196988,,0.0,14.333333333333334
WQS1043,2017,5.722449814782877,,-1.4285714285714233,0.33333333333333215
WQS1000,2017,10.254105376177812,,-1.4285714285714233,7.666666666666666
WQS1002,2017,11.706128906095605,,-7.142857142857142,14.666666666666668
WQS1027,2017,9.396746480427234,,0.0,3.666666666666667
WQS0975,2017,8.060695873695005,,-1.4285714285714233,3.666666666666667
WQS1028,2017,9.694366161677557,,0.0,10.333333333333334
WQS0959,2017,5.406922295339032,,2.8571428571428465,1.3333333333333346
WQS0958,2017,7.68260341725951,,2.8571428571428465,4.666666666666667
WQS0965,2017,8.557870151203606,,1.4285714285714233,4.000000000000001
WQS1066,2017,7.28289422956756,,-1.4285714285714233,0.9999999999999994
WQS1068,2017,9.923665621978193,,0.0,4.333333333333333
WQS1069,2017,5.925159862847577,,1.4285714285714233,0.6666666666666673
WQS0030,2017,-7.68260341725951,,-4.285714285714295,9.000000000000002
WQS0028,2017,-3.5722071592027325,,-5.714285714285719,3.666666666666667
WQS0027,2017,-2.4942303771939334,,0.0,-5.0
WQS0029,2017,-4.8471830808387795,,-4.285714285714295,3.3333333333333335
WQS0025,2017,6.591664616723976,,-1.4285714285714233,-1.6666666666666667
WQS0704,2017,5.61884781628539,-4.814661434591535,-2.8571428571428465,-4.000000000000001
WQS0667,2017,-0.4824676327758857,-3.43380780904666,0.0,-3.3333333333333335
WQS0666,2017,0.0,-2.7220920332443215,0.0,0.0
WQS0699,2017,-1.2749759216360468,-3.43380780904666,0.0,-3.3333333333333335
WQS0706,2017,1.65306837807154,-1.6517579235311624,0.0,2.666666666666666
WQS0668,2017,0.0,-2.8276237576556293,0.0,-1.6666666666666667
WQS0698,2017,0.0,-3.3325426601145485,0.0,-0.6666666666666673
WQS0705,2017,1.2749759216360452,-2.1263152640683867,0.0,1.999999999999999
WQS0702,2017,0.0,-2.940275204201734,0.0,-0.6666666666666673
WQS0709,2017,0.0,-3.0610769897849037,0.0,-1.3333333333333346
WQS0708,2017,-0.23707378794182898,-2.940275204201734,0.0,-2.666666666666666
WQS0719,2017,0.22929946030063506,-3.103366929405917,0.0,0.0
WQS0722,2017,0.4513183296333642,-3.0610769897849037,0.0,0.0
WQS0720,2017,-1.8580640960350063,-3.3824079569005767,0.0,-4.666666666666668
WQS0670,2017,-2.1689155825443325,-5.217489705822356,0.0,-5.333333333333332
WQS0671,2017,-2.1689155825443325,-2.8276237576556293,0.0,-4.333333333333333
WQS0721,2017,-0.23707378794182898,-3.1467554309816435,0.0,-2.666666666666666
WQS0707,2017,0.0,-3.3824079569005767,0.0,-1.6666666666666667
WQS0669,2017,0.0,-2.940275204201734,0.0,0.0
WQS1544,2017,1.8347151361362997,-1.6338929041243797,2.1428571428571477,-1.999999999999999
WQS1546,2017,0.6665047538763971,-2.1263152640683867,0.0,-3.6666666666666656
WQS1551,2017,-0.4824676327758857,-2.1263152640683867,1.4285714285714233,-5.666666666666668
WQS1550,2017,9.86704177419764,3.9747067518728825,-10.000000000000002,13.0
WQS1552,2017,9.33567179533105,1.54384823377517,2.8571428571428465,7.333333333333334
WQS1549,2017,-1.8580640960350063,-4.137387361300456,0.0,-0.6666666666666673
WQS1541,2017,-2.835420336420731,-4.137387361300456,-14.285714285714285,-2.333333333333334
WQS1539,2017,5.824539321224504,-1.37133585966851,-1.4285714285714233,14.333333333333334
WQS1553,2017,0.4513183296333642,-0.9685075884376897,0.0,3.3333333333333335
WQS1554,2017,4.488488714492272,-1.6338929041243797,7.142857142857142,7.666666666666666
WQS1540,2017,-2.835420336420731,-4.137387361300456,-7.142857142857142,-5.0
WQS1537,2017,16.553311986934386,-1.821772010039061,-5.714285714285719,5.666666666666668
WQS1547,2017,11.529081297813857,-1.9242804514676772,1.4285714285714233,6.0
WQS1542,2017,4.1103962580567766,-3.7176009404348083,1.2857142857142836,2.666666666666666
WQS1545,2017,8.557870151203606,-0.21352818403781276,-0.7142857142857244,1.999999999999999
WQS1538,2017,1.2749759216360452,-1.9242804514676772,2.8571428571428465,10.666666666666668
WQS1555,2017,7.911902877560145,-0.9685075884376897,9.99999999999999,6.0
WQS1548,2017,5.188373040065574,-1.6338929041243797,4.285714285714295,-6.0
WQS1543,2017,0.6665047538763971,-1.37133585966851,1.4285714285714233,-3.6666666666666656
WQS1575,2017,-0.7367868227820025,-2.3023056123786763,2.8571428571428465,-4.000000000000001
WQS1536,2017,1.8347151361362997,-1.821772010039061,7.142857142857142,15.666666666666668
WQS0726,2017,-2.835420336420731,-3.3325426601145485,-4.285714285714295,-0.6666666666666673
WQS0746,2017,0.0,0.4637458892532693,-4.285714285714283,-0.33333333333333215
WQS0745,2017,1.4286745700190904,-2.7220920332443215,-5.714285714285719,1.3333333333333346
WQS0747,2017,-1.0007052002844297,-3.1467554309816435,-7.142857142857142,-3.0000000000000013
WQS0770,2017,0.0,-3.103366929405917,0.0,0.0
WQS0658,2017,10.772342943686354,12.556991626959757,-1.4285714285714233,15.0
WQS0660,2017,10.772342943686354,1.9218733946861688,-1.4285714285714233,0.0
WQS0775,2017,-2.835420336420731,,5.714285714285719,-0.9999999999999994
WQS0729,2017,0.0,-2.7220920332443215,-5.714285714285719,0.0
WQS0728,2017,1.2749759216360452,-2.4404308273426927,0.0,0.0
WQS0730,2017,0.0,-3.43380780904666,0.0,0.0
WQS0727,2017,5.406922295339032,-1.37133585966851,0.0,3.0000000000000013
WQS0732,2017,0.0,-3.0610769897849037,-2.8571428571428465,0.0
WQS0731,2017,0.0,-2.3023056123786763,-1.4285714285714233,-1.6666666666666667
WQS0776,2017,4.1103962580567766,,0.0,-3.3333333333333335
WQS1562,2017,-3.1941147027672385,-3.9854314332863248,0.0,-5.0
WQS1567,2017,-2.4942303771939334,-3.7806410026969988,0.0,-5.0
WQS1563,2017,0.6665047538763971,-3.103366929405917,1.4285714285714233,5.0
WQS1564,2017,4.847183080838778,-0.2912335151466093,-1.4285714285714233,12.0
WQS1565,2017,2.352952703644846,-3.7806410026969988,1.4285714285714233,4.000000000000001
WQS1568,2017,-8.419390240041512,-1.9242804514676772,-8.571428571428566,2.666666666666666
WQS1566,2017,-5.329650713614663,-3.7806410026969988,1.4285714285714233,-2.333333333333334
WQS1586,2017,22.027153520148598,11.324933354423727,-1.4285714285714233,15.0
WQS1587,2017,25.796359818978573,8.15605358156096,1.4285714285714233,12.333333333333334
WQS1535,2017,-4.395864751205414,-4.4903503357452434,2.8571428571428594,-5.666666666666668
WQS0739,2017,9.923665621978193,-1.37133585966851,0.0,12.333333333333334
WQS0740,2017,6.024353114539581,-1.6338929041243797,1.4285714285714233,10.666666666666668
WQS1592,2017,32.76372652910229,10.89426504887014,0.0,14.333333333333334
WQS1076,2017,10.466030897124169,,-2.8571428571428465,2.666666666666666
WQS0322,2017,-5.329650713614663,-7.626794848850844,0.0,-3.6666666666666656
WQS1413,2017,-2.4942303771939334,3.1006922076303365,-2.8571428571428465,-4.666666666666668
WQS0640,2017,0.8752667339440972,-3.9854314332863248,0.0,1.6666666666666667
WQS0655,2017,2.0117627444180477,,0.0,0.0
WQS0639,2017,8.419390240041512,,-1.4285714285714233,8.333333333333334
WQS0650,2017,-14.090230912882971,,-12.857142857142861,-7.666666666666666
WQS0657,2017,0.8752667339440972,-3.9854314332863248,0.0,-0.6666666666666673
WQS0656,2017,-0.4824676327758857,-3.9854314332863248,0.0,-0.6666666666666673
WQS0654,2017,-1.560444414784685,-3.9854314332863248,-7.142857142857142,-10.0
WQS0653,2017,0.0,-3.9854314332863248,-11.428571428571425,-8.333333333333334
WQS0390,2018,-14.090230912882971,-6.148459458532522,-4.285714285714295,-8.000000000000002
WQS0388,2018,-4.395864751205414,-7.178696506268394,-1.4285714285714233,-7.666666666666666
WQS0396,2018,-16.101993657301023,-7.228561803054423,0.0,-11.000000000000004
WQS0394,2018,-14.090230912882971,-7.178696506268394,-1.4285714285714233,-11.666666666666668
WQS0392,2018,-14.090230912882971,-6.786429050355581,-2.8571428571428465,-6.333333333333335
WQS0427,2018,-9.243047832044192,-9.818622956376078,-2.8571428571428465,-7.333333333333334
WQS0428,2018,-9.243047832044192,-10.076110608801514,-1.4285714285714233,-5.666666666666668
WQS0429,2018,-14.090230912882971,-10.076110608801514,-4.285714285714295,-6.333333333333335
WQS0397,2018,-23.784597074560526,-7.563754786588654,-2.8571428571428465,-7.333333333333334
WQS0391,2018,-14.090230912882971,-5.480046750278227,0.0,-0.6666666666666673
WQS0395,2018,-16.101993657301023,-6.786429050355581,-2.8571428571428465,-8.000000000000002
WQS0393,2018,-14.090230912882971,-6.786429050355581,-1.4285714285714233,-5.666666666666668
WQS0389,2018,-10.176833794453444,-10.076110608801514,-2.8571428571428465,-6.666666666666667
WQS0435,2018,-11.254810576462242,-10.076110608801514,0.0,-5.0
WQS1439,2018,-5.329650713614663,-4.0596820301916585,-4.285714285714295,-7.666666666666666
WQS1436,2018,-4.395864751205414,-2.8276237576556293,-8.571428571428566,-6.999999999999999
WQS1432,2018,-3.9719163468946816,-3.237067338095193,-8.571428571428566,-6.666666666666667
WQS1433,2018,-1.2749759216360468,-2.3561929756202704,-7.142857142857142,-6.0
WQS1430,2018,-7.016098663383111,-5.770434297621524,-10.000000000000002,-8.333333333333334
WQS1440,2018,-5.329650713614663,-3.9854314332863248,-2.8571428571428465,-6.666666666666667
WQS1441,2018,-2.835420336420731,-2.8276237576556293,-7.142857142857142,-5.333333333333332
WQS1443,2018,-4.8471830808387795,-3.6568537589608385,-7.142857142857142,-8.000000000000002
WQS1429,2018,-3.1941147027672385,-2.940275204201734,-8.571428571428566,-5.666666666666668
WQS1445,2018,4.847183080838778,-0.6441964895913976,-7.142857142857142,3.0000000000000013
WQS1442,2018,-3.1941147027672385,-1.9242804514676772,-8.571428571428566,-6.999999999999999
WQS0531,2018,-4.395864751205414,-8.33650418189909,0.0,-14.666666666666668
WQS0520,2018,-2.4942303771939334,-6.949520775559763,0.0,-12.66666666666667
WQS0486,2018,-2.835420336420731,-5.667925856192907,,-10.0
WQS0484,2018,-3.5722071592027325,-5.217489705822356,0.0,-10.0
WQS0487,2018,-4.395864751205414,-5.480046750278227,1.4285714285714233,-10.0
WQS0505,2018,-23.784597074560526,-7.563754786588654,0.0,-15.333333333333332
WQS0494,2018,-18.93741399372175,-6.99290927713549,-1.4285714285714233,-16.000000000000004
WQS0491,2018,-14.090230912882971,-10.076110608801514,-5.714285714285719,-4.666666666666668
WQS1451,2018,-7.68260341725951,-5.217489705822356,-5.714285714285719,-9.666666666666668
WQS1450,2018,-7.68260341725951,-4.3948750137258905,-7.142857142857142,-8.666666666666666
WQS1472,2018,-4.395864751205414,-1.37133585966851,-4.285714285714295,-6.666666666666667
WQS1458,2018,-7.68260341725951,-2.1747349844838513,-4.285714285714295,-8.000000000000002
WQS1469,2018,-7.68260341725951,-2.1747349844838513,-4.285714285714295,-8.666666666666666
WQS1459,2018,-7.68260341725951,-4.4903503357452434,-4.285714285714295,-8.000000000000002
WQS1468,2018,2.0117627444180477,-0.2912335151466093,-4.285714285714295,-4.000000000000001
WQS1473,2018,25.498740137728255,8.051621866008599,-8.571428571428566,12.0
WQS1453,2018,22.509621152924478,7.048111202716294,-7.142857142857142,6.666666666666667
WQS1456,2018,16.101993657301023,4.408184752608609,-8.571428571428566,6.666666666666667
WQS1470,2018,-3.1941147027672385,-1.6517579235311624,-2.8571428571428465,0.33333333333333215
WQS1457,2018,-2.835420336420731,-1.6698160820249321,-5.714285714285719,0.9999999999999994
WQS1454,2018,4.847183080838778,3.632625662116035,-5.714285714285719,3.0000000000000013
WQS1449,2018,-7.68260341725951,-4.3948750137258905,-4.285714285714295,-8.000000000000002
WQS0551,2018,9.274059000350945,,-7.142857142857142,12.0
WQS0420,2018,-14.090230912882971,-10.076110608801514,-4.285714285714295,-11.666666666666668
WQS0473,2018,-11.254810576462242,-9.818622956376078,-10.000000000000002,-12.333333333333332
WQS0421,2018,-14.090230912882971,-10.076110608801514,-7.142857142857142,-11.666666666666668
WQS1447,2018,-7.68260341725951,-6.148459458532522,-8.571428571428566,-7.333333333333334
WQS0419,2018,-18.93741399372175,-7.178696506268394,2.8571428571428465,-5.0
WQS0418,2018,-23.784597074560526,-8.33650418189909,0.0,-3.3333333333333335
WQS0417,2018,-23.784597074560526,-7.905835876345505,-2.8571428571428465,-5.0
WQS0409,2018,-18.93741399372175,-7.178696506268394,0.0,-7.666666666666666
WQS0523,2018,3.2867386660540943,-7.692307692307692,-5.714285714285719,-0.6666666666666673
WQS0479,2018,9.694366161677557,-7.228561803054423,4.285714285714295,2.666666666666666
WQS0524,2018,9.694366161677557,-5.480046750278227,0.0,4.333333333333333
WQS0533,2018,-9.243047832044192,-9.818622956376078,0.0,-3.3333333333333335
WQS0525,2018,-14.090230912882971,-9.818622956376078,-7.142857142857142,-12.333333333333332
WQS0527,2018,-10.176833794453444,-5.072149087016972,1.4285714285714233,-2.333333333333334
WQS0398,2018,-16.101993657301023,-10.076110608801514,-4.285714285714283,-7.666666666666666
WQS0415,2018,-14.090230912882971,-10.076110608801514,0.0,-7.666666666666666
WQS0526,2018,-3.9719163468946816,-7.626794848850844,0.0,-15.0
WQS0385,2018,-4.8471830808387795,-7.228561803054423,1.4285714285714233,-13.666666666666666
WQS0557,2018,2.352952703644846,,-7.142857142857142,3.3333333333333335
WQS0538,2018,3.846477880554349,,-8.571428571428566,1.3333333333333346
WQS0559,2018,1.8347151361362997,,-7.142857142857142,0.6666666666666673
WQS0558,2018,1.65306837807154,,-8.571428571428566,0.9999999999999994
WQS0567,2018,-7.68260341725951,,-4.285714285714295,-7.333333333333334
WQS0565,2018,14.938020177317348,,-11.428571428571425,-0.33333333333333215
WQS0566,2018,-0.4824676327758857,,-5.714285714285719,1.6666666666666667
WQS0561,2018,1.0779767820087993,,-7.142857142857142,1.6666666666666667
WQS0560,2018,0.0,,-10.000000000000002,-2.666666666666666
WQS0563,2018,-1.2749759216360468,,-10.000000000000002,1.6666666666666667
WQS0542,2018,-1.0007052002844297,,0.0,-0.6666666666666673
WQS0543,2018,4.488488714492272,,-1.4285714285714233,0.6666666666666673
WQS0545,2018,-2.1689155825443325,,4.285714285714295,-4.000000000000001
WQS0544,2018,2.9891189848037722,,-1.4285714285714233,0.0
WQS0550,2018,-3.1941147027672385,,-8.571428571428566,-10.0
WQS0546,2018,-3.5722071592027325,,-7.142857142857142,-10.0
WQS0547,2018,-3.5722071592027325,,-8.571428571428566,-8.000000000000002
WQS0548,2018,-1.560444414784685,,-5.714285714285719,-6.333333333333335
WQS0556,2018,8.693660961393128,,-2.8571428571428465,-1.999999999999999
WQS0555,2018,-2.1689155825443325,,-5.714285714285719,-1.999999999999999
WQS0570,2018,-9.243047832044192,,-4.285714285714295,-7.333333333333334
WQS0569,2018,-7.68260341725951,,-4.285714285714295,-8.000000000000002
WQS0568,2018,-5.8478882811232085,,-5.714285714285719,-8.000000000000002
WQS0572,2018,-6.407627495623464,,0.0,-8.333333333333334
WQS0574,2018,-6.407627495623464,,1.4285714285714233,-8.333333333333334
WQS0583,2018,-8.419390240041512,,-5.714285714285719,-9.333333333333334
WQS0582,2018,-8.419390240041512,,-5.714285714285719,-9.333333333333334
WQS0584,2018,-5.8478882811232085,,-4.285714285714295,-7.333333333333334
WQS0580,2018,-2.835420336420731,,-5.714285714285719,-7.666666666666666
WQS0581,2018,-4.395864751205414,,-1.4285714285714233,-5.0
WQS0590,2018,-7.016098663383111,,-1.4285714285714233,-5.0
WQS0586,2018,0.4513183296333642,,-1.4285714285714233,-7.333333333333334
WQS0592,2018,4.847183080838778,,1.4285714285714233,-4.333333333333333
WQS0588,2018,7.0316214377769075,,-2.8571428571428465,-6.666666666666667
WQS0595,2018,-7.68260341725951,,-2.8571428571428465,-10.333333333333332
WQS0591,2018,-1.0007052002844297,,-2.8571428571428465,-6.0
WQS0593,2018,-5.329650713614663,,-1.4285714285714233,-8.666666666666666
WQS1797,2018,-9.0,-9.818622956376078,-8.571428571428566,-12.66666666666667
WQS1814,2018,-7.68260341725951,-2.864336518833438,-7.142857142857142,-13.333333333333334
WQS1781,2018,-7.68260341725951,-0.13927758713247856,-8.571428571428566,-12.66666666666667
WQS1779,2018,-7.68260341725951,-1.9455592537752198,-5.714285714285719,-12.0
WQS1783,2018,-7.68260341725951,-7.083221184249039,-4.285714285714295,-10.666666666666664
WQS1782,2018,-7.68260341725951,-1.9455592537752198,-5.714285714285719,-12.0
WQS1780,2018,-7.68260341725951,-2.7220920332443215,-7.142857142857142,-13.333333333333334
WQS1820,2018,9.694366161677557,,-11.428571428571425,
WQS1788,2018,-7.68260341725951,,-10.000000000000002,-15.333333333333332
WQS1792,2018,17.376969578937064,,-8.571428571428566,
WQS1804,2018,-7.68260341725951,,-8.571428571428566,-13.999999999999998
WQS1799,2018,-6.407627495623464,,-8.571428571428566,-11.333333333333336
WQS1800,2018,-7.68260341725951,,-1.4285714285714233,-12.66666666666667
WQS1803,2018,-6.407627495623464,,-2.8571428571428465,-12.0
WQS1821,2018,-7.68260341725951,,-2.8571428571428465,-10.666666666666664
WQS1707,2018,-3.1941147027672385,,-8.571428571428566,-12.0
WQS1664,2018,0.4513183296333642,-2.979579685669758,-4.285714285714283,-6.999999999999999
WQS1705,2018,0.0,-3.4868396724529416,-7.142857142857142,-8.000000000000002
WQS1676,2018,-0.4824676327758857,-3.284122939699084,-8.571428571428566,-7.333333333333334
WQS1674,2018,0.0,-3.4868396724529416,-11.428571428571425,-6.666666666666667
WQS1672,2018,-0.23707378794182898,-3.0198313536627,-10.000000000000002,-6.666666666666667
WQS1665,2018,0.22929946030063506,-3.7176009404348083,-7.142857142857142,-6.999999999999999
WQS1706,2018,-0.7367868227820025,-0.2912335151466093,-1.4285714285714233,-5.0
WQS1669,2018,2.9891189848037722,0.4637458892532693,2.8571428571428465,-3.3333333333333335
WQS1668,2018,3.572207159202731,0.5136111860392978,4.285714285714295,-2.666666666666666
WQS1662,2018,1.65306837807154,0.3593141737009044,2.8571428571428465,-5.666666666666668
WQS1671,2018,2.352952703644846,0.5136111860392978,1.4285714285714233,-3.3333333333333335
WQS1698,2018,2.0117627444180477,0.4637458892532693,1.4285714285714233,-4.666666666666668
WQS1703,2018,3.2867386660540943,0.9058786419521121,0.0,-2.333333333333334
WQS1670,2018,7.28289422956756,5.251876864964998,-1.4285714285714233,7.333333333333334
WQS1700,2018,5.722449814782877,2.753859013979998,0.0,1.6666666666666667
WQS1663,2018,2.83542033642073,1.4899608705335756,-5.714285714285719,-9.666666666666668
WQS1667,2018,2.678267498294446,1.4342769345004105,-7.142857142857142,-10.0
WQS1660,2018,3.2867386660540943,3.2019573565624486,0.0,-8.333333333333334
WQS1666,2018,3.430929485653645,3.2019573565624486,5.714285714285719,-8.000000000000002
WQS1661,2018,2.9891189848037722,3.5549203310072386,-1.4285714285714233,-7.666666666666666
WQS1697,2018,1.65306837807154,2.4748179864853377,2.8571428571428465,-8.333333333333334
WQS1677,2018,1.8347151361362997,-0.9685075884376897,-1.4285714285714233,-5.333333333333332
WQS1675,2018,1.8347151361362997,2.753859013979998,-1.4285714285714233,-4.333333333333333
WQS1702,2018,2.352952703644846,1.9428845319996395,0.0,-3.6666666666666656
WQS1711,2018,0.4513183296333642,-0.21352818403781276,-1.4285714285714233,-8.000000000000002
WQS1710,2018,4.610109292896951,4.752032488105956,-2.8571428571428465,-3.6666666666666656
WQS1695,2018,2.0117627444180477,3.632625662116035,0.0,-7.333333333333334
WQS1699,2018,4.364715448062894,1.018530088498217,0.0,-1.6666666666666667
WQS1673,2018,3.572207159202731,4.309899735407114,-2.8571428571428465,-5.0
WQS0179,2018,-1.8580640960350063,3.5549203310072386,-4.285714285714295,-7.666666666666666
WQS0228,2018,-0.7367868227820025,3.5549203310072386,-2.8571428571428465,-6.666666666666667
WQS0180,2018,-0.4824676327758857,3.5549203310072386,-4.285714285714295,-6.0
WQS0181,2018,-1.0007052002844297,2.4748179864853377,-4.285714285714295,-6.666666666666667
WQS0227,2018,-1.2749759216360468,2.4748179864853377,-1.4285714285714233,-5.333333333333332
WQS0209,2018,-2.4942303771939334,0.4637458892532693,-2.8571428571428465,-6.333333333333335
WQS0188,2018,-2.1689155825443325,2.753859013979998,-4.285714285714283,-7.333333333333334
WQS0232,2018,-1.560444414784685,2.4748179864853377,-2.8571428571428465,-6.333333333333335
WQS0217,2018,-1.2749759216360468,1.9218733946861688,0.0,-6.0
WQS0218,2018,-1.0007052002844297,3.5549203310072386,-2.8571428571428594,-6.0
WQS0224,2018,-0.4824676327758857,3.5549203310072386,-5.714285714285719,-5.333333333333332
WQS0183,2018,-1.0007052002844297,0.4637458892532693,-4.285714285714283,-5.333333333333332
WQS0192,2018,-1.560444414784685,0.7850768563689423,-4.285714285714283,-6.333333333333335
WQS0225,2018,-1.0007052002844297,3.5549203310072386,2.8571428571428594,-5.666666666666668
WQS0220,2018,-0.7367868227820025,1.9218733946861688,1.4285714285714233,-4.666666666666668
WQS0210,2018,-1.2749759216360468,0.7850768563689423,1.4285714285714233,-6.333333333333335
WQS0191,2018,-1.560444414784685,1.4899608705335756,0.0,-6.666666666666667
WQS0215,2018,-1.2749759216360468,0.7850768563689423,-2.8571428571428465,-6.333333333333335
WQS0223,2018,-1.2749759216360468,1.7198385820854594,-1.4285714285714233,-5.666666666666668
WQS0184,2018,-0.7367868227820025,3.5549203310072386,-1.4285714285714233,-5.666666666666668
WQS0211,2018,-1.2749759216360468,1.7198385820854594,-1.4285714285714233,-6.0
WQS0190,2018,-1.0007052002844297,3.5549203310072386,-2.8571428571428594,-4.333333333333333
WQS0185,2018,-0.7367868227820025,3.5549203310072386,-1.4285714285714233,-4.000000000000001
WQS0226,2018,-1.560444414784685,3.5549203310072386,-2.8571428571428594,-5.0
WQS0187,2018,-0.4824676327758857,3.5549203310072386,-2.8571428571428465,-4.000000000000001
WQS0213,2018,-1.8580640960350063,3.5549203310072386,-2.8571428571428594,-5.333333333333332
WQS0178,2018,-1.560444414784685,3.5549203310072386,-2.8571428571428594,-6.0
WQS0189,2018,-0.4824676327758857,3.5549203310072386,-4.285714285714295,-3.3333333333333335
WQS0182,2018,-1.560444414784685,3.5549203310072386,-5.714285714285719,-5.0
WQS0230,2018,-1.0007052002844297,3.5549203310072386,-7.142857142857142,-4.000000000000001
WQS0620,2018,-0.4824676327758857,,0.0,-9.000000000000002
WQS0619,2018,-0.4824676327758857,,0.0,-8.666666666666666
WQS0618,2018,-0.4824676327758857,,0.0,-8.666666666666666
WQS0600,2018,-0.4824676327758857,,-1.4285714285714233,-9.333333333333334
WQS1854,2018,4.610109292896951,7.881607779500699,1.4285714285714233,-1.999999999999999
WQS1855,2018,5.61884781628539,7.478779508269881,1.4285714285714233,-2.333333333333334
WQS1875,2018,4.23871191307913,7.048111202716294,2.8571428571428465,-1.999999999999999
WQS1886,2018,3.2867386660540943,7.048111202716294,1.4285714285714233,0.6666666666666673
WQS1862,2018,6.500251458910318,8.85011536793839,2.8571428571428465,0.6666666666666673
WQS1829,2018,3.2867386660540943,7.048111202716294,0.0,0.6666666666666673
WQS1864,2018,8.488972973280449,7.478779508269881,-1.4285714285714233,4.000000000000001
WQS1857,2018,4.962772604973117,8.85011536793839,0.0,1.3333333333333346
WQS1861,2018,4.847183080838778,7.99685094633702,2.8571428571428594,6.333333333333333
WQS1860,2018,3.1395120283070157,8.85011536793839,10.000000000000002,1.999999999999999
WQS1865,2018,2.9891189848037722,7.048111202716294,5.714285714285719,2.666666666666666
WQS1858,2018,4.23871191307913,4.150697100183173,11.428571428571438,-0.6666666666666673
WQS1825,2018,,-11.911192357723293,-8.571428571428566,-13.999999999999998
WQS1822,2018,,-2.1747349844838513,-8.571428571428566,-14.666666666666668
WQS1824,2018,-7.68260341725951,-10.38065386283084,-5.714285714285719,-8.666666666666666
WQS1823,2018,-7.68260341725951,,-4.285714285714295,-12.0
WQS0517,2018,-3.9719163468946816,-7.9835412074543,0.0,0.0
WQS0515,2018,-2.835420336420731,-7.760495257540121,-1.4285714285714233,-1.6666666666666667
WQS0366,2018,0.0,10.44616670628769,-2.8571428571428465,-9.000000000000002
WQS0368,2018,3.572207159202731,8.816369505217217,1.4285714285714233,-4.000000000000001
WQS0369,2018,19.674200816503753,6.022491610282762,-8.571428571428566,-2.666666666666666
WQS0374,2018,14.827017735664974,6.600012860133844,-8.571428571428566,7.333333333333334
WQS0311,2018,2.0117627444180477,9.868645456436608,0.0,0.33333333333333215
WQS0312,2018,20.949176738139794,16.127402301363315,-7.142857142857142,13.333333333333334
WQS0313,2018,19.388732323355118,12.556991626959757,-8.571428571428566,13.666666666666666
WQS0307,2018,21.40049506777316,15.898226570654684,-8.571428571428566,14.333333333333334
WQS1777,2018,16.101993657301023,12.662523351371062,-1.4285714285714233,
WQS1763,2018,12.721387716196988,6.466312451444567,-2.8571428571428594,10.666666666666668
WQS1774,2018,9.979834654826195,5.613048029843195,-8.571428571428566,4.333333333333333
WQS1776,2018,13.266573320880289,7.048111202716294,2.8571428571428465,14.666666666666668
WQS1778,2018,11.25481057646224,6.022491610282762,-5.714285714285719,5.333333333333334
WQS1775,2018,10.772342943686354,13.714799302590453,2.8571428571428465,5.666666666666668
WQS1768,2018,11.706128906095605,13.439056130840166,2.8571428571428465,7.000000000000001
WQS1759,2018,15.101288457016592,7.6241201270752645,-1.4285714285714233,3.3333333333333335
WQS1771,2018,15.864919869359195,2.753859013979998,-2.8571428571428465,3.0000000000000013
WQS1772,2018,13.607763280107086,6.022491610282762,-4.285714285714295,-0.6666666666666673
WQS1773,2018,11.706128906095605,5.13251442750358,-1.4285714285714233,-1.999999999999999
WQS1769,2018,-1.2749759216360468,1.6714188616699948,-7.142857142857142,-8.000000000000002
WQS0512,2018,-0.4824676327758857,-7.2799616552005055,-4.285714285714295,-9.000000000000002
WQS0377,2018,3.572207159202731,-8.660815280745382,-1.4285714285714233,-6.0
WQS0387,2018,-7.68260341725951,-7.9835412074543,-2.8571428571428465,-3.3333333333333335
WQS0426,2018,-3.5722071592027325,-7.831585279440171,-1.4285714285714233,-0.6666666666666673
WQS0404,2018,3.846477880554349,-8.33650418189909,-2.8571428571428465,-6.666666666666667
WQS0405,2018,-10.176833794453444,-8.33650418189909,-1.4285714285714233,-5.0
WQS0406,2018,-9.243047832044192,-7.905835876345505,-2.8571428571428465,-2.333333333333334
WQS0467,2018,-0.4824676327758857,-7.178696506268394,-1.4285714285714233,-9.666666666666668
WQS0468,2018,-0.4824676327758857,-6.949520775559763,0.0,-9.333333333333334
WQS0469,2018,-3.5722071592027325,-7.228561803054423,-2.8571428571428465,-9.333333333333334
WQS1785,2018,5.0764825411394146,,-8.571428571428566,-2.666666666666666
WQS1784,2018,19.948471537855372,,-4.285714285714283,9.0
WQS1787,2018,9.694366161677557,,-8.571428571428566,1.3333333333333346
WQS1786,2018,18.11375640171907,,-2.8571428571428594,9.333333333333334
WQS1791,2018,10.772342943686354,,-4.285714285714283,3.3333333333333335
WQS1808,2018,22.960939482557844,,1.4285714285714233,14.666666666666668
WQS1789,2018,-4.395864751205414,,-8.571428571428566,-6.666666666666667
WQS1811,2018,17.755062035372557,,-5.714285714285719,15.333333333333332
WQS1793,2018,11.706128906095605,,-10.000000000000002,6.666666666666667
WQS1816,2018,8.419390240041512,,-8.571428571428566,-2.666666666666666
WQS1815,2018,8.419390240041512,,-5.714285714285719,-0.6666666666666673
WQS1686,2018,4.1103962580567766,0.5620309064547622,7.142857142857142,-0.33333333333333215
WQS1747,2018,22.415753877874547,,-10.000000000000002,
WQS1685,2018,6.407627495623461,1.018530088498217,5.714285714285719,-2.333333333333334
WQS1746,2018,22.415753877874547,,-11.428571428571425,
WQS1745,2018,19.948471537855372,7.14358652473565,-5.714285714285719,16.666666666666668
WQS1684,2018,23.30212944178464,7.233898431849197,-8.571428571428566,16.666666666666668
WQS1756,2018,20.34070557038015,-0.21352818403781276,0.0,9.0
WQS1757,2018,21.40049506777316,7.478779508269881,0.0,9.0
WQS1767,2018,2.5175016365832654,2.753859013979998,0.0,-8.333333333333334
WQS1765,2018,3.2867386660540943,0.4637458892532693,-8.571428571428566,-3.6666666666666656
WQS1754,2018,2.5175016365832654,2.753859013979998,0.0,-8.000000000000002
WQS1681,2018,-1.2749759216360468,-3.9854314332863248,2.8571428571428465,-10.0
WQS1680,2018,2.0117627444180477,1.1240618129095243,0.0,4.000000000000001
WQS1679,2018,13.607763280107086,6.3209718326391835,-11.428571428571425,13.666666666666666
WQS1725,2018,3.430929485653645,4.205468019854752,0.0,-5.0
WQS1682,2018,2.5175016365832654,2.753859013979998,0.0,-6.0
WQS1753,2018,4.610109292896951,1.54384823377517,0.0,-4.666666666666668
WQS1687,2018,4.364715448062894,2.4748179864853377,1.4285714285714233,-4.666666666666668
WQS1766,2018,0.4513183296333642,1.1908852593303798,-8.571428571428566,-11.666666666666668
WQS1678,2018,4.610109292896951,1.1240618129095243,,-4.666666666666668
WQS1718,2018,4.610109292896951,0.4637458892532693,-5.714285714285719,-5.333333333333332
WQS0235,2018,-1.0007052002844297,2.4748179864853377,-1.4285714285714233,-7.333333333333334
WQS1689,2018,-2.1689155825443325,-1.9242804514676772,-4.285714285714295,-7.666666666666666
WQS1688,2018,-1.560444414784685,-1.0922948321738482,-2.8571428571428465,-10.0
WQS0266,2018,-1.0007052002844297,3.5549203310072386,-2.8571428571428465,-6.0
WQS0264,2018,-3.5722071592027325,0.06551284345684714,-2.8571428571428465,-9.000000000000002
WQS0263,2018,-1.560444414784685,0.3593141737009044,-4.285714285714295,-6.333333333333335
WQS0267,2018,-1.560444414784685,3.5549203310072386,0.0,-7.666666666666666
WQS0207,2018,-1.0007052002844297,3.5549203310072386,1.4285714285714233,-6.999999999999999
WQS0176,2018,-2.1689155825443325,1.7198385820854594,-1.4285714285714233,-7.333333333333334
WQS0199,2018,-0.4824676327758857,1.9218733946861688,7.142857142857142,-3.3333333333333335
WQS0173,2018,-2.1689155825443325,1.4899608705335756,-4.285714285714295,-6.999999999999999
WQS0208,2018,-1.2749759216360468,1.018530088498217,-1.4285714285714233,-6.999999999999999
WQS0258,2018,4.847183080838778,1.7198385820854594,-4.285714285714295,14.000000000000002
WQS0257,2018,24.162689530996023,1.9218733946861688,-5.714285714285719,16.666666666666668
WQS0271,2018,24.162689530996023,3.5549203310072386,12.857142857142861,16.666666666666668
WQS0172,2018,-0.4824676327758857,1.9218733946861688,-7.142857142857142,-6.0
WQS0236,2018,26.081828312127215,3.5549203310072386,14.285714285714285,16.666666666666668
WQS0237,2018,-0.7367868227820025,2.4748179864853377,2.8571428571428594,-4.666666666666668
WQS0240,2018,-0.7367868227820025,2.4748179864853377,0.0,-1.6666666666666667
WQS0241,2018,4.847183080838778,1.4899608705335756,-2.8571428571428594,14.333333333333334
WQS0242,2018,-1.8580640960350063,1.4899608705335756,-2.8571428571428465,-6.666666666666667
WQS0193,2018,0.0,3.5549203310072386,2.8571428571428594,0.6666666666666673
WQS0252,2018,-1.0007052002844297,1.4899608705335756,1.4285714285714233,-5.0
WQS0246,2018,-1.2749759216360468,0.3593141737009044,2.8571428571428465,-3.3333333333333335
WQS0247,2018,-1.2749759216360468,1.7198385820854594,-7.142857142857142,-5.666666666666668
WQS0245,2018,-1.8580640960350063,1.4899608705335756,-4.285714285714295,-8.000000000000002
WQS0174,2018,3.572207159202731,6.022491610282762,-5.714285714285719,16.666666666666668
WQS0202,2018,-0.7367868227820025,1.9218733946861688,-5.714285714285719,-4.666666666666668
WQS0200,2018,-1.0007052002844297,1.9218733946861688,-5.714285714285719,-5.666666666666668
WQS0175,2018,-0.4824676327758857,3.2019573565624486,0.0,-4.000000000000001
WQS0205,2018,-0.4824676327758857,1.4899608705335756,-5.714285714285719,-2.333333333333334
WQS0253,2018,-0.7367868227820025,0.7850768563689423,-1.4285714285714233,-6.666666666666667
WQS0255,2018,3.572207159202731,2.4748179864853377,5.714285714285719,6.666666666666667
WQS0256,2018,2.0117627444180477,0.7850768563689423,-2.8571428571428594,3.3333333333333335
WQS0260,2018,9.694366161677557,3.5549203310072386,-5.714285714285719,16.666666666666668
WQS0261,2018,9.694366161677557,3.5549203310072386,-7.142857142857142,16.666666666666668
WQS0171,2018,-1.560444414784685,0.4637458892532693,-2.8571428571428594,-6.333333333333335
WQS0170,2018,-0.7367868227820025,2.4748179864853377,4.285714285714283,-3.3333333333333335
WQS0250,2018,-1.2749759216360468,0.6993984151722024,-7.142857142857142,-7.666666666666666
WQS0194,2018,-0.7367868227820025,1.4899608705335756,0.0,-6.0
WQS0195,2018,-1.2749759216360468,1.4899608705335756,1.4285714285714233,-6.999999999999999
WQS0932,2018,-3.1941147027672385,-10.076110608801514,-10.000000000000002,-4.666666666666668
WQS0934,2018,-1.560444414784685,-8.437769330831202,-7.142857142857142,-3.0000000000000013
WQS0935,2018,-0.4824676327758857,-9.222846187200144,-5.714285714285719,-3.6666666666666656
WQS0947,2018,-3.1941147027672385,-10.38065386283084,-8.571428571428566,-7.333333333333334
WQS1683,2018,3.2867386660540943,-0.6441964895913976,2.8571428571428465,-4.666666666666668
WQS1692,2018,4.364715448062894,-0.21352818403781276,2.8571428571428465,-3.3333333333333335
WQS0787,2018,-5.329650713614663,-11.911192357723293,0.0,-5.666666666666668
WQS0786,2018,-4.8471830808387795,-11.911192357723293,0.0,-5.333333333333332
WQS0829,2018,1.65306837807154,-4.699418267755216,-2.8571428571428465,-5.0
WQS0831,2018,-0.4824676327758857,-4.137387361300456,0.0,-4.333333333333333
WQS0826,2018,2.5175016365832654,,-8.571428571428566,0.0
WQS0852,2018,1.8347151361362997,-4.4903503357452434,-1.4285714285714233,-4.666666666666668
WQS0830,2018,1.4665771397347491,-2.559793264804111,-5.714285714285719,-5.333333333333332
WQS0784,2018,9.752399747794307,-0.06818756523242914,0.0,-1.3333333333333346
WQS0785,2018,-0.23707378794182898,-0.06818756523242914,1.4285714285714233,-4.000000000000001
WQS1494,2018,-1.8580640960350063,-9.0636435519762,-1.4285714285714233,3.666666666666667
WQS1495,2018,-1.2749759216360468,-8.660815280745382,-1.4285714285714233,2.666666666666666
WQS0837,2018,-2.835420336420731,-8.918302933170816,-8.571428571428566,-3.6666666666666656
WQS0839,2018,0.0,7.180299285913459,-4.285714285714295,-4.333333333333333
WQS0838,2018,21.40049506777316,2.8776462577161563,-5.714285714285719,16.666666666666668
WQS0789,2018,15.619526024525136,-1.37133585966851,-2.8571428571428465,-2.333333333333334
WQS0835,2018,-2.835420336420731,-6.90723083593875,0.0,-6.0
WQS1487,2018,-1.0007052002844297,-8.660815280745382,-5.714285714285719,0.33333333333333215
WQS1484,2018,-2.1689155825443325,-9.818622956376078,-5.714285714285719,-0.9999999999999994
WQS1486,2018,-1.0007052002844297,-7.503007605114686,-1.4285714285714233,5.333333333333334
WQS1485,2018,8.133921746892874,-5.857225943385913,0.0,9.000000000000002
WQS0833,2018,-2.835420336420731,-11.911192357723293,-5.714285714285719,-8.000000000000002
WQS0817,2018,-1.560444414784685,-10.076110608801514,-1.4285714285714233,-1.999999999999999
WQS1504,2018,3.2867386660540943,-8.065038511569448,0.0,6.0
WQS0818,2018,-1.0007052002844297,-10.753384682092596,5.714285714285719,-0.6666666666666673
WQS0912,2018,-2.1689155825443325,-10.753384682092596,-1.4285714285714233,-0.33333333333333215
WQS0819,2018,-1.0007052002844297,-10.753384682092596,2.8571428571428465,-1.3333333333333346
WQS1475,2018,-0.23707378794182898,-7.9835412074543,-1.4285714285714233,0.9999999999999994
WQS1474,2018,0.4513183296333642,-9.0636435519762,-4.285714285714295,2.666666666666666
WQS1476,2018,9.694366161677557,-5.857225943385913,0.0,11.666666666666668
WQS1489,2018,-1.560444414784685,-8.660815280745382,-1.4285714285714233,5.333333333333334
WQS0855,2018,-6.407627495623464,-10.753384682092596,-7.142857142857142,-5.333333333333332
WQS0856,2018,-3.9719163468946816,-10.076110608801514,-8.571428571428566,-4.666666666666668
WQS0793,2018,-0.7367868227820025,-10.076110608801514,-5.714285714285719,-2.666666666666666
WQS0859,2018,18.780261155595465,-1.7065288432027412,0.0,9.0
WQS0860,2018,17.376969578937064,,1.4285714285714233,9.0
WQS0858,2018,19.948471537855372,-2.1263152640683867,-1.4285714285714233,9.0
WQS0801,2018,-0.4824676327758857,-7.2799616552005055,-1.4285714285714233,-6.666666666666667
WQS0799,2018,7.68260341725951,2.8776462577161563,-2.8571428571428465,-0.6666666666666673
WQS0862,2018,10.772342943686354,3.2019573565624486,-5.714285714285719,0.6666666666666673
WQS0864,2018,5.925159862847577,2.6201586052907215,-4.285714285714295,1.6666666666666667
WQS0863,2018,12.529786498098286,4.408184752608609,-5.714285714285719,-2.666666666666666
WQS0800,2018,2.352952703644846,-1.2259952408631263,0.0,-3.6666666666666656
WQS0843,2018,-2.4942303771939334,-10.753384682092596,-1.4285714285714233,-2.666666666666666
WQS0842,2018,-1.0007052002844297,-10.076110608801514,0.0,0.0
WQS0911,2018,0.4513183296333642,-4.814661434591535,-8.571428571428566,-5.333333333333332
WQS0816,2018,-3.9719163468946816,-11.911192357723293,0.0,-6.666666666666667
WQS0788,2018,1.8347151361362997,-7.760495257540121,-7.142857142857142,0.33333333333333215
WQS0916,2018,-2.4942303771939334,-10.753384682092596,2.8571428571428594,-4.333333333333333
WQS0790,2018,0.4513183296333642,-6.286584673496539,-1.4285714285714233,-3.0000000000000013
WQS0872,2018,5.824539321224504,-10.753384682092596,-4.285714285714295,-1.999999999999999
WQS0849,2018,-5.329650713614663,-11.911192357723293,0.0,-4.666666666666668
WQS0917,2018,-3.1941147027672385,-10.076110608801514,2.8571428571428465,-8.000000000000002
WQS0850,2018,-3.5722071592027325,-10.38065386283084,-5.714285714285719,-7.333333333333334
WQS0823,2018,-2.835420336420731,-8.33650418189909,-8.571428571428566,-4.000000000000001
WQS0919,2018,-2.835420336420731,-10.076110608801514,-2.8571428571428465,-5.0
WQS0918,2018,-2.835420336420731,-10.076110608801514,-2.8571428571428465,-6.666666666666667
WQS0925,2018,-11.254810576462242,-11.911192357723293,-4.285714285714283,-4.000000000000001
WQS0923,2018,-6.407627495623464,-10.753384682092596,-5.714285714285719,-6.666666666666667
WQS1506,2018,1.0779767820087993,-8.660815280745382,-2.8571428571428465,3.3333333333333335
WQS0601,2018,5.0764825411394146,-4.218884665415601,0.0,0.6666666666666673
WQS0606,2018,-0.4824676327758857,,0.0,-5.333333333333332
WQS0607,2018,-7.016098663383111,,-12.857142857142861,-8.333333333333334
WQS1834,2018,0.22929946030063506,2.8776462577161563,-5.714285714285719,-5.666666666666668
WQS0632,2018,-1.560444414784685,,-14.285714285714285,-7.666666666666666
WQS0608,2018,-1.8580640960350063,,-11.428571428571425,-7.333333333333334
WQS0603,2018,-8.419390240041512,,-12.857142857142861,-9.000000000000002
WQS0596,2018,-8.419390240041512,,-12.857142857142861,-8.666666666666666
WQS0614,2018,-0.4824676327758857,,-12.857142857142861,-8.000000000000002
WQS0612,2018,-1.8580640960350063,,-12.857142857142861,-7.333333333333334
WQS0615,2018,-2.835420336420731,,-12.857142857142861,-8.333333333333334
WQS0609,2018,-2.1689155825443325,,-12.857142857142861,-8.000000000000002
WQS0597,2018,-1.2749759216360468,,-12.857142857142861,-7.333333333333334
WQS0616,2018,-6.407627495623464,,-12.857142857142861,-7.333333333333334
WQS0610,2018,-8.419390240041512,,-12.857142857142861,-7.333333333333334
WQS1846,2018,1.8347151361362997,3.7779662809214187,-8.571428571428566,-0.6666666666666673
WQS1850,2018,1.4665771397347491,2.4748179864853377,-4.285714285714295,-1.3333333333333346
WQS1852,2018,5.925159862847577,5.003961521784543,-8.571428571428566,1.3333333333333346
WQS1888,2018,-0.23707378794182898,2.4748179864853377,-5.714285714285719,-5.666666666666668
WQS1841,2018,3.9796820411885756,3.2019573565624486,1.4285714285714233,1.3333333333333346
WQS1878,2018,-0.4824676327758857,2.753859013979998,-7.142857142857142,0.6666666666666673
WQS1853,2018,-0.23707378794182898,3.2019573565624486,-5.714285714285719,-5.333333333333332
WQS1890,2018,3.7106870703648274,3.632625662116035,2.8571428571428465,-3.0000000000000013
WQS1827,2018,3.430929485653645,3.632625662116035,1.4285714285714233,4.666666666666667
WQS1842,2018,1.8347151361362997,3.2019573565624486,8.571428571428566,0.33333333333333215
WQS1867,2018,4.847183080838778,8.85011536793839,4.285714285714295,12.666666666666666
WQS1826,2018,7.1163861967443545,7.99685094633702,4.285714285714295,14.000000000000002
WQS1838,2018,5.406922295339032,7.478779508269881,0.0,14.000000000000002
WQS1832,2018,6.407627495623461,7.478779508269881,-5.714285714285719,16.666666666666668
WQS1889,2018,-0.4824676327758857,0.06551284345684714,-4.285714285714295,-5.0
WQS1840,2018,5.824539321224504,4.335018455249262,0.0,-1.6666666666666667
WQS1871,2018,1.2749759216360452,2.8776462577161563,-1.4285714285714233,-1.999999999999999
WQS1872,2018,12.529786498098286,7.048111202716294,5.714285714285719,2.666666666666666
WQS1887,2018,14.599582828633084,7.99685094633702,-7.142857142857142,16.666666666666668
WQS1839,2018,15.047288134681557,7.478779508269881,0.0,16.666666666666668
WQS1869,2018,0.4513183296333642,2.139625002951105,7.142857142857142,-3.6666666666666656
WQS0057,2018,-1.2749759216360468,-0.8532644216013697,-4.285714285714283,0.9999999999999994
WQS0059,2018,-0.7367868227820025,-2.0562198021214675,15.714285714285708,2.666666666666666
WQS0062,2018,-1.560444414784685,-0.3727308192617548,-1.4285714285714233,-4.333333333333333
WQS0060,2018,-0.7367868227820025,0.18930008719300745,-2.8571428571428594,-4.333333333333333
WQS0090,2018,-2.1689155825443325,-1.6880716013497847,-5.714285714285719,0.0
WQS0093,2018,-0.4824676327758857,0.7427869167479292,-7.142857142857142,-2.333333333333334
WQS0088,2018,-0.4824676327758857,3.5549203310072386,0.0,-1.999999999999999
WQS0063,2018,0.4513183296333642,-0.2912335151466093,-2.8571428571428594,0.6666666666666673
WQS0089,2018,-1.0007052002844297,0.5620309064547622,-1.4285714285714233,0.6666666666666673
WQS1275,2018,3.2867386660540943,,-7.142857142857142,8.666666666666668
WQS1260,2018,2.678267498294446,,0.0,5.333333333333334
WQS1264,2018,8.693660961393128,,1.4285714285714233,14.000000000000002
WQS1263,2018,2.678267498294446,,-7.142857142857142,4.666666666666667
WQS0066,2018,5.0764825411394146,-0.8532644216013697,18.57142857142858,3.666666666666667
WQS1262,2018,4.364715448062894,,0.0,6.333333333333333
WQS1265,2018,3.846477880554349,,0.0,4.000000000000001
WQS1258,2018,2.0117627444180477,,-7.142857142857142,4.000000000000001
WQS0100,2018,-0.4824676327758857,0.18930008719300745,-1.4285714285714233,-5.0
WQS0067,2018,2.5175016365832654,-0.3727308192617548,0.0,3.3333333333333335
WQS0054,2018,,,-12.857142857142861,
WQS0121,2018,5.925159862847577,-0.8532644216013697,4.285714285714283,15.333333333333332
WQS0064,2018,-0.7367868227820025,0.18930008719300745,1.4285714285714233,0.0
WQS0096,2018,0.0,-0.3727308192617548,0.0,4.333333333333333
WQS0095,2018,0.6665047538763971,-0.8532644216013697,-1.4285714285714233,-1.999999999999999
WQS0136,2018,2.352952703644846,-0.8532644216013697,-4.285714285714295,0.6666666666666673
WQS0103,2018,11.25481057646224,0.5620309064547622,4.285714285714283,11.666666666666668
WQS0114,2018,-0.4824676327758857,-0.8532644216013697,0.0,-3.0000000000000013
WQS0125,2018,2.352952703644846,0.5620309064547622,4.285714285714283,9.000000000000002
WQS0124,2018,-2.1689155825443325,-0.3727308192617548,4.285714285714283,5.0
WQS0107,2018,2.5175016365832654,-0.3727308192617548,1.4285714285714233,0.0
WQS0070,2018,-0.7367868227820025,-2.0562198021214675,0.0,0.9999999999999994
WQS0113,2018,1.65306837807154,-1.6880716013497847,-1.4285714285714233,
WQS0083,2018,2.0117627444180477,-1.37133585966851,-1.4285714285714233,2.333333333333334
WQS0134,2018,2.0117627444180477,-1.6880716013497847,0.0,10.0
WQS0074,2018,2.184438356938128,0.18930008719300745,-8.571428571428566,-1.6666666666666667
WQS0081,2018,17.376969578937064,7.6241201270752645,-1.4285714285714233,
WQS0065,2018,9.08589499391791,-1.6880716013497847,15.714285714285708,3.0000000000000013
WQS0120,2018,4.847183080838778,-1.6880716013497847,-10.000000000000002,-1.6666666666666667
WQS0042,2018,,,0.0,
WQS0040,2018,,,4.285714285714283,
WQS0046,2018,,,-10.000000000000002,
WQS0047,2018,,,-1.4285714285714233,
WQS0053,2018,,,-11.428571428571425,
WQS0043,2018,,,-12.857142857142861,
WQS0049,2018,,,-4.285714285714283,
WQS0041,2018,,,-8.571428571428566,
WQS0038,2018,,,-2.8571428571428465,
WQS0039,2018,,,-5.714285714285719,
WQS0044,2018,,,-10.000000000000002,
WQS0048,2018,,,-4.285714285714283,
WQS0055,2018,,,4.285714285714283,
WQS0082,2018,1.0779767820087993,-2.1263152640683867,-1.4285714285714233,-1.3333333333333346
WQS0068,2018,-2.4942303771939334,-2.0562198021214675,-4.285714285714283,-2.333333333333334
WQS0104,2018,-0.23707378794182898,-2.0562198021214675,10.000000000000002,-2.333333333333334
WQS0123,2018,6.858945825256826,0.18930008719300745,5.714285714285719,1.6666666666666667
WQS0084,2018,0.4513183296333642,-0.9685075884376897,1.4285714285714233,-2.666666666666666
WQS0140,2018,0.8752667339440972,-0.9685075884376897,0.0,-1.999999999999999
WQS0119,2018,-0.4824676327758857,-0.8532644216013697,5.714285714285719,9.666666666666666
WQS0080,2018,-2.4942303771939334,-1.6880716013497847,-4.285714285714283,0.0
WQS0141,2018,-2.835420336420731,-0.8532644216013697,7.142857142857142,3.3333333333333335
WQS0056,2018,4.23871191307913,-0.8532644216013697,-10.000000000000002,-1.3333333333333346
WQS0143,2018,4.488488714492272,,-8.571428571428566,-0.9999999999999994
WQS0129,2018,-1.560444414784685,-1.6880716013497847,-10.000000000000002,-1.3333333333333346
WQS1870,2018,0.8752667339440972,1.1578076756306972,0.0,-3.3333333333333335
WQS0138,2018,-0.7367868227820025,-0.8532644216013697,-1.4285714285714233,-2.666666666666666
WQS1259,2018,0.8752667339440972,,-7.142857142857142,4.666666666666667
WQS1269,2018,1.2749759216360452,,-4.285714285714295,5.333333333333334
WQS1280,2018,4.364715448062894,,0.0,6.0
WQS1266,2018,1.2749759216360452,,0.0,1.999999999999999
WQS1270,2018,2.352952703644846,,0.0,5.666666666666668
WQS1277,2018,1.2749759216360452,,-8.571428571428566,0.6666666666666673
WQS1278,2018,-0.4824676327758857,,0.0,8.666666666666668
WQS1279,2018,2.678267498294446,,0.0,6.666666666666667
WQS1145,2018,-3.9719163468946816,-7.2799616552005055,-4.285714285714283,-6.0
WQS1144,2018,-3.1941147027672385,-8.33650418189909,-4.285714285714283,0.0
WQS1125,2018,-3.1941147027672385,-7.178696506268394,-8.571428571428566,-6.999999999999999
WQS1121,2018,4.847183080838778,-7.563754786588654,-2.8571428571428594,-6.0
WQS1122,2018,-4.395864751205414,-7.332993518606788,-10.000000000000002,-7.333333333333334
WQS1659,2018,-10.176833794453444,,5.714285714285719,-2.666666666666666
WQS1656,2018,-7.68260341725951,,5.714285714285719,-3.6666666666666656
WQS1657,2018,-7.016098663383111,,4.285714285714295,-6.0
WQS0317,2018,-14.090230912882971,-7.626794848850844,2.8571428571428465,-4.000000000000001
WQS0332,2018,-16.101993657301023,-10.753384682092596,-1.4285714285714233,-7.333333333333334
WQS0328,2018,-9.243047832044192,-7.626794848850844,0.0,-7.333333333333334
WQS0331,2018,-12.529786498098288,-8.918302933170816,0.0,-7.333333333333334
WQS0319,2018,-14.090230912882971,-8.660815280745382,0.0,-7.333333333333334
WQS0316,2018,-9.243047832044192,-8.660815280745382,2.8571428571428465,-1.3333333333333346
WQS0320,2018,-14.090230912882971,-8.660815280745382,0.0,-8.000000000000002
WQS0867,2018,-2.4942303771939334,-7.692307692307692,2.8571428571428465,-4.666666666666668
WQS0848,2018,-1.560444414784685,-8.33650418189909,-1.4285714285714233,-6.666666666666667
WQS0870,2018,5.925159862847577,-6.602687581909424,-1.4285714285714233,-6.0
WQS0841,2018,-1.0007052002844297,-6.286584673496539,-2.8571428571428465,-4.666666666666668
WQS0322,2018,-10.176833794453444,-7.228561803054423,0.0,-5.666666666666668
WQS0781,2018,-3.5722071592027325,-11.911192357723293,2.8571428571428465,-3.3333333333333335
WQS0344,2018,6.313760220573529,-6.020888830637697,11.428571428571438,0.33333333333333215
WQS0350,2018,24.380106223793444,-1.6338929041243797,-1.4285714285714233,
WQS0349,2018,19.241505685608033,-5.667925856192907,2.8571428571428465,1.6666666666666667
WQS0345,2018,3.572207159202731,-7.760495257540121,1.4285714285714233,0.6666666666666673
WQS0340,2018,21.290366697366593,-2.940275204201734,0.0,
WQS0356,2018,-2.835420336420731,-10.753384682092596,1.4285714285714233,-1.6666666666666667
WQS0355,2018,33.44000487924889,,0.0,11.666666666666668
WQS0348,2018,3.572207159202731,-7.831585279440171,11.428571428571438,-1.3333333333333346
WQS0351,2018,7.836302065642552,-6.90723083593875,0.0,9.000000000000002
WQS0333,2018,-0.7367868227820025,-7.831585279440171,-8.571428571428566,-4.000000000000001
WQS0326,2018,27.119730445821432,1.4057230188111531,1.4285714285714233,14.666666666666668
WQS0339,2018,-9.243047832044192,-6.673777603809475,0.0,6.0
WQS0811,2018,-1.0007052002844297,-6.949520775559763,-1.4285714285714233,-4.666666666666668
WQS0889,2018,-4.8471830808387795,-11.911192357723293,4.285714285714295,-6.333333333333335
WQS0810,2018,6.500251458910318,-8.78460252448154,-2.8571428571428465,-6.666666666666667
WQS0806,2018,-3.1941147027672385,-5.9724691102222325,5.714285714285719,-8.000000000000002
WQS0807,2018,-0.7367868227820025,-6.637854425908923,-1.4285714285714233,-2.333333333333334
WQS0891,2018,-2.835420336420731,-5.9724691102222325,-1.4285714285714233,-6.333333333333335
WQS0812,2018,-4.8471830808387795,-8.241028859879735,-1.4285714285714233,-7.333333333333334
WQS0809,2018,-3.5722071592027325,-9.0636435519762,0.0,-6.666666666666667
WQS0808,2018,-3.5722071592027325,-10.076110608801514,-1.4285714285714233,-2.666666666666666
WQS0892,2018,-2.4942303771939334,-8.660815280745382,-1.4285714285714233,-8.000000000000002
WQS0894,2018,-3.5722071592027325,-8.660815280745382,-2.8571428571428465,-5.666666666666668
WQS0804,2018,-3.5722071592027325,-11.911192357723293,4.285714285714295,-6.333333333333335
WQS0887,2018,-4.8471830808387795,-11.911192357723293,1.4285714285714233,-6.0
WQS0900,2018,5.722449814782877,-11.911192357723293,5.714285714285719,-5.666666666666668
WQS0901,2018,-4.395864751205414,-11.911192357723293,4.285714285714295,-5.0
WQS0814,2018,-2.835420336420731,-10.753384682092596,-5.714285714285719,-6.0
WQS0803,2018,-1.2749759216360468,-10.076110608801514,-5.714285714285719,-7.333333333333334
WQS0805,2018,-0.23707378794182898,-6.096256353958392,0.0,8.666666666666668
WQS0874,2018,-1.0007052002844297,-11.911192357723293,5.714285714285719,-3.0000000000000013
WQS0813,2018,-5.329650713614663,-11.911192357723293,-5.714285714285719,-4.666666666666668
WQS0815,2018,-4.395864751205414,-11.911192357723293,5.714285714285719,-5.0
WQS0336,2018,-7.68260341725951,-7.626794848850844,-5.714285714285719,-3.6666666666666656
WQS0334,2018,-3.9719163468946816,-4.4903503357452434,-5.714285714285719,-4.000000000000001
WQS0338,2018,-7.68260341725951,-7.228561803054423,-5.714285714285719,-4.333333333333333
WQS0335,2018,-9.243047832044192,-7.626794848850844,0.0,-6.999999999999999
WQS0321,2018,-7.68260341725951,-6.568245879398169,-5.714285714285719,-4.666666666666668
WQS0795,2018,-3.1941147027672385,-8.918302933170816,2.8571428571428465,-6.0
WQS0797,2018,-2.1689155825443325,-6.148459458532522,-2.8571428571428465,-1.3333333333333346
WQS0782,2018,-0.7367868227820025,-8.918302933170816,-2.8571428571428465,-3.6666666666666656
WQS0796,2018,-1.8580640960350063,-6.90723083593875,2.8571428571428465,-6.333333333333335
WQS0847,2018,-2.835420336420731,-8.33650418189909,1.4285714285714233,-6.0
WQS0943,2018,-0.7367868227820025,-7.178696506268394,-2.8571428571428465,0.0
WQS0946,2018,-1.0007052002844297,-11.911192357723293,2.8571428571428465,-4.000000000000001
WQS0944,2018,4.847183080838778,-11.911192357723293,5.714285714285719,0.0
WQS0945,2018,14.541549242516338,-11.911192357723293,5.714285714285719,3.3333333333333335
WQS0930,2018,-1.560444414784685,-4.137387361300456,4.285714285714295,-6.0
WQS1053,2018,10.772342943686354,,5.714285714285719,0.6666666666666673
WQS1054,2018,4.847183080838778,,0.0,-2.666666666666666
WQS0353,2018,-4.8471830808387795,-6.568245879398169,-4.285714285714295,-6.999999999999999
WQS0354,2018,-4.8471830808387795,-4.422949008885502,-2.8571428571428465,-6.0
WQS0358,2018,-3.1941147027672385,-2.5536181620525014,-2.8571428571428465,-5.666666666666668
WQS0361,2018,-7.016098663383111,-7.2799616552005055,-2.8571428571428465,-6.333333333333335
WQS0360,2018,2.352952703644846,-3.3081573599952443,-8.571428571428566,-3.3333333333333335
WQS0359,2018,-5.329650713614663,-8.33650418189909,0.0,-5.333333333333332
WQS0357,2018,-4.395864751205414,-6.865985199816546,0.0,-6.333333333333335
WQS0315,2018,0.0,-6.286584673496539,-1.4285714285714233,-0.33333333333333215
WQS0966,2018,4.847183080838778,,-8.571428571428566,6.666666666666667
WQS1012,2018,5.925159862847577,,-8.571428571428566,-2.333333333333334
WQS1005,2018,12.529786498098286,,-1.4285714285714233,6.333333333333333
WQS0792,2018,-1.560444414784685,-11.911192357723293,-4.285714285714295,-5.0
WQS1048,2018,9.694366161677557,,-2.8571428571428465,3.0000000000000013
WQS0314,2018,-3.5722071592027325,-5.770434297621524,-1.4285714285714233,2.333333333333334
WQS0957,2018,4.962772604973117,,-1.4285714285714233,8.666666666666668
WQS0973,2018,4.729650784920029,,-4.285714285714295,1.6666666666666667
WQS0974,2018,6.945816594477507,,-2.8571428571428465,5.0
WQS0986,2018,4.962772604973117,,-5.714285714285719,3.0000000000000013
WQS1035,2018,16.977260391245117,,0.0,13.666666666666666
WQS0999,2018,7.364684717422043,,0.0,-0.9999999999999994
WQS1045,2018,14.88273920174313,,-2.8571428571428465,12.333333333333334
WQS1067,2018,7.364684717422043,,-7.142857142857142,-1.999999999999999
WQS1073,2018,2.352952703644846,,-4.285714285714295,-3.0000000000000013
WQS0286,2018,,,-8.571428571428566,-4.000000000000001
WQS0283,2018,,,-11.428571428571425,-1.999999999999999
WQS0285,2018,0.0,,0.0,-8.000000000000002
WQS0287,2018,-0.23707378794182898,,0.0,-7.666666666666666
WQS0297,2018,0.0,,0.0,-7.333333333333334
WQS0289,2018,,,-8.571428571428566,-1.999999999999999
WQS0284,2018,-0.23707378794182898,,-11.428571428571425,-6.0
WQS1316,2018,-3.9719163468946816,2.176337764128914,-1.4285714285714233,-5.666666666666668
WQS1395,2018,-3.9719163468946816,-0.6441964895913976,-1.4285714285714233,-6.333333333333335
WQS1393,2018,-2.1689155825443325,2.4748179864853377,-1.4285714285714233,-5.666666666666668
WQS1394,2018,-5.329650713614663,1.286360581349735,-2.8571428571428465,-5.0
WQS1384,2018,-4.8471830808387795,-5.217489705822356,-2.8571428571428465,-5.666666666666668
WQS1385,2018,-2.4942303771939334,-1.0922948321738482,-1.4285714285714233,-3.6666666666666656
WQS1318,2018,-4.8471830808387795,-0.21352818403781276,-1.4285714285714233,-4.666666666666668
WQS1317,2018,-8.419390240041512,-1.0922948321738482,0.0,-8.000000000000002
WQS1388,2018,-7.68260341725951,-1.0922948321738482,-1.4285714285714233,-6.0
WQS1386,2018,-1.8580640960350063,3.1006922076303365,-2.8571428571428465,-4.666666666666668
WQS1391,2018,-3.5722071592027325,-3.9854314332863248,-5.714285714285719,-6.0
WQS1323,2018,-2.835420336420731,-1.0922948321738482,-4.285714285714295,-0.6666666666666673
WQS1390,2018,-7.016098663383111,-2.7220920332443215,-1.4285714285714233,-7.333333333333334
WQS1392,2018,-4.8471830808387795,-1.0922948321738482,-5.714285714285719,-4.000000000000001
WQS1420,2018,-3.5722071592027325,2.176337764128914,-1.4285714285714233,-3.3333333333333335
WQS1324,2018,-7.016098663383111,-1.9242804514676772,-2.8571428571428465,-0.6666666666666673
WQS1387,2018,-3.9719163468946816,3.1006922076303365,0.0,-5.333333333333332
WQS0301,2018,,,-12.857142857142861,-6.0
WQS0298,2018,,,-8.571428571428566,-1.999999999999999
WQS0303,2018,,,-12.857142857142861,-4.333333333333333
WQS0281,2018,,,-11.428571428571425,-4.000000000000001
WQS0280,2018,,,-10.000000000000002,-4.666666666666668
WQS0282,2018,,,-11.428571428571425,-4.000000000000001
WQS0275,2018,10.772342943686354,,-8.571428571428566,11.333333333333334
WQS0276,2018,0.0,,0.0,-6.666666666666667
WQS0290,2018,-3.5722071592027325,,-8.571428571428566,-5.333333333333332
WQS0292,2018,-1.560444414784685,,-10.000000000000002,-4.000000000000001
WQS0273,2018,-1.0007052002844297,,0.0,-3.3333333333333335
WQS0278,2018,-0.4824676327758857,,-12.857142857142861,-5.666666666666668
WQS0277,2018,1.2749759216360452,,-11.428571428571425,-5.333333333333332
WQS0293,2018,6.122159002474825,,-10.000000000000002,-5.333333333333332
WQS1307,2018,-2.835420336420731,-0.21352818403781276,-1.4285714285714233,-0.9999999999999994
WQS1306,2018,-3.9719163468946816,2.8776462577161563,1.4285714285714233,-7.333333333333334
WQS1366,2018,-3.5722071592027325,2.8895350153205466,-1.4285714285714233,-6.0
WQS1365,2018,-0.23707378794182898,0.18930008719300745,-1.4285714285714233,-7.333333333333334
WQS1333,2018,-0.4824676327758857,2.176337764128914,-1.4285714285714233,-8.000000000000002
WQS1380,2018,-4.395864751205414,-0.06818756523242914,0.0,-0.9999999999999994
WQS1355,2018,6.313760220573529,6.946846053784182,-2.8571428571428594,13.666666666666666
WQS1379,2018,-4.8471830808387795,-0.6441964895913976,-1.4285714285714233,-1.6666666666666667
WQS1356,2018,6.313760220573529,6.946846053784182,-4.285714285714283,12.666666666666666
WQS1370,2018,4.488488714492272,6.022491610282762,-1.4285714285714233,1.3333333333333346
WQS1409,2018,-3.5722071592027325,3.1006922076303365,-2.8571428571428594,0.6666666666666673
WQS1414,2018,-3.1941147027672385,-2.1263152640683867,0.0,-5.333333333333332
WQS1335,2018,-3.5722071592027325,-0.06818756523242914,-2.8571428571428594,-5.333333333333332
WQS1410,2018,20.77212912985805,6.022491610282762,0.0,-1.999999999999999
WQS1400,2018,-0.7367868227820025,0.5620309064547622,1.4285714285714233,-5.666666666666668
WQS1373,2018,-5.329650713614663,0.5620309064547622,0.0,-6.333333333333335
WQS1372,2018,1.8347151361362997,5.13251442750358,0.0,2.666666666666666
WQS1371,2018,-1.0007052002844297,-0.6441964895913976,-5.714285714285719,-5.333333333333332
WQS1357,2018,-3.1941147027672385,3.1006922076303365,-2.8571428571428465,-3.3333333333333335
WQS1358,2018,2.678267498294446,3.1006922076303365,-1.4285714285714233,7.333333333333334
WQS1303,2018,16.398642020125862,6.946846053784182,0.0,15.333333333333332
WQS1300,2018,17.038692765760732,6.946846053784182,0.0,15.0
WQS1301,2018,22.10662036385709,6.946846053784182,,16.666666666666668
WQS1302,2018,11.836033700311939,6.946846053784182,-2.8571428571428594,14.333333333333334
WQS1359,2018,-5.329650713614663,-0.06818756523242914,-4.285714285714295,-4.000000000000001
WQS1312,2018,-1.2749759216360468,1.286360581349735,-1.4285714285714233,-0.33333333333333215
WQS1314,2018,-1.560444414784685,3.1006922076303365,0.0,-1.6666666666666667
WQS1313,2018,-2.1689155825443325,3.1006922076303365,0.0,-0.6666666666666673
WQS1397,2018,-3.9719163468946816,1.286360581349735,-1.4285714285714233,0.6666666666666673
WQS1396,2018,4.610109292896951,3.1006922076303365,-1.4285714285714233,6.0
WQS1291,2018,-2.835420336420731,1.286360581349735,0.0,2.333333333333334
WQS1308,2018,1.2749759216360452,3.1006922076303365,-1.4285714285714233,1.999999999999999
WQS1282,2018,4.1103962580567766,1.286360581349735,-1.4285714285714233,5.666666666666668
WQS1403,2018,1.0779767820087993,3.1006922076303365,0.0,6.333333333333333
WQS1326,2018,-0.7367868227820025,3.1006922076303365,0.0,-1.999999999999999
WQS1315,2018,-3.9719163468946816,3.1006922076303365,-2.8571428571428465,-4.000000000000001
WQS1419,2018,-1.560444414784685,3.1006922076303365,0.0,3.0000000000000013
WQS1421,2018,-1.8580640960350063,-0.13927758713247856,-1.4285714285714233,0.0
WQS1352,2018,-1.8580640960350063,1.286360581349735,-2.8571428571428465,-4.666666666666668
WQS1418,2018,-2.835420336420731,0.18930008719300745,-2.8571428571428465,-3.3333333333333335
WQS1417,2018,-4.8471830808387795,0.12855290571903796,0.0,-3.3333333333333335
WQS1281,2018,-3.5722071592027325,0.18930008719300745,-1.4285714285714233,-5.0
WQS1406,2018,-3.5722071592027325,0.5620309064547622,-1.4285714285714233,-3.3333333333333335
WQS1286,2018,-5.8478882811232085,-0.6441964895913976,-2.8571428571428465,-4.000000000000001
WQS1283,2018,-2.835420336420731,-0.06818756523242914,-1.4285714285714233,-6.0
WQS1285,2018,-5.329650713614663,3.1006922076303365,-1.4285714285714233,-5.0
WQS1330,2018,-2.4942303771939334,3.1006922076303365,-1.4285714285714233,-1.999999999999999
WQS1284,2018,-3.1941147027672385,3.1006922076303365,-5.714285714285719,-1.999999999999999
WQS1288,2018,-3.5722071592027325,-1.37133585966851,-1.4285714285714233,-4.000000000000001
WQS1289,2018,-3.5722071592027325,-0.21352818403781276,7.142857142857142,-3.6666666666666656
WQS1287,2018,-1.560444414784685,-0.6441964895913976,-2.8571428571428465,-3.3333333333333335
WQS1331,2018,-2.1689155825443325,-0.6441964895913976,-2.8571428571428465,-4.666666666666668
WQS1381,2018,-2.1689155825443325,0.18930008719300745,0.0,-6.999999999999999
WQS1311,2018,-2.4942303771939334,-0.21352818403781276,-1.4285714285714233,-3.3333333333333335
WQS1408,2018,-6.407627495623464,1.286360581349735,-1.4285714285714233,-0.6666666666666673
WQS1407,2018,-3.5722071592027325,4.408184752608609,1.4285714285714233,-1.999999999999999
WQS1337,2018,6.500251458910318,4.970215659063371,-1.4285714285714233,5.0
WQS1344,2018,5.406922295339032,4.408184752608609,-1.4285714285714233,4.333333333333333
WQS1346,2018,-0.4824676327758857,1.286360581349735,-2.8571428571428594,-0.6666666666666673
WQS1294,2018,3.846477880554349,-0.6441964895913976,-4.285714285714295,0.33333333333333215
WQS1297,2018,-4.8471830808387795,-2.559793264804111,-4.285714285714295,-3.3333333333333335
WQS1298,2018,-3.1941147027672385,-1.0922948321738482,-2.8571428571428465,0.6666666666666673
WQS1349,2018,-6.407627495623464,0.5620309064547622,-4.285714285714295,-4.666666666666668
WQS1348,2018,-7.016098663383111,-0.6441964895913976,-2.8571428571428465,-7.333333333333334
WQS1347,2018,-3.9719163468946816,0.5620309064547622,-4.285714285714295,-4.666666666666668
WQS1342,2018,-0.4824676327758857,1.018530088498217,-1.4285714285714233,-6.333333333333335
WQS1292,2018,-1.2749759216360468,2.4748179864853377,-7.142857142857142,-2.666666666666666
WQS1293,2018,-3.1941147027672385,-1.0922948321738482,-2.8571428571428465,-6.0
WQS1295,2018,-9.243047832044192,0.18930008719300745,2.8571428571428594,-4.666666666666668
WQS1340,2018,-8.419390240041512,-1.0922948321738482,1.4285714285714233,-6.0
WQS1336,2018,-3.1941147027672385,3.1006922076303365,-4.285714285714295,-3.3333333333333335
WQS1343,2018,-1.0007052002844297,3.1006922076303365,-5.714285714285719,-6.0
WQS1341,2018,-7.68260341725951,-1.0922948321738482,-4.285714285714295,-7.333333333333334
WQS1296,2018,-3.5722071592027325,0.5620309064547622,-1.4285714285714233,-3.3333333333333335
WQS1399,2018,-1.2749759216360468,3.1006922076303365,-1.4285714285714233,-2.666666666666666
WQS1398,2018,1.0779767820087993,3.2019573565624486,0.0,-2.666666666666666
WQS1377,2018,-2.4942303771939334,0.5620309064547622,-2.8571428571428465,1.3333333333333346
WQS1375,2018,-4.395864751205414,0.5620309064547622,-2.8571428571428465,-7.333333333333334
WQS0626,2018,-0.4824676327758857,-3.9854314332863248,-7.142857142857142,-8.333333333333334
WQS1369,2018,-3.1941147027672385,-0.6441964895913976,1.4285714285714233,-3.3333333333333335
WQS0630,2018,-9.243047832044192,,-12.857142857142861,-8.000000000000002
WQS0629,2018,-0.7367868227820025,-4.699418267755216,-4.285714285714295,-8.666666666666666
WQS1378,2018,-3.5722071592027325,3.1006922076303365,-2.8571428571428465,1.6666666666666667
WQS1345,2018,4.1103962580567766,2.753859013979998,-4.285714285714295,1.3333333333333346
WQS0635,2018,0.0,-4.218884665415601,-4.285714285714283,-8.333333333333334
WQS0634,2018,0.0,-4.218884665415601,-2.8571428571428594,-8.666666666666666
WQS0636,2018,-0.4824676327758857,-4.699418267755216,-1.4285714285714233,-9.333333333333334
WQS1376,2018,-5.329650713614663,0.18930008719300745,-4.285714285714283,-4.666666666666668
WQS1374,2018,6.218615800603048,4.408184752608609,-1.4285714285714233,6.666666666666667
WQS1304,2018,8.488972973280449,6.946846053784182,-4.285714285714283,10.666666666666668
WQS1327,2018,-4.8471830808387795,5.13251442750358,-2.8571428571428465,-5.333333333333332
WQS1383,2018,-3.5722071592027325,3.1006922076303365,4.285714285714295,-4.666666666666668
WQS1382,2018,-2.1689155825443325,0.18930008719300745,4.285714285714295,-3.3333333333333335
WQS1416,2018,-4.8471830808387795,-0.6441964895913976,-2.8571428571428465,-6.666666666666667
WQS1415,2018,-1.2749759216360468,0.5620309064547622,-1.4285714285714233,-2.666666666666666
WQS1411,2018,-2.4942303771939334,0.18930008719300745,0.0,-2.666666666666666
WQS1022,2018,4.847183080838778,,-2.8571428571428465,-1.3333333333333346
WQS1023,2018,7.0316214377769075,,0.0,3.666666666666667
WQS1025,2018,6.858945825256826,,0.0,6.333333333333333
WQS1015,2018,5.513687834715175,,0.0,0.0
WQS0967,2018,7.0316214377769075,,-4.285714285714295,6.0
WQS0969,2018,3.846477880554349,,-1.4285714285714233,-1.3333333333333346
WQS1020,2018,5.513687834715175,,-1.4285714285714233,0.6666666666666673
WQS1014,2018,10.772342943686354,,-5.714285714285719,0.0
WQS1019,2018,3.846477880554349,,0.0,-1.6666666666666667
WQS1017,2018,3.572207159202731,,0.0,-0.9999999999999994
WQS0972,2018,13.607763280107086,,-5.714285714285719,4.666666666666667
WQS1018,2018,16.553311986934386,,-4.285714285714295,8.666666666666668
WQS0970,2018,6.122159002474825,,-1.4285714285714233,-2.333333333333334
WQS1593,2018,0.4513183296333642,,-4.285714285714295,-4.000000000000001
WQS1600,2018,3.572207159202731,,0.0,1.3333333333333346
WQS1601,2018,2.0117627444180477,,0.0,1.999999999999999
WQS1616,2018,2.0117627444180477,,-2.8571428571428465,3.3333333333333335
WQS1597,2018,4.847183080838778,,-2.8571428571428465,9.666666666666666
WQS1602,2018,4.847183080838778,,2.8571428571428465,0.6666666666666673
WQS1613,2018,0.0,,-1.4285714285714233,-2.333333333333334
WQS1598,2018,2.0117627444180477,,-1.4285714285714233,0.0
WQS1599,2018,16.101993657301023,,0.0,1.999999999999999
WQS1595,2018,0.0,,0.0,-1.6666666666666667
WQS1594,2018,0.0,,-2.8571428571428465,1.3333333333333346
WQS1596,2018,17.17997043930982,,-2.8571428571428465,2.666666666666666
WQS0009,2018,-1.2749759216360468,,-2.8571428571428465,1.6666666666666667
WQS0005,2018,-4.8471830808387795,,0.0,-2.666666666666666
WQS0007,2018,-3.5722071592027325,,-2.8571428571428465,-0.6666666666666673
WQS0008,2018,-0.4824676327758857,,-1.4285714285714233,1.999999999999999
WQS0006,2018,-3.5722071592027325,,-2.8571428571428594,-1.3333333333333346
WQS1021,2018,9.45729237373573,,-5.714285714285719,-0.33333333333333215
WQS0295,2018,,,-10.000000000000002,-7.333333333333334
WQS0302,2018,,,-11.428571428571425,-6.999999999999999
WQS1608,2018,3.572207159202731,,-1.4285714285714233,-2.666666666666666
WQS1607,2018,17.17997043930982,,-4.285714285714283,6.333333333333333
WQS1631,2018,0.0,,1.4285714285714233,-4.000000000000001
WQS1632,2018,3.572207159202731,,0.0,-1.999999999999999
WQS1606,2018,3.572207159202731,,-2.8571428571428465,0.6666666666666673
WQS1605,2018,16.331293117601653,,7.142857142857142,11.666666666666668
WQS1062,2018,7.759874998983879,,-4.285714285714295,2.333333333333334
WQS1065,2018,6.770982313320744,,-2.8571428571428465,-0.33333333333333215
WQS1064,2018,6.500251458910318,,-5.714285714285719,-0.6666666666666673
WQS1061,2018,8.892527641956299,,-5.714285714285719,0.9999999999999994
WQS1060,2018,9.022031472496423,,0.0,5.333333333333334
WQS0936,2018,-3.5722071592027325,-8.78460252448154,0.0,-2.666666666666666
WQS0949,2018,13.996363637833038,-11.23391828443221,-2.8571428571428465,-6.666666666666667
WQS1055,2018,12.529786498098286,,-2.8571428571428465,9.000000000000002
WQS0948,2018,-3.5722071592027325,-9.0636435519762,1.4285714285714233,-4.666666666666668
WQS0937,2018,2.9891189848037722,-7.831585279440171,-1.4285714285714233,-3.6666666666666656
WQS1058,2018,17.755062035372557,,-5.714285714285719,5.0
WQS1059,2018,15.619526024525136,,-2.8571428571428465,8.333333333333334
WQS1075,2018,8.693660961393128,,-4.285714285714295,2.666666666666666
WQS1074,2018,8.826865122027355,,-4.285714285714295,3.0000000000000013
WQS1056,2018,8.488972973280449,,-4.285714285714295,0.6666666666666673
WQS0853,2018,0.8752667339440972,-9.818622956376078,-2.8571428571428465,-6.666666666666667
WQS1030,2018,8.419390240041512,,1.4285714285714233,-0.6666666666666673
WQS1029,2018,10.772342943686354,,5.714285714285719,6.0
WQS0976,2018,13.266573320880289,,-2.8571428571428465,10.0
WQS1603,2018,2.0117627444180477,,-2.8571428571428465,6.0
WQS0036,2018,-2.835420336420731,,-8.571428571428566,-3.0000000000000013
WQS0956,2018,5.0764825411394146,,1.4285714285714233,1.3333333333333346
WQS1003,2018,5.925159862847577,,0.0,3.0000000000000013
WQS1047,2018,7.759874998983879,,-4.285714285714283,4.333333333333333
WQS1046,2018,8.133921746892874,,-5.714285714285719,3.3333333333333335
WQS1078,2018,5.722449814782877,,-1.4285714285714233,1.6666666666666667
WQS1077,2018,7.525450579133226,,-2.8571428571428465,5.0
WQS1031,2018,20.949176738139794,,0.0,5.666666666666668
WQS1004,2018,8.557870151203606,,-2.8571428571428594,4.000000000000001
WQS0961,2018,7.986695109145795,,-1.4285714285714233,-1.3333333333333346
WQS0964,2018,4.1103962580567766,,-2.8571428571428465,-3.0000000000000013
WQS0962,2018,4.364715448062894,,-5.714285714285719,-2.333333333333334
WQS0960,2018,6.681898216975081,,-1.4285714285714233,-2.666666666666666
WQS0963,2018,7.68260341725951,,1.4285714285714233,-1.3333333333333346
WQS1033,2018,0.0,,-1.4285714285714233,-0.6666666666666673
WQS0977,2018,6.858945825256826,,-1.4285714285714233,4.000000000000001
WQS0982,2018,-0.4824676327758857,,-5.714285714285719,-3.6666666666666656
WQS1034,2018,10.254105376177812,,-4.285714285714283,2.333333333333334
WQS0983,2018,0.4513183296333642,,-2.8571428571428594,-2.666666666666666
WQS1006,2018,6.407627495623461,,-1.4285714285714233,4.666666666666667
WQS0979,2018,5.0764825411394146,,-1.4285714285714233,3.0000000000000013
WQS0978,2018,6.407627495623461,,-1.4285714285714233,3.0000000000000013
WQS0678,2018,7.0316214377769075,-1.7065288432027412,2.8571428571428465,-5.0
WQS0680,2018,-2.1689155825443325,-1.7065288432027412,-5.714285714285719,-2.666666666666666
WQS0676,2018,-2.1689155825443325,-1.7065288432027412,-5.714285714285719,-4.000000000000001
WQS0737,2018,1.2749759216360452,-1.5305384948924519,1.4285714285714233,-7.333333333333334
WQS0679,2018,0.0,-1.5305384948924519,0.0,-6.666666666666667
WQS0677,2018,6.407627495623461,-1.7065288432027412,1.4285714285714233,-4.666666666666668
WQS1627,2018,19.388732323355118,,-4.285714285714295,3.3333333333333335
WQS0017,2018,-1.0007052002844297,,-5.714285714285719,-3.3333333333333335
WQS1604,2018,4.847183080838778,,-2.8571428571428465,3.3333333333333335
WQS1621,2018,16.101993657301023,,1.4285714285714233,-3.3333333333333335
WQS0037,2018,-2.835420336420731,,-1.4285714285714233,-4.666666666666668
WQS0019,2018,-2.1689155825443325,,0.0,-4.000000000000001
WQS0022,2018,-2.835420336420731,,0.0,-6.0
WQS0002,2018,-2.835420336420731,,-5.714285714285719,-3.6666666666666656
WQS0001,2018,6.122159002474825,,-5.714285714285719,-3.0000000000000013
WQS0998,2018,12.90787895453378,,-4.285714285714283,7.000000000000001
WQS0996,2018,13.266573320880289,,2.8571428571428594,6.666666666666667
WQS1009,2018,15.619526024525136,,-2.8571428571428465,12.666666666666666
WQS0954,2018,10.772342943686354,,1.4285714285714233,10.666666666666668
WQS0955,2018,4.847183080838778,,1.4285714285714233,3.0000000000000013
WQS0952,2018,12.130077310406339,,0.0,16.666666666666668
WQS1007,2018,7.68260341725951,,0.0,3.0000000000000013
WQS0951,2018,5.925159862847577,,0.0,2.666666666666666
WQS1008,2018,7.68260341725951,,-4.285714285714295,1.6666666666666667
WQS0953,2018,3.572207159202731,,5.714285714285719,3.666666666666667
WQS0663,2018,0.0,-0.3727308192617548,-1.4285714285714233,-6.0
WQS0664,2018,0.0,-1.5305384948924519,0.0,-3.3333333333333335
WQS0662,2018,2.0117627444180477,-0.06818756523242914,1.4285714285714233,-6.666666666666667
WQS0665,2018,0.0,-1.5305384948924519,0.0,-3.3333333333333335
WQS0673,2018,-4.8471830808387795,-1.7065288432027412,-5.714285714285719,0.0
WQS0683,2018,2.0117627444180477,5.003961521784543,-4.285714285714283,-0.33333333333333215
WQS0684,2018,4.364715448062894,-1.7065288432027412,-4.285714285714295,-1.999999999999999
WQS0682,2018,2.83542033642073,-1.7065288432027412,-5.714285714285719,-1.999999999999999
WQS0681,2018,1.0779767820087993,-1.7065288432027412,-5.714285714285719,1.6666666666666667
WQS0772,2018,-0.23707378794182898,-0.9685075884376897,-2.8571428571428465,-6.0
WQS0773,2018,-1.0007052002844297,-1.7065288432027412,0.0,-6.0
WQS0761,2018,0.0,-0.6441964895913976,-2.8571428571428465,-6.0
WQS0769,2018,0.0,-0.6441964895913976,-4.285714285714295,-6.333333333333335
WQS0756,2018,11.706128906095605,-0.6441964895913976,-4.285714285714295,1.3333333333333346
WQS0762,2018,2.0117627444180477,-0.6441964895913976,-4.285714285714295,1.3333333333333346
WQS0758,2018,3.572207159202731,5.003961521784543,-5.714285714285719,-1.6666666666666667
WQS0755,2018,0.0,-2.3838029164938233,0.0,-6.0
WQS0767,2018,0.0,-0.9685075884376897,-2.8571428571428465,-6.0
WQS0031,2018,0.6665047538763971,,4.285714285714283,-1.3333333333333346
WQS0032,2018,0.6665047538763971,,-4.285714285714295,-1.6666666666666667
WQS0750,2018,3.572207159202731,5.985778849104952,-5.714285714285719,-5.333333333333332
WQS0691,2018,-3.9719163468946816,-6.568245879398169,-4.285714285714283,-2.333333333333334
WQS0754,2018,0.0,3.2019573565624486,-8.571428571428566,-7.333333333333334
WQS0690,2018,-3.5722071592027325,-5.5159699281787775,-5.714285714285719,-1.999999999999999
WQS0688,2018,3.846477880554349,5.003961521784543,-4.285714285714295,-6.0
WQS0689,2018,2.0117627444180477,4.150697100183173,-7.142857142857142,-6.0
WQS0692,2018,-1.0007052002844297,-1.0922948321738482,-5.714285714285719,-6.0
WQS1635,2018,18.286432014239146,,-5.714285714285719,16.666666666666668
WQS1640,2018,19.091112642104793,,-8.571428571428566,16.666666666666668
WQS1609,2018,6.858945825256826,,4.285714285714295,-3.3333333333333335
WQS0734,2018,0.0,-1.2259952408631263,0.0,-6.0
WQS1611,2018,15.101288457016592,,-8.571428571428566,9.666666666666666
WQS0015,2018,0.0,,0.0,6.333333333333333
WQS0994,2018,6.407627495623461,,2.8571428571428465,8.0
WQS1041,2018,10.772342943686354,,0.0,7.333333333333334
WQS0992,2018,5.722449814782877,,0.0,4.000000000000001
WQS0993,2018,5.925159862847577,,-1.4285714285714233,2.666666666666666
WQS1072,2018,4.847183080838778,,-1.4285714285714233,0.33333333333333215
WQS1070,2018,7.28289422956756,,-1.4285714285714233,3.0000000000000013
WQS1071,2018,5.925159862847577,,-1.4285714285714233,1.999999999999999
WQS1032,2018,7.28289422956756,,-1.4285714285714233,3.0000000000000013
WQS1036,2018,11.484110036762877,,-1.4285714285714233,12.0
WQS0987,2018,11.017736788520413,,1.4285714285714233,11.0
WQS1038,2018,11.921315330338638,,0.0,13.333333333333334
WQS1037,2018,7.364684717422043,,1.4285714285714233,6.0
WQS1040,2018,14.39432260476926,,-1.4285714285714233,11.0
WQS0989,2018,14.243929561266013,,-1.4285714285714233,12.0
WQS1039,2018,14.96549764682707,,-2.8571428571428465,10.666666666666668
WQS0988,2018,0.8752667339440972,,0.0,-3.6666666666666656
WQS1044,2018,11.25481057646224,,-1.4285714285714233,9.333333333333334
WQS1001,2018,13.933078074756688,,2.8571428571428465,11.333333333333334
WQS1042,2018,11.484110036762877,,0.0,13.666666666666666
WQS1043,2018,2.9891189848037722,,-2.8571428571428465,-2.666666666666666
WQS1000,2018,11.484110036762877,,0.0,11.333333333333334
WQS1002,2018,11.921315330338638,,1.4285714285714233,10.333333333333334
WQS1027,2018,9.396746480427234,,5.714285714285719,10.333333333333334
WQS0975,2018,11.706128906095605,,4.285714285714295,11.333333333333334
WQS1028,2018,7.364684717422043,,-1.4285714285714233,4.000000000000001
WQS0959,2018,8.419390240041512,,2.8571428571428465,5.0
WQS0958,2018,9.694366161677557,,5.714285714285719,11.333333333333334
WQS0965,2018,5.722449814782877,,4.285714285714295,5.333333333333334
WQS1066,2018,5.925159862847577,,0.0,1.3333333333333346
WQS1068,2018,5.0764825411394146,,-2.8571428571428465,1.999999999999999
WQS1069,2018,5.722449814782877,,4.285714285714295,1.3333333333333346
WQS0028,2018,-2.835420336420731,,-5.714285714285719,0.9999999999999994
WQS0027,2018,0.0,,1.4285714285714233,-6.0
WQS0029,2018,3.572207159202731,,-2.8571428571428594,0.6666666666666673
WQS0025,2018,0.4513183296333642,,-4.285714285714295,0.6666666666666673
WQS0667,2018,-5.329650713614663,-4.814661434591535,-1.4285714285714233,-6.0
WQS0666,2018,-1.2749759216360468,-3.7176009404348083,0.0,-4.666666666666668
WQS0699,2018,-3.5722071592027325,-3.43380780904666,0.0,-4.666666666666668
WQS0706,2018,0.4513183296333642,-3.0198313536627,-2.8571428571428465,0.33333333333333215
WQS0668,2018,-0.23707378794182898,-3.43380780904666,-1.4285714285714233,-1.6666666666666667
WQS0698,2018,0.0,-2.7220920332443215,-1.4285714285714233,1.6666666666666667
WQS0702,2018,-1.560444414784685,-3.43380780904666,0.0,-3.6666666666666656
WQS0709,2018,-0.7367868227820025,-3.7176009404348083,-2.8571428571428465,-1.999999999999999
WQS0708,2018,-0.4824676327758857,-3.4868396724529416,-1.4285714285714233,-2.666666666666666
WQS0719,2018,0.0,-3.1467554309816435,-7.142857142857142,0.6666666666666673
WQS0722,2018,0.0,-3.1467554309816435,-2.8571428571428594,-0.6666666666666673
WQS0720,2018,-2.835420336420731,-4.4903503357452434,-4.285714285714283,-3.3333333333333335
WQS0670,2018,-1.560444414784685,-4.814661434591535,0.0,-4.000000000000001
WQS0705,2018,-0.23707378794182898,-2.8276237576556293,-2.8571428571428465,1.3333333333333346
WQS0671,2018,-2.835420336420731,-3.7176009404348083,0.0,-3.6666666666666656
WQS0715,2018,-7.016098663383111,-4.137387361300456,-5.714285714285719,-6.666666666666667
WQS0712,2018,-5.329650713614663,-5.497911769685009,1.4285714285714233,-6.333333333333335
WQS0713,2018,-4.8471830808387795,-5.708177524185849,-1.4285714285714233,-6.333333333333335
WQS0711,2018,0.0,-1.37133585966851,0.0,-3.0000000000000013
WQS0721,2018,0.0,-3.103366929405917,-2.8571428571428465,-1.3333333333333346
WQS0707,2018,-0.7367868227820025,-3.1467554309816435,0.0,-1.999999999999999
WQS0669,2018,-0.23707378794182898,-2.940275204201734,-1.4285714285714233,-1.6666666666666667
WQS0696,2018,-14.090230912882971,-5.770434297621524,0.0,-2.666666666666666
WQS1536,2018,2.352952703644846,-2.791700579755077,0.0,0.9999999999999994
WQS1545,2018,8.133921746892874,1.018530088498217,-2.8571428571428594,4.333333333333333
WQS1538,2018,3.2867386660540943,-2.8276237576556293,-1.4285714285714233,6.0
WQS1555,2018,5.925159862847577,-0.21352818403781276,4.285714285714295,-0.6666666666666673
WQS1548,2018,4.847183080838778,-2.1263152640683867,-1.4285714285714233,-4.000000000000001
WQS1543,2018,12.292712710156458,0.06551284345684714,1.4285714285714233,-0.33333333333333215
WQS1575,2018,3.572207159202731,-1.821772010039061,-4.285714285714295,-2.666666666666666
WQS1544,2018,1.0779767820087993,-2.8276237576556293,-7.142857142857142,5.333333333333334
WQS1546,2018,1.65306837807154,-1.821772010039061,-2.8571428571428465,-0.6666666666666673
WQS1551,2018,1.2749759216360452,-1.9242804514676772,-1.4285714285714233,-1.6666666666666667
WQS1550,2018,6.681898216975081,-0.6441964895913976,1.4285714285714233,2.666666666666666
WQS1552,2018,8.349108171135907,-1.37133585966851,2.8571428571428465,4.000000000000001
WQS1549,2018,-0.4824676327758857,-3.4868396724529416,1.4285714285714233,-5.0
WQS1541,2018,-1.0007052002844297,-6.148459458532522,-12.857142857142861,0.0
WQS1540,2018,0.6665047538763971,-4.137387361300456,-5.714285714285719,-0.9999999999999994
WQS1539,2018,3.2867386660540943,-2.3023056123786763,-7.142857142857142,0.6666666666666673
WQS1553,2018,4.1103962580567766,-2.3023056123786763,0.0,-0.6666666666666673
WQS1554,2018,1.8347151361362997,-3.7806410026969988,-2.8571428571428465,-3.3333333333333335
WQS1537,2018,0.0,-2.8276237576556293,-4.285714285714295,3.0000000000000013
WQS1547,2018,3.2867386660540943,-0.9685075884376897,2.8571428571428465,-1.6666666666666667
WQS1542,2018,-0.4824676327758857,-3.7806410026969988,-4.285714285714283,5.0
WQS0746,2018,2.0117627444180477,5.870535682268633,0.0,-0.33333333333333215
WQS0745,2018,0.8752667339440972,-2.791700579755077,-1.4285714285714233,1.6666666666666667
WQS0747,2018,5.0764825411394146,-3.0198313536627,-2.8571428571428465,7.333333333333334
WQS0770,2018,0.0,-2.8276237576556293,0.0,0.6666666666666673
WQS0658,2018,8.760580199268308,8.71083778080591,-4.285714285714283,3.666666666666667
WQS0660,2018,6.858945825256826,3.2019573565624486,0.0,2.333333333333334
WQS0659,2018,7.68260341725951,2.8776462577161563,-2.8571428571428594,11.666666666666668
WQS0686,2018,10.254105376177812,-2.7220920332443215,-5.714285714285719,0.0
WQS0775,2018,-5.329650713614663,,4.285714285714283,-0.6666666666666673
WQS0729,2018,0.8752667339440972,-2.7220920332443215,12.857142857142861,0.9999999999999994
WQS0728,2018,1.2749759216360452,-2.8276237576556293,0.0,3.3333333333333335
WQS0730,2018,0.4513183296333642,-2.8276237576556293,0.0,0.6666666666666673
WQS0727,2018,2.184438356938128,-1.821772010039061,0.0,6.666666666666667
WQS0776,2018,-7.68260341725951,,2.8571428571428594,-6.0
WQS1563,2018,2.9891189848037722,-3.4868396724529416,2.8571428571428594,-1.6666666666666667
WQS1562,2018,-2.835420336420731,-5.072149087016972,4.285714285714283,-3.6666666666666656
WQS1567,2018,-2.835420336420731,-4.814661434591535,0.0,-4.000000000000001
WQS1565,2018,0.4513183296333642,-4.0596820301916585,4.285714285714283,-2.666666666666666
WQS1568,2018,-3.1941147027672385,-3.43380780904666,-4.285714285714295,2.666666666666666
WQS1566,2018,-2.835420336420731,-3.4868396724529416,,-1.3333333333333346
WQS1586,2018,22.224152659775843,6.3209718326391835,-2.8571428571428594,
WQS1587,2018,22.60224511621134,6.723800103870002,-7.142857142857142,
WQS1535,2018,0.0,-3.1467554309816435,2.8571428571428594,-4.000000000000001
WQS0739,2018,8.557870151203606,-1.6338929041243797,-2.8571428571428594,9.666666666666666
WQS0740,2018,3.846477880554349,-2.3023056123786763,-2.8571428571428594,5.333333333333334
WQS0741,2018,0.0,-2.8276237576556293,0.0,0.6666666666666673
WQS0771,2018,-2.1689155825443325,-4.218884665415601,-2.8571428571428594,-4.000000000000001
WQS0674,2018,-4.8471830808387795,-3.7176009404348083,-4.285714285714295,-6.0
WQS0672,2018,10.254105376177812,7.048111202716294,0.0,6.333333333333333
WQS1592,2018,,7.048111202716294,1.4285714285714233,
WQS0774,2018,0.0,-3.914341411386275,-4.285714285714295,1.3333333333333346
WQS0652,2018,-14.090230912882971,,-12.857142857142861,-9.000000000000002
WQS0640,2018,1.8347151361362997,-4.218884665415601,0.0,-1.3333333333333346
WQS0655,2018,2.5175016365832654,,0.0,0.0
WQS0651,2018,-12.529786498098288,,-12.857142857142861,-8.333333333333334
WQS0639,2018,6.858945825256826,,-1.4285714285714233,6.666666666666667
WQS0650,2018,-10.176833794453444,,-7.142857142857142,-7.333333333333334
WQS0657,2018,1.0779767820087993,-4.218884665415601,0.0,1.6666666666666667
WQS0656,2018,0.0,-4.218884665415601,-4.285714285714283,-9.000000000000002
WQS0654,2018,-1.0007052002844297,-3.9854314332863248,-10.000000000000002,-11.000000000000004
WQS0653,2018,0.22929946030063506,-4.699418267755216,-10.000000000000002,-10.0
WQS0433,2019,-18.93741399372175,-7.228561803054423,-1.4285714285714233,-12.333333333333332
WQS0439,2019,-9.243047832044192,-5.480046750278227,-5.714285714285719,-11.666666666666668
WQS0434,2019,-7.68260341725951,-7.2799616552005055,-2.8571428571428465,-13.000000000000002
WQS0391,2019,-11.254810576462242,-4.4903503357452434,-4.285714285714295,-10.666666666666664
WQS0395,2019,-14.090230912882971,-5.9724691102222325,1.4285714285714233,-8.666666666666666
WQS0438,2019,-5.329650713614663,-5.480046750278227,-7.142857142857142,-9.333333333333334
WQS0390,2019,-9.243047832044192,-5.217489705822356,-1.4285714285714233,-9.333333333333334
WQS0388,2019,-14.090230912882971,-5.480046750278227,-5.714285714285719,-12.333333333333332
WQS0396,2019,-14.090230912882971,-6.90723083593875,-1.4285714285714233,-12.0
WQS0393,2019,-14.090230912882971,-5.217489705822356,-5.714285714285719,-7.333333333333334
WQS0394,2019,-14.090230912882971,-6.568245879398169,1.4285714285714233,-9.666666666666668
WQS0397,2019,-18.93741399372175,-7.563754786588654,-1.4285714285714233,-6.999999999999999
WQS0392,2019,-11.254810576462242,-3.284122939699084,0.0,-10.333333333333332
WQS0389,2019,-12.529786498098288,-10.076110608801514,1.4285714285714233,-13.333333333333334
WQS0427,2019,-12.529786498098288,-10.076110608801514,-5.714285714285719,-13.333333333333334
WQS0435,2019,-14.090230912882971,-10.048500667927962,-5.714285714285719,-13.333333333333334
WQS0429,2019,-14.090230912882971,-10.076110608801514,-8.571428571428566,-11.000000000000004
WQS0428,2019,-12.529786498098288,-6.90723083593875,-7.142857142857142,-9.666666666666668
WQS0443,2019,-16.101993657301023,-11.911192357723293,-5.714285714285719,-9.333333333333334
WQS0440,2019,-18.93741399372175,-10.753384682092596,-4.285714285714295,-9.666666666666668
WQS0442,2019,-16.101993657301023,-10.076110608801514,-5.714285714285719,-9.333333333333334
WQS0436,2019,-16.101993657301023,-9.818622956376078,-7.142857142857142,-9.000000000000002
WQS0431,2019,-16.101993657301023,-5.770434297621524,-4.285714285714295,-11.000000000000004
WQS0432,2019,,-11.911192357723293,-7.142857142857142,-12.333333333333332
WQS1435,2019,,-0.3727308192617548,-7.142857142857142,-13.000000000000002
WQS1430,2019,-7.016098663383111,-6.673777603809475,-8.571428571428566,-4.333333333333333
WQS1440,2019,-5.329650713614663,-4.814661434591535,-5.714285714285719,-8.333333333333334
WQS1439,2019,-5.329650713614663,-5.217489705822356,-7.142857142857142,-7.666666666666666
WQS1441,2019,-3.9719163468946816,-2.7220920332443215,-2.8571428571428465,-7.666666666666666
WQS1433,2019,-2.835420336420731,-2.559793264804111,-7.142857142857142,-6.0
WQS1442,2019,-3.9719163468946816,-2.7220920332443215,-8.571428571428566,-6.999999999999999
WQS1436,2019,-4.395864751205414,-2.3023056123786763,-7.142857142857142,-7.333333333333334
WQS1432,2019,-4.395864751205414,-3.3824079569005767,-5.714285714285719,-6.666666666666667
WQS1443,2019,-5.329650713614663,-3.846153846153846,-7.142857142857142,-6.999999999999999
WQS1429,2019,-5.329650713614663,-3.284122939699084,-4.285714285714295,-8.000000000000002
WQS0489,2019,-3.9719163468946816,-8.33650418189909,0.0,-13.333333333333334
WQS0531,2019,-6.407627495623464,-7.228561803054423,0.0,-13.000000000000002
WQS0497,2019,-0.7367868227820025,-7.831585279440171,0.0,-11.666666666666668
WQS0503,2019,-8.419390240041512,-7.626794848850844,-1.4285714285714233,-12.0
WQS0493,2019,-9.243047832044192,-7.626794848850844,0.0,-11.666666666666668
WQS0502,2019,-14.090230912882971,-8.660815280745382,-5.714285714285719,-11.666666666666668
WQS0483,2019,-12.529786498098288,-8.918302933170816,0.0,-12.0
WQS0496,2019,-7.68260341725951,-7.9835412074543,1.4285714285714233,-11.666666666666668
WQS0482,2019,-4.8471830808387795,-5.9724691102222325,0.0,-11.000000000000004
WQS0520,2019,-5.329650713614663,-5.217489705822356,1.4285714285714233,-11.333333333333336
WQS0498,2019,-7.68260341725951,-6.949520775559763,-1.4285714285714233,-11.000000000000004
WQS0486,2019,-7.68260341725951,-4.137387361300456,1.4285714285714233,-10.0
WQS0484,2019,-4.8471830808387795,-5.480046750278227,1.4285714285714233,-10.0
WQS0487,2019,-3.9719163468946816,-5.9724691102222325,0.0,-10.0
WQS0504,2019,-9.243047832044192,-6.568245879398169,-1.4285714285714233,-11.333333333333336
WQS0481,2019,-9.243047832044192,-5.9724691102222325,0.0,-11.333333333333336
WQS0505,2019,-23.784597074560526,-7.228561803054423,0.0,-11.333333333333336
WQS0494,2019,-9.243047832044192,-7.178696506268394,-1.4285714285714233,-11.333333333333336
WQS0491,2019,-14.090230912882971,-7.037454940788625,-1.4285714285714233,-2.666666666666666
WQS0532,2019,-14.090230912882971,-7.228561803054423,2.8571428571428465,-7.666666666666666
WQS0530,2019,-16.101993657301023,-6.568245879398169,2.8571428571428465,-12.66666666666667
WQS0501,2019,-7.68260341725951,-6.90723083593875,0.0,-11.333333333333336
WQS0492,2019,-8.419390240041512,-6.637854425908923,-2.8571428571428465,-11.666666666666668
WQS1458,2019,,-2.864336518833438,0.0,-9.333333333333334
WQS1449,2019,,-3.7806410026969988,-2.8571428571428465,-9.666666666666668
WQS1459,2019,,-3.9854314332863248,-1.4285714285714233,-9.333333333333334
WQS1452,2019,-7.68260341725951,-3.0610769897849037,0.0,-9.333333333333334
WQS1455,2019,-4.395864751205414,-2.1747349844838513,-1.4285714285714233,-7.666666666666666
WQS1467,2019,7.68260341725951,-1.37133585966851,-7.142857142857142,1.6666666666666667
WQS1466,2019,9.694366161677557,-0.13927758713247856,-7.142857142857142,13.0
WQS1465,2019,18.937413993721748,4.970215659063371,-8.571428571428566,11.333333333333334
WQS1461,2019,23.30212944178464,5.768027240840016,-8.571428571428566,
WQS1460,2019,25.796359818978573,7.048111202716294,-8.571428571428566,
WQS1463,2019,-2.835420336420731,-1.0922948321738482,-2.8571428571428465,-7.333333333333334
WQS1462,2019,20.34070557038015,7.478779508269881,-7.142857142857142,10.0
WQS1451,2019,-7.68260341725951,-5.497911769685009,-1.4285714285714233,-12.66666666666667
WQS1450,2019,,-3.3824079569005767,-1.4285714285714233,-10.333333333333332
WQS1472,2019,-7.016098663383111,-2.1263152640683867,0.0,-8.000000000000002
WQS1469,2019,,-1.9455592537752198,0.0,-9.333333333333334
WQS1468,2019,0.0,-0.6441964895913976,-5.714285714285719,-6.0
WQS1473,2019,24.862573856569323,10.89426504887014,-7.142857142857142,12.666666666666666
WQS1454,2019,2.678267498294446,1.7198385820854594,-8.571428571428566,-0.6666666666666673
WQS1453,2019,13.266573320880289,6.040549768776528,-5.714285714285719,6.666666666666667
WQS1456,2019,13.933078074756688,3.632625662116035,-7.142857142857142,13.333333333333334
WQS1470,2019,-6.407627495623464,-1.6517579235311624,-2.8571428571428465,-5.333333333333332
WQS1457,2019,-3.5722071592027325,-1.6698160820249321,-2.8571428571428465,-4.666666666666668
WQS0472,2019,-16.101993657301023,-8.065038511569448,-8.571428571428566,-7.666666666666666
WQS0422,2019,-16.101993657301023,-10.076110608801514,-5.714285714285719,-10.0
WQS0420,2019,-18.93741399372175,-10.753384682092596,-4.285714285714295,-10.0
WQS0473,2019,-16.101993657301023,-10.076110608801514,-4.285714285714295,-10.0
WQS0421,2019,-14.090230912882971,-6.148459458532522,-7.142857142857142,-8.000000000000002
WQS1446,2019,,-11.911192357723293,-8.571428571428566,-10.666666666666664
WQS1447,2019,-5.8478882811232085,-6.568245879398169,-5.714285714285719,-7.333333333333334
WQS0579,2019,-23.784597074560526,,-4.285714285714295,-13.666666666666666
WQS0575,2019,-3.1941147027672385,,-12.857142857142861,-7.333333333333334
WQS0577,2019,-18.93741399372175,,-11.428571428571425,-13.333333333333334
WQS0419,2019,-18.93741399372175,-6.673777603809475,-5.714285714285719,-10.333333333333332
WQS0418,2019,-18.93741399372175,-5.9724691102222325,-5.714285714285719,-12.0
WQS0417,2019,-18.93741399372175,-7.228561803054423,4.285714285714295,-11.666666666666668
WQS0409,2019,-14.090230912882971,-5.770434297621524,-5.714285714285719,-10.666666666666664
WQS0523,2019,2.0117627444180477,-7.626794848850844,-5.714285714285719,-5.0
WQS0479,2019,10.772342943686354,-5.072149087016972,0.0,-0.6666666666666673
WQS0524,2019,6.122159002474825,-5.9724691102222325,5.714285714285719,-4.666666666666668
WQS0525,2019,-14.090230912882971,-10.076110608801514,-4.285714285714283,-10.0
WQS0527,2019,-11.254810576462242,-3.284122939699084,-1.4285714285714233,-1.999999999999999
WQS0398,2019,-16.101993657301023,-11.911192357723293,-4.285714285714295,-11.666666666666668
WQS0415,2019,-16.101993657301023,-8.065038511569448,-5.714285714285719,-10.666666666666664
WQS0526,2019,-5.8478882811232085,-7.692307692307692,0.0,-13.999999999999998
WQS0385,2019,-7.68260341725951,-7.831585279440171,1.4285714285714233,-13.333333333333334
WQS0551,2019,9.211898528901672,,-5.714285714285719,12.333333333333334
WQS0557,2019,0.4513183296333642,,1.4285714285714233,-3.0000000000000013
WQS0538,2019,-0.23707378794182898,,-1.4285714285714233,-4.666666666666668
WQS0559,2019,-0.4824676327758857,,-8.571428571428566,-4.000000000000001
WQS0558,2019,-0.4824676327758857,,2.8571428571428465,0.6666666666666673
WQS0567,2019,-7.68260341725951,,-10.000000000000002,-2.666666666666666
WQS0565,2019,-1.2749759216360468,,,-3.3333333333333335
WQS0566,2019,0.0,,-10.000000000000002,-3.3333333333333335
WQS0561,2019,1.0779767820087993,,-10.000000000000002,-4.666666666666668
WQS0560,2019,1.0779767820087993,,4.285714285714295,-3.0000000000000013
WQS0563,2019,-1.2749759216360468,,2.8571428571428465,-1.3333333333333346
WQS0562,2019,-0.7367868227820025,,4.285714285714295,-5.0
WQS0564,2019,6.681898216975081,,-5.714285714285719,-4.000000000000001
WQS0542,2019,3.846477880554349,,0.0,6.666666666666667
WQS0543,2019,5.0764825411394146,,2.8571428571428465,-0.6666666666666673
WQS0545,2019,2.352952703644846,,1.4285714285714233,-3.3333333333333335
WQS0550,2019,-18.93741399372175,,-11.428571428571425,-9.666666666666668
WQS0546,2019,-18.93741399372175,,-11.428571428571425,-10.666666666666664
WQS0547,2019,-18.93741399372175,,-12.857142857142861,-11.000000000000004
WQS0548,2019,-5.329650713614663,,-8.571428571428566,-9.000000000000002
WQS0556,2019,8.419390240041512,,-10.000000000000002,-3.3333333333333335
WQS0555,2019,-3.5722071592027325,,0.0,-4.000000000000001
WQS0570,2019,-7.016098663383111,,-8.571428571428566,-8.333333333333334
WQS0569,2019,-5.8478882811232085,,-8.571428571428566,-7.666666666666666
WQS0568,2019,-4.8471830808387795,,-10.000000000000002,-9.333333333333334
WQS0572,2019,-6.407627495623464,,0.0,-8.666666666666666
WQS0574,2019,-5.329650713614663,,-4.285714285714295,-9.333333333333334
WQS0583,2019,-5.8478882811232085,,-7.142857142857142,-6.666666666666667
WQS0582,2019,-5.329650713614663,,-7.142857142857142,-6.666666666666667
WQS0584,2019,-5.329650713614663,,-8.571428571428566,-8.333333333333334
WQS0580,2019,-2.4942303771939334,,-10.000000000000002,-6.0
WQS0581,2019,-7.016098663383111,,-11.428571428571425,-8.333333333333334
WQS0590,2019,-7.68260341725951,,-2.8571428571428465,-9.333333333333334
WQS0586,2019,-5.329650713614663,,-1.4285714285714233,-7.333333333333334
WQS0589,2019,9.694366161677557,,4.285714285714295,0.0
WQS0592,2019,0.0,,5.714285714285719,-4.000000000000001
WQS0595,2019,6.858945825256826,,2.8571428571428465,13.333333333333334
WQS0588,2019,-3.5722071592027325,,1.4285714285714233,-7.333333333333334
WQS0591,2019,-3.5722071592027325,,1.4285714285714233,-4.333333333333333
WQS0529,2019,22.224152659775843,-1.6698160820249321,-5.714285714285719,8.333333333333334
WQS1444,2019,-5.329650713614663,-2.1263152640683867,-1.4285714285714233,-8.666666666666666
WQS0535,2019,-16.101993657301023,-10.38065386283084,-4.285714285714295,-3.3333333333333335
WQS0534,2019,-14.090230912882971,-6.229956762647668,-2.8571428571428465,-3.3333333333333335
WQS0510,2019,-16.101993657301023,-10.076110608801514,-5.714285714285719,-3.3333333333333335
WQS0536,2019,-16.101993657301023,-10.048500667927962,-5.714285714285719,-2.666666666666666
WQS0507,2019,-16.101993657301023,-10.076110608801514,-5.714285714285719,-3.3333333333333335
WQS0506,2019,-16.101993657301023,-10.048500667927962,-7.142857142857142,-3.3333333333333335
WQS0509,2019,-12.529786498098288,-10.076110608801514,1.4285714285714233,-4.000000000000001
WQS0533,2019,-12.529786498098288,-6.202346821774117,5.714285714285719,-3.0000000000000013
WQS0511,2019,-18.93741399372175,-6.90723083593875,-4.285714285714295,-11.666666666666668
WQS0467,2019,-6.407627495623464,-8.33650418189909,-1.4285714285714233,-10.333333333333332
WQS0468,2019,-2.1689155825443325,-7.626794848850844,-1.4285714285714233,-8.666666666666666
WQS0469,2019,2.9891189848037722,-6.949520775559763,-4.285714285714295,-8.000000000000002
WQS0470,2019,-6.407627495623464,-6.99290927713549,-4.285714285714295,-6.666666666666667
WQS0541,2019,,,-1.4285714285714233,-10.666666666666664
WQS0594,2019,-18.93741399372175,,-5.714285714285719,-11.666666666666668
WQS0376,2019,-23.784597074560526,-7.626794848850844,1.4285714285714233,-9.333333333333334
WQS0407,2019,-23.784597074560526,-7.563754786588654,-2.8571428571428465,-8.666666666666666
WQS0408,2019,-3.5722071592027325,-7.626794848850844,-1.4285714285714233,-0.6666666666666673
WQS0380,2019,-2.1689155825443325,-8.918302933170816,1.4285714285714233,-2.333333333333334
WQS0377,2019,-1.560444414784685,-7.831585279440171,5.714285714285719,-1.6666666666666667
WQS0412,2019,-18.93741399372175,-8.065038511569448,-5.714285714285719,-6.999999999999999
WQS0411,2019,-16.101993657301023,-7.037454940788625,-5.714285714285719,-7.333333333333334
WQS0414,2019,-16.101993657301023,-10.753384682092596,-5.714285714285719,-10.666666666666664
WQS0413,2019,-16.101993657301023,-10.076110608801514,0.0,-10.333333333333332
WQS0576,2019,-18.93741399372175,,1.4285714285714233,-13.999999999999998
WQS0382,2019,-18.93741399372175,-11.911192357723293,-14.285714285714285,-11.000000000000004
WQS0381,2019,-16.101993657301023,-11.911192357723293,-10.000000000000002,-10.333333333333332
WQS0400,2019,-18.93741399372175,,-11.428571428571425,-10.666666666666664
WQS0537,2019,-0.4824676327758857,-7.228561803054423,0.0,-3.3333333333333335
WQS0401,2019,2.0117627444180477,-3.284122939699084,-1.4285714285714233,0.0
WQS0423,2019,-11.254810576462242,-7.831585279440171,2.8571428571428465,-4.000000000000001
WQS0402,2019,-18.93741399372175,-10.753384682092596,-4.285714285714295,-3.6666666666666656
WQS0522,2019,2.9891189848037722,-5.072149087016972,-1.4285714285714233,-1.999999999999999
WQS0387,2019,-10.176833794453444,-7.905835876345505,-1.4285714285714233,-4.000000000000001
WQS0426,2019,-4.395864751205414,-7.332993518606788,-2.8571428571428465,-4.666666666666668
WQS1445,2019,3.572207159202731,-0.6441964895913976,-10.000000000000002,0.6666666666666673
WQS1797,2019,,-9.818622956376078,,-16.000000000000004
WQS1814,2019,-7.68260341725951,-11.911192357723293,-8.571428571428566,-14.666666666666668
WQS1781,2019,-7.68260341725951,-11.911192357723293,-10.000000000000002,-15.333333333333332
WQS1779,2019,-7.68260341725951,-11.911192357723293,-10.000000000000002,-13.999999999999998
WQS1783,2019,-7.68260341725951,-11.911192357723293,-7.142857142857142,-14.666666666666668
WQS1782,2019,-7.68260341725951,-11.911192357723293,-8.571428571428566,-13.999999999999998
WQS1780,2019,-7.68260341725951,-11.911192357723293,-7.142857142857142,-15.333333333333332
WQS1820,2019,-7.68260341725951,-6.229956762647668,-5.714285714285719,-13.999999999999998
WQS1788,2019,-7.68260341725951,-7.387764438278365,-4.285714285714295,-16.000000000000004
WQS1792,2019,-7.68260341725951,-5.9724691102222325,-1.4285714285714233,-12.66666666666667
WQS1804,2019,-7.68260341725951,-6.90723083593875,-4.285714285714295,-13.333333333333334
WQS1799,2019,-6.407627495623464,-4.938448678327695,-1.4285714285714233,-12.0
WQS1800,2019,-7.68260341725951,-6.534500016676995,-1.4285714285714233,-13.333333333333334
WQS1803,2019,-2.835420336420731,-4.0596820301916585,-7.142857142857142,-12.0
WQS1821,2019,-6.407627495623464,-5.552682689356587,-2.8571428571428465,-12.0
WQS1707,2019,-3.5722071592027325,,-11.428571428571425,-8.333333333333334
WQS1664,2019,-0.4824676327758857,-0.6441964895913976,-4.285714285714283,-8.333333333333334
WQS1705,2019,-2.4942303771939334,-1.37133585966851,0.0,-7.666666666666666
WQS1676,2019,-0.4824676327758857,-3.6568537589608385,-5.714285714285719,-6.666666666666667
WQS1674,2019,-1.0007052002844297,-2.940275204201734,-7.142857142857142,-7.333333333333334
WQS1672,2019,-1.2749759216360468,-1.6698160820249321,-8.571428571428566,-7.666666666666666
WQS1665,2019,-1.2749759216360468,-3.7176009404348083,-7.142857142857142,-15.666666666666664
WQS1706,2019,-1.0007052002844297,-0.6441964895913976,-1.4285714285714233,-4.666666666666668
WQS1669,2019,0.8752667339440972,0.12855290571903796,1.4285714285714233,-4.666666666666668
WQS1668,2019,2.352952703644846,0.4637458892532693,1.4285714285714233,-3.3333333333333335
WQS1662,2019,2.678267498294446,0.5136111860392978,4.285714285714295,-3.6666666666666656
WQS1671,2019,2.0117627444180477,0.5136111860392978,2.8571428571428465,-2.666666666666666
WQS1698,2019,1.65306837807154,0.4637458892532693,2.8571428571428465,-2.333333333333334
WQS1703,2019,2.678267498294446,0.9818173273204077,2.8571428571428465,-1.3333333333333346
WQS1670,2019,4.610109292896951,4.408184752608609,-1.4285714285714233,1.3333333333333346
WQS1700,2019,4.1103962580567766,3.846153846153846,0.0,-1.999999999999999
WQS1663,2019,2.184438356938128,0.6090865080586529,2.8571428571428465,-6.666666666666667
WQS1667,2019,2.184438356938128,0.5136111860392978,0.0,-6.333333333333335
WQS1660,2019,0.4513183296333642,2.8776462577161563,-1.4285714285714233,-7.666666666666666
WQS1666,2019,1.8347151361362997,2.8776462577161563,0.0,-6.333333333333335
WQS1661,2019,0.8752667339440972,2.753859013979998,-1.4285714285714233,-6.0
WQS1697,2019,-0.23707378794182898,2.2122609420294665,-4.285714285714295,-6.666666666666667
WQS1677,2019,0.4513183296333642,-1.0922948321738482,-1.4285714285714233,-7.333333333333334
WQS1675,2019,1.8347151361362997,2.4748179864853377,1.4285714285714233,-5.666666666666668
WQS1702,2019,1.65306837807154,1.9428845319996395,,-6.333333333333335
WQS1711,2019,0.6665047538763971,-0.6441964895913976,-1.4285714285714233,-7.333333333333334
WQS1710,2019,2.352952703644846,3.7068762590213673,2.8571428571428465,-5.0
WQS1695,2019,1.65306837807154,2.4748179864853377,1.4285714285714233,-6.0
WQS1699,2019,2.9891189848037722,1.286360581349735,1.4285714285714233,-1.999999999999999
WQS1673,2019,2.5175016365832654,3.2019573565624486,2.8571428571428465,-5.0
WQS0179,2019,-0.4824676327758857,4.0354539333468535,7.142857142857142,-6.0
WQS0228,2019,-0.7367868227820025,4.0354539333468535,1.4285714285714233,-3.3333333333333335
WQS0180,2019,-0.4824676327758857,3.2019573565624486,2.8571428571428465,-3.3333333333333335
WQS0181,2019,-0.7367868227820025,3.2019573565624486,4.285714285714295,-4.333333333333333
WQS0227,2019,-2.1689155825443325,3.2019573565624486,4.285714285714295,-4.000000000000001
WQS0209,2019,-2.835420336420731,0.7427869167479292,-2.8571428571428465,-2.333333333333334
WQS0188,2019,-1.2749759216360468,0.7850768563689423,-5.714285714285719,-7.666666666666666
WQS0221,2019,-2.1689155825443325,3.632625662116035,-7.142857142857142,-7.333333333333334
WQS0232,2019,-1.560444414784685,2.8776462577161563,0.0,-5.666666666666668
WQS0217,2019,-2.835420336420731,2.4748179864853377,0.0,-4.333333333333333
WQS0218,2019,-0.23707378794182898,3.911666689610695,-2.8571428571428465,-5.0
WQS0219,2019,-0.4824676327758857,3.632625662116035,-1.4285714285714233,-1.999999999999999
WQS0224,2019,-1.0007052002844297,4.0354539333468535,1.4285714285714233,-4.333333333333333
WQS0183,2019,-1.0007052002844297,2.4748179864853377,0.0,-6.666666666666667
WQS0192,2019,-2.4942303771939334,2.4748179864853377,0.0,-5.333333333333332
WQS0225,2019,-0.7367868227820025,3.5549203310072386,-1.4285714285714233,-3.6666666666666656
WQS0220,2019,-0.23707378794182898,3.632625662116035,-4.285714285714295,-4.000000000000001
WQS0210,2019,-2.1689155825443325,3.2019573565624486,1.4285714285714233,-2.666666666666666
WQS0191,2019,-2.1689155825443325,3.632625662116035,20.000000000000004,-3.6666666666666656
WQS0215,2019,-1.8580640960350063,3.2019573565624486,5.714285714285719,-3.3333333333333335
WQS0223,2019,-1.0007052002844297,2.753859013979998,4.285714285714295,-3.6666666666666656
WQS0184,2019,-1.0007052002844297,3.2019573565624486,0.0,-4.333333333333333
WQS0211,2019,-1.8580640960350063,2.8776462577161563,2.8571428571428465,-3.6666666666666656
WQS0190,2019,-1.2749759216360468,3.2019573565624486,1.4285714285714233,-3.3333333333333335
WQS0185,2019,-1.2749759216360468,4.0354539333468535,0.0,-2.666666666666666
WQS0226,2019,-1.8580640960350063,3.2019573565624486,2.8571428571428465,-3.6666666666666656
WQS0229,2019,-0.4824676327758857,3.632625662116035,8.571428571428566,-3.6666666666666656
WQS0187,2019,-1.0007052002844297,4.0354539333468535,1.4285714285714233,-4.000000000000001
WQS0213,2019,-1.0007052002844297,4.0354539333468535,1.4285714285714233,-5.0
WQS0178,2019,-1.2749759216360468,3.2019573565624486,-2.8571428571428465,-3.6666666666666656
WQS0189,2019,-0.7367868227820025,4.408184752608609,1.4285714285714233,-3.3333333333333335
WQS0182,2019,-1.8580640960350063,3.2019573565624486,1.4285714285714233,-3.6666666666666656
WQS0230,2019,-1.0007052002844297,2.8776462577161563,0.0,-3.0000000000000013
WQS0620,2019,-1.0007052002844297,,-1.4285714285714233,-9.333333333333334
WQS0619,2019,-1.0007052002844297,,-1.4285714285714233,-10.0
WQS0618,2019,-0.4824676327758857,,-2.8571428571428465,-10.666666666666664
WQS0600,2019,-0.4824676327758857,,1.4285714285714233,-10.0
WQS1854,2019,3.2867386660540943,7.99685094633702,0.0,0.33333333333333215
WQS1855,2019,4.610109292896951,7.881607779500699,0.0,0.6666666666666673
WQS1856,2019,6.858945825256826,7.6241201270752645,0.0,0.6666666666666673
WQS1875,2019,4.729650784920029,7.048111202716294,1.4285714285714233,3.3333333333333335
WQS1886,2019,4.962772604973117,7.478779508269881,-1.4285714285714233,1.3333333333333346
WQS1862,2019,5.722449814782877,10.44616670628769,1.4285714285714233,5.0
WQS1829,2019,5.722449814782877,7.478779508269881,0.0,2.666666666666666
WQS1864,2019,4.962772604973117,7.6241201270752645,4.285714285714295,2.333333333333334
WQS1857,2019,4.23871191307913,9.831932695258798,1.4285714285714233,0.9999999999999994
WQS1861,2019,5.298501410472143,7.6241201270752645,-8.571428571428566,4.333333333333333
WQS1860,2019,3.9796820411885756,9.831932695258798,7.142857142857142,4.000000000000001
WQS1865,2019,4.1103962580567766,6.3209718326391835,-7.142857142857142,3.3333333333333335
WQS1858,2019,2.184438356938128,2.4748179864853377,-4.285714285714283,2.333333333333334
WQS1863,2019,1.8347151361362997,4.335018455249262,0.0,4.333333333333333
WQS1825,2019,-9.0,-11.911192357723293,-11.428571428571425,-16.000000000000004
WQS1822,2019,-9.0,-9.0636435519762,-8.571428571428566,-13.333333333333334
WQS1824,2019,-7.68260341725951,-6.710490364987283,-7.142857142857142,-12.66666666666667
WQS1823,2019,-6.407627495623464,-4.4903503357452434,-7.142857142857142,-12.0
WQS0517,2019,-5.329650713614663,-7.9835412074543,4.285714285714283,-4.000000000000001
WQS0515,2019,-3.5722071592027325,-7.626794848850844,1.4285714285714233,-4.333333333333333
WQS0518,2019,-11.254810576462242,-7.692307692307692,-5.714285714285719,-4.666666666666668
WQS0516,2019,-10.176833794453444,-6.865985199816546,-4.285714285714283,-4.000000000000001
WQS0367,2019,0.0,1.9428845319996395,-7.142857142857142,0.6666666666666673
WQS0368,2019,-0.4824676327758857,4.631230702522789,-7.142857142857142,1.6666666666666667
WQS0369,2019,10.772342943686354,6.723800103870002,-4.285714285714295,1.3333333333333346
WQS0374,2019,9.08589499391791,6.058414788183311,5.714285714285719,-8.666666666666666
WQS0310,2019,7.525450579133226,0.826322492491146,5.714285714285719,-6.0
WQS0312,2019,17.17997043930982,13.714799302590453,-5.714285714285719,9.0
WQS0313,2019,15.619526024525136,14.013279524946876,-7.142857142857142,9.0
WQS0307,2019,21.290366697366593,16.508677197524907,-7.142857142857142,9.0
WQS1777,2019,19.241505685608033,10.89426504887014,-8.571428571428566,16.666666666666668
WQS1763,2019,12.529786498098286,6.466312451444567,4.285714285714283,7.333333333333334
WQS1774,2019,9.45729237373573,6.128023334694068,-8.571428571428566,0.6666666666666673
WQS1776,2019,12.130077310406339,4.408184752608609,-5.714285714285719,14.666666666666668
WQS1778,2019,10.772342943686354,6.0760907562185,-8.571428571428566,5.333333333333334
WQS1775,2019,11.25481057646224,7.6241201270752645,-8.571428571428566,5.0
WQS1768,2019,11.25481057646224,3.2019573565624486,-8.571428571428566,13.0
WQS1759,2019,13.607763280107086,5.768027240840016,-7.142857142857142,15.0
WQS1771,2019,13.607763280107086,5.768027240840016,5.714285714285719,6.666666666666667
WQS1772,2019,12.529786498098286,3.7779662809214187,5.714285714285719,1.3333333333333346
WQS1773,2019,9.694366161677557,6.3209718326391835,0.0,-6.0
WQS1762,2019,4.488488714492272,-1.9242804514676772,-4.285714285714295,-12.66666666666667
WQS1769,2019,-1.0007052002844297,1.9218733946861688,-2.8571428571428465,-6.0
WQS0512,2019,-1.8580640960350063,-6.637854425908923,-2.8571428571428465,-8.666666666666666
WQS1818,2019,-7.68260341725951,-4.938448678327695,-8.571428571428566,-18.666666666666668
WQS0456,2019,-4.8471830808387795,-7.9835412074543,-2.8571428571428465,-4.333333333333333
WQS0459,2019,-8.419390240041512,-8.33650418189909,-7.142857142857142,-4.666666666666668
WQS0455,2019,3.2867386660540943,-8.33650418189909,-7.142857142857142,-4.666666666666668
WQS0452,2019,-3.9719163468946816,-7.760495257540121,-4.285714285714295,-4.666666666666668
WQS0457,2019,-5.329650713614663,-7.905835876345505,-5.714285714285719,-6.666666666666667
WQS0404,2019,0.6665047538763971,-7.2799616552005055,-1.4285714285714233,-1.999999999999999
WQS0405,2019,-8.419390240041512,-8.065038511569448,-4.285714285714295,-5.0
WQS0406,2019,-6.407627495623464,-7.905835876345505,-2.8571428571428465,-4.666666666666668
WQS0458,2019,-4.8471830808387795,-7.332993518606788,1.4285714285714233,-6.666666666666667
WQS0453,2019,-3.9719163468946816,-7.626794848850844,-1.4285714285714233,-6.0
WQS0451,2019,-4.395864751205414,-7.9835412074543,-2.8571428571428465,-5.0
WQS0448,2019,1.65306837807154,-6.949520775559763,0.0,-2.333333333333334
WQS1745,2019,20.212389915357797,,-5.714285714285719,
WQS1740,2019,20.712102950197966,,-2.8571428571428465,
WQS1737,2019,22.224152659775843,,-11.428571428571425,
WQS1736,2019,22.415753877874547,,-11.428571428571425,
WQS1742,2019,21.720841473586404,3.5549203310072386,5.714285714285719,16.0
WQS1741,2019,23.784597074560526,8.254338598762454,4.285714285714283,
WQS1738,2019,21.720841473586404,7.401074177161084,-1.4285714285714233,16.0
WQS1735,2019,26.137549778205372,12.94418455727269,-8.571428571428566,
WQS1746,2019,22.415753877874547,,-10.000000000000002,
WQS1684,2019,23.184597145865894,7.820860598026728,-2.8571428571428594,
WQS1692,2019,4.962772604973117,-0.6441964895913976,2.8571428571428465,-0.33333333333333215
WQS1693,2019,2.184438356938128,-11.911192357723293,-11.428571428571425,-9.666666666666668
WQS1683,2019,1.8347151361362997,-1.0922948321738482,2.8571428571428465,-1.999999999999999
WQS0831,2019,-1.0007052002844297,-1.6698160820249321,-1.4285714285714233,-5.0
WQS0827,2019,-5.8478882811232085,,1.4285714285714233,-5.333333333333332
WQS0825,2019,-5.8478882811232085,,-1.4285714285714233,-5.0
WQS0826,2019,-1.2749759216360468,-11.911192357723293,-7.142857142857142,-10.333333333333332
WQS0829,2019,-0.7367868227820025,-7.626794848850844,-7.142857142857142,-9.333333333333334
WQS0830,2019,-0.23707378794182898,-11.911192357723293,-5.714285714285719,-6.666666666666667
WQS0784,2019,5.61884781628539,-0.06818756523242914,-2.8571428571428465,-6.666666666666667
WQS0785,2019,5.61884781628539,-0.06818756523242914,-4.285714285714295,-6.333333333333335
WQS0828,2019,-6.407627495623464,,-4.285714285714295,-5.666666666666668
WQS0824,2019,-7.016098663383111,-11.911192357723293,-10.000000000000002,-10.666666666666664
WQS0822,2019,-7.016098663383111,,-4.285714285714295,-5.0
WQS1494,2019,-1.560444414784685,-6.949520775559763,-2.8571428571428465,4.000000000000001
WQS1495,2019,-2.835420336420731,-6.949520775559763,0.0,2.666666666666666
WQS1475,2019,-0.4824676327758857,-6.949520775559763,-5.714285714285719,2.666666666666666
WQS1474,2019,-3.9719163468946816,-6.949520775559763,0.0,3.0000000000000013
WQS1476,2019,17.318450350471917,-4.699418267755216,4.285714285714295,9.0
WQS1489,2019,-1.560444414784685,-7.831585279440171,-2.8571428571428465,1.3333333333333346
WQS1506,2019,-1.2749759216360468,-7.831585279440171,-1.4285714285714233,1.3333333333333346
WQS1487,2019,-2.835420336420731,-5.857225943385913,4.285714285714295,5.333333333333334
WQS0789,2019,4.610109292896951,-6.673777603809475,-4.285714285714295,-3.3333333333333335
WQS0839,2019,-1.0007052002844297,-8.78460252448154,-4.285714285714295,-5.0
WQS0838,2019,22.224152659775843,5.13251442750358,-4.285714285714295,16.666666666666668
WQS0818,2019,1.4665771397347491,-10.753384682092596,4.285714285714295,-6.0
WQS1504,2019,-1.0007052002844297,-6.949520775559763,1.4285714285714233,2.333333333333334
WQS0819,2019,-0.7367868227820025,-7.083221184249039,1.4285714285714233,-6.999999999999999
WQS0817,2019,-0.4824676327758857,-10.076110608801514,-8.571428571428566,-3.3333333333333335
WQS0858,2019,18.11375640171907,1.286360581349735,-7.142857142857142,9.0
WQS0859,2019,19.091112642104793,-0.9685075884376897,-7.142857142857142,9.0
WQS0860,2019,17.376969578937064,-1.6698160820249321,1.4285714285714233,9.0
WQS0862,2019,10.145684491310922,2.992889424552476,-7.142857142857142,-4.333333333333333
WQS0864,2019,5.925159862847577,2.6201586052907215,1.4285714285714233,-4.666666666666668
WQS0863,2019,12.529786498098286,6.022491610282762,-7.142857142857142,-2.333333333333334
WQS0799,2019,7.68260341725951,2.8776462577161563,-1.4285714285714233,-4.666666666666668
WQS0800,2019,2.0117627444180477,-2.559793264804111,-2.8571428571428465,-5.0
WQS0801,2019,-1.560444414784685,-6.020888830637697,-5.714285714285719,-6.666666666666667
WQS1796,2019,-7.68260341725951,1.286360581349735,-11.428571428571425,-12.0
WQS1817,2019,16.101993657301023,,-4.285714285714283,9.333333333333334
WQS1785,2019,5.513687834715175,,-5.714285714285719,6.0
WQS1784,2019,20.466709105363915,,10.000000000000002,16.0
WQS1787,2019,11.25481057646224,,-8.571428571428566,12.666666666666666
WQS1786,2019,20.949176738139794,,-4.285714285714283,16.0
WQS1791,2019,9.694366161677557,,-5.714285714285719,6.666666666666667
WQS1789,2019,-3.5722071592027325,,-10.000000000000002,-6.0
WQS1811,2019,9.694366161677557,,-5.714285714285719,7.333333333333334
WQS1793,2019,8.419390240041512,,-8.571428571428566,2.666666666666666
WQS1816,2019,9.694366161677557,,-4.285714285714295,3.3333333333333335
WQS1815,2019,11.25481057646224,,-8.571428571428566,4.666666666666667
WQS1808,2019,14.541549242516338,,0.0,12.0
WQS1809,2019,8.419390240041512,,-8.571428571428566,6.0
WQS1686,2019,6.122159002474825,2.024381836114785,5.714285714285719,-1.6666666666666667
WQS1794,2019,,-0.3727308192617548,-11.428571428571425,-10.666666666666664
WQS1752,2019,,-0.3727308192617548,-12.857142857142861,-11.000000000000004
WQS1747,2019,21.824443472083896,,-10.000000000000002,
WQS1750,2019,4.23871191307913,0.9818173273204077,-8.571428571428566,-4.000000000000001
WQS1748,2019,23.04781025177853,13.258300120546997,-8.571428571428566,
WQS1685,2019,4.847183080838778,1.54384823377517,-1.4285714285714233,-2.333333333333334
WQS1691,2019,-4.395864751205414,1.286360581349735,-8.571428571428566,-0.6666666666666673
WQS1756,2019,1.8347151361362997,-0.21352818403781276,1.4285714285714233,-8.333333333333334
WQS1757,2019,16.640182756155063,7.14358652473565,-5.714285714285719,11.333333333333334
WQS1765,2019,0.8752667339440972,0.826322492491146,2.8571428571428465,-1.999999999999999
WQS1754,2019,1.8347151361362997,2.753859013979998,1.4285714285714233,-5.666666666666668
WQS1681,2019,2.0117627444180477,1.1240618129095243,5.714285714285719,5.666666666666668
WQS1680,2019,3.846477880554349,3.632625662116035,5.714285714285719,6.0
WQS1679,2019,9.979834654826195,8.254338598762454,-10.000000000000002,12.333333333333334
WQS1725,2019,2.184438356938128,3.2019573565624486,4.285714285714295,-5.666666666666668
WQS1682,2019,1.65306837807154,2.4748179864853377,0.0,-6.0
WQS1730,2019,2.352952703644846,-0.6441964895913976,2.8571428571428465,5.0
WQS1729,2019,2.678267498294446,-0.13927758713247856,4.285714285714295,5.333333333333334
WQS1720,2019,2.678267498294446,0.4637458892532693,4.285714285714295,5.0
WQS1719,2019,3.2867386660540943,1.1240618129095243,4.285714285714295,6.333333333333333
WQS1724,2019,4.1103962580567766,3.632625662116035,5.714285714285719,6.0
WQS1723,2019,4.364715448062894,4.309899735407114,4.285714285714295,6.666666666666667
WQS1728,2019,8.419390240041512,7.048111202716294,-8.571428571428566,9.333333333333334
WQS1727,2019,8.693660961393128,7.6241201270752645,-10.000000000000002,12.666666666666666
WQS1732,2019,8.826865122027355,6.022491610282762,4.285714285714295,11.0
WQS1731,2019,9.211898528901672,7.048111202716294,-10.000000000000002,12.0
WQS1722,2019,5.406922295339032,4.8646839346520645,4.285714285714295,5.666666666666668
WQS1721,2019,4.364715448062894,4.309899735407114,2.8571428571428465,5.333333333333334
WQS1734,2019,3.430929485653645,1.4342769345004105,-4.285714285714295,-3.0000000000000013
WQS1733,2019,3.2867386660540943,1.347107762823703,-4.285714285714295,-3.6666666666666656
WQS1726,2019,1.0779767820087993,-0.6441964895913976,-1.4285714285714233,-7.666666666666666
WQS1753,2019,4.847183080838778,3.9747067518728825,-7.142857142857142,-4.000000000000001
WQS1687,2019,4.1103962580567766,3.5549203310072386,-5.714285714285719,-4.666666666666668
WQS1766,2019,0.8752667339440972,3.7779662809214187,-8.571428571428566,-13.333333333333334
WQS1678,2019,4.610109292896951,2.8776462577161563,-7.142857142857142,-5.333333333333332
WQS1718,2019,4.610109292896951,3.2974326785818038,-4.285714285714283,-5.333333333333332
WQS0235,2019,-0.7367868227820025,3.2019573565624486,-4.285714285714295,-8.666666666666666
WQS1689,2019,-0.4824676327758857,-2.688346170523149,-2.8571428571428465,-9.333333333333334
WQS1688,2019,0.6665047538763971,-0.21352818403781276,0.0,-8.666666666666666
WQS0266,2019,-1.560444414784685,3.2019573565624486,2.8571428571428465,-4.666666666666668
WQS0264,2019,-1.8580640960350063,2.753859013979998,-7.142857142857142,-3.3333333333333335
WQS0263,2019,-1.0007052002844297,1.7198385820854594,1.4285714285714233,-6.666666666666667
WQS0267,2019,-1.560444414784685,2.2122609420294665,-5.714285714285719,-4.000000000000001
WQS0265,2019,-3.1941147027672385,1.7198385820854594,-7.142857142857142,-5.0
WQS0254,2019,-0.4824676327758857,4.408184752608609,-1.4285714285714233,-4.333333333333333
WQS0269,2019,-1.8580640960350063,0.06551284345684714,-7.142857142857142,-3.3333333333333335
WQS0268,2019,-1.8580640960350063,2.4748179864853377,-7.142857142857142,-4.333333333333333
WQS0207,2019,-1.560444414784685,2.8776462577161563,0.0,-6.666666666666667
WQS0176,2019,-1.560444414784685,2.024381836114785,-2.8571428571428465,-8.333333333333334
WQS0208,2019,-1.2749759216360468,2.2122609420294665,-5.714285714285719,-7.333333333333334
WQS0206,2019,-2.835420336420731,3.2019573565624486,0.0,-8.000000000000002
WQS0177,2019,-1.2749759216360468,1.8126604271497644,0.0,-8.333333333333334
WQS0258,2019,2.0117627444180477,2.8776462577161563,-5.714285714285719,-1.3333333333333346
WQS0257,2019,5.925159862847577,4.408184752608609,-7.142857142857142,9.0
WQS0271,2019,-0.7367868227820025,4.0354539333468535,-5.714285714285719,-4.000000000000001
WQS0259,2019,8.419390240041512,4.408184752608609,-10.000000000000002,9.0
WQS0199,2019,-1.2749759216360468,4.0354539333468535,2.8571428571428465,-7.666666666666666
WQS0173,2019,-1.0007052002844297,4.408184752608609,-4.285714285714295,-5.0
WQS0172,2019,-0.4824676327758857,5.13251442750358,-2.8571428571428465,-4.666666666666668
WQS0196,2019,-1.8580640960350063,3.5549203310072386,-2.8571428571428465,-6.0
WQS0198,2019,8.349108171135907,2.8776462577161563,4.285714285714295,2.666666666666666
WQS0197,2019,-0.4824676327758857,2.4748179864853377,-1.4285714285714233,-3.6666666666666656
WQS0237,2019,-1.2749759216360468,3.632625662116035,-5.714285714285719,-0.33333333333333215
WQS0236,2019,6.858945825256826,3.2019573565624486,-7.142857142857142,6.0
WQS0240,2019,-0.4824676327758857,3.632625662116035,-5.714285714285719,-1.3333333333333346
WQS0241,2019,-1.8580640960350063,5.13251442750358,-8.571428571428566,1.999999999999999
WQS0242,2019,-1.560444414784685,4.408184752608609,1.4285714285714233,-5.333333333333332
WQS0239,2019,-1.560444414784685,3.632625662116035,-8.571428571428566,-0.33333333333333215
WQS0246,2019,-1.0007052002844297,2.753859013979998,-5.714285714285719,-4.666666666666668
WQS0247,2019,-0.23707378794182898,3.632625662116035,-8.571428571428566,-5.333333333333332
WQS0245,2019,-1.8580640960350063,0.9818173273204077,0.0,-5.0
WQS0174,2019,4.847183080838778,3.2019573565624486,-8.571428571428566,9.0
WQS0201,2019,8.419390240041512,3.2019573565624486,-8.571428571428566,-4.333333333333333
WQS0202,2019,-0.4824676327758857,2.4748179864853377,-7.142857142857142,-3.3333333333333335
WQS0200,2019,-0.23707378794182898,3.2019573565624486,-10.000000000000002,-1.6666666666666667
WQS0175,2019,-0.4824676327758857,3.2019573565624486,-7.142857142857142,-3.3333333333333335
WQS0203,2019,-1.0007052002844297,0.7850768563689423,-2.8571428571428594,-3.6666666666666656
WQS0205,2019,4.364715448062894,4.0354539333468535,-7.142857142857142,1.6666666666666667
WQS0204,2019,4.364715448062894,4.0354539333468535,-7.142857142857142,0.6666666666666673
WQS0255,2019,9.694366161677557,3.632625662116035,4.285714285714283,9.0
WQS0256,2019,7.200135784483624,3.5549203310072386,-2.8571428571428594,9.0
WQS0260,2019,16.101993657301023,5.13251442750358,-4.285714285714283,9.0
WQS0261,2019,16.101993657301023,5.13251442750358,-5.714285714285719,9.0
WQS0171,2019,-2.1689155825443325,3.632625662116035,0.0,-6.999999999999999
WQS0170,2019,-1.0007052002844297,5.13251442750358,4.285714285714295,-6.666666666666667
WQS0252,2019,-1.2749759216360468,3.2019573565624486,-4.285714285714295,-6.666666666666667
WQS0193,2019,4.847183080838778,4.0354539333468535,0.0,9.0
WQS0251,2019,3.846477880554349,2.8776462577161563,-7.142857142857142,7.666666666666666
WQS0194,2019,-0.4824676327758857,3.2019573565624486,-2.8571428571428465,-3.3333333333333335
WQS0195,2019,-1.0007052002844297,2.4748179864853377,-4.285714285714295,-2.666666666666666
WQS0244,2019,-1.560444414784685,3.632625662116035,-2.8571428571428465,1.6666666666666667
WQS0243,2019,6.858945825256826,4.0354539333468535,0.0,11.666666666666668
WQS0238,2019,-2.1689155825443325,2.8776462577161563,-5.714285714285719,4.333333333333333
WQS0249,2019,0.22929946030063506,4.408184752608609,-5.714285714285719,-3.6666666666666656
WQS0248,2019,0.4513183296333642,3.2019573565624486,-8.571428571428566,5.0
WQS0234,2019,6.858945825256826,10.89426504887014,-8.571428571428566,14.000000000000002
WQS0788,2019,0.8752667339440972,-6.202346821774117,-10.000000000000002,-0.6666666666666673
WQS0916,2019,-1.2749759216360468,-10.753384682092596,4.285714285714295,-5.0
WQS0925,2019,-3.5722071592027325,,-11.428571428571425,-6.0
WQS0920,2019,6.681898216975081,-11.911192357723293,-7.142857142857142,-6.333333333333335
WQS0918,2019,-2.835420336420731,,-8.571428571428566,-6.666666666666667
WQS0923,2019,-4.395864751205414,,-8.571428571428566,14.333333333333334
WQS0919,2019,-2.835420336420731,,-5.714285714285719,-6.0
WQS0921,2019,-3.1941147027672385,,-10.000000000000002,-5.0
WQS0927,2019,-3.1941147027672385,,-10.000000000000002,-4.000000000000001
WQS0924,2019,-3.9719163468946816,,15.714285714285708,-6.666666666666667
WQS0928,2019,-3.9719163468946816,0.9818173273204077,-12.857142857142861,-9.333333333333334
WQS0926,2019,-5.329650713614663,-11.911192357723293,-11.428571428571425,-4.333333333333333
WQS0794,2019,-3.9719163468946816,,-8.571428571428566,-3.3333333333333335
WQS0793,2019,-0.4824676327758857,-10.076110608801514,2.8571428571428465,3.3333333333333335
WQS0855,2019,-2.1689155825443325,-10.753384682092596,-10.000000000000002,-4.666666666666668
WQS0856,2019,-4.8471830808387795,-10.753384682092596,-11.428571428571425,-3.0000000000000013
WQS0911,2019,1.0779767820087993,-7.083221184249039,-10.000000000000002,-4.666666666666668
WQS0816,2019,-3.5722071592027325,-11.911192357723293,4.285714285714295,-3.3333333333333335
WQS0790,2019,0.8752667339440972,-7.228561803054423,-8.571428571428566,-6.0
WQS0843,2019,-2.4942303771939334,-11.911192357723293,-1.4285714285714233,-4.333333333333333
WQS0842,2019,-1.8580640960350063,-10.753384682092596,11.428571428571438,-2.333333333333334
WQS0795,2019,-3.1941147027672385,-8.918302933170816,-2.8571428571428465,-7.666666666666666
WQS0849,2019,-5.8478882811232085,,2.8571428571428465,-5.333333333333332
WQS0625,2019,3.9796820411885756,-4.699418267755216,0.0,2.666666666666666
WQS0601,2019,1.65306837807154,-4.699418267755216,0.0,0.33333333333333215
WQS0632,2019,-1.0007052002844297,,-10.000000000000002,-7.666666666666666
WQS0604,2019,-0.7367868227820025,,-8.571428571428566,-7.333333333333334
WQS0602,2019,-1.0007052002844297,,-10.000000000000002,-7.333333333333334
WQS0603,2019,-6.407627495623464,,-11.428571428571425,-8.333333333333334
WQS0621,2019,3.430929485653645,,4.285714285714283,-1.6666666666666667
WQS0605,2019,-0.4824676327758857,,-1.4285714285714233,4.000000000000001
WQS0608,2019,-0.7367868227820025,,-10.000000000000002,-6.666666666666667
WQS0636,2019,-1.2749759216360468,-4.699418267755216,-8.571428571428566,-10.333333333333332
WQS0599,2019,-0.23707378794182898,,-10.000000000000002,-6.666666666666667
WQS0615,2019,-1.560444414784685,,-12.857142857142861,-8.000000000000002
WQS0613,2019,-0.7367868227820025,-4.699418267755216,-10.000000000000002,-10.0
WQS0614,2019,-1.2749759216360468,,-11.428571428571425,-7.666666666666666
WQS0609,2019,-1.560444414784685,,-12.857142857142861,-7.333333333333334
WQS0612,2019,-0.4824676327758857,,-10.000000000000002,-8.000000000000002
WQS0597,2019,-1.0007052002844297,,-12.857142857142861,-7.666666666666666
WQS0598,2019,1.0779767820087993,,-10.000000000000002,-6.666666666666667
WQS0616,2019,-1.8580640960350063,,-11.428571428571425,-7.333333333333334
WQS0610,2019,-2.1689155825443325,,-11.428571428571425,-7.666666666666666
WQS0596,2019,-4.395864751205414,,-12.857142857142861,-8.000000000000002
WQS1848,2019,2.0117627444180477,1.54384823377517,-1.4285714285714233,-8.666666666666666
WQS1846,2019,0.4513183296333642,2.4748179864853377,-2.8571428571428465,-8.666666666666666
WQS1850,2019,1.4665771397347491,1.9428845319996395,0.0,-7.333333333333334
WQS1852,2019,3.846477880554349,3.2019573565624486,-2.8571428571428465,-5.0
WQS1844,2019,1.4665771397347491,2.753859013979998,0.0,-7.333333333333334
WQS1843,2019,1.2749759216360452,0.7850768563689423,0.0,-6.999999999999999
WQS1845,2019,-1.560444414784685,2.4748179864853377,-1.4285714285714233,-10.0
WQS1849,2019,1.2749759216360452,0.12855290571903796,-1.4285714285714233,-6.666666666666667
WQS1851,2019,1.65306837807154,1.1578076756306972,1.4285714285714233,-6.666666666666667
WQS1888,2019,2.352952703644846,0.7427869167479292,-1.4285714285714233,-8.666666666666666
WQS1837,2019,4.610109292896951,7.99685094633702,-7.142857142857142,13.333333333333334
WQS1838,2019,4.610109292896951,7.99685094633702,-4.285714285714295,15.666666666666668
WQS1853,2019,1.65306837807154,1.4623509296600228,4.285714285714295,-8.000000000000002
WQS1890,2019,3.2867386660540943,4.408184752608609,-2.8571428571428465,-1.3333333333333346
WQS1827,2019,4.488488714492272,5.985778849104952,-4.285714285714295,-3.6666666666666656
WQS1867,2019,4.488488714492272,8.85011536793839,-4.285714285714295,5.666666666666668
WQS1878,2019,1.2749759216360452,2.753859013979998,-7.142857142857142,1.6666666666666667
WQS1841,2019,1.4665771397347491,3.2019573565624486,-8.571428571428566,3.0000000000000013
WQS0057,2019,-2.1689155825443325,-1.37133585966851,-7.142857142857142,-0.6666666666666673
WQS0059,2019,-3.1941147027672385,-3.237067338095193,-4.285714285714283,-1.3333333333333346
WQS0062,2019,-1.2749759216360468,-0.8532644216013697,-5.714285714285719,-7.333333333333334
WQS0060,2019,-1.2749759216360468,-0.8532644216013697,-7.142857142857142,-1.999999999999999
WQS0090,2019,-3.5722071592027325,-1.37133585966851,-5.714285714285719,0.0
WQS0093,2019,-3.1941147027672385,-0.8532644216013697,-4.285714285714295,-4.333333333333333
WQS0088,2019,-2.1689155825443325,-2.0562198021214675,-8.571428571428566,-4.000000000000001
WQS0063,2019,-1.560444414784685,-1.37133585966851,-7.142857142857142,-4.666666666666668
WQS0089,2019,-2.4942303771939334,-0.3727308192617548,-7.142857142857142,0.9999999999999994
WQS0087,2019,0.0,-1.6698160820249321,-5.714285714285719,9.0
WQS0061,2019,-2.4942303771939334,-1.2259952408631263,-8.571428571428566,-7.666666666666666
WQS0064,2019,1.2749759216360452,-0.8532644216013697,-8.571428571428566,-0.6666666666666673
WQS0096,2019,0.0,-1.6880716013497847,-5.714285714285719,-1.3333333333333346
WQS0095,2019,-1.0007052002844297,-2.0562198021214675,7.142857142857142,-1.6666666666666667
WQS1261,2019,-0.7367868227820025,,0.0,-0.33333333333333215
WQS1260,2019,0.8752667339440972,,-4.285714285714283,0.6666666666666673
WQS1264,2019,12.529786498098286,,-4.285714285714283,15.333333333333332
WQS1263,2019,1.0779767820087993,,-7.142857142857142,0.0
WQS0066,2019,0.0,-0.8532644216013697,-5.714285714285719,-0.33333333333333215
WQS1275,2019,-0.4824676327758857,,-7.142857142857142,1.3333333333333346
WQS1262,2019,2.678267498294446,,0.0,0.9999999999999994
WQS0100,2019,0.0,-0.9685075884376897,-7.142857142857142,-5.333333333333332
WQS0067,2019,0.0,-0.8532644216013697,-5.714285714285719,-2.333333333333334
WQS0038,2019,,,-7.142857142857142,
WQS0039,2019,,,-4.285714285714283,
WQS0040,2019,,,-4.285714285714295,
WQS0106,2019,-1.8580640960350063,-0.2912335151466093,-5.714285714285719,0.0
WQS0111,2019,-2.835420336420731,-1.7065288432027412,-7.142857142857142,1.3333333333333346
WQS0041,2019,,,-8.571428571428566,
WQS0102,2019,-0.4824676327758857,-0.8532644216013697,-2.8571428571428594,0.0
WQS0103,2019,3.846477880554349,-0.3727308192617548,-5.714285714285719,6.0
WQS0104,2019,-1.8580640960350063,-2.0562198021214675,-5.714285714285719,-3.6666666666666656
WQS0068,2019,-2.4942303771939334,-1.6880716013497847,-2.8571428571428594,-1.6666666666666667
WQS0105,2019,-3.1941147027672385,-3.237067338095193,-7.142857142857142,-3.3333333333333335
WQS0069,2019,-0.23707378794182898,-3.237067338095193,-1.4285714285714233,5.666666666666668
WQS0070,2019,-1.8580640960350063,-2.0562198021214675,-2.8571428571428594,1.6666666666666667
WQS0107,2019,0.0,-2.0562198021214675,-7.142857142857142,-1.3333333333333346
WQS0108,2019,-2.1689155825443325,-3.237067338095193,,9.666666666666666
WQS0110,2019,-1.8580640960350063,-0.3727308192617548,-7.142857142857142,-0.6666666666666673
WQS0147,2019,3.2867386660540943,-0.8532644216013697,-4.285714285714283,1.6666666666666667
WQS0149,2019,-0.4824676327758857,-0.8532644216013697,-7.142857142857142,-0.33333333333333215
WQS0130,2019,-2.1689155825443325,-2.0562198021214675,-8.571428571428566,-0.6666666666666673
WQS0101,2019,-0.23707378794182898,-2.0562198021214675,1.4285714285714233,-1.3333333333333346
WQS0097,2019,-0.7367868227820025,-2.102621769049854,-8.571428571428566,-2.333333333333334
WQS0086,2019,-6.407627495623464,-3.5416105921245187,-7.142857142857142,-0.6666666666666673
WQS0076,2019,-0.4824676327758857,-1.6880716013497847,-7.142857142857142,-0.9999999999999994
WQS0075,2019,-2.4942303771939334,-1.37133585966851,-4.285714285714283,-0.9999999999999994
WQS0094,2019,-2.835420336420731,-2.0562198021214675,-5.714285714285719,-1.3333333333333346
WQS0168,2019,-2.1689155825443325,-1.37133585966851,-5.714285714285719,-0.6666666666666673
WQS0167,2019,-1.2749759216360468,-2.1263152640683867,-8.571428571428566,-8.000000000000002
WQS1125,2019,-2.835420336420731,-6.786429050355581,-4.285714285714283,-6.0
WQS1121,2019,-2.1689155825443325,-6.865985199816546,8.571428571428566,-6.666666666666667
WQS1122,2019,-3.9719163468946816,-6.99290927713549,-4.285714285714283,-6.666666666666667
WQS1508,2019,-2.835420336420731,,0.0,-16.666666666666668
WQS1265,2019,1.0779767820087993,,7.142857142857142,0.33333333333333215
WQS1258,2019,-0.23707378794182898,,5.714285714285719,-0.6666666666666673
WQS1259,2019,-0.23707378794182898,,1.4285714285714233,0.6666666666666673
WQS1266,2019,-1.560444414784685,,8.571428571428566,-1.999999999999999
WQS1269,2019,-1.0007052002844297,,1.4285714285714233,0.6666666666666673
WQS1270,2019,-2.1689155825443325,,5.714285714285719,-1.3333333333333346
WQS1277,2019,-0.4824676327758857,,0.0,-0.6666666666666673
WQS1885,2019,-0.23707378794182898,2.139625002951105,-8.571428571428566,-6.999999999999999
WQS1884,2019,-2.1689155825443325,2.4748179864853377,4.285714285714283,-5.0
WQS1501,2019,-2.4942303771939334,-6.949520775559763,-4.285714285714295,3.666666666666667
WQS0316,2019,-9.243047832044192,-8.660815280745382,0.0,-3.6666666666666656
WQS0867,2019,-4.8471830808387795,-12.087182706033582,-1.4285714285714233,-4.666666666666668
WQS0317,2019,-11.254810576462242,-7.387764438278365,0.0,-0.9999999999999994
WQS0320,2019,-12.529786498098288,-7.626794848850844,0.0,-6.666666666666667
WQS0332,2019,-14.090230912882971,-11.911192357723293,-2.8571428571428465,-7.666666666666666
WQS0328,2019,-12.529786498098288,-8.660815280745382,0.0,-7.333333333333334
WQS0331,2019,-12.529786498098288,-8.660815280745382,-1.4285714285714233,-7.666666666666666
WQS0319,2019,9.694366161677557,-3.284122939699084,0.0,-6.999999999999999
WQS0318,2019,2.5175016365832654,-8.660815280745382,0.0,-7.333333333333334
WQS0802,2019,-1.2749759216360468,-8.33650418189909,-8.571428571428566,-5.333333333333332
WQS0781,2019,-2.835420336420731,-12.087182706033582,2.8571428571428465,-4.666666666666668
WQS0322,2019,-8.419390240041512,-6.949520775559763,0.0,-2.666666666666666
WQS0870,2019,2.0117627444180477,-5.9724691102222325,-8.571428571428566,-4.000000000000001
WQS0942,2019,-0.4824676327758857,-7.332993518606788,-10.000000000000002,-4.666666666666668
WQS0339,2019,-11.254810576462242,-7.626794848850844,-2.8571428571428465,-2.333333333333334
WQS0346,2019,-2.4942303771939334,-6.148459458532522,-7.142857142857142,-5.333333333333332
WQS0340,2019,19.674200816503753,-3.3824079569005767,-5.714285714285719,9.0
WQS0349,2019,10.772342943686354,-5.217489705822356,0.0,-1.6666666666666667
WQS0345,2019,2.0117627444180477,-5.072149087016972,-2.8571428571428465,0.0
WQS0356,2019,-7.016098663383111,-11.911192357723293,5.714285714285719,-6.0
WQS0355,2019,29.472683149466278,-2.1263152640683867,7.142857142857142,9.0
WQS0344,2019,-0.7367868227820025,-5.6879304472921675,-1.4285714285714233,-6.666666666666667
WQS0350,2019,20.34070557038015,-2.1747349844838513,-10.000000000000002,
WQS0348,2019,-3.5722071592027325,-8.660815280745382,-1.4285714285714233,-5.666666666666668
WQS0343,2019,-5.8478882811232085,-10.753384682092596,-1.4285714285714233,-5.333333333333332
WQS0803,2019,-3.9719163468946816,,-8.571428571428566,-7.333333333333334
WQS0813,2019,-10.176833794453444,-12.087182706033582,-10.000000000000002,-6.666666666666667
WQS0888,2019,-3.5722071592027325,-9.222846187200144,-2.8571428571428465,-6.666666666666667
WQS0810,2019,-3.1941147027672385,-8.78460252448154,-2.8571428571428465,-6.666666666666667
WQS0891,2019,-2.835420336420731,-8.241028859879735,-1.4285714285714233,-3.6666666666666656
WQS0889,2019,-5.329650713614663,-12.087182706033582,4.285714285714295,-5.666666666666668
WQS0874,2019,-3.5722071592027325,-12.087182706033582,1.4285714285714233,-4.666666666666668
WQS0887,2019,-3.5722071592027325,-12.087182706033582,0.0,-6.333333333333335
WQS0812,2019,-3.9719163468946816,-9.0636435519762,-2.8571428571428465,-7.333333333333334
WQS0806,2019,-2.4942303771939334,-8.241028859879735,1.4285714285714233,-8.000000000000002
WQS0900,2019,-6.407627495623464,-12.087182706033582,2.8571428571428465,-5.0
WQS0811,2019,-0.23707378794182898,-6.568245879398169,-2.8571428571428465,-4.000000000000001
WQS0805,2019,-0.4824676327758857,-5.217489705822356,1.4285714285714233,-8.333333333333334
WQS0901,2019,-5.329650713614663,-8.241028859879735,1.4285714285714233,-4.333333333333333
WQS0804,2019,-5.329650713614663,-12.087182706033582,0.0,-5.666666666666668
WQS0809,2019,-3.5722071592027325,-12.087182706033582,-2.8571428571428465,-7.333333333333334
WQS0808,2019,-3.5722071592027325,-10.076110608801514,1.4285714285714233,-4.666666666666668
WQS0892,2019,-3.5722071592027325,-9.398836535510434,-2.8571428571428465,-7.333333333333334
WQS0894,2019,-3.5722071592027325,-8.660815280745382,-2.8571428571428465,-7.333333333333334
WQS0814,2019,-3.1941147027672385,-12.087182706033582,-8.571428571428566,-7.333333333333334
WQS0807,2019,-1.560444414784685,-6.148459458532522,-1.4285714285714233,-7.333333333333334
WQS0943,2019,-3.1941147027672385,-8.241028859879735,-2.8571428571428465,-0.33333333333333215
WQS0796,2019,-2.1689155825443325,-9.0636435519762,-2.8571428571428465,-7.333333333333334
WQS0847,2019,-0.4824676327758857,-9.0636435519762,-2.8571428571428465,-3.6666666666666656
WQS0815,2019,-5.329650713614663,-12.087182706033582,2.8571428571428465,-4.666666666666668
WQS0336,2019,-10.803492246828876,-7.228561803054423,-4.285714285714295,-4.000000000000001
WQS0338,2019,-8.419390240041512,-7.228561803054423,-2.8571428571428465,-4.333333333333333
WQS0335,2019,-9.243047832044192,-7.626794848850844,-1.4285714285714233,-6.666666666666667
WQS0321,2019,-9.243047832044192,-7.228561803054423,-4.285714285714295,-3.6666666666666656
WQS0334,2019,-7.016098663383111,-5.217489705822356,-4.285714285714295,-3.0000000000000013
WQS0791,2019,-6.407627495623464,-12.087182706033582,-4.285714285714295,-5.0
WQS0865,2019,-2.1689155825443325,-4.938448678327695,-1.4285714285714233,-2.666666666666666
WQS0782,2019,-3.9719163468946816,-8.918302933170816,-2.8571428571428465,-7.333333333333334
WQS0930,2019,-2.835420336420731,-5.480046750278227,5.714285714285719,-4.000000000000001
WQS0946,2019,-6.407627495623464,-12.087182706033582,0.0,-3.3333333333333335
WQS0944,2019,4.847183080838778,-3.6568537589608385,2.8571428571428465,3.666666666666667
WQS0945,2019,-0.4824676327758857,-12.087182706033582,5.714285714285719,3.3333333333333335
WQS1050,2019,10.518023753680238,,-5.714285714285719,-0.6666666666666673
WQS1054,2019,12.721387716196988,,-8.571428571428566,-2.666666666666666
WQS1053,2019,9.979834654826195,,-8.571428571428566,-2.333333333333334
WQS0359,2019,-7.016098663383111,-9.0636435519762,2.8571428571428594,-4.666666666666668
WQS0353,2019,-7.68260341725951,-9.398836535510434,-4.285714285714295,-3.3333333333333335
WQS0361,2019,-8.419390240041512,-9.0636435519762,-7.142857142857142,-4.000000000000001
WQS0357,2019,-7.016098663383111,-9.398836535510434,-7.142857142857142,-4.000000000000001
WQS0354,2019,-6.407627495623464,-8.33650418189909,-8.571428571428566,-4.666666666666668
WQS0358,2019,-4.395864751205414,-8.918302933170816,-1.4285714285714233,-5.0
WQS0360,2019,-0.4824676327758857,-8.33650418189909,-7.142857142857142,-1.3333333333333346
WQS0315,2019,-3.5722071592027325,-6.949520775559763,-8.571428571428566,-4.000000000000001
WQS0792,2019,-3.5722071592027325,-11.911192357723293,-5.714285714285719,-11.333333333333336
WQS0314,2019,-6.407627495623464,-6.568245879398169,-1.4285714285714233,-2.666666666666666
WQS0950,2019,0.8752667339440972,,0.0,1.3333333333333346
WQS0957,2019,0.8752667339440972,,-7.142857142857142,-2.666666666666666
WQS1011,2019,7.836302065642552,,1.4285714285714233,4.666666666666667
WQS0966,2019,6.407627495623461,,-10.000000000000002,3.666666666666667
WQS1012,2019,12.529786498098286,,-8.571428571428566,-3.6666666666666656
WQS0973,2019,0.0,,-7.142857142857142,-2.666666666666666
WQS0974,2019,1.65306837807154,,0.0,1.6666666666666667
WQS0986,2019,8.278112566492425,,-2.8571428571428465,-0.6666666666666673
WQS1035,2019,8.693660961393128,,0.0,3.3333333333333335
WQS0999,2019,7.28289422956756,,-5.714285714285719,6.0
WQS1045,2019,8.419390240041512,,-4.285714285714295,3.5333333333333337
WQS1004,2019,5.722449814782877,,0.0,3.1333333333333346
WQS1049,2019,3.430929485653645,,-1.4285714285714233,1.3333333333333346
WQS1048,2019,2.352952703644846,,-1.4285714285714233,-4.666666666666668
WQS1067,2019,9.396746480427234,,-8.571428571428566,-2.666666666666666
WQS1073,2019,9.08589499391791,,-8.571428571428566,-3.0000000000000013
WQS0288,2019,,,-10.000000000000002,-4.000000000000001
WQS0286,2019,,,-10.000000000000002,-4.666666666666668
WQS0289,2019,,,-10.000000000000002,-1.999999999999999
WQS0283,2019,,,-10.000000000000002,-3.6666666666666656
WQS0285,2019,0.4513183296333642,,1.4285714285714233,-7.333333333333334
WQS0287,2019,1.2749759216360452,,0.0,-4.666666666666668
WQS0297,2019,1.65306837807154,,1.4285714285714233,-5.0
WQS0292,2019,-2.835420336420731,,-8.571428571428566,-3.3333333333333335
WQS0284,2019,0.8752667339440972,,-8.571428571428566,-5.666666666666668
WQS1316,2019,-0.23707378794182898,-1.6338929041243797,-1.4285714285714233,-6.666666666666667
WQS1395,2019,-6.407627495623464,-1.37133585966851,-2.8571428571428594,-4.000000000000001
WQS1393,2019,-3.1941147027672385,1.1240618129095243,-2.8571428571428465,-5.333333333333332
WQS1394,2019,-0.23707378794182898,-0.6441964895913976,-4.285714285714295,-6.0
WQS1384,2019,-7.68260341725951,-2.8276237576556293,-2.8571428571428465,-5.333333333333332
WQS1385,2019,-1.8580640960350063,-0.6441964895913976,-4.285714285714295,-4.000000000000001
WQS1323,2019,-5.8478882811232085,-2.1263152640683867,-1.4285714285714233,-3.3333333333333335
WQS1390,2019,-5.8478882811232085,-1.0922948321738482,-1.4285714285714233,-4.666666666666668
WQS1420,2019,-4.395864751205414,1.1240618129095243,-7.142857142857142,-4.666666666666668
WQS1318,2019,-8.419390240041512,-2.7220920332443215,-2.8571428571428465,-4.000000000000001
WQS1317,2019,-3.9719163468946816,0.4637458892532693,-1.4285714285714233,-4.000000000000001
WQS1388,2019,-7.68260341725951,-1.0922948321738482,-2.8571428571428465,-4.666666666666668
WQS1386,2019,-3.5722071592027325,1.9218733946861688,-5.714285714285719,-4.000000000000001
WQS1324,2019,-5.8478882811232085,-2.1263152640683867,-4.285714285714295,-4.000000000000001
WQS1387,2019,-4.8471830808387795,0.4637458892532693,-5.714285714285719,-7.666666666666666
WQS1392,2019,-3.1941147027672385,-1.9242804514676772,-4.285714285714283,-3.3333333333333335
WQS1391,2019,-4.8471830808387795,-2.7220920332443215,-4.285714285714295,-2.666666666666666
WQS0300,2019,-0.4824676327758857,,-11.428571428571425,-4.666666666666668
WQS0299,2019,,,-10.000000000000002,-4.000000000000001
WQS0301,2019,-0.4824676327758857,,-10.000000000000002,-6.0
WQS0298,2019,5.298501410472143,,-8.571428571428566,7.333333333333334
WQS0303,2019,0.4513183296333642,,-10.000000000000002,-4.333333333333333
WQS0279,2019,,,-7.142857142857142,-4.000000000000001
WQS0280,2019,5.0764825411394146,,-10.000000000000002,0.0
WQS0281,2019,7.200135784483624,,-10.000000000000002,0.6666666666666673
WQS0282,2019,,,-10.000000000000002,-4.000000000000001
WQS0275,2019,-7.68260341725951,,-8.571428571428566,-6.0
WQS0276,2019,0.8752667339440972,,1.4285714285714233,-5.0
WQS0290,2019,-5.329650713614663,,-7.142857142857142,-5.333333333333332
WQS0291,2019,-7.68260341725951,,-8.571428571428566,-4.666666666666668
WQS0293,2019,-14.090230912882971,,-8.571428571428566,-3.3333333333333335
WQS1307,2019,-3.9719163468946816,-0.6441964895913976,-2.8571428571428594,-2.666666666666666
WQS1306,2019,-2.835420336420731,0.4637458892532693,0.0,-8.000000000000002
WQS1365,2019,-1.0007052002844297,0.12855290571903796,-4.285714285714295,-7.333333333333334
WQS1366,2019,-4.395864751205414,-0.21352818403781276,-2.8571428571428594,-8.666666666666666
WQS1410,2019,0.22929946030063506,4.408184752608609,-4.285714285714283,-4.666666666666668
WQS1380,2019,-0.4824676327758857,-0.6441964895913976,-4.285714285714283,-3.6666666666666656
WQS1355,2019,6.218615800603048,6.946846053784182,-4.285714285714283,3.0000000000000013
WQS1379,2019,-2.1689155825443325,-0.6441964895913976,-1.4285714285714233,-1.6666666666666667
WQS1370,2019,1.8347151361362997,6.946846053784182,-7.142857142857142,0.33333333333333215
WQS1335,2019,-1.560444414784685,-0.06818756523242914,0.0,-3.3333333333333335
WQS0273,2019,8.133921746892874,,0.0,9.000000000000002
WQS0278,2019,0.6665047538763971,,-8.571428571428566,-5.0
WQS0277,2019,1.8347151361362997,,-8.571428571428566,-4.000000000000001
WQS1356,2019,6.024353114539581,6.946846053784182,-2.8571428571428594,0.33333333333333215
WQS1373,2019,-7.016098663383111,-0.6441964895913976,-1.4285714285714233,-3.3333333333333335
WQS1372,2019,1.0779767820087993,5.13251442750358,-1.4285714285714233,0.0
WQS1371,2019,-4.395864751205414,-1.0922948321738482,-1.4285714285714233,-2.333333333333334
WQS1357,2019,-1.8580640960350063,-0.06818756523242914,-2.8571428571428594,-1.6666666666666667
WQS1358,2019,3.7106870703648274,2.176337764128914,-5.714285714285719,1.999999999999999
WQS1363,2019,-3.5722071592027325,-0.06818756523242914,-2.8571428571428465,-3.3333333333333335
WQS1362,2019,-1.8580640960350063,2.176337764128914,1.4285714285714233,2.666666666666666
WQS1359,2019,-3.5722071592027325,-2.7220920332443215,-2.8571428571428594,-2.666666666666666
WQS1303,2019,13.47327823166032,6.946846053784182,0.0,13.666666666666666
WQS1300,2019,14.96549764682707,6.946846053784182,-1.4285714285714233,13.333333333333334
WQS1301,2019,17.972478728169982,6.946846053784182,0.0,14.666666666666668
WQS1302,2019,10.035556120904353,6.946846053784182,-2.8571428571428594,13.666666666666666
WQS1312,2019,-1.8580640960350063,0.5620309064547622,-1.4285714285714233,-5.0
WQS1314,2019,-1.0007052002844297,0.0,-4.285714285714283,-2.666666666666666
WQS1313,2019,-1.2749759216360468,-0.06818756523242914,-2.8571428571428465,-3.0000000000000013
WQS1397,2019,-3.9719163468946816,-0.06818756523242914,0.0,-1.3333333333333346
WQS1396,2019,6.313760220573529,1.286360581349735,-1.4285714285714233,-1.3333333333333346
WQS1291,2019,-5.329650713614663,-0.21352818403781276,0.0,-1.6666666666666667
WQS1308,2019,-1.2749759216360468,0.4637458892532693,-1.4285714285714233,-2.666666666666666
WQS1282,2019,-1.8580640960350063,-0.06818756523242914,-1.4285714285714233,1.6666666666666667
WQS1403,2019,-0.7367868227820025,0.5620309064547622,-1.4285714285714233,-1.6666666666666667
WQS1326,2019,-1.2749759216360468,-0.21352818403781276,-2.8571428571428465,0.9999999999999994
WQS1315,2019,-1.0007052002844297,0.5620309064547622,-1.4285714285714233,-3.6666666666666656
WQS1419,2019,-2.1689155825443325,0.5620309064547622,-1.4285714285714233,-2.666666666666666
WQS1409,2019,-4.8471830808387795,0.4637458892532693,-1.4285714285714233,-1.999999999999999
WQS1286,2019,-3.5722071592027325,-0.21352818403781276,-4.285714285714283,-1.6666666666666667
WQS1283,2019,-4.395864751205414,0.4637458892532693,-2.8571428571428594,-4.000000000000001
WQS1285,2019,-1.560444414784685,-0.6441964895913976,-4.285714285714295,-4.666666666666668
WQS1284,2019,-3.5722071592027325,,-7.142857142857142,-4.666666666666668
WQS1288,2019,-3.9719163468946816,-0.21352818403781276,2.8571428571428594,-2.666666666666666
WQS1289,2019,-5.329650713614663,-0.06818756523242914,-4.285714285714283,-3.3333333333333335
WQS1331,2019,-5.8478882811232085,-0.6441964895913976,-1.4285714285714233,-4.333333333333333
WQS1287,2019,-3.5722071592027325,-1.37133585966851,0.0,-4.000000000000001
WQS1330,2019,-4.395864751205414,0.5620309064547622,0.0,-3.3333333333333335
WQS1329,2019,-1.8580640960350063,0.5620309064547622,-1.4285714285714233,-4.666666666666668
WQS1408,2019,-6.407627495623464,0.5620309064547622,-4.285714285714283,-3.3333333333333335
WQS1407,2019,-1.8580640960350063,0.5620309064547622,-5.714285714285719,-2.666666666666666
WQS1381,2019,-2.1689155825443325,1.7198385820854594,-2.8571428571428465,-2.333333333333334
WQS1350,2019,-1.8580640960350063,-0.6441964895913976,-4.285714285714283,-4.000000000000001
WQS1337,2019,3.9796820411885756,4.408184752608609,1.4285714285714233,2.666666666666666
WQS1344,2019,2.9891189848037722,2.8776462577161563,0.0,1.6666666666666667
WQS1346,2019,-3.5722071592027325,-0.21352818403781276,-1.4285714285714233,0.0
WQS1294,2019,-6.407627495623464,1.1240618129095243,-2.8571428571428594,-3.6666666666666656
WQS1297,2019,-5.8478882811232085,-3.3824079569005767,-1.4285714285714233,-3.3333333333333335
WQS1298,2019,-3.5722071592027325,-2.7220920332443215,-4.285714285714295,-3.3333333333333335
WQS1348,2019,-5.8478882811232085,-3.3824079569005767,-4.285714285714295,-6.0
WQS1347,2019,-2.1689155825443325,-2.7220920332443215,-4.285714285714295,-5.333333333333332
WQS1342,2019,-2.4942303771939334,-0.6441964895913976,-4.285714285714283,-6.666666666666667
WQS1292,2019,-3.5722071592027325,-1.0922948321738482,-1.4285714285714233,-7.333333333333334
WQS1349,2019,-3.1941147027672385,-1.9242804514676772,-1.4285714285714233,-6.666666666666667
WQS1293,2019,-4.395864751205414,-0.6441964895913976,1.4285714285714233,-7.333333333333334
WQS1295,2019,-6.407627495623464,-1.9242804514676772,-1.4285714285714233,-7.333333333333334
WQS1340,2019,-3.9719163468946816,0.5620309064547622,-1.4285714285714233,-7.333333333333334
WQS1296,2019,-7.016098663383111,0.18930008719300745,-1.4285714285714233,-2.666666666666666
WQS1345,2019,2.9891189848037722,-0.21352818403781276,0.0,-0.6666666666666673
WQS1343,2019,-2.835420336420731,-0.06818756523242914,-2.8571428571428594,-5.333333333333332
WQS1341,2019,-6.407627495623464,-2.7220920332443215,-8.571428571428566,-7.333333333333334
WQS1376,2019,-7.016098663383111,-1.0922948321738482,-2.8571428571428465,-6.0
WQS1374,2019,-3.5722071592027325,-0.06818756523242914,-1.4285714285714233,-4.666666666666668
WQS1375,2019,-3.5722071592027325,-0.06818756523242914,-4.285714285714283,-5.0
WQS1332,2019,-2.1689155825443325,-1.0922948321738482,-4.285714285714283,-1.3333333333333346
WQS0626,2019,-1.560444414784685,-3.9854314332863248,-10.000000000000002,-9.666666666666668
WQS1369,2019,-6.407627495623464,-1.37133585966851,4.285714285714283,-3.0000000000000013
WQS1024,2019,2.678267498294446,,-5.714285714285719,-2.333333333333334
WQS1026,2019,4.364715448062894,,-8.571428571428566,-1.3333333333333346
WQS1016,2019,7.836302065642552,,-7.142857142857142,-0.6666666666666673
WQS1021,2019,10.772342943686354,,-5.714285714285719,0.0
WQS1014,2019,8.278112566492425,,-8.571428571428566,-0.9999999999999994
WQS0972,2019,15.365206834519016,,-5.714285714285719,4.000000000000001
WQS1018,2019,15.619526024525136,,-7.142857142857142,4.000000000000001
WQS1022,2019,4.364715448062894,,-5.714285714285719,-0.6666666666666673
WQS0970,2019,2.9891189848037722,,-7.142857142857142,-3.0000000000000013
WQS0968,2019,2.83542033642073,,-4.285714285714295,-3.0000000000000013
WQS1025,2019,2.83542033642073,,-4.285714285714295,-0.9999999999999994
WQS1015,2019,2.83542033642073,,-2.8571428571428465,-0.6666666666666673
WQS0967,2019,2.0117627444180477,,-1.4285714285714233,-3.3999999999999986
WQS1023,2019,5.406922295339032,,-4.285714285714295,0.0
WQS1017,2019,5.406922295339032,,0.0,-2.333333333333334
WQS1019,2019,5.406922295339032,,-7.142857142857142,-1.999999999999999
WQS0969,2019,3.572207159202731,,-5.714285714285719,0.33333333333333215
WQS1020,2019,5.406922295339032,,-4.285714285714295,2.333333333333334
WQS1593,2019,11.25481057646224,,-2.8571428571428465,-3.0000000000000013
WQS1600,2019,0.0,,-2.8571428571428465,0.6666666666666673
WQS1599,2019,6.858945825256826,,-1.4285714285714233,1.6666666666666667
WQS1601,2019,12.529786498098286,,-2.8571428571428465,4.000000000000001
WQS1597,2019,11.706128906095605,,-5.714285714285719,1.999999999999999
WQS1602,2019,9.694366161677557,,-2.8571428571428465,3.3333333333333335
WQS1616,2019,14.541549242516338,,-4.285714285714295,3.3333333333333335
WQS1613,2019,8.419390240041512,,-4.285714285714295,-0.6666666666666673
WQS1595,2019,9.694366161677557,,-4.285714285714295,0.0
WQS1596,2019,8.419390240041512,,-5.714285714285719,0.0
WQS1598,2019,2.0117627444180477,,-1.4285714285714233,0.6666666666666673
WQS1594,2019,11.706128906095605,,-2.8571428571428465,2.333333333333334
WQS0007,2019,-1.2749759216360468,,-2.8571428571428465,-1.999999999999999
WQS0006,2019,-1.0007052002844297,,-1.4285714285714233,-3.3333333333333335
WQS0009,2019,-1.2749759216360468,,1.4285714285714233,-0.33333333333333215
WQS0008,2019,-1.560444414784685,,0.0,-2.333333333333334
WQS0005,2019,-1.560444414784685,,-1.4285714285714233,-3.0000000000000013
WQS0294,2019,-0.4824676327758857,,-10.000000000000002,-7.333333333333334
WQS0295,2019,0.0,,-10.000000000000002,-6.666666666666667
WQS0302,2019,-1.560444414784685,,-10.000000000000002,-7.666666666666666
WQS1608,2019,0.0,,-8.571428571428566,0.33333333333333215
WQS1607,2019,16.331293117601653,,-5.714285714285719,3.666666666666667
WQS1631,2019,0.0,,-8.571428571428566,-3.0000000000000013
WQS1632,2019,4.847183080838778,,-8.571428571428566,-5.0
WQS1606,2019,0.0,,-7.142857142857142,0.0
WQS1605,2019,11.706128906095605,,-2.8571428571428465,0.33333333333333215
WQS1062,2019,9.33567179533105,,7.142857142857142,-1.999999999999999
WQS1065,2019,7.836302065642552,,7.142857142857142,0.0
WQS1064,2019,7.68260341725951,,5.714285714285719,0.0
WQS1061,2019,4.488488714492272,,7.142857142857142,-1.999999999999999
WQS1060,2019,6.681898216975081,,7.142857142857142,-1.3333333333333346
WQS1076,2019,7.0316214377769075,,5.714285714285719,0.6666666666666673
WQS1063,2019,1.65306837807154,,4.285714285714295,-4.666666666666668
WQS0936,2019,-3.5722071592027325,-12.087182706033582,-2.8571428571428465,-6.666666666666667
WQS0949,2019,-0.4824676327758857,-10.753384682092596,-2.8571428571428465,-7.333333333333334
WQS0948,2019,-3.5722071592027325,-9.222846187200144,-2.8571428571428465,-7.333333333333334
WQS1055,2019,2.352952703644846,,1.4285714285714233,-2.333333333333334
WQS1059,2019,2.0117627444180477,,4.285714285714295,-3.0000000000000013
WQS1075,2019,4.364715448062894,,7.142857142857142,-2.333333333333334
WQS1074,2019,4.610109292896951,,5.714285714285719,-3.0000000000000013
WQS1056,2019,10.772342943686354,,6.142857142857138,2.2000000000000006
WQS0853,2019,-0.4824676327758857,-11.23391828443221,-11.428571428571425,-7.333333333333334
WQS1030,2019,4.610109292896951,,2.8571428571428465,-1.3333333333333346
WQS1029,2019,13.607763280107086,,5.714285714285719,2.333333333333334
WQS0976,2019,13.933078074756688,,7.142857142857142,10.666666666666668
WQS1603,2019,4.847183080838778,,-5.714285714285719,0.6666666666666673
WQS0036,2019,9.694366161677557,,-4.285714285714295,-1.999999999999999
WQS0956,2019,3.2867386660540943,,1.4285714285714233,-0.9999999999999994
WQS1003,2019,2.0117627444180477,,4.285714285714295,-4.333333333333333
WQS1047,2019,6.122159002474825,,5.714285714285719,-0.6666666666666673
WQS1046,2019,3.846477880554349,,1.4285714285714233,-0.6666666666666673
WQS1078,2019,3.1395120283070157,,4.285714285714295,0.0
WQS1077,2019,6.500251458910318,,4.285714285714295,-0.6666666666666673
WQS1031,2019,2.9891189848037722,,5.714285714285719,-1.6666666666666667
WQS0961,2019,3.2867386660540943,,-5.714285714285719,0.0
WQS0964,2019,2.352952703644846,,-7.142857142857142,-3.0000000000000013
WQS0962,2019,3.2867386660540943,,-8.571428571428566,0.0
WQS0960,2019,2.9891189848037722,,-7.142857142857142,0.6666666666666673
WQS0963,2019,11.921315330338638,,-5.714285714285719,-0.6666666666666673
WQS1620,2019,0.0,,-7.142857142857142,1.3333333333333346
WQS1619,2019,2.0117627444180477,,-5.714285714285719,2.666666666666666
WQS0981,2019,9.08589499391791,,-4.285714285714295,7.000000000000001
WQS1006,2019,6.122159002474825,,0.0,4.666666666666667
WQS0979,2019,6.858945825256826,,2.8571428571428465,4.333333333333333
WQS0978,2019,5.406922295339032,,1.4285714285714233,4.000000000000001
WQS0977,2019,5.925159862847577,,0.0,4.666666666666667
WQS1034,2019,-0.4824676327758857,,-5.714285714285719,-2.333333333333334
WQS1033,2019,-1.0007052002844297,,-4.285714285714295,-2.333333333333334
WQS0982,2019,-0.4824676327758857,,-2.8571428571428465,-0.6666666666666673
WQS0983,2019,-1.560444414784685,,-4.285714285714283,-3.3333333333333335
WQS0676,2019,-1.560444414784685,-0.5487211675720441,-2.8571428571428465,-6.666666666666667
WQS0680,2019,1.2749759216360452,-0.5487211675720441,-1.4285714285714233,-6.333333333333335
WQS0677,2019,3.1395120283070157,-1.5305384948924519,12.857142857142861,-1.3333333333333346
WQS0678,2019,2.678267498294446,-0.5487211675720441,14.285714285714285,-0.9999999999999994
WQS0679,2019,-1.0007052002844297,-3.284122939699084,0.0,-5.333333333333332
WQS0737,2019,21.40049506777316,-2.791700579755077,1.4285714285714233,-6.666666666666667
WQS1627,2019,0.0,,0.0,3.3333333333333335
WQS1604,2019,0.0,,0.0,1.3333333333333346
WQS1621,2019,0.0,,-2.8571428571428594,-3.0000000000000013
WQS0017,2019,-1.2749759216360468,,-1.4285714285714233,-2.666666666666666
WQS0021,2019,-3.5722071592027325,,-8.571428571428566,-6.666666666666667
WQS0002,2019,-3.5722071592027325,,-8.571428571428566,-0.6666666666666673
WQS0023,2019,-6.407627495623464,,0.0,-7.333333333333334
WQS0019,2019,-5.329650713614663,,-8.571428571428566,-6.666666666666667
WQS0022,2019,-4.395864751205414,,-7.142857142857142,-6.666666666666667
WQS0020,2019,-1.0007052002844297,,-8.571428571428566,0.33333333333333215
WQS0995,2019,-1.0007052002844297,,-2.8571428571428465,-4.000000000000001
WQS0997,2019,-1.560444414784685,,-8.571428571428566,-3.3333333333333335
WQS0998,2019,-1.0007052002844297,,0.0,-2.333333333333334
WQS0996,2019,-1.0007052002844297,,-5.714285714285719,-3.0000000000000013
WQS1009,2019,17.755062035372557,,-1.4285714285714233,9.666666666666666
WQS0954,2019,11.25481057646224,,2.8571428571428465,12.666666666666666
WQS0952,2019,12.90787895453378,,-4.285714285714295,14.333333333333334
WQS1007,2019,6.858945825256826,,4.285714285714295,4.000000000000001
WQS0951,2019,6.407627495623461,,4.285714285714295,6.333333333333333
WQS1008,2019,9.08589499391791,,-1.4285714285714233,11.333333333333334
WQS0953,2019,7.28289422956756,,1.4285714285714233,8.666666666666668
WQS0663,2019,2.0117627444180477,-1.9242804514676772,0.0,-3.3333333333333335
WQS0664,2019,2.0117627444180477,-2.688346170523149,0.0,-4.333333333333333
WQS0662,2019,2.0117627444180477,-2.1263152640683867,4.285714285714295,-4.000000000000001
WQS0665,2019,2.0117627444180477,-2.1263152640683867,1.4285714285714233,-2.666666666666666
WQS0955,2019,6.858945825256826,,1.4285714285714233,1.3333333333333346
WQS0723,2019,-0.23707378794182898,-1.7065288432027412,5.714285714285719,-1.6666666666666667
WQS0673,2019,-0.7367868227820025,-1.7065288432027412,0.0,4.000000000000001
WQS0683,2019,-0.23707378794182898,-0.5487211675720441,2.8571428571428465,-1.3333333333333346
WQS0684,2019,-0.4824676327758857,-0.5487211675720441,-2.8571428571428465,-3.6666666666666656
WQS0682,2019,-1.560444414784685,-1.5305384948924519,2.8571428571428465,-0.6666666666666673
WQS0681,2019,-1.560444414784685,-1.5305384948924519,0.0,0.9999999999999994
WQS0772,2019,0.0,-1.37133585966851,-7.000000000000003,-2.333333333333334
WQS0773,2019,2.0117627444180477,-2.8276237576556293,4.285714285714295,-6.333333333333335
WQS0769,2019,0.0,-0.9685075884376897,-7.142857142857142,-5.666666666666668
WQS0756,2019,5.0764825411394146,-1.0922948321738482,-7.142857142857142,-0.9999999999999994
WQS0762,2019,0.0,-0.9685075884376897,-7.142857142857142,-2.666666666666666
WQS0758,2019,4.364715448062894,3.632625662116035,-2.8571428571428594,-4.000000000000001
WQS0755,2019,0.0,-3.284122939699084,2.8571428571428465,-6.333333333333335
WQS0767,2019,-0.4824676327758857,-1.37133585966851,-7.142857142857142,-5.0
WQS0031,2019,-0.4824676327758857,,-4.285714285714283,-1.3333333333333346
WQS0032,2019,-0.4824676327758857,,4.285714285714283,-0.6666666666666673
WQS0750,2019,2.352952703644846,5.985778849104952,-5.714285714285719,-4.000000000000001
WQS0754,2019,-0.4824676327758857,-1.0922948321738482,-4.285714285714283,-4.000000000000001
WQS0690,2019,-2.835420336420731,-5.9724691102222325,-2.8571428571428594,-0.9999999999999994
WQS0688,2019,2.352952703644846,5.003961521784543,-5.714285714285719,-4.666666666666668
WQS0689,2019,0.0,2.8776462577161563,-5.714285714285719,-5.333333333333332
WQS0692,2019,-0.4824676327758857,-1.7065288432027412,-8.571428571428566,-4.000000000000001
WQS0691,2019,-2.835420336420731,-6.710490364987283,-1.4285714285714233,-1.999999999999999
WQS1610,2019,0.0,,-2.8571428571428594,-0.33333333333333215
WQS1635,2019,16.76849841117742,,-5.714285714285719,16.666666666666668
WQS1640,2019,18.619495293884288,,-7.142857142857142,16.333333333333336
WQS1609,2019,2.678267498294446,,-1.4285714285714233,-3.0000000000000013
WQS0026,2019,-3.5722071592027325,,-8.571428571428566,-6.333333333333335
WQS0003,2019,-3.5722071592027325,,-7.142857142857142,-6.333333333333335
WQS0675,2019,0.0,-3.284122939699084,-1.4285714285714233,-6.0
WQS0734,2019,-0.4824676327758857,-3.284122939699084,0.0,-3.3333333333333335
WQS1611,2019,9.08589499391791,,-8.571428571428566,11.333333333333334
WQS0015,2019,-0.4824676327758857,,-10.000000000000002,-1.6666666666666667
WQS1647,2019,0.0,,-8.571428571428566,-4.666666666666668
WQS0991,2019,8.419390240041512,,2.8571428571428465,9.666666666666666
WQS0992,2019,9.979834654826195,,7.142857142857142,6.333333333333333
WQS0994,2019,6.407627495623461,,1.4285714285714233,7.666666666666666
WQS0993,2019,6.407627495623461,,0.0,6.0
WQS1041,2019,11.25481057646224,,0.0,4.666666666666667
WQS1072,2019,5.0764825411394146,,-1.4285714285714233,0.33333333333333215
WQS1070,2019,2.352952703644846,,-2.8571428571428465,4.000000000000001
WQS1071,2019,6.122159002474825,,0.0,3.666666666666667
WQS1032,2019,6.407627495623461,,-2.8571428571428465,5.0
WQS1036,2019,15.619526024525136,,-2.8571428571428465,14.000000000000002
WQS0987,2019,11.25481057646224,,-1.4285714285714233,13.666666666666666
WQS1038,2019,13.933078074756688,,-2.8571428571428465,13.666666666666666
WQS1037,2019,11.921315330338638,,-2.8571428571428465,12.666666666666666
WQS1040,2019,19.674200816503753,,-5.714285714285719,13.666666666666666
WQS0989,2019,14.541549242516338,,-7.142857142857142,13.666666666666666
WQS1039,2019,17.376969578937064,,-4.285714285714295,13.333333333333334
WQS0988,2019,3.572207159202731,,-4.285714285714295,0.33333333333333215
WQS1044,2019,13.266573320880289,,-2.8571428571428465,12.666666666666666
WQS1001,2019,13.607763280107086,,0.0,14.000000000000002
WQS1042,2019,15.101288457016592,,-2.8571428571428465,12.666666666666666
WQS1043,2019,3.572207159202731,,-4.285714285714295,-3.0000000000000013
WQS1000,2019,9.979834654826195,,1.4285714285714233,14.000000000000002
WQS1002,2019,12.721387716196988,,-5.714285714285719,13.666666666666666
WQS1027,2019,8.419390240041512,,1.4285714285714233,11.333333333333334
WQS0975,2019,8.419390240041512,,1.4285714285714233,11.666666666666668
WQS1028,2019,7.68260341725951,,1.4285714285714233,8.666666666666668
WQS0959,2019,6.407627495623461,,0.0,6.666666666666667
WQS0958,2019,8.760580199268308,,0.0,11.666666666666668
WQS0965,2019,7.28289422956756,,-2.8571428571428465,6.333333333333333
WQS1066,2019,6.858945825256826,,-2.8571428571428465,-1.999999999999999
WQS1068,2019,16.101993657301023,,-1.4285714285714233,8.0
WQS1069,2019,5.925159862847577,,-1.4285714285714233,7.000000000000001
WQS0030,2019,-0.7367868227820025,,-8.571428571428566,-1.3333333333333346
WQS0028,2019,-2.1689155825443325,,5.714285714285719,-2.666666666666666
WQS0027,2019,-2.835420336420731,,-5.714285714285719,-6.333333333333335
WQS0029,2019,-2.4942303771939334,,2.8571428571428594,-2.333333333333334
WQS0025,2019,-0.4824676327758857,,5.714285714285719,2.666666666666666
WQS0704,2019,-4.8471830808387795,-5.497911769685009,0.0,-4.666666666666668
WQS0667,2019,-5.329650713614663,-4.938448678327695,-2.8571428571428594,-6.666666666666667
WQS0666,2019,-1.0007052002844297,-3.103366929405917,-1.4285714285714233,-3.3333333333333335
WQS0706,2019,-1.560444414784685,-2.3023056123786763,-2.8571428571428465,-2.666666666666666
WQS0699,2019,-1.560444414784685,-3.0610769897849037,-2.8571428571428465,-3.3333333333333335
WQS0668,2019,-1.2749759216360468,-2.7220920332443215,-1.4285714285714233,-3.3333333333333335
WQS0698,2019,0.0,-3.3824079569005767,-2.8571428571428465,-0.9999999999999994
WQS0705,2019,0.0,-2.4404308273426927,-4.285714285714295,-1.6666666666666667
WQS0702,2019,-1.2749759216360468,-3.3325426601145485,-2.8571428571428465,-3.6666666666666656
WQS0709,2019,-0.4824676327758857,-2.864336518833438,-2.8571428571428465,-1.999999999999999
WQS0708,2019,-0.4824676327758857,-2.864336518833438,-2.8571428571428465,-3.3333333333333335
WQS0719,2019,-0.4824676327758857,-2.1747349844838513,-1.4285714285714233,-4.333333333333333
WQS0722,2019,-0.4824676327758857,-1.6880716013497847,-1.4285714285714233,-3.3333333333333335
WQS0720,2019,-3.5722071592027325,-4.814661434591535,-8.571428571428566,-5.666666666666668
WQS0671,2019,-2.835420336420731,-4.137387361300456,-2.8571428571428465,-5.666666666666668
WQS0721,2019,0.0,-1.6880716013497847,-2.8571428571428465,-0.9999999999999994
WQS0707,2019,-0.4824676327758857,-2.8276237576556293,-2.8571428571428465,-2.666666666666666
WQS0669,2019,-1.0007052002844297,-2.940275204201734,-2.8571428571428465,-2.666666666666666
WQS0711,2019,3.572207159202731,1.54384823377517,0.0,0.6666666666666673
WQS0696,2019,,-8.918302933170816,-8.571428571428566,-7.333333333333334
WQS1542,2019,4.488488714492272,-5.480046750278227,-1.4285714285714233,2.666666666666666
WQS1545,2019,4.847183080838778,-1.6338929041243797,-2.8571428571428465,-0.6666666666666673
WQS1538,2019,11.25481057646224,-3.191301094634779,-2.8571428571428465,14.666666666666668
WQS1555,2019,0.8752667339440972,-3.846153846153846,2.8571428571428465,0.0
WQS1548,2019,-0.7367868227820025,-4.0596820301916585,-1.4285714285714233,-2.666666666666666
WQS1543,2019,0.8752667339440972,-3.7806410026969988,2.8571428571428465,-0.33333333333333215
WQS1575,2019,-1.560444414784685,-3.7176009404348083,-1.4285714285714233,-2.333333333333334
WQS1544,2019,1.8347151361362997,-3.3824079569005767,0.0,-4.333333333333333
WQS1546,2019,-0.4824676327758857,-3.3824079569005767,0.0,-4.000000000000001
WQS1551,2019,0.0,-3.43380780904666,-2.8571428571428465,-3.6666666666666656
WQS1550,2019,5.0764825411394146,-2.1263152640683867,2.8571428571428594,7.333333333333334
WQS1552,2019,12.130077310406339,-3.284122939699084,-5.714285714285719,8.333333333333334
WQS1549,2019,3.846477880554349,-3.846153846153846,-1.4285714285714233,-1.999999999999999
WQS1541,2019,-9.243047832044192,-9.0636435519762,-7.142857142857142,-4.000000000000001
WQS1539,2019,2.678267498294446,-2.3023056123786763,-5.714285714285719,-0.6666666666666673
WQS1553,2019,-1.0007052002844297,-4.4903503357452434,-2.8571428571428465,-1.6666666666666667
WQS1554,2019,0.8752667339440972,-3.3824079569005767,-2.8571428571428594,-0.9999999999999994
WQS1540,2019,6.407627495623461,-4.137387361300456,1.4285714285714233,-0.9999999999999994
WQS1537,2019,4.847183080838778,-4.4903503357452434,7.142857142857142,11.0
WQS1547,2019,4.962772604973117,-3.7806410026969988,2.8571428571428594,3.0000000000000013
WQS1536,2019,2.352952703644846,-3.7806410026969988,1.4285714285714233,6.0
WQS0715,2019,-1.0007052002844297,-3.43380780904666,-1.4285714285714233,-2.333333333333334
WQS0774,2019,0.0,-2.864336518833438,-5.714285714285719,1.999999999999999
WQS0726,2019,-2.835420336420731,-4.137387361300456,-4.285714285714295,-1.3333333333333346
WQS0745,2019,-1.2749759216360468,-1.9242804514676772,-2.8571428571428465,-4.000000000000001
WQS0746,2019,8.060695873695005,2.4748179864853377,-7.142857142857142,1.3333333333333346
WQS0747,2019,1.0779767820087993,-1.821772010039061,-2.8571428571428465,1.999999999999999
WQS0770,2019,-0.4824676327758857,-3.103366929405917,-2.8571428571428465,-1.6666666666666667
WQS1587,2019,20.466709105363915,10.569953950023848,-7.142857142857142,9.0
WQS1592,2019,30.345923218567034,10.89426504887014,4.285714285714283,9.0
WQS1535,2019,0.8752667339440972,-7.831585279440171,7.142857142857142,0.9999999999999994
WQS0658,2019,6.858945825256826,6.723800103870002,-4.285714285714283,3.3333333333333335
WQS0660,2019,9.694366161677557,6.3209718326391835,0.0,3.3333333333333335
WQS0659,2019,13.607763280107086,14.013279524946876,2.8571428571428594,3.0000000000000013
WQS0728,2019,-1.2749759216360468,-2.7220920332443215,-4.285714285714295,-3.3333333333333335
WQS0729,2019,0.0,-2.864336518833438,-1.4285714285714233,-0.6666666666666673
WQS0775,2019,-3.5722071592027325,,-1.4285714285714233,3.0000000000000013
WQS0730,2019,-1.560444414784685,-3.103366929405917,-1.4285714285714233,-3.6666666666666656
WQS0727,2019,0.4513183296333642,-0.6441964895913976,-4.285714285714295,-1.6666666666666667
WQS0739,2019,3.846477880554349,-1.821772010039061,-2.8571428571428465,11.666666666666668
WQS0740,2019,4.1103962580567766,-2.1263152640683867,-1.4285714285714233,2.666666666666666
WQS0741,2019,0.8752667339440972,-2.3023056123786763,-5.714285714285719,0.0
WQS1586,2019,14.541549242516338,7.478779508269881,-10.000000000000002,9.0
WQS0640,2019,1.65306837807154,-4.699418267755216,0.0,4.666666666666667
WQS0655,2019,1.8347151361362997,,-10.000000000000002,-0.6666666666666673
WQS0651,2019,-9.243047832044192,,-12.857142857142861,-8.000000000000002
WQS0639,2019,8.419390240041512,,-12.857142857142861,6.666666666666667
WQS0648,2019,1.0779767820087993,-4.218884665415601,0.0,2.666666666666666
WQS0646,2019,0.0,-4.699418267755216,-11.428571428571425,-10.666666666666664
WQS0657,2019,0.8752667339440972,-4.218884665415601,0.0,2.666666666666666
WQS0656,2019,0.8752667339440972,-4.699418267755216,-1.4285714285714233,0.0
WQS0650,2019,-11.254810576462242,,-12.857142857142861,-7.666666666666666
WQS0654,2019,-1.2749759216360468,-3.9854314332863248,-11.428571428571425,-10.666666666666664
WQS0653,2019,-0.23707378794182898,-4.699418267755216,-11.428571428571425,-10.333333333333332
WQS0652,2019,-9.243047832044192,,-12.857142857142861,-8.000000000000002
WQS1413,2019,-3.1941147027672385,-0.6441964895913976,0.0,-4.666666666666668
WQS0433,2020,-9.0,-6.286584673496539,-5.714285714285719,-12.333333333333332
WQS0439,2020,-7.68260341725951,-5.480046750278227,0.0,-10.0
WQS0434,2020,-7.68260341725951,-6.286584673496539,0.0,-11.666666666666668
WQS0391,2020,-7.68260341725951,-5.667925856192907,-2.8571428571428594,-11.666666666666668
WQS0395,2020,-7.68260341725951,-5.072149087016972,-7.142857142857142,-11.666666666666668
WQS0438,2020,-7.68260341725951,-4.0596820301916585,-8.571428571428566,-11.666666666666668
WQS0390,2020,-7.68260341725951,-4.699418267755216,-8.571428571428566,-11.666666666666668
WQS0388,2020,-7.68260341725951,-5.480046750278227,-8.571428571428566,-11.333333333333336
WQS0396,2020,-7.68260341725951,-6.568245879398169,-7.142857142857142,-8.666666666666666
WQS0393,2020,-7.68260341725951,-5.770434297621524,-7.142857142857142,-11.333333333333336
WQS0394,2020,-7.68260341725951,-5.770434297621524,0.0,-10.333333333333332
WQS0397,2020,-7.68260341725951,-6.568245879398169,-4.285714285714295,-11.000000000000004
WQS0392,2020,-6.407627495623464,-3.284122939699084,1.4285714285714233,-11.666666666666668
WQS0389,2020,-7.68260341725951,-10.753384682092596,-4.285714285714295,-11.666666666666668
WQS0427,2020,-7.68260341725951,-10.753384682092596,-4.285714285714295,-12.333333333333332
WQS0435,2020,-7.68260341725951,-10.753384682092596,-4.285714285714295,-10.0
WQS0429,2020,-7.68260341725951,-11.911192357723293,-4.285714285714283,-0.6666666666666673
WQS0428,2020,-7.68260341725951,-11.911192357723293,-5.714285714285719,-12.0
WQS0443,2020,-7.68260341725951,-11.911192357723293,-4.285714285714295,-10.666666666666664
WQS0440,2020,-7.68260341725951,-11.911192357723293,0.0,-10.333333333333332
WQS0442,2020,-7.68260341725951,-11.911192357723293,-2.8571428571428465,-10.666666666666664
WQS0436,2020,-7.68260341725951,-10.753384682092596,-2.8571428571428465,-9.333333333333334
WQS0431,2020,-7.68260341725951,-5.9724691102222325,-7.142857142857142,-11.666666666666668
WQS0432,2020,-7.68260341725951,-11.911192357723293,-5.714285714285719,-13.999999999999998
WQS1435,2020,-7.68260341725951,-5.5159699281787775,-10.000000000000002,-10.333333333333332
WQS1430,2020,-5.329650713614663,-6.020888830637697,-5.714285714285719,-6.333333333333335
WQS1440,2020,-5.329650713614663,-6.020888830637697,-8.571428571428566,-5.333333333333332
WQS1439,2020,-4.8471830808387795,-4.4903503357452434,-5.714285714285719,-7.333333333333334
WQS1441,2020,-3.9719163468946816,-4.938448678327695,-5.714285714285719,-6.0
WQS1433,2020,-4.395864751205414,-4.137387361300456,-7.142857142857142,-3.6666666666666656
WQS1442,2020,-5.329650713614663,-4.137387361300456,-5.714285714285719,-4.666666666666668
WQS1436,2020,-4.8471830808387795,-3.237067338095193,-5.714285714285719,-6.0
WQS1432,2020,-5.8478882811232085,-4.137387361300456,-5.714285714285719,-6.999999999999999
WQS1443,2020,-5.8478882811232085,-4.218884665415601,-5.714285714285719,15.666666666666668
WQS1429,2020,-6.407627495623464,-4.137387361300456,-4.285714285714295,-7.666666666666666
WQS0410,2020,-7.68260341725951,-6.673777603809475,0.0,-12.66666666666667
WQS0489,2020,-9.0,-5.480046750278227,-1.4285714285714233,-13.333333333333334
WQS0531,2020,-9.0,-5.072149087016972,-1.4285714285714233,-13.333333333333334
WQS0497,2020,-7.68260341725951,-5.667925856192907,-1.4285714285714233,-9.333333333333334
WQS0503,2020,-7.68260341725951,-6.949520775559763,0.0,-10.333333333333332
WQS0493,2020,-7.68260341725951,-6.405947110957957,0.0,-10.0
WQS0502,2020,-7.68260341725951,-5.770434297621524,2.8571428571428465,-11.666666666666668
WQS0496,2020,-7.68260341725951,-6.637854425908923,-1.4285714285714233,-10.666666666666664
WQS0482,2020,-7.68260341725951,-5.9724691102222325,1.4285714285714233,-10.0
WQS0520,2020,-5.329650713614663,-5.217489705822356,-2.8571428571428465,-10.0
WQS0498,2020,-7.016098663383111,-2.1263152640683867,-1.4285714285714233,-10.666666666666664
WQS0486,2020,-7.016098663383111,-4.699418267755216,-1.4285714285714233,-11.333333333333336
WQS0484,2020,-4.395864751205414,-4.4903503357452434,-1.4285714285714233,0.0
WQS0487,2020,-7.68260341725951,-5.770434297621524,-1.4285714285714233,-10.0
WQS0504,2020,-4.395864751205414,-6.710490364987283,0.0,-11.333333333333336
WQS0481,2020,4.847183080838778,-5.217489705822356,-1.4285714285714233,-11.000000000000004
WQS0505,2020,-7.68260341725951,-5.667925856192907,-1.4285714285714233,-11.000000000000004
WQS0494,2020,-7.68260341725951,-5.217489705822356,-4.285714285714295,-9.666666666666668
WQS0491,2020,-7.68260341725951,-10.753384682092596,-4.285714285714295,-9.000000000000002
WQS0532,2020,-7.68260341725951,-4.699418267755216,1.4285714285714233,-8.333333333333334
WQS0530,2020,-6.407627495623464,-4.4903503357452434,-2.8571428571428465,-10.666666666666664
WQS0501,2020,-7.68260341725951,-7.083221184249039,-1.4285714285714233,-11.333333333333336
WQS0492,2020,-7.68260341725951,-6.825733531823603,-2.8571428571428465,-11.333333333333336
WQS0485,2020,-5.329650713614663,-2.1747349844838513,-7.142857142857142,-13.000000000000002
WQS1464,2020,-7.68260341725951,-1.37133585966851,-5.714285714285719,-13.666666666666666
WQS0500,2020,-7.68260341725951,-11.911192357723293,-8.571428571428566,-13.000000000000002
WQS1458,2020,-7.68260341725951,-3.9854314332863248,-1.4285714285714233,-6.666666666666667
WQS1449,2020,-6.407627495623464,-5.497911769685009,0.0,-8.333333333333334
WQS1459,2020,-7.68260341725951,-5.217489705822356,24.285714285714274,-10.0
WQS1452,2020,-7.68260341725951,-4.0596820301916585,4.285714285714295,-8.666666666666666
WQS1455,2020,-6.407627495623464,-3.7806410026969988,0.0,-8.000000000000002
WQS1467,2020,2.0117627444180477,-0.6441964895913976,-7.142857142857142,-4.666666666666668
WQS1466,2020,11.706128906095605,0.7850768563689423,-5.714285714285719,12.666666666666666
WQS1465,2020,13.266573320880289,2.753859013979998,-8.571428571428566,15.666666666666668
WQS1463,2020,-5.329650713614663,-1.9242804514676772,-1.4285714285714233,-0.6666666666666673
WQS1462,2020,15.365206834519016,8.15605358156096,-2.8571428571428594,15.666666666666668
WQS1451,2020,-7.68260341725951,-5.791713099929066,-2.8571428571428465,-7.666666666666666
WQS1450,2020,-7.68260341725951,-5.217489705822356,0.0,-9.666666666666668
WQS1472,2020,-7.68260341725951,-1.9455592537752198,0.0,-5.0
WQS1469,2020,-4.395864751205414,-2.8276237576556293,0.0,-4.666666666666668
WQS1468,2020,0.0,-0.6441964895913976,-7.142857142857142,-4.333333333333333
WQS1473,2020,17.755062035372557,10.569953950023848,-1.4285714285714233,15.666666666666668
WQS1454,2020,2.352952703644846,-0.2912335151466093,-4.285714285714283,3.0000000000000013
WQS1461,2020,21.824443472083896,4.8646839346520645,-8.571428571428566,15.666666666666668
WQS1460,2020,22.509621152924478,4.8646839346520645,-8.571428571428566,15.666666666666668
WQS1453,2020,10.772342943686354,6.723800103870002,-4.285714285714295,10.666666666666668
WQS1456,2020,11.25481057646224,6.3209718326391835,-5.714285714285719,15.666666666666668
WQS1470,2020,-5.329650713614663,-3.0610769897849037,0.0,-4.000000000000001
WQS1457,2020,-4.8471830808387795,-3.0610769897849037,0.0,-4.666666666666668
WQS0472,2020,-7.68260341725951,-10.753384682092596,-5.714285714285719,-6.333333333333335
WQS0422,2020,-7.68260341725951,-11.911192357723293,-7.142857142857142,-10.0
WQS0420,2020,-7.68260341725951,-10.753384682092596,-10.000000000000002,-10.333333333333332
WQS0473,2020,-7.68260341725951,-11.911192357723293,-7.142857142857142,-10.666666666666664
WQS0421,2020,-7.68260341725951,-10.753384682092596,-4.285714285714283,-9.333333333333334
WQS1446,2020,-7.68260341725951,-8.065038511569448,-10.000000000000002,-10.333333333333332
WQS1447,2020,-6.407627495623464,-5.7286730376668755,-5.714285714285719,-9.666666666666668
WQS0579,2020,-9.0,,-12.857142857142861,-8.666666666666666
WQS0575,2020,-3.5722071592027325,-9.0,-5.714285714285719,-4.000000000000001
WQS0577,2020,-9.0,,-10.000000000000002,-8.333333333333334
WQS0419,2020,-7.68260341725951,-5.9724691102222325,-2.8571428571428594,-11.666666666666668
WQS0418,2020,-7.68260341725951,-7.228561803054423,-4.285714285714283,-10.333333333333332
WQS0417,2020,-7.68260341725951,-6.90723083593875,-4.285714285714283,-9.666666666666668
WQS0409,2020,-7.68260341725951,-5.770434297621524,-7.142857142857142,-12.0
WQS0523,2020,-2.1689155825443325,-7.9835412074543,-1.4285714285714233,-2.666666666666666
WQS0479,2020,-3.5722071592027325,-6.568245879398169,-4.285714285714295,-1.999999999999999
WQS0524,2020,-0.4824676327758857,-7.905835876345505,-4.285714285714295,-2.666666666666666
WQS0525,2020,-7.68260341725951,-11.911192357723293,-8.571428571428566,-10.666666666666664
WQS0527,2020,-7.68260341725951,,1.4285714285714233,-10.666666666666664
WQS0398,2020,-7.68260341725951,-10.753384682092596,-7.142857142857142,-7.666666666666666
WQS0415,2020,-7.68260341725951,-11.911192357723293,-5.714285714285719,-12.0
WQS0526,2020,-9.0,-5.072149087016972,-1.4285714285714233,-14.666666666666668
WQS0385,2020,-7.68260341725951,-6.673777603809475,0.0,-13.999999999999998
WQS0542,2020,2.352952703644846,,2.8571428571428465,-3.6666666666666656
WQS0543,2020,4.364715448062894,,1.4285714285714233,-3.6666666666666656
WQS0545,2020,-4.395864751205414,,0.0,-4.666666666666668
WQS0550,2020,-9.0,,-5.714285714285719,-10.666666666666664
WQS0546,2020,-9.0,,-5.714285714285719,-10.0
WQS0547,2020,-9.0,,-5.714285714285719,-10.0
WQS0548,2020,-9.0,,-4.285714285714295,-11.000000000000004
WQS0556,2020,6.122159002474825,,-8.571428571428566,0.0
WQS0555,2020,-9.0,,4.285714285714295,-10.333333333333332
WQS0590,2020,-9.0,,-4.285714285714295,-9.000000000000002
WQS0586,2020,-9.0,,-2.8571428571428465,-7.666666666666666
WQS0589,2020,-1.2749759216360468,,1.4285714285714233,-0.6666666666666673
WQS0592,2020,-0.4824676327758857,,2.8571428571428465,-5.0
WQS0595,2020,7.28289422956756,,5.714285714285719,-0.6666666666666673
WQS0588,2020,-7.68260341725951,,2.8571428571428465,-7.333333333333334
WQS0591,2020,-9.0,,1.4285714285714233,-8.333333333333334
WQS0551,2020,5.722449814782877,,-8.571428571428566,11.666666666666668
WQS0557,2020,1.4665771397347491,,-5.714285714285719,3.0000000000000013
WQS0538,2020,2.5175016365832654,,-10.000000000000002,-1.6666666666666667
WQS0559,2020,0.6665047538763971,,4.285714285714295,0.9999999999999994
WQS0558,2020,0.22929946030063506,,-8.571428571428566,2.666666666666666
WQS0567,2020,-9.0,,-8.571428571428566,-4.333333333333333
WQS0565,2020,-2.835420336420731,,-10.000000000000002,0.0
WQS0560,2020,-2.4942303771939334,,-12.857142857142861,0.33333333333333215
WQS0563,2020,-1.0007052002844297,,-11.428571428571425,1.3333333333333346
WQS0566,2020,0.0,,-10.000000000000002,2.333333333333334
WQS0561,2020,0.4513183296333642,,-10.000000000000002,0.0
WQS0562,2020,-2.835420336420731,,-12.857142857142861,0.33333333333333215
WQS0564,2020,0.4513183296333642,,-11.428571428571425,-0.6666666666666673
WQS0570,2020,-9.0,,-8.571428571428566,-6.999999999999999
WQS0569,2020,-9.0,,-8.571428571428566,-6.0
WQS0568,2020,-7.016098663383111,,-8.571428571428566,-6.666666666666667
WQS0572,2020,-9.0,,-2.8571428571428465,-6.999999999999999
WQS0574,2020,-6.407627495623464,,-7.142857142857142,-4.666666666666668
WQS0571,2020,-7.68260341725951,,-8.571428571428566,-7.666666666666666
WQS0573,2020,-9.0,,-8.571428571428566,-7.666666666666666
WQS0583,2020,-7.016098663383111,,-7.142857142857142,-5.333333333333332
WQS0582,2020,-9.0,,-7.142857142857142,-6.333333333333335
WQS0584,2020,-6.407627495623464,,-8.571428571428566,-6.0
WQS0580,2020,-4.8471830808387795,,-11.428571428571425,-5.666666666666668
WQS0581,2020,-7.016098663383111,,-11.428571428571425,-2.333333333333334
WQS0593,2020,-9.0,,-10.000000000000002,-9.333333333333334
WQS0529,2020,1.65306837807154,-7.9835412074543,4.285714285714283,-0.6666666666666673
WQS1444,2020,-7.68260341725951,-3.191301094634779,0.0,-6.666666666666667
WQS0535,2020,-7.68260341725951,-10.076110608801514,-7.142857142857142,-5.0
WQS0534,2020,-7.68260341725951,-10.076110608801514,-7.142857142857142,-3.3333333333333335
WQS0510,2020,-7.68260341725951,-10.753384682092596,-4.285714285714295,-4.333333333333333
WQS0536,2020,8.419390240041512,-10.076110608801514,-7.142857142857142,-3.6666666666666656
WQS0507,2020,-7.68260341725951,-10.753384682092596,-5.714285714285719,-4.333333333333333
WQS0506,2020,-7.68260341725951,-10.753384682092596,-7.142857142857142,-3.6666666666666656
WQS0509,2020,-7.68260341725951,-10.753384682092596,-2.8571428571428465,-3.6666666666666656
WQS0533,2020,-7.68260341725951,-10.076110608801514,-8.571428571428566,-6.666666666666667
WQS0511,2020,-7.68260341725951,-6.90723083593875,-5.714285714285719,-11.666666666666668
WQS0467,2020,-7.68260341725951,-7.563754786588654,-1.4285714285714233,-12.0
WQS0468,2020,-7.68260341725951,-7.228561803054423,-4.285714285714295,-10.0
WQS0470,2020,-7.68260341725951,-7.178696506268394,-5.714285714285719,-8.333333333333334
WQS0376,2020,-7.68260341725951,-6.568245879398169,4.285714285714295,-10.0
WQS0407,2020,-7.68260341725951,-6.99290927713549,0.0,-8.333333333333334
WQS0408,2020,-4.395864751205414,-8.78460252448154,0.0,-6.999999999999999
WQS0380,2020,-1.560444414784685,-6.020888830637697,7.142857142857142,-2.666666666666666
WQS0377,2020,-3.5722071592027325,-8.660815280745382,1.4285714285714233,-2.666666666666666
WQS0412,2020,7.986695109145795,-11.911192357723293,0.0,-12.333333333333332
WQS0411,2020,-7.68260341725951,-11.911192357723293,-1.4285714285714233,-10.333333333333332
WQS0414,2020,-7.68260341725951,-11.911192357723293,-7.142857142857142,-7.333333333333334
WQS0413,2020,-7.68260341725951,-11.911192357723293,-5.714285714285719,-8.000000000000002
WQS0576,2020,-9.0,,-14.285714285714285,-8.000000000000002
WQS0382,2020,-7.68260341725951,-11.911192357723293,-8.571428571428566,-6.333333333333335
WQS0381,2020,-7.68260341725951,-11.911192357723293,-7.142857142857142,-6.0
WQS0400,2020,-7.68260341725951,-11.911192357723293,-5.714285714285719,-9.333333333333334
WQS0537,2020,4.1103962580567766,-3.914341411386275,-4.285714285714295,-7.333333333333334
WQS0401,2020,22.509621152924478,,-5.714285714285719,-6.0
WQS0423,2020,-7.68260341725951,-7.228561803054423,4.285714285714295,-9.000000000000002
WQS0402,2020,-7.68260341725951,-10.753384682092596,-5.714285714285719,-5.0
WQS0522,2020,-3.5722071592027325,,-4.285714285714295,-6.999999999999999
WQS0387,2020,-2.1689155825443325,-4.0596820301916585,-8.571428571428566,-6.666666666666667
WQS0426,2020,-1.560444414784685,-5.9724691102222325,-10.000000000000002,-6.333333333333335
WQS1445,2020,0.8752667339440972,-0.2912335151466093,-8.571428571428566,4.333333333333333
WQS1797,2020,-4.8471830808387795,-11.911192357723293,-8.571428571428566,-16.000000000000004
WQS1781,2020,-7.68260341725951,-11.911192357723293,-7.142857142857142,-13.999999999999998
WQS1779,2020,-7.68260341725951,-11.911192357723293,-7.142857142857142,-16.666666666666668
WQS1783,2020,-7.68260341725951,-11.911192357723293,-5.714285714285719,-12.66666666666667
WQS1782,2020,-7.68260341725951,-11.911192357723293,-5.714285714285719,-13.333333333333334
WQS1780,2020,-7.68260341725951,-11.911192357723293,-7.142857142857142,-16.000000000000004
WQS1788,2020,-7.68260341725951,-7.626794848850844,-1.4285714285714233,-12.66666666666667
WQS1814,2020,-7.68260341725951,-11.911192357723293,-10.000000000000002,-14.666666666666668
WQS1804,2020,2.0117627444180477,-7.387764438278365,-2.8571428571428465,-12.66666666666667
WQS1799,2020,-2.835420336420731,-5.667925856192907,-1.4285714285714233,-10.666666666666664
WQS1807,2020,-6.407627495623464,-6.229956762647668,-5.714285714285719,-10.666666666666664
WQS1800,2020,-6.407627495623464,-6.229956762647668,-7.142857142857142,-10.0
WQS1803,2020,-2.1689155825443325,-5.217489705822356,-7.142857142857142,-10.0
WQS1801,2020,2.352952703644846,1.1240618129095243,-4.285714285714283,-11.333333333333336
WQS1701,2020,-4.395864751205414,-1.0922948321738482,-11.428571428571425,-12.0
WQS1707,2020,-4.8471830808387795,-1.0922948321738482,-5.714285714285719,-10.0
WQS1664,2020,8.278112566492425,1.7198385820854594,0.0,-6.999999999999999
WQS1705,2020,-2.4942303771939334,-1.6698160820249321,-2.8571428571428465,-8.333333333333334
WQS1676,2020,-0.7367868227820025,-1.6517579235311624,-2.8571428571428594,-8.333333333333334
WQS1674,2020,-1.0007052002844297,-0.9685075884376897,-5.714285714285719,-8.666666666666666
WQS1672,2020,-1.0007052002844297,-0.6441964895913976,-5.714285714285719,-9.333333333333334
WQS1665,2020,-4.395864751205414,-3.43380780904666,-8.571428571428566,-12.66666666666667
WQS1706,2020,-1.0007052002844297,-0.2912335151466093,-1.4285714285714233,-7.333333333333334
WQS1669,2020,-0.4824676327758857,2.4748179864853377,0.0,-5.666666666666668
WQS1668,2020,0.22929946030063506,1.018530088498217,-1.4285714285714233,-4.333333333333333
WQS1662,2020,0.4513183296333642,1.1240618129095243,1.4285714285714233,-4.000000000000001
WQS1671,2020,5.188373040065574,2.176337764128914,0.2857142857142796,-4.000000000000001
WQS1698,2020,0.8752667339440972,2.753859013979998,1.2857142857142836,-3.3333333333333335
WQS1703,2020,1.65306837807154,3.5549203310072386,0.0,-3.3333333333333335
WQS1670,2020,2.678267498294446,3.9747067518728825,-1.4285714285714233,-1.999999999999999
WQS1700,2020,2.83542033642073,3.5549203310072386,0.0,-2.666666666666666
WQS1663,2020,2.352952703644846,0.3593141737009044,-4.285714285714295,-8.666666666666666
WQS1667,2020,2.0117627444180477,0.30454325402932736,-4.285714285714295,-9.333333333333334
WQS1660,2020,0.4513183296333642,-0.13927758713247856,0.0,-8.666666666666666
WQS1666,2020,-0.23707378794182898,-0.21352818403781276,0.0,-6.666666666666667
WQS1661,2020,-0.7367868227820025,0.4637458892532693,-1.4285714285714233,-6.999999999999999
WQS1697,2020,-0.23707378794182898,0.4637458892532693,0.0,-9.000000000000002
WQS1677,2020,0.6665047538763971,-0.13927758713247856,0.0,-4.666666666666668
WQS1675,2020,2.678267498294446,3.2019573565624486,2.8571428571428465,-2.666666666666666
WQS1702,2020,2.184438356938128,2.753859013979998,,-4.000000000000001
WQS1711,2020,5.406922295339032,-0.9685075884376897,1.4285714285714233,-5.0
WQS1710,2020,2.352952703644846,3.2019573565624486,2.8571428571428465,-2.666666666666666
WQS1695,2020,1.65306837807154,2.753859013979998,2.8571428571428465,-4.333333333333333
WQS1699,2020,2.678267498294446,3.7068762590213673,1.4285714285714233,-2.333333333333334
WQS1673,2020,2.5175016365832654,3.2019573565624486,4.285714285714295,-2.333333333333334
WQS0222,2020,3.9796820411885756,2.4748179864853377,5.714285714285719,-4.666666666666668
WQS0179,2020,-2.835420336420731,6.946846053784182,1.4285714285714233,-0.6666666666666673
WQS0228,2020,-2.1689155825443325,6.946846053784182,-1.4285714285714233,-1.999999999999999
WQS0180,2020,-1.560444414784685,6.946846053784182,1.4285714285714233,-1.999999999999999
WQS0181,2020,-1.8580640960350063,6.946846053784182,0.0,-1.3333333333333346
WQS0227,2020,-1.0007052002844297,6.946846053784182,-1.4285714285714233,-3.3333333333333335
WQS0209,2020,0.0,4.408184752608609,0.0,-1.999999999999999
WQS0188,2020,0.22929946030063506,6.946846053784182,0.0,-2.333333333333334
WQS0221,2020,-1.8580640960350063,6.946846053784182,-1.4285714285714233,-2.666666666666666
WQS0232,2020,0.0,6.946846053784182,-1.4285714285714233,0.0
WQS0217,2020,-1.560444414784685,6.946846053784182,0.0,-1.999999999999999
WQS0218,2020,2.0117627444180477,6.946846053784182,0.0,-1.3333333333333346
WQS0219,2020,-0.23707378794182898,6.946846053784182,-1.4285714285714233,-1.3333333333333346
WQS0224,2020,0.0,6.946846053784182,-1.4285714285714233,-1.6666666666666667
WQS0183,2020,-3.1941147027672385,6.022491610282762,0.0,-8.000000000000002
WQS0192,2020,0.0,6.022491610282762,-1.4285714285714233,-1.999999999999999
WQS0225,2020,-1.560444414784685,5.13251442750358,-1.4285714285714233,-1.3333333333333346
WQS0210,2020,-1.560444414784685,6.946846053784182,5.714285714285719,-1.3333333333333346
WQS0220,2020,0.0,6.946846053784182,-2.8571428571428465,-0.6666666666666673
WQS0186,2020,3.2867386660540943,6.946846053784182,-1.4285714285714233,14.000000000000002
WQS0191,2020,-1.8580640960350063,6.946846053784182,-1.4285714285714233,-0.6666666666666673
WQS0215,2020,-2.1689155825443325,6.946846053784182,0.0,-0.9999999999999994
WQS0223,2020,-0.7367868227820025,6.946846053784182,0.0,-2.666666666666666
WQS0184,2020,-2.835420336420731,6.946846053784182,0.0,-0.33333333333333215
WQS0211,2020,-1.560444414784685,6.946846053784182,0.0,-1.3333333333333346
WQS0190,2020,0.6665047538763971,6.946846053784182,0.0,-0.9999999999999994
WQS0185,2020,-0.23707378794182898,6.946846053784182,-2.8571428571428465,-0.33333333333333215
WQS0226,2020,-1.0007052002844297,6.946846053784182,-2.8571428571428465,0.0
WQS0229,2020,5.61884781628539,6.946846053784182,0.0,-1.6666666666666667
WQS0187,2020,-1.2749759216360468,6.946846053784182,0.0,-0.6666666666666673
WQS0213,2020,2.352952703644846,6.022491610282762,-4.285714285714295,-1.6666666666666667
WQS0178,2020,-1.8580640960350063,6.946846053784182,-1.4285714285714233,-3.6666666666666656
WQS0189,2020,0.8752667339440972,6.946846053784182,-1.4285714285714233,2.333333333333334
WQS0182,2020,-2.835420336420731,6.946846053784182,-1.4285714285714233,-3.3333333333333335
WQS0230,2020,-2.1689155825443325,6.946846053784182,-1.4285714285714233,-3.3333333333333335
WQS1709,2020,3.572207159202731,2.8776462577161563,2.8571428571428465,-2.333333333333334
WQS0620,2020,-1.0007052002844297,,0.0,8.666666666666668
WQS0619,2020,-0.4824676327758857,,-1.4285714285714233,-8.666666666666666
WQS0618,2020,-1.0007052002844297,,-1.4285714285714233,-9.333333333333334
WQS0600,2020,-0.4824676327758857,,0.0,-10.333333333333332
WQS1854,2020,3.501925090297127,6.723800103870002,4.999999999999995,-0.9999999999999994
WQS1855,2020,4.23871191307913,6.723800103870002,3.1428571428571517,0.0
WQS1856,2020,2.5175016365832654,6.3209718326391835,2.2857142857142874,0.0
WQS1875,2020,5.0764825411394146,7.99685094633702,3.571428571428571,-0.6666666666666673
WQS1886,2020,6.636926955924096,7.6241201270752645,2.000000000000008,1.3333333333333346
WQS1862,2020,5.0764825411394146,8.254338598762454,2.571428571428567,1.6666666666666667
WQS1829,2020,5.61884781628539,7.048111202716294,2.8571428571428465,1.999999999999999
WQS1864,2020,2.678267498294446,5.565992428239305,4.857142857142855,2.666666666666666
WQS1857,2020,3.572207159202731,7.048111202716294,-5.999999999999998,3.0000000000000013
WQS1861,2020,3.430929485653645,6.600012860133844,-3.571428571428571,3.666666666666667
WQS1860,2020,3.9796820411885756,6.723800103870002,-3.8571428571428505,4.333333333333333
WQS1865,2020,1.8347151361362997,5.565992428239305,-4.0000000000000036,3.666666666666667
WQS1863,2020,0.7297903169527468,3.2019573565624486,5.2857142857142865,1.3333333333333346
WQS1858,2020,2.352952703644846,3.2019573565624486,-4.571428571428575,1.6666666666666667
WQS1825,2020,-7.68260341725951,-10.753384682092596,-12.857142857142861,-19.333333333333336
WQS1822,2020,-7.68260341725951,-5.480046750278227,-8.571428571428566,-22.0
WQS1824,2020,-7.68260341725951,-9.398836535510434,-1.4285714285714233,-12.0
WQS1819,2020,-7.016098663383111,-3.3824079569005767,-8.571428571428566,-12.0
WQS1823,2020,-6.407627495623464,-7.178696506268394,-4.285714285714295,-10.666666666666664
WQS0514,2020,-2.1689155825443325,-4.4903503357452434,-4.285714285714295,-12.66666666666667
WQS0517,2020,-3.5722071592027325,-6.673777603809475,1.4285714285714233,-6.999999999999999
WQS0515,2020,-2.835420336420731,-7.563754786588654,-1.4285714285714233,-6.666666666666667
WQS0364,2020,-3.1941147027672385,-4.3948750137258905,-5.714285714285719,-13.000000000000002
WQS0366,2020,-7.68260341725951,-2.3561929756202704,-5.714285714285719,-11.000000000000004
WQS0367,2020,5.513687834715175,0.41234603710718587,-2.8571428571428465,-6.999999999999999
WQS0368,2020,3.846477880554349,4.970215659063371,-2.8571428571428465,-6.0
WQS0373,2020,5.298501410472143,3.2974326785818038,-2.8571428571428465,-6.333333333333335
WQS0369,2020,7.759874998983879,6.3209718326391835,-1.4285714285714233,-1.999999999999999
WQS0375,2020,2.678267498294446,4.970215659063371,1.4285714285714233,-5.666666666666668
WQS0374,2020,4.23871191307913,7.478779508269881,1.4285714285714233,-6.999999999999999
WQS0372,2020,4.364715448062894,6.058414788183311,1.4285714285714233,-2.666666666666666
WQS0309,2020,6.770982313320744,5.768027240840016,1.4285714285714233,-7.333333333333334
WQS0310,2020,6.770982313320744,5.768027240840016,7.142857142857142,-1.999999999999999
WQS0312,2020,20.59048237179329,14.013279524946876,-8.571428571428566,15.666666666666668
WQS0313,2020,15.365206834519016,12.002207427714806,-8.571428571428566,15.666666666666668
WQS0307,2020,25.43766545263207,13.460334933147708,-10.000000000000002,15.666666666666668
WQS1777,2020,20.831644442221048,12.662523351371062,1.4285714285714233,16.333333333333336
WQS1770,2020,19.81268072766585,6.723800103870002,-12.857142857142861,16.0
WQS0365,2020,11.706128906095605,4.900607112552613,-4.285714285714295,5.333333333333334
WQS0371,2020,20.831644442221048,12.28124845520947,1.4285714285714233,16.0
WQS1763,2020,8.419390240041512,5.890303527085598,-8.571428571428566,1.3333333333333346
WQS1774,2020,8.693660961393128,5.4422051845031465,-8.571428571428566,3.3333333333333335
WQS1776,2020,16.101993657301023,9.868645456436608,0.0,15.666666666666668
WQS1778,2020,9.694366161677557,6.022491610282762,-5.714285714285719,3.0000000000000013
WQS1775,2020,13.607763280107086,7.048111202716294,0.0,11.333333333333334
WQS1768,2020,14.827017735664974,12.002207427714806,0.0,12.0
WQS1759,2020,14.827017735664974,13.028422408995114,2.8571428571428465,4.000000000000001
WQS1771,2020,13.266573320880289,-0.9685075884376897,-8.571428571428566,8.0
WQS1761,2020,12.833878189984574,,-8.571428571428566,-0.6666666666666673
WQS1764,2020,12.211867798260823,,-7.142857142857142,-1.3333333333333346
WQS1772,2020,11.25481057646224,-4.218884665415601,-8.571428571428566,-7.666666666666666
WQS1773,2020,10.254105376177812,1.9005945923786263,-4.285714285714295,-10.333333333333332
WQS1760,2020,14.827017735664974,0.7850768563689423,-8.571428571428566,-7.666666666666666
WQS1758,2020,7.445529629317679,1.9005945923786263,-1.4285714285714233,-10.333333333333332
WQS1769,2020,-1.560444414784685,-0.2912335151466093,-1.4285714285714233,-7.666666666666666
WQS1762,2020,4.847183080838778,-0.21352818403781276,-1.4285714285714233,-11.333333333333336
WQS0512,2020,-7.016098663383111,-5.770434297621524,-4.285714285714295,1.999999999999999
WQS1818,2020,3.572207159202731,0.4637458892532693,-5.714285714285719,-12.66666666666667
WQS0456,2020,-3.9719163468946816,-7.905835876345505,-5.714285714285719,-5.666666666666668
WQS0459,2020,-2.1689155825443325,-5.791713099929066,-2.8571428571428594,-6.666666666666667
WQS0455,2020,-1.560444414784685,-7.228561803054423,-2.8571428571428594,-5.333333333333332
WQS0452,2020,-2.835420336420731,-7.2799616552005055,-4.285714285714283,-5.666666666666668
WQS0457,2020,-4.395864751205414,-5.8351016015047925,2.8571428571428465,-8.666666666666666
WQS0404,2020,-3.5722071592027325,-8.78460252448154,4.285714285714295,-4.000000000000001
WQS0405,2020,-4.395864751205414,-5.497911769685009,-8.571428571428566,-7.333333333333334
WQS0406,2020,-7.68260341725951,-8.065038511569448,-10.000000000000002,-6.999999999999999
WQS0458,2020,-7.68260341725951,-6.568245879398169,2.8571428571428465,-8.000000000000002
WQS0453,2020,-6.407627495623464,-5.9724691102222325,4.285714285714295,-8.000000000000002
WQS0451,2020,-7.016098663383111,-5.497911769685009,-10.000000000000002,-6.333333333333335
WQS0448,2020,-2.1689155825443325,-8.33650418189909,1.4285714285714233,-4.333333333333333
WQS1745,2020,19.388732323355118,,-5.714285714285719,
WQS1740,2020,19.948471537855372,,-2.8571428571428465,
WQS1742,2020,15.864919869359195,10.16712567879303,0.0,15.333333333333332
WQS1741,2020,18.937413993721748,11.47027397322911,2.8571428571428594,15.0
WQS1738,2020,14.827017735664974,12.1004924449163,-1.4285714285714233,14.333333333333334
WQS1735,2020,26.081828312127215,6.723800103870002,-7.142857142857142,15.666666666666668
WQS1746,2020,22.960939482557844,6.058414788183311,-11.428571428571425,15.666666666666668
WQS1684,2020,19.532923142954665,11.727761625654546,-4.285714285714283,
WQS1692,2020,4.364715448062894,-0.06818756523242914,-4.285714285714295,-4.666666666666668
WQS1693,2020,-0.4824676327758857,-2.3838029164938233,-4.285714285714295,-8.000000000000002
WQS1683,2020,1.8347151361362997,-1.0922948321738482,-2.8571428571428465,-6.0
WQS0831,2020,-1.8580640960350063,0.4637458892532693,-5.714285714285719,-9.333333333333334
WQS0827,2020,-6.407627495623464,-11.911192357723293,0.0,-6.333333333333335
WQS0825,2020,-5.329650713614663,-11.911192357723293,-1.4285714285714233,-6.333333333333335
WQS0784,2020,-1.560444414784685,4.408184752608609,-1.4285714285714233,-9.666666666666668
WQS0785,2020,-0.4824676327758857,3.7779662809214187,-1.4285714285714233,-4.666666666666668
WQS0828,2020,-5.329650713614663,-11.911192357723293,-7.142857142857142,-5.666666666666668
WQS0824,2020,-1.8580640960350063,-4.218884665415601,-5.714285714285719,-12.333333333333332
WQS1494,2020,-1.0007052002844297,-6.949520775559763,0.0,5.0
WQS1495,2020,-0.4824676327758857,-6.949520775559763,1.4285714285714233,6.333333333333333
WQS1475,2020,0.4513183296333642,-5.857225943385913,-2.8571428571428465,6.0
WQS1474,2020,-1.0007052002844297,-6.949520775559763,-1.4285714285714233,1.6666666666666667
WQS1476,2020,10.518023753680238,-3.914341411386275,11.428571428571438,15.666666666666668
WQS1489,2020,-2.4942303771939334,-6.949520775559763,-1.4285714285714233,-0.6666666666666673
WQS1506,2020,-2.835420336420731,-5.857225943385913,-1.4285714285714233,3.3333333333333335
WQS1487,2020,-0.7367868227820025,-5.497911769685009,-2.8571428571428465,3.3333333333333335
WQS0789,2020,4.847183080838778,-2.940275204201734,0.0,-6.0
WQS0839,2020,-2.1689155825443325,-10.753384682092596,2.8571428571428465,-6.0
WQS0838,2020,16.977260391245117,2.8776462577161563,,10.0
WQS0818,2020,-1.560444414784685,-10.753384682092596,0.0,-4.000000000000001
WQS1504,2020,-1.560444414784685,-5.857225943385913,0.0,4.333333333333333
WQS0819,2020,-2.1689155825443325,-10.753384682092596,1.4285714285714233,-6.0
WQS0817,2020,-1.560444414784685,-10.753384682092596,-5.714285714285719,-6.0
WQS0858,2020,15.101288457016592,,-8.571428571428566,14.000000000000002
WQS0859,2020,15.619526024525136,,-8.571428571428566,14.000000000000002
WQS0860,2020,10.772342943686354,,-10.000000000000002,8.666666666666668
WQS0862,2020,6.858945825256826,1.286360581349735,-1.4285714285714233,-4.000000000000001
WQS0864,2020,4.847183080838778,1.286360581349735,-2.8571428571428465,-6.666666666666667
WQS0863,2020,11.25481057646224,5.13251442750358,0.0,-3.0000000000000013
WQS0799,2020,5.925159862847577,1.286360581349735,0.0,-5.0
WQS0800,2020,2.0117627444180477,-2.559793264804111,-1.4285714285714233,-5.333333333333332
WQS0801,2020,10.772342943686354,-9.222846187200144,-8.571428571428566,-6.666666666666667
WQS1817,2020,16.977260391245117,,-1.4285714285714233,8.0
WQS1785,2020,6.770982313320744,,-5.714285714285719,6.0
WQS1784,2020,15.619526024525136,,4.285714285714283,16.0
WQS1787,2020,11.25481057646224,,-1.4285714285714233,5.333333333333334
WQS1786,2020,15.101288457016592,,-8.571428571428566,15.666666666666668
WQS1791,2020,3.430929485653645,,-2.8571428571428465,6.0
WQS1789,2020,1.2749759216360452,-5.217489705822356,-5.714285714285719,-4.000000000000001
WQS1811,2020,9.694366161677557,,4.285714285714295,8.666666666666668
WQS1793,2020,7.836302065642552,,-4.285714285714295,3.3333333333333335
WQS1816,2020,7.68260341725951,,0.0,6.666666666666667
WQS1815,2020,9.694366161677557,,5.714285714285719,8.0
WQS1808,2020,13.266573320880289,,-5.714285714285719,12.0
WQS1809,2020,8.419390240041512,,0.0,10.0
WQS1686,2020,3.572207159202731,3.2019573565624486,0.0,-3.0000000000000013
WQS1794,2020,-3.1941147027672385,3.7068762590213673,-4.285714285714283,-11.666666666666668
WQS1752,2020,-0.23707378794182898,1.9005945923786263,-5.714285714285719,-6.666666666666667
WQS1747,2020,21.720841473586404,6.466312451444567,-10.000000000000002,15.666666666666668
WQS1750,2020,8.419390240041512,6.723800103870002,-10.000000000000002,15.666666666666668
WQS1748,2020,34.882254812896484,15.946646291070147,-4.285714285714283,15.666666666666668
WQS1685,2020,4.847183080838778,2.4748179864853377,-8.571428571428566,-1.6666666666666667
WQS1796,2020,5.824539321224504,-1.9242804514676772,-8.571428571428566,4.666666666666667
WQS1691,2020,-0.7367868227820025,1.9218733946861688,-8.571428571428566,-2.333333333333334
WQS1756,2020,1.2749759216360452,-0.6441964895913976,5.714285714285719,-4.000000000000001
WQS1757,2020,12.607058079822657,5.565992428239305,-7.142857142857142,9.666666666666666
WQS1765,2020,1.8347151361362997,0.9058786419521121,-2.8571428571428465,-3.3333333333333335
WQS1754,2020,1.8347151361362997,2.753859013979998,0.0,-4.000000000000001
WQS1681,2020,-0.4824676327758857,-0.21352818403781276,1.4285714285714233,-3.6666666666666656
WQS1680,2020,2.0117627444180477,2.1943959226226837,-1.4285714285714233,3.3333333333333335
WQS1679,2020,9.979834654826195,6.600012860133844,-10.000000000000002,11.666666666666668
WQS1725,2020,2.9891189848037722,2.8776462577161563,2.8571428571428465,-3.3333333333333335
WQS1682,2020,2.5175016365832654,2.753859013979998,2.8571428571428465,-4.000000000000001
WQS1734,2020,3.430929485653645,1.2233205190875442,-2.8571428571428465,-2.666666666666666
WQS1733,2020,3.1395120283070157,1.1240618129095243,-4.285714285714295,-3.3333333333333335
WQS1726,2020,1.2749759216360452,-0.9685075884376897,1.4285714285714233,-4.666666666666668
WQS1753,2020,4.847183080838778,4.150697100183173,-11.428571428571425,-6.666666666666667
WQS1687,2020,2.9891189848037722,3.473423026892091,-5.714285714285719,-8.000000000000002
WQS1766,2020,0.4513183296333642,0.2479153431804561,-10.000000000000002,-13.333333333333334
WQS1678,2020,2.678267498294446,3.846153846153846,-10.000000000000002,-7.333333333333334
WQS1718,2020,6.681898216975081,4.359765032193145,-10.000000000000002,-6.333333333333335
WQS0235,2020,-1.2749759216360468,6.946846053784182,0.0,-2.666666666666666
WQS1689,2020,6.500251458910318,-1.9032693141542065,,-8.333333333333334
WQS1688,2020,1.0779767820087993,-0.2912335151466093,2.8571428571428594,-7.333333333333334
WQS0266,2020,-2.1689155825443325,6.946846053784182,-2.8571428571428465,-5.0
WQS0264,2020,-2.1689155825443325,6.946846053784182,-2.8571428571428465,-6.333333333333335
WQS0263,2020,-1.8580640960350063,6.022491610282762,0.0,-5.333333333333332
WQS0267,2020,-1.560444414784685,6.946846053784182,-1.4285714285714233,-4.000000000000001
WQS0265,2020,-1.2749759216360468,6.946846053784182,-2.8571428571428465,-5.666666666666668
WQS0254,2020,-0.23707378794182898,6.946846053784182,1.4285714285714233,-0.33333333333333215
WQS0269,2020,-1.560444414784685,6.946846053784182,-4.285714285714295,-5.666666666666668
WQS0268,2020,-1.8580640960350063,6.946846053784182,-2.8571428571428465,-5.0
WQS0207,2020,-1.8580640960350063,6.946846053784182,-2.8571428571428465,-3.3333333333333335
WQS0176,2020,-2.4942303771939334,5.13251442750358,-2.8571428571428465,-6.0
WQS0208,2020,-2.1689155825443325,5.13251442750358,2.8571428571428465,-4.666666666666668
WQS0206,2020,-0.4824676327758857,6.022491610282762,-2.8571428571428465,-4.333333333333333
WQS0177,2020,1.0779767820087993,6.022491610282762,0.0,-5.0
WQS0258,2020,6.122159002474825,6.946846053784182,-8.571428571428566,1.6666666666666667
WQS0257,2020,6.122159002474825,6.946846053784182,-5.714285714285719,4.666666666666667
WQS0271,2020,-2.4942303771939334,6.946846053784182,-5.714285714285719,-0.9999999999999994
WQS0259,2020,8.419390240041512,6.946846053784182,-5.714285714285719,13.0
WQS0199,2020,-1.8580640960350063,6.946846053784182,-5.714285714285719,-1.3333333333333346
WQS0173,2020,1.0779767820087993,4.408184752608609,-2.8571428571428465,-1.3333333333333346
WQS0172,2020,-1.0007052002844297,6.946846053784182,-4.285714285714283,-0.6666666666666673
WQS0196,2020,-0.23707378794182898,6.946846053784182,-8.571428571428566,5.0
WQS0198,2020,1.4665771397347491,4.408184752608609,-8.571428571428566,1.999999999999999
WQS0197,2020,-1.560444414784685,6.946846053784182,-2.8571428571428465,-1.6666666666666667
WQS0237,2020,-2.835420336420731,6.946846053784182,-7.142857142857142,-4.333333333333333
WQS0240,2020,-2.835420336420731,6.946846053784182,-5.714285714285719,-0.6666666666666673
WQS0241,2020,2.0117627444180477,6.946846053784182,-7.142857142857142,15.333333333333332
WQS0236,2020,0.4513183296333642,6.946846053784182,-5.714285714285719,5.0
WQS0242,2020,-1.560444414784685,6.946846053784182,-2.8571428571428465,-1.999999999999999
WQS0239,2020,-0.7367868227820025,6.946846053784182,-8.571428571428566,2.666666666666666
WQS0246,2020,-0.23707378794182898,6.946846053784182,-2.8571428571428465,-4.000000000000001
WQS0247,2020,-0.4824676327758857,6.946846053784182,-4.285714285714295,-1.6666666666666667
WQS0245,2020,-2.1689155825443325,6.946846053784182,-1.4285714285714233,-6.666666666666667
WQS0174,2020,0.8752667339440972,6.946846053784182,-5.714285714285719,6.666666666666667
WQS0201,2020,1.65306837807154,6.946846053784182,-2.8571428571428465,4.666666666666667
WQS0202,2020,5.722449814782877,6.946846053784182,-4.285714285714295,9.333333333333334
WQS0200,2020,1.0779767820087993,6.946846053784182,0.0,11.0
WQS0175,2020,0.0,6.946846053784182,-2.8571428571428465,2.333333333333334
WQS0203,2020,1.8347151361362997,6.946846053784182,-2.8571428571428465,1.999999999999999
WQS0205,2020,-2.4942303771939334,4.408184752608609,-7.142857142857142,0.9999999999999994
WQS0204,2020,-2.835420336420731,6.946846053784182,-8.571428571428566,0.6666666666666673
WQS0255,2020,5.925159862847577,6.946846053784182,4.285714285714283,10.666666666666668
WQS0256,2020,3.572207159202731,6.946846053784182,-5.714285714285719,12.666666666666666
WQS0260,2020,5.925159862847577,6.946846053784182,-5.714285714285719,13.666666666666666
WQS0261,2020,4.847183080838778,6.946846053784182,-4.285714285714283,15.666666666666668
WQS0171,2020,1.2749759216360452,6.946846053784182,-2.8571428571428465,-3.3333333333333335
WQS0170,2020,-2.1689155825443325,4.408184752608609,-2.8571428571428465,-1.6666666666666667
WQS0252,2020,-0.7367868227820025,6.946846053784182,-4.285714285714295,-0.6666666666666673
WQS0193,2020,0.6665047538763971,6.946846053784182,-5.714285714285719,2.333333333333334
WQS0251,2020,-0.7367868227820025,6.946846053784182,-7.142857142857142,0.0
WQS0194,2020,-0.4824676327758857,6.946846053784182,4.285714285714283,-2.666666666666666
WQS0195,2020,0.0,6.946846053784182,0.0,-0.9999999999999994
WQS0244,2020,-0.23707378794182898,5.13251442750358,-2.8571428571428465,2.333333333333334
WQS0243,2020,2.352952703644846,6.946846053784182,-11.428571428571425,3.0000000000000013
WQS0238,2020,-1.8580640960350063,6.946846053784182,-7.142857142857142,-5.333333333333332
WQS0249,2020,1.65306837807154,6.946846053784182,-2.8571428571428465,-1.6666666666666667
WQS0248,2020,2.0117627444180477,6.946846053784182,-11.428571428571425,13.0
WQS0234,2020,4.847183080838778,6.946846053784182,-7.142857142857142,13.333333333333334
WQS0788,2020,2.0117627444180477,-5.708177524185849,-5.714285714285719,-1.6666666666666667
WQS0916,2020,-3.5722071592027325,-11.911192357723293,-10.000000000000002,-6.666666666666667
WQS0925,2020,5.925159862847577,-11.911192357723293,4.285714285714283,-5.666666666666668
WQS0920,2020,-4.395864751205414,-8.241028859879735,-7.142857142857142,11.333333333333334
WQS0918,2020,-4.8471830808387795,-8.241028859879735,-5.714285714285719,-6.666666666666667
WQS0923,2020,6.770982313320744,-8.241028859879735,-5.714285714285719,-6.666666666666667
WQS0919,2020,-3.9719163468946816,-8.241028859879735,-7.142857142857142,-6.666666666666667
WQS0924,2020,-4.8471830808387795,-8.241028859879735,-5.714285714285719,-6.666666666666667
WQS0928,2020,1.0779767820087993,0.06551284345684714,-5.714285714285719,-4.000000000000001
WQS0926,2020,-2.835420336420731,-11.911192357723293,-8.571428571428566,10.666666666666668
WQS0793,2020,0.0,-6.710490364987283,-5.714285714285719,0.0
WQS0855,2020,-2.835420336420731,-11.911192357723293,1.4285714285714233,-5.0
WQS0856,2020,-2.835420336420731,-8.241028859879735,-1.4285714285714233,-5.0
WQS0911,2020,-2.1689155825443325,-5.6879304472921675,1.4285714285714233,-4.666666666666668
WQS0816,2020,-3.1941147027672385,-10.753384682092596,-7.142857142857142,-6.0
WQS0790,2020,-2.835420336420731,-10.076110608801514,-5.714285714285719,-6.999999999999999
WQS0843,2020,-3.5722071592027325,-11.911192357723293,-1.4285714285714233,-6.0
WQS0842,2020,-2.1689155825443325,-10.753384682092596,0.0,-5.666666666666668
WQS0795,2020,-4.395864751205414,-11.911192357723293,2.8571428571428465,-6.666666666666667
WQS0849,2020,-5.8478882811232085,-11.911192357723293,-8.571428571428566,-5.333333333333332
WQS0625,2020,0.4513183296333642,-4.699418267755216,0.0,-1.3333333333333346
WQS0601,2020,1.0779767820087993,-4.699418267755216,-4.285714285714283,-5.666666666666668
WQS0606,2020,-0.4824676327758857,,-7.142857142857142,-10.0
WQS0632,2020,-1.8580640960350063,,-12.857142857142861,-8.000000000000002
WQS0604,2020,-3.1941147027672385,,-11.428571428571425,-8.000000000000002
WQS0602,2020,-2.835420336420731,,-10.000000000000002,-8.000000000000002
WQS0603,2020,-5.329650713614663,,-11.428571428571425,-8.000000000000002
WQS0621,2020,2.9891189848037722,,0.0,-3.0000000000000013
WQS0605,2020,-0.23707378794182898,,-2.8571428571428594,3.666666666666667
WQS0608,2020,-0.4824676327758857,,-11.428571428571425,-7.333333333333334
WQS0636,2020,-2.1689155825443325,-4.699418267755216,-10.000000000000002,-9.333333333333334
WQS0599,2020,-3.5722071592027325,,-10.000000000000002,-8.666666666666666
WQS0615,2020,-2.835420336420731,,-10.000000000000002,-8.333333333333334
WQS0613,2020,-0.4824676327758857,-4.699418267755216,-11.428571428571425,-10.666666666666664
WQS0614,2020,-2.835420336420731,,-12.857142857142861,-8.000000000000002
WQS0609,2020,-2.4942303771939334,,-12.857142857142861,-8.000000000000002
WQS0612,2020,-3.1941147027672385,,-10.000000000000002,-8.000000000000002
WQS0597,2020,-1.560444414784685,,-12.857142857142861,-7.666666666666666
WQS0598,2020,-0.23707378794182898,,-11.428571428571425,-7.333333333333334
WQS0616,2020,-4.8471830808387795,,-10.000000000000002,-8.333333333333334
WQS0610,2020,-2.1689155825443325,,-11.428571428571425,-8.333333333333334
WQS0596,2020,-5.329650713614663,,-10.000000000000002,-8.333333333333334
WQS1848,2020,-1.1364960104739512,1.089620110398268,-5.571428571428579,-9.000000000000002
WQS1846,2020,-1.4162535951851334,0.7427869167479292,-5.8571428571428585,-9.000000000000002
WQS1850,2020,-0.7367868227820025,0.41234603710718587,-3.000000000000012,-8.333333333333334
WQS1852,2020,1.8347151361362997,1.9218733946861688,-5.142857142857134,-6.333333333333335
WQS1844,2020,-0.23707378794182898,0.4637458892532693,-4.999999999999995,-7.666666666666666
WQS1843,2020,-1.7076710525317638,0.12855290571903796,-3.9999999999999907,-7.333333333333334
WQS1845,2020,-1.1364960104739512,0.5136111860392978,-3.714285714285711,-10.0
WQS1849,2020,-1.2749759216360468,0.3593141737009044,-0.7142857142857244,-7.666666666666666
WQS1851,2020,-0.6084711677596497,0.9058786419521121,-5.142857142857134,-8.333333333333334
WQS1888,2020,-0.35869436634650764,0.4637458892532693,1.4285714285714233,-10.0
WQS1837,2020,8.023793376486305,9.635192224307332,-4.714285714285714,13.333333333333334
WQS1838,2020,6.053838781525139,6.946846053784182,-4.999999999999995,15.333333333333332
WQS1867,2020,5.243654015639793,2.8776462577161563,-3.2857142857142914,9.333333333333334
WQS1878,2020,-0.4824676327758857,2.024381836114785,-2.999999999999999,-3.3333333333333335
WQS1841,2020,0.6665047538763971,2.2122609420294665,-6.428571428571418,-0.33333333333333215
WQS0057,2020,-2.4942303771939334,-1.6880716013497847,-5.714285714285719,-6.0
WQS0059,2020,-0.4824676327758857,-3.237067338095193,-10.000000000000002,-3.6666666666666656
WQS0062,2020,-2.1689155825443325,-0.8532644216013697,-8.571428571428566,-5.333333333333332
WQS0060,2020,-3.5722071592027325,-0.9685075884376897,-5.714285714285719,-5.333333333333332
WQS0090,2020,-2.835420336420731,-0.8532644216013697,-7.142857142857142,-0.33333333333333215
WQS0093,2020,-1.0007052002844297,-1.37133585966851,-7.142857142857142,-3.6666666666666656
WQS0088,2020,-0.4824676327758857,-1.6880716013497847,-7.142857142857142,-0.6666666666666673
WQS0063,2020,-0.4824676327758857,-2.0562198021214675,-4.285714285714295,-6.0
WQS0089,2020,-1.560444414784685,-1.37133585966851,-4.285714285714283,-0.6666666666666673
WQS0087,2020,-1.0007052002844297,-2.0562198021214675,-10.000000000000002,-1.999999999999999
WQS0061,2020,-1.8580640960350063,-1.37133585966851,-7.142857142857142,-7.333333333333334
WQS0064,2020,-2.4942303771939334,-1.6880716013497847,-7.142857142857142,-1.999999999999999
WQS0096,2020,-2.1689155825443325,-1.6880716013497847,-5.714285714285719,-4.000000000000001
WQS0095,2020,-1.560444414784685,-1.6880716013497847,-5.714285714285719,-3.0000000000000013
WQS1261,2020,-1.560444414784685,,-4.285714285714295,15.333333333333332
WQS1260,2020,-1.0007052002844297,,-4.285714285714295,0.0
WQS1264,2020,5.0764825411394146,,-2.8571428571428594,12.0
WQS1263,2020,-0.23707378794182898,,-8.571428571428566,0.6666666666666673
WQS0066,2020,-2.4942303771939334,-1.37133585966851,-7.142857142857142,-2.666666666666666
WQS1275,2020,-2.4942303771939334,,-1.4285714285714233,1.999999999999999
WQS1262,2020,1.0779767820087993,,-2.8571428571428594,1.6666666666666667
WQS0100,2020,-2.4942303771939334,-2.0562198021214675,-10.000000000000002,-4.000000000000001
WQS0067,2020,-2.1689155825443325,-2.0562198021214675,-10.000000000000002,-5.333333333333332
WQS0106,2020,-2.835420336420731,-2.0562198021214675,-5.714285714285719,-1.3333333333333346
WQS0111,2020,-2.4942303771939334,-2.0562198021214675,-7.142857142857142,-0.6666666666666673
WQS0102,2020,-2.1689155825443325,-0.8532644216013697,-7.142857142857142,-5.0
WQS0103,2020,-0.4824676327758857,-1.37133585966851,-7.142857142857142,12.0
WQS0104,2020,-2.4942303771939334,-3.237067338095193,-7.142857142857142,-1.3333333333333346
WQS0068,2020,-3.1941147027672385,-3.237067338095193,-8.571428571428566,-4.000000000000001
WQS0105,2020,-2.4942303771939334,-1.6880716013497847,-5.714285714285719,-2.333333333333334
WQS0069,2020,-1.560444414784685,-2.0562198021214675,-8.571428571428566,3.0000000000000013
WQS0070,2020,-2.4942303771939334,-3.5416105921245187,-4.285714285714283,-0.33333333333333215
WQS0107,2020,-2.1689155825443325,-1.37133585966851,-5.714285714285719,-0.6666666666666673
WQS0108,2020,-3.1941147027672385,-3.237067338095193,-10.000000000000002,-1.3333333333333346
WQS0110,2020,-2.4942303771939334,-2.0562198021214675,-1.4285714285714233,0.0
WQS0147,2020,-1.0007052002844297,-1.6517579235311624,-5.714285714285719,-1.3333333333333346
WQS0149,2020,-1.560444414784685,-1.37133585966851,-10.000000000000002,-0.33333333333333215
WQS0130,2020,-1.8580640960350063,-2.0562198021214675,-7.142857142857142,-0.6666666666666673
WQS0101,2020,-1.8580640960350063,-1.6880716013497847,-4.285714285714283,-0.33333333333333215
WQS0097,2020,-1.8580640960350063,-2.079259662464496,-5.714285714285719,-0.6666666666666673
WQS0086,2020,-2.1689155825443325,-3.5416105921245187,-5.714285714285719,-0.9999999999999994
WQS0076,2020,-2.835420336420731,-2.0562198021214675,-4.285714285714295,-2.333333333333334
WQS0075,2020,-2.1689155825443325,-1.37133585966851,-4.285714285714295,-3.6666666666666656
WQS0094,2020,-3.1941147027672385,-2.0562198021214675,-5.714285714285719,-0.9999999999999994
WQS0168,2020,-3.5722071592027325,-1.6880716013497847,-4.285714285714295,-3.0000000000000013
WQS0167,2020,-3.5722071592027325,-2.0562198021214675,-7.142857142857142,-5.0
WQS1125,2020,-2.835420336420731,-5.770434297621524,-8.571428571428566,-6.666666666666667
WQS1121,2020,-3.1941147027672385,-6.568245879398169,-2.8571428571428594,-6.666666666666667
WQS1122,2020,-3.5722071592027325,-6.286584673496539,-8.571428571428566,-6.666666666666667
WQS1508,2020,-2.1689155825443325,,0.0,-11.666666666666668
WQS1265,2020,-0.23707378794182898,,0.0,-0.33333333333333215
WQS1258,2020,-0.7367868227820025,,-2.8571428571428465,-1.3333333333333346
WQS1259,2020,-0.23707378794182898,,-7.142857142857142,-1.3333333333333346
WQS1266,2020,-1.8580640960350063,,-1.4285714285714233,-1.3333333333333346
WQS1269,2020,-3.5722071592027325,,-1.4285714285714233,-1.3333333333333346
WQS1270,2020,-1.560444414784685,,-2.8571428571428465,-0.6666666666666673
WQS1277,2020,-1.8580640960350063,,-5.714285714285719,-1.3333333333333346
WQS1885,2020,-1.0007052002844297,1.1578076756306972,-4.285714285714283,-6.0
WQS1884,2020,-2.4942303771939334,1.1578076756306972,-5.714285714285719,-3.6666666666666656
WQS1501,2020,-0.23707378794182898,-2.8276237576556293,1.4285714285714233,1.999999999999999
WQS0316,2020,-1.8580640960350063,-7.387764438278365,-1.4285714285714233,12.333333333333334
WQS0867,2020,-5.8478882811232085,-11.911192357723293,2.8571428571428465,-6.0
WQS0317,2020,-7.68260341725951,-8.918302933170816,1.4285714285714233,-4.333333333333333
WQS0320,2020,-7.68260341725951,-7.228561803054423,-1.4285714285714233,-6.333333333333335
WQS0332,2020,-9.0,-10.753384682092596,-2.8571428571428465,-6.999999999999999
WQS0328,2020,-9.0,-8.918302933170816,-1.4285714285714233,-6.999999999999999
WQS0331,2020,-9.0,-8.918302933170816,-2.8571428571428465,-8.666666666666666
WQS0319,2020,-9.0,-7.626794848850844,0.0,-7.333333333333334
WQS0318,2020,7.60446844804185,-6.637854425908923,4.285714285714295,9.000000000000002
WQS0802,2020,-2.4942303771939334,-9.595577006461898,-8.571428571428566,-4.000000000000001
WQS0781,2020,-5.329650713614663,-11.911192357723293,-2.8571428571428465,-6.333333333333335
WQS0322,2020,-9.0,-6.90723083593875,-1.4285714285714233,-5.666666666666668
WQS0870,2020,-0.4824676327758857,-8.918302933170816,-5.714285714285719,-6.0
WQS0942,2020,-2.835420336420731,-9.818622956376078,-10.000000000000002,-5.0
WQS0339,2020,-9.0,-7.9835412074543,1.4285714285714233,-6.999999999999999
WQS0346,2020,-3.1941147027672385,-5.9724691102222325,-5.714285714285719,2.666666666666666
WQS0340,2020,19.388732323355118,-2.559793264804111,-7.142857142857142,15.666666666666668
WQS0349,2020,-1.2749759216360468,-4.0596820301916585,0.0,-3.3333333333333335
WQS0345,2020,-1.0007052002844297,-6.148459458532522,-5.714285714285719,-4.000000000000001
WQS0356,2020,-9.243047832044192,-10.753384682092596,-2.8571428571428465,-0.9999999999999994
WQS0355,2020,28.14931252262342,,-1.4285714285714233,15.666666666666668
WQS0344,2020,-3.1941147027672385,-6.637854425908923,-2.8571428571428465,-6.666666666666667
WQS0350,2020,22.60224511621134,,-4.285714285714295,15.666666666666668
WQS0348,2020,-2.835420336420731,-8.918302933170816,-4.285714285714295,-6.666666666666667
WQS0343,2020,-7.016098663383111,-10.753384682092596,-2.8571428571428465,0.0
WQS0351,2020,7.445529629317679,,0.0,9.000000000000002
WQS0326,2020,28.972970114626104,0.9058786419521121,-7.142857142857142,9.0
WQS0803,2020,-3.9719163468946816,-8.241028859879735,-7.000000000000003,-8.333333333333334
WQS0813,2020,-14.090230912882971,-8.241028859879735,-7.142857142857142,4.666666666666667
WQS0888,2020,-1.0007052002844297,-8.660815280745382,2.8571428571428465,-6.0
WQS0810,2020,-3.1941147027672385,-9.0636435519762,-2.8571428571428465,-6.666666666666667
WQS0891,2020,-2.835420336420731,-8.241028859879735,-2.8571428571428465,-6.666666666666667
WQS0889,2020,-5.8478882811232085,-11.911192357723293,0.0,-7.666666666666666
WQS0874,2020,-6.407627495623464,-11.911192357723293,-2.8571428571428465,-7.333333333333334
WQS0887,2020,-5.8478882811232085,-11.911192357723293,-5.714285714285719,-7.666666666666666
WQS0812,2020,-3.1941147027672385,-10.753384682092596,1.4285714285714233,-6.666666666666667
WQS0806,2020,-3.9719163468946816,-11.911192357723293,-8.571428571428566,-11.000000000000004
WQS0900,2020,-6.407627495623464,-11.911192357723293,-2.8571428571428465,-7.333333333333334
WQS0811,2020,-4.8471830808387795,4.408184752608609,-1.5714285714285632,-2.666666666666666
WQS0805,2020,-4.8471830808387795,5.222826334617131,-4.285714285714295,-1.999999999999999
WQS0901,2020,-7.016098663383111,-11.911192357723293,-1.4285714285714233,-6.999999999999999
WQS0804,2020,-6.407627495623464,-11.911192357723293,-4.285714285714295,-6.666666666666667
WQS0809,2020,-2.835420336420731,-10.076110608801514,1.4285714285714233,-6.666666666666667
WQS0808,2020,-3.5722071592027325,-6.258030757807282,2.8571428571428465,-6.666666666666667
WQS0892,2020,-3.1941147027672385,-10.076110608801514,-2.8571428571428465,-6.666666666666667
WQS0894,2020,-3.1941147027672385,-10.076110608801514,-2.8571428571428465,-6.666666666666667
WQS0814,2020,-3.9719163468946816,-8.241028859879735,-7.142857142857142,-6.999999999999999
WQS0807,2020,-5.329650713614663,4.408184752608609,-2.2857142857142874,-2.666666666666666
WQS0815,2020,-5.329650713614663,-11.911192357723293,-2.8571428571428465,-6.999999999999999
WQS0883,2020,-2.835420336420731,-10.753384682092596,-2.8571428571428465,-6.666666666666667
WQS0903,2020,-3.5722071592027325,-10.076110608801514,-5.714285714285719,-6.666666666666667
WQS0898,2020,-3.1941147027672385,-9.222846187200144,-2.8571428571428465,-6.666666666666667
WQS0909,2020,-3.5722071592027325,-12.087182706033582,-4.285714285714295,-6.666666666666667
WQS0890,2020,-7.016098663383111,-11.911192357723293,-5.714285714285719,-12.0
WQS0896,2020,-6.407627495623464,-11.911192357723293,-7.142857142857142,-12.66666666666667
WQS0878,2020,-4.8471830808387795,-11.911192357723293,-7.142857142857142,-11.666666666666668
WQS0897,2020,-5.329650713614663,-11.911192357723293,-7.142857142857142,-12.333333333333332
WQS0880,2020,-4.395864751205414,-11.911192357723293,-7.142857142857142,-10.333333333333332
WQS0876,2020,-3.9719163468946816,-11.911192357723293,-7.142857142857142,-10.666666666666664
WQS0881,2020,-4.8471830808387795,-11.911192357723293,-7.142857142857142,-12.0
WQS0875,2020,-1.560444414784685,-8.241028859879735,1.4285714285714233,-6.999999999999999
WQS0873,2020,-0.4824676327758857,-10.076110608801514,-2.8571428571428465,-6.666666666666667
WQS0882,2020,-7.016098663383111,-13.06900003335399,0.0,-7.333333333333334
WQS0895,2020,-7.016098663383111,-13.06900003335399,-4.285714285714295,-6.666666666666667
WQS0906,2020,-6.407627495623464,-13.06900003335399,-1.4285714285714233,-7.333333333333334
WQS0905,2020,-7.68260341725951,-13.06900003335399,-5.714285714285719,-7.666666666666666
WQS0908,2020,-7.016098663383111,-13.06900003335399,-2.8571428571428465,-7.333333333333334
WQS0885,2020,-6.407627495623464,-13.06900003335399,4.285714285714295,-6.333333333333335
WQS0336,2020,-7.68260341725951,-7.563754786588654,-2.8571428571428465,-3.3333333333333335
WQS0338,2020,-7.016098663383111,-7.2799616552005055,-2.8571428571428465,-6.333333333333335
WQS0335,2020,-7.68260341725951,-8.241028859879735,-7.142857142857142,-6.0
WQS0321,2020,-7.016098663383111,-6.568245879398169,-1.4285714285714233,-4.666666666666668
WQS0334,2020,-7.68260341725951,-4.4903503357452434,-4.285714285714295,4.666666666666667
WQS0791,2020,-5.329650713614663,-11.911192357723293,0.0,-6.0
WQS0865,2020,-3.5722071592027325,-4.699418267755216,2.8571428571428465,-1.999999999999999
WQS0782,2020,-3.1941147027672385,-10.753384682092596,1.4285714285714233,-6.666666666666667
WQS0943,2020,-3.1941147027672385,-9.222846187200144,1.4285714285714233,-0.33333333333333215
WQS0796,2020,-1.560444414784685,-7.178696506268394,5.714285714285719,-3.6666666666666656
WQS0847,2020,-0.4824676327758857,-7.760495257540121,1.4285714285714233,-6.666666666666667
WQS0930,2020,-4.395864751205414,-8.918302933170816,0.0,-5.333333333333332
WQS0946,2020,-6.407627495623464,-11.911192357723293,-1.4285714285714233,-6.0
WQS0944,2020,-1.560444414784685,-11.23391828443221,0.0,1.3333333333333346
WQS0945,2020,-3.1941147027672385,-10.076110608801514,-2.8571428571428465,0.6666666666666673
WQS0359,2020,-6.407627495623464,-6.405947110957957,-1.4285714285714233,-5.333333333333332
WQS0353,2020,-6.407627495623464,-8.660815280745382,-2.8571428571428465,-6.666666666666667
WQS0361,2020,-8.419390240041512,-8.33650418189909,-7.142857142857142,-5.0
WQS0357,2020,-6.407627495623464,-9.0636435519762,-7.142857142857142,-6.666666666666667
WQS0354,2020,-3.5722071592027325,-7.831585279440171,-7.142857142857142,-6.666666666666667
WQS0358,2020,-5.8478882811232085,-8.660815280745382,-1.4285714285714233,-6.666666666666667
WQS0360,2020,-1.8580640960350063,-7.831585279440171,-8.571428571428566,14.333333333333334
WQS0315,2020,-2.835420336420731,-7.9835412074543,-4.285714285714295,0.6666666666666673
WQS0314,2020,-4.395864751205414,-5.770434297621524,-4.285714285714295,-3.6666666666666656
WQS0288,2020,0.0,,-11.428571428571425,-5.0
WQS0286,2020,5.925159862847577,,-12.857142857142861,-5.333333333333332
WQS0289,2020,2.9891189848037722,,-11.428571428571425,-4.000000000000001
WQS0283,2020,-1.0007052002844297,,-12.857142857142861,-4.666666666666668
WQS0285,2020,-2.1689155825443325,,1.4285714285714233,-7.666666666666666
WQS0287,2020,-1.2749759216360468,,2.8571428571428465,-4.333333333333333
WQS0297,2020,-1.0007052002844297,,2.8571428571428465,-5.0
WQS0292,2020,-5.329650713614663,,-8.571428571428566,-4.666666666666668
WQS0284,2020,2.352952703644846,,-7.142857142857142,-5.0
WQS1316,2020,-4.8471830808387795,-2.7220920332443215,-2.8571428571428465,-8.000000000000002
WQS1395,2020,-5.329650713614663,-0.9685075884376897,-1.4285714285714233,-5.333333333333332
WQS1393,2020,-0.7367868227820025,-0.21352818403781276,0.0,-6.666666666666667
WQS1394,2020,-4.8471830808387795,-0.21352818403781276,-2.8571428571428465,-6.0
WQS1384,2020,-4.8471830808387795,-1.0922948321738482,-2.8571428571428465,-6.0
WQS1385,2020,-3.1941147027672385,-0.6441964895913976,-2.8571428571428465,-4.000000000000001
WQS1323,2020,-3.9719163468946816,-1.0922948321738482,-8.571428571428566,-6.0
WQS1390,2020,-5.329650713614663,-1.9242804514676772,-1.4285714285714233,-6.999999999999999
WQS1420,2020,-3.5722071592027325,-0.6441964895913976,-1.4285714285714233,-0.9999999999999994
WQS1318,2020,-4.395864751205414,-1.9455592537752198,-2.8571428571428465,-2.666666666666666
WQS1317,2020,-3.9719163468946816,-0.9685075884376897,-1.4285714285714233,-7.333333333333334
WQS1388,2020,-4.8471830808387795,-1.0922948321738482,0.0,-6.0
WQS1386,2020,-1.0007052002844297,-0.13927758713247856,-2.8571428571428465,-4.333333333333333
WQS1324,2020,-5.329650713614663,-3.3824079569005767,-5.714285714285719,-6.0
WQS1387,2020,-3.9719163468946816,-0.6441964895913976,-1.4285714285714233,-4.000000000000001
WQS1392,2020,-5.8478882811232085,-2.7220920332443215,-5.714285714285719,-4.666666666666668
WQS1391,2020,-1.560444414784685,-2.1263152640683867,-1.4285714285714233,-3.3333333333333335
WQS0300,2020,-3.5722071592027325,,-7.142857142857142,-8.000000000000002
WQS0299,2020,1.65306837807154,,-12.857142857142861,-4.666666666666668
WQS0301,2020,-3.5722071592027325,,-8.571428571428566,-6.999999999999999
WQS0298,2020,1.65306837807154,,-10.000000000000002,-1.6666666666666667
WQS0303,2020,-3.5722071592027325,,-8.571428571428566,-7.666666666666666
WQS0279,2020,-0.7367868227820025,,-11.428571428571425,-5.333333333333332
WQS0280,2020,-2.1689155825443325,,-8.571428571428566,-6.666666666666667
WQS0281,2020,-2.4942303771939334,,-10.000000000000002,-5.666666666666668
WQS0282,2020,-1.0007052002844297,,-11.428571428571425,-4.666666666666668
WQS0275,2020,-11.254810576462242,,-7.142857142857142,-6.666666666666667
WQS0276,2020,6.407627495623461,,0.0,-6.333333333333335
WQS0290,2020,-9.243047832044192,,-8.571428571428566,14.666666666666668
WQS0291,2020,-11.254810576462242,,-8.571428571428566,14.666666666666668
WQS0293,2020,-14.090230912882971,,-8.571428571428566,-7.333333333333334
WQS1307,2020,-4.395864751205414,-0.9685075884376897,-2.8571428571428465,-4.666666666666668
WQS1306,2020,-3.5722071592027325,-1.37133585966851,-2.8571428571428465,-8.000000000000002
WQS1365,2020,-3.5722071592027325,-0.21352818403781276,-5.714285714285719,-8.000000000000002
WQS1366,2020,-3.5722071592027325,-1.9242804514676772,-2.8571428571428465,-9.333333333333334
WQS1410,2020,1.65306837807154,3.632625662116035,0.0,-3.6666666666666656
WQS1380,2020,-3.1941147027672385,-0.06818756523242914,-2.8571428571428465,-1.3333333333333346
WQS1355,2020,3.1395120283070157,6.022491610282762,-1.4285714285714233,2.666666666666666
WQS1379,2020,-3.9719163468946816,-0.6441964895913976,-2.8571428571428465,0.9999999999999994
WQS1370,2020,1.2749759216360452,3.7779662809214187,0.0,-3.6666666666666656
WQS1335,2020,-5.8478882811232085,1.1240618129095243,0.0,-4.000000000000001
WQS0273,2020,-0.4824676327758857,,1.4285714285714233,-4.666666666666668
WQS0278,2020,2.184438356938128,,-8.571428571428566,-5.0
WQS0277,2020,5.925159862847577,,-8.571428571428566,-2.333333333333334
WQS1356,2020,2.352952703644846,6.946846053784182,-5.714285714285719,3.0000000000000013
WQS1357,2020,-5.329650713614663,2.753859013979998,-2.8571428571428465,0.9999999999999994
WQS1358,2020,-0.23707378794182898,3.2019573565624486,-7.142857142857142,-1.6666666666666667
WQS1373,2020,-5.8478882811232085,-0.6441964895913976,-1.4285714285714233,-8.000000000000002
WQS1372,2020,0.6665047538763971,1.9218733946861688,-4.285714285714295,-1.999999999999999
WQS1371,2020,-5.329650713614663,-0.6441964895913976,-4.285714285714295,-4.000000000000001
WQS1363,2020,-4.395864751205414,-1.37133585966851,-4.285714285714295,-0.6666666666666673
WQS1362,2020,-1.560444414784685,-0.21352818403781276,-4.285714285714283,1.3333333333333346
WQS1359,2020,-2.4942303771939334,-1.0922948321738482,-4.285714285714295,-2.666666666666666
WQS1303,2020,10.41364857733985,6.946846053784182,-5.714285714285719,14.666666666666668
WQS1300,2020,13.231520580855506,6.946846053784182,8.571428571428566,15.333333333333332
WQS1301,2020,10.671722402063283,6.946846053784182,11.428571428571425,16.0
WQS1302,2020,7.28289422956756,5.13251442750358,5.714285714285719,12.333333333333334
WQS1312,2020,-2.1689155825443325,1.9218733946861688,-1.4285714285714233,-1.6666666666666667
WQS1314,2020,-2.835420336420731,1.1240618129095243,-4.285714285714283,-2.666666666666666
WQS1313,2020,-2.4942303771939334,2.753859013979998,-2.8571428571428594,-0.9999999999999994
WQS1397,2020,-3.9719163468946816,1.1240618129095243,-2.8571428571428465,-3.6666666666666656
WQS1396,2020,2.9891189848037722,3.632625662116035,-2.8571428571428465,1.6666666666666667
WQS1291,2020,-5.329650713614663,-0.13927758713247856,-5.714285714285719,-2.666666666666666
WQS1308,2020,-3.1941147027672385,-1.37133585966851,-2.8571428571428465,-3.0000000000000013
WQS1282,2020,-2.4942303771939334,0.18930008719300745,-5.714285714285719,-1.999999999999999
WQS1403,2020,-3.5722071592027325,-0.6441964895913976,-1.4285714285714233,-1.3333333333333346
WQS1326,2020,-3.5722071592027325,3.632625662116035,-5.714285714285719,-0.9999999999999994
WQS1315,2020,-2.835420336420731,-0.21352818403781276,-5.714285714285719,-4.333333333333333
WQS1419,2020,-1.0007052002844297,-0.13927758713247856,-1.4285714285714233,-2.666666666666666
WQS1409,2020,-5.8478882811232085,-1.0922948321738482,0.0,-4.000000000000001
WQS1286,2020,-4.395864751205414,-1.0922948321738482,-5.714285714285719,-3.3333333333333335
WQS1283,2020,-3.5722071592027325,-0.13927758713247856,-5.714285714285719,-1.999999999999999
WQS1285,2020,-5.8478882811232085,-1.0922948321738482,-2.8571428571428465,-6.333333333333335
WQS1288,2020,-4.8471830808387795,-1.0922948321738482,-5.714285714285719,-3.0000000000000013
WQS1289,2020,-5.329650713614663,-0.6441964895913976,-2.8571428571428594,-2.666666666666666
WQS1284,2020,-3.5722071592027325,-1.9242804514676772,-2.8571428571428594,-3.3333333333333335
WQS1331,2020,-4.395864751205414,-1.9242804514676772,-4.285714285714283,-2.666666666666666
WQS1287,2020,-3.5722071592027325,-1.9242804514676772,-1.4285714285714233,-4.000000000000001
WQS1330,2020,-1.8580640960350063,-0.21352818403781276,-4.285714285714283,-1.999999999999999
WQS1329,2020,-1.560444414784685,-0.06818756523242914,-2.8571428571428594,-3.3333333333333335
WQS1408,2020,-5.8478882811232085,-1.0922948321738482,0.0,-3.3333333333333335
WQS1407,2020,-2.835420336420731,0.18930008719300745,0.0,-3.3333333333333335
WQS1381,2020,-4.395864751205414,-0.6441964895913976,-5.714285714285719,-2.666666666666666
WQS1350,2020,-4.395864751205414,-0.21352818403781276,-2.8571428571428594,-4.333333333333333
WQS1337,2020,5.188373040065574,2.753859013979998,-1.4285714285714233,7.333333333333334
WQS1344,2020,4.1103962580567766,1.1240618129095243,0.0,3.3333333333333335
WQS1346,2020,0.4513183296333642,-0.6441964895913976,-4.285714285714283,-5.666666666666668
WQS1294,2020,-5.329650713614663,-1.0922948321738482,-1.4285714285714233,-3.3333333333333335
WQS1297,2020,-6.407627495623464,-1.9242804514676772,-1.4285714285714233,-2.666666666666666
WQS1298,2020,-5.8478882811232085,-1.0922948321738482,-2.8571428571428465,0.0
WQS1348,2020,-7.016098663383111,-1.37133585966851,-4.285714285714295,-6.0
WQS1347,2020,-3.1941147027672385,-0.6441964895913976,-7.142857142857142,-6.0
WQS1342,2020,-1.560444414784685,0.4637458892532693,-5.714285714285719,-4.000000000000001
WQS1292,2020,-3.1941147027672385,-0.21352818403781276,-4.285714285714295,-2.666666666666666
WQS1349,2020,-7.016098663383111,-1.0922948321738482,-4.285714285714295,-4.666666666666668
WQS1293,2020,-1.560444414784685,-0.6441964895913976,-5.714285714285719,-4.000000000000001
WQS1295,2020,-4.395864751205414,-1.0922948321738482,-4.285714285714283,-5.0
WQS1340,2020,-3.1941147027672385,-1.0922948321738482,-2.8571428571428465,-7.333333333333334
WQS1296,2020,-3.5722071592027325,-1.9242804514676772,-7.142857142857142,-2.666666666666666
WQS1345,2020,2.0117627444180477,0.4637458892532693,-1.4285714285714233,-1.999999999999999
WQS1343,2020,-4.395864751205414,-0.06818756523242914,-5.714285714285719,-5.333333333333332
WQS1341,2020,-5.8478882811232085,-1.0922948321738482,-5.714285714285719,-4.666666666666668
WQS1376,2020,-3.5722071592027325,-1.9242804514676772,-1.4285714285714233,-6.999999999999999
WQS1374,2020,-4.395864751205414,-0.6441964895913976,-4.285714285714295,-0.6666666666666673
WQS1375,2020,-7.016098663383111,-1.0922948321738482,-2.8571428571428594,-6.666666666666667
WQS1332,2020,-3.5722071592027325,-0.6441964895913976,-4.285714285714295,-2.666666666666666
WQS0626,2020,-1.8580640960350063,-3.9854314332863248,-11.428571428571425,-9.333333333333334
WQS1369,2020,-3.5722071592027325,-1.0922948321738482,-4.285714285714283,-5.666666666666668
WQS1593,2020,13.607763280107086,,-7.142857142857142,-5.666666666666668
WQS1600,2020,0.0,,-2.8571428571428465,1.6666666666666667
WQS1599,2020,2.0117627444180477,,-2.2857142857142874,0.9999999999999994
WQS1601,2020,0.22929946030063506,,-1.4285714285714233,1.3333333333333346
WQS1597,2020,3.9796820411885756,,-1.1428571428571437,2.666666666666666
WQS1602,2020,0.0,,-1.4285714285714233,3.3333333333333335
WQS1613,2020,2.0117627444180477,,-2.000000000000008,2.666666666666666
WQS1595,2020,0.6665047538763971,,-2.8571428571428465,-0.6666666666666673
WQS1596,2020,0.4513183296333642,,-2.571428571428567,3.3333333333333335
WQS1598,2020,0.0,,-1.4285714285714233,-1.3333333333333346
WQS1594,2020,2.0117627444180477,,-2.571428571428567,0.0
WQS1616,2020,2.0117627444180477,,-2.8571428571428465,3.0000000000000013
WQS1614,2020,-0.23707378794182898,,-1.5714285714285632,-0.6666666666666673
WQS0007,2020,-2.835420336420731,,-1.4285714285714233,-4.000000000000001
WQS0006,2020,-1.0007052002844297,,-7.142857142857142,-4.000000000000001
WQS0009,2020,-2.1689155825443325,,-4.285714285714295,-4.000000000000001
WQS0008,2020,-1.0007052002844297,,-4.285714285714283,-3.0000000000000013
WQS0011,2020,-2.1689155825443325,,2.8571428571428465,-4.666666666666668
WQS0005,2020,-1.8580640960350063,,-5.714285714285719,-4.000000000000001
WQS0294,2020,-0.4824676327758857,,-11.428571428571425,-8.333333333333334
WQS0295,2020,-1.560444414784685,,-12.857142857142861,-8.000000000000002
WQS0302,2020,-0.4824676327758857,,-11.428571428571425,-8.000000000000002
WQS1608,2020,0.0,,-7.714285714285714,16.333333333333336
WQS1607,2020,0.0,,-8.571428571428566,16.333333333333336
WQS1631,2020,-0.23707378794182898,,-8.571428571428566,-3.3333333333333335
WQS1632,2020,-2.1689155825443325,,-7.142857142857142,-3.0000000000000013
WQS1606,2020,0.22929946030063506,,-2.8571428571428594,0.0
WQS1605,2020,2.0117627444180477,,0.0,0.6666666666666673
WQS0936,2020,-3.5722071592027325,-10.753384682092596,-2.8571428571428465,-6.666666666666667
WQS0948,2020,-3.9719163468946816,-9.222846187200144,-1.4285714285714233,-6.666666666666667
WQS1603,2020,4.847183080838778,,-5.714285714285719,3.666666666666667
WQS0036,2020,-1.8580640960350063,,-2.571428571428567,-1.999999999999999
WQS1620,2020,3.572207159202731,,-4.285714285714295,4.333333333333333
WQS1619,2020,2.0117627444180477,,-1.4285714285714233,1.6666666666666667
WQS0939,2020,2.0117627444180477,-3.914341411386275,-2.8571428571428465,-4.000000000000001
WQS0676,2020,-4.395864751205414,-1.6698160820249321,2.8571428571428465,-3.3333333333333335
WQS0680,2020,-1.2749759216360468,-1.6698160820249321,2.8571428571428465,-6.333333333333335
WQS0677,2020,0.8752667339440972,-1.6698160820249321,2.8571428571428465,-3.3333333333333335
WQS0678,2020,0.0,-1.6698160820249321,2.8571428571428465,-3.6666666666666656
WQS0679,2020,-2.835420336420731,-2.864336518833438,0.0,-6.666666666666667
WQS0737,2020,0.0,-2.791700579755077,-1.4285714285714233,-6.666666666666667
WQS1604,2020,0.22929946030063506,,-2.8571428571428465,-0.9999999999999994
WQS1621,2020,0.0,,-7.142857142857142,-3.0000000000000013
WQS1627,2020,2.0117627444180477,,9.14285714285715,-0.9999999999999994
WQS1625,2020,-0.4824676327758857,,-8.571428571428566,0.0
WQS0017,2020,-1.0007052002844297,,-1.4285714285714233,0.33333333333333215
WQS0021,2020,-1.560444414784685,,-1.4285714285714233,-6.0
WQS0002,2020,-2.1689155825443325,,-2.8571428571428594,-0.6666666666666673
WQS0023,2020,-2.1689155825443325,,-7.142857142857142,-7.666666666666666
WQS0019,2020,-2.1689155825443325,,-1.4285714285714233,-6.333333333333335
WQS0022,2020,-2.835420336420731,,-1.4285714285714233,-6.666666666666667
WQS0020,2020,-0.4824676327758857,,-7.142857142857142,3.3333333333333335
WQS0024,2020,-2.1689155825443325,,-1.4285714285714233,-6.666666666666667
WQS0018,2020,-1.0007052002844297,,-1.4285714285714233,-6.0
WQS0995,2020,-2.1689155825443325,,-5.714285714285719,-1.3333333333333346
WQS0997,2020,-2.835420336420731,,-4.285714285714295,-2.666666666666666
WQS0998,2020,-2.835420336420731,,0.0,-4.000000000000001
WQS0996,2020,-2.835420336420731,,-4.285714285714283,-3.3333333333333335
WQS1009,2020,14.827017735664974,,-2.8571428571428594,7.333333333333334
WQS0954,2020,7.68260341725951,,1.4285714285714233,0.0
WQS0952,2020,13.266573320880289,,-2.8571428571428465,1.6666666666666667
WQS1007,2020,10.772342943686354,,1.4285714285714233,5.0
WQS0951,2020,8.419390240041512,,0.0,5.666666666666668
WQS1008,2020,9.396746480427234,,1.4285714285714233,-0.33333333333333215
WQS0953,2020,8.419390240041512,,-1.4285714285714233,-1.6666666666666667
WQS0694,2020,0.0,-1.37133585966851,0.0,-6.0
WQS0663,2020,0.0,-1.37133585966851,0.0,-6.0
WQS0664,2020,1.0779767820087993,-2.1263152640683867,2.8571428571428465,-4.666666666666668
WQS0662,2020,0.0,-1.37133585966851,-2.8571428571428465,-6.0
WQS0665,2020,0.0,-1.2259952408631263,0.0,-6.0
WQS0955,2020,6.858945825256826,,0.0,-1.999999999999999
WQS0723,2020,-3.5722071592027325,-1.6698160820249321,4.285714285714295,-0.9999999999999994
WQS0673,2020,-2.4942303771939334,-1.7065288432027412,1.4285714285714233,-3.6666666666666656
WQS0683,2020,-0.23707378794182898,-1.7065288432027412,1.4285714285714233,-1.3333333333333346
WQS0684,2020,-4.8471830808387795,-1.7065288432027412,4.285714285714295,11.666666666666668
WQS0682,2020,-0.4824676327758857,-0.5487211675720441,4.285714285714295,-0.33333333333333215
WQS0681,2020,-0.4824676327758857,-0.5487211675720441,4.285714285714295,-0.9999999999999994
WQS0772,2020,-0.4824676327758857,-1.37133585966851,-7.142857142857142,-4.333333333333333
WQS0773,2020,0.0,-2.8276237576556293,-1.4285714285714233,-6.333333333333335
WQS0769,2020,-0.4824676327758857,-1.9032693141542065,-5.714285714285719,-7.666666666666666
WQS0756,2020,4.364715448062894,0.5620309064547622,-7.142857142857142,-3.3333333333333335
WQS0762,2020,0.4513183296333642,-0.9685075884376897,-7.142857142857142,-3.6666666666666656
WQS0758,2020,3.2867386660540943,1.1578076756306972,-4.285714285714295,-5.0
WQS0755,2020,0.0,-3.284122939699084,0.0,-6.666666666666667
WQS0767,2020,0.4513183296333642,-1.7065288432027412,-5.714285714285719,-7.666666666666666
WQS0031,2020,0.0,,-8.571428571428566,-1.3333333333333346
WQS0032,2020,-0.4824676327758857,,-5.714285714285719,-0.9999999999999994
WQS0750,2020,2.352952703644846,2.4748179864853377,-7.142857142857142,0.33333333333333215
WQS0754,2020,-0.4824676327758857,-1.9032693141542065,-4.285714285714295,-1.3333333333333346
WQS0690,2020,-2.835420336420731,-6.568245879398169,-4.285714285714283,-1.6666666666666667
WQS0688,2020,1.65306837807154,2.8776462577161563,-5.714285714285719,-1.999999999999999
WQS0689,2020,0.4513183296333642,-0.21352818403781276,-2.8571428571428465,-0.33333333333333215
WQS0692,2020,-0.4824676327758857,-1.7065288432027412,-4.285714285714295,-1.3333333333333346
WQS0691,2020,-2.835420336420731,-6.673777603809475,-2.8571428571428594,-2.333333333333334
WQS1610,2020,3.572207159202731,,-4.285714285714283,3.3333333333333335
WQS1635,2020,16.553311986934386,,-5.8571428571428585,16.333333333333336
WQS1640,2020,18.780261155595465,,-7.142857142857142,16.333333333333336
WQS1609,2020,3.572207159202731,,-8.571428571428566,0.0
WQS0026,2020,-1.560444414784685,,-1.4285714285714233,-6.999999999999999
WQS0003,2020,-1.0007052002844297,,-5.714285714285719,-6.333333333333335
WQS0675,2020,0.0,-1.37133585966851,7.142857142857142,-4.666666666666668
WQS0734,2020,0.0,-1.37133585966851,2.8571428571428465,-4.000000000000001
WQS1611,2020,9.694366161677557,,-5.714285714285719,11.666666666666668
WQS0015,2020,-0.4824676327758857,,-10.000000000000002,0.9999999999999994
WQS1647,2020,-1.560444414784685,,8.571428571428566,-3.3333333333333335
WQS0030,2020,-2.1689155825443325,,-10.000000000000002,-2.333333333333334
WQS0028,2020,0.0,,-2.8571428571428594,-1.3333333333333346
WQS0027,2020,-1.560444414784685,,-1.4285714285714233,-6.0
WQS0029,2020,-0.4824676327758857,,-5.714285714285719,-1.6666666666666667
WQS0025,2020,-0.4824676327758857,,8.571428571428566,0.9999999999999994
WQS0704,2020,-3.5722071592027325,-5.6879304472921675,-5.714285714285719,-6.333333333333335
WQS0667,2020,-2.835420336420731,-5.497911769685009,-7.142857142857142,-6.0
WQS0666,2020,-4.8471830808387795,-3.3325426601145485,-2.8571428571428465,-6.333333333333335
WQS0706,2020,-1.2749759216360468,-2.1263152640683867,-2.8571428571428465,-4.333333333333333
WQS0699,2020,-3.5722071592027325,-2.8276237576556293,-4.285714285714295,-5.666666666666668
WQS0668,2020,-2.835420336420731,-2.7220920332443215,-1.4285714285714233,-6.0
WQS0698,2020,-2.835420336420731,-2.8276237576556293,-4.285714285714295,-5.666666666666668
WQS0705,2020,-2.835420336420731,-2.4404308273426927,-4.285714285714295,-5.0
WQS0702,2020,-3.5722071592027325,-3.43380780904666,-2.8571428571428465,-5.666666666666668
WQS0709,2020,13.933078074756688,-2.940275204201734,-2.8571428571428465,-4.333333333333333
WQS0708,2020,-1.0007052002844297,-3.103366929405917,-4.285714285714295,-4.333333333333333
WQS0719,2020,-3.1941147027672385,-3.3325426601145485,-2.8571428571428465,-6.0
WQS0722,2020,-2.4942303771939334,-3.7806410026969988,-2.8571428571428465,-5.666666666666668
WQS0720,2020,-4.395864751205414,-5.497911769685009,-4.285714285714295,-6.333333333333335
WQS0670,2020,-3.5722071592027325,-5.791713099929066,-4.285714285714295,-6.666666666666667
WQS0671,2020,-2.835420336420731,-3.7176009404348083,-2.8571428571428465,-5.0
WQS0721,2020,0.0,-3.3824079569005767,-1.4285714285714233,-2.666666666666666
WQS0707,2020,-2.835420336420731,-2.7220920332443215,-1.4285714285714233,-3.3333333333333335
WQS0669,2020,-3.5722071592027325,-2.940275204201734,-1.4285714285714233,-6.0
WQS0711,2020,3.846477880554349,2.4748179864853377,-8.571428571428566,1.6666666666666667
WQS0696,2020,-23.784597074560526,-2.7220920332443215,-2.8571428571428465,-9.000000000000002
WQS1542,2020,2.0117627444180477,-6.673777603809475,1.4285714285714233,0.6666666666666673
WQS1545,2020,9.694366161677557,-3.4868396724529416,-8.571428571428566,11.333333333333334
WQS1538,2020,-2.835420336420731,-4.0596820301916585,-1.4285714285714233,-3.3333333333333335
WQS1555,2020,-2.835420336420731,-3.7806410026969988,1.4285714285714233,-1.999999999999999
WQS1548,2020,-2.835420336420731,-3.7806410026969988,4.285714285714295,-3.3333333333333335
WQS1543,2020,-1.560444414784685,-3.7806410026969988,2.8571428571428465,-2.333333333333334
WQS1575,2020,0.0,-4.137387361300456,1.4285714285714233,-3.3333333333333335
WQS1544,2020,0.0,-4.814661434591535,2.8571428571428465,-3.3333333333333335
WQS1546,2020,0.0,-3.9854314332863248,2.8571428571428465,-3.3333333333333335
WQS1551,2020,2.0117627444180477,-3.4868396724529416,-1.4285714285714233,-3.3333333333333335
WQS1550,2020,0.6665047538763971,-2.8276237576556293,-8.571428571428566,-1.6666666666666667
WQS1552,2020,0.0,-5.217489705822356,-8.571428571428566,-1.3333333333333346
WQS1549,2020,2.0117627444180477,-4.938448678327695,-4.285714285714295,-1.6666666666666667
WQS1541,2020,0.0,-5.217489705822356,-8.571428571428566,-0.33333333333333215
WQS1539,2020,5.824539321224504,-3.7806410026969988,-2.8571428571428465,1.3333333333333346
WQS1553,2020,-2.835420336420731,-5.667925856192907,0.0,-2.666666666666666
WQS1554,2020,1.2749759216360452,-4.0596820301916585,-2.8571428571428465,-1.3333333333333346
WQS1540,2020,1.2749759216360452,-4.4903503357452434,-8.571428571428566,-0.6666666666666673
WQS1537,2020,-2.835420336420731,-4.4903503357452434,0.0,-3.3333333333333335
WQS1547,2020,-2.835420336420731,-4.814661434591535,-1.4285714285714233,-3.0000000000000013
WQS0715,2020,-2.835420336420731,-3.7806410026969988,-1.4285714285714233,-5.0
WQS0674,2020,-4.395864751205414,-4.0596820301916585,-1.4285714285714233,-6.333333333333335
WQS0712,2020,-2.835420336420731,-5.217489705822356,-2.8571428571428465,-4.666666666666668
WQS0713,2020,-3.5722071592027325,-5.791713099929066,-4.285714285714295,-6.0
WQS1536,2020,14.334552950374443,-2.940275204201734,-1.4285714285714233,15.333333333333332
WQS0774,2020,-2.1689155825443325,-2.864336518833438,-10.000000000000002,-1.999999999999999
WQS0726,2020,-2.835420336420731,-4.814661434591535,-10.000000000000002,-2.666666666666666
WQS0745,2020,2.0117627444180477,-2.1263152640683867,-2.8571428571428465,0.6666666666666673
WQS0746,2020,4.847183080838778,1.018530088498217,1.4285714285714233,0.33333333333333215
WQS0747,2020,0.0,-2.7220920332443215,-4.285714285714295,-2.333333333333334
WQS0770,2020,-3.5722071592027325,-3.3824079569005767,-2.8571428571428465,-6.333333333333335
WQS1587,2020,13.607763280107086,-0.9685075884376897,0.0,9.333333333333334
WQS1592,2020,8.419390240041512,-6.202346821774117,-8.571428571428566,13.666666666666666
WQS1535,2020,0.0,-4.4903503357452434,5.714285714285719,-0.9999999999999994
WQS0658,2020,10.772342943686354,5.390002079929018,0.0,3.666666666666667
WQS0660,2020,11.706128906095605,1.018530088498217,2.8571428571428594,3.0000000000000013
WQS0659,2020,15.619526024525136,7.401074177161084,4.285714285714283,13.666666666666666
WQS0686,2020,12.130077310406339,2.6201586052907215,-5.714285714285719,3.3333333333333335
WQS0728,2020,-1.2749759216360468,-3.103366929405917,-4.285714285714295,-3.6666666666666656
WQS0729,2020,-1.2749759216360468,-3.1467554309816435,-4.285714285714295,-5.0
WQS0775,2020,-5.329650713614663,,-4.285714285714283,-0.9999999999999994
WQS0730,2020,-1.2749759216360468,-3.103366929405917,-4.285714285714295,-4.666666666666668
WQS0727,2020,1.2749759216360452,-1.821772010039061,-2.8571428571428465,0.0
WQS0739,2020,0.0,-1.6338929041243797,-4.285714285714295,-3.3333333333333335
WQS0740,2020,0.0,-0.5487211675720441,-2.8571428571428465,-2.666666666666666
WQS0741,2020,-0.4824676327758857,-1.6338929041243797,-2.8571428571428465,-2.666666666666666
WQS1586,2020,-2.835420336420731,-9.0636435519762,-1.4285714285714233,-3.3333333333333335
WQS0640,2020,4.847183080838778,-4.699418267755216,-1.4285714285714233,-1.3333333333333346
WQS0655,2020,2.0117627444180477,,-11.428571428571425,0.0
WQS0651,2020,-7.68260341725951,,-12.857142857142861,-8.333333333333334
WQS0639,2020,6.858945825256826,,-11.428571428571425,3.3333333333333335
WQS0657,2020,5.824539321224504,-4.699418267755216,2.8571428571428594,-2.333333333333334
WQS0656,2020,1.65306837807154,-4.699418267755216,-11.428571428571425,-6.999999999999999
WQS0650,2020,-7.016098663383111,,-12.857142857142861,-7.333333333333334
WQS0654,2020,-1.560444414784685,-4.699418267755216,-11.428571428571425,-8.666666666666666
WQS0653,2020,-1.2749759216360468,-4.699418267755216,-10.000000000000002,-8.666666666666666
WQS0652,2020,-7.68260341725951,,-12.857142857142861,-8.000000000000002
WQS0638,2020,-1.560444414784685,-0.21352818403781276,5.714285714285719,-1.3333333333333346
WQS1880,2020,-3.9719163468946816,3.1006922076303365,4.285714285714295,-4.666666666666668
WQS1412,2020,-4.8471830808387795,-1.37133585966851,5.714285714285719,-3.6666666666666656
WQS1413,2020,-3.5722071592027325,-0.06818756523242914,-1.4285714285714233,-3.3333333333333335
WQS1866,2020,0.0,2.2122609420294665,-2.1428571428571477,1.3333333333333346
WQS1877,2020,-0.8149217919996616,2.4748179864853377,-2.1428571428571477,-2.333333333333334
WQS0433,2021,-7.68260341725951,-5.217489705822356,-7.142857142857142,-9.666666666666668
WQS0391,2021,-7.68260341725951,-3.284122939699084,-8.571428571428566,-9.000000000000002
WQS0439,2021,-7.68260341725951,-1.6698160820249321,-5.714285714285719,-9.000000000000002
WQS0434,2021,-7.68260341725951,-4.814661434591535,-5.714285714285719,-9.333333333333334
WQS0410,2021,-7.68260341725951,-5.480046750278227,-1.4285714285714233,-9.666666666666668
WQS0395,2021,-7.68260341725951,-4.814661434591535,-5.714285714285719,-2.666666666666666
WQS0438,2021,-7.68260341725951,-1.6698160820249321,-8.571428571428566,-9.333333333333334
WQS0390,2021,-7.68260341725951,-2.559793264804111,-8.571428571428566,-8.666666666666666
WQS0388,2021,-7.68260341725951,-4.0596820301916585,-5.714285714285719,-8.333333333333334
WQS0396,2021,-7.68260341725951,-5.480046750278227,-7.142857142857142,-5.333333333333332
WQS0393,2021,-7.68260341725951,-4.814661434591535,-5.714285714285719,-10.666666666666664
WQS0394,2021,-7.68260341725951,-4.814661434591535,-7.142857142857142,-11.333333333333336
WQS0397,2021,-7.68260341725951,-5.9724691102222325,-4.285714285714295,-11.333333333333336
WQS0392,2021,-7.68260341725951,-4.4903503357452434,-1.4285714285714233,-10.333333333333332
WQS0389,2021,-7.68260341725951,-11.911192357723293,-4.285714285714295,-11.333333333333336
WQS0427,2021,-7.68260341725951,-11.911192357723293,-4.285714285714295,-12.0
WQS0435,2021,-7.68260341725951,-11.911192357723293,-5.714285714285719,-8.666666666666666
WQS0429,2021,-7.68260341725951,-11.911192357723293,-7.142857142857142,-1.6666666666666667
WQS0428,2021,-7.68260341725951,-11.911192357723293,-5.714285714285719,-7.333333333333334
WQS0443,2021,-7.68260341725951,-11.911192357723293,-7.142857142857142,-9.333333333333334
WQS0440,2021,-7.68260341725951,-11.911192357723293,-5.714285714285719,-9.000000000000002
WQS0442,2021,-7.68260341725951,-11.911192357723293,-7.142857142857142,-9.333333333333334
WQS0436,2021,-7.68260341725951,-11.911192357723293,-5.714285714285719,-9.333333333333334
WQS0431,2021,-7.68260341725951,-5.217489705822356,-2.8571428571428465,-8.333333333333334
WQS1430,2021,-6.407627495623464,-4.814661434591535,-2.8571428571428465,-6.333333333333335
WQS1440,2021,-4.8471830808387795,-4.938448678327695,0.0,-6.666666666666667
WQS1439,2021,-4.395864751205414,-4.938448678327695,-1.4285714285714233,-6.999999999999999
WQS1441,2021,-3.9719163468946816,-4.938448678327695,-4.285714285714295,-6.0
WQS1433,2021,-3.5722071592027325,-4.4903503357452434,-4.285714285714295,-4.333333333333333
WQS1443,2021,-5.8478882811232085,-4.938448678327695,-2.8571428571428465,-6.999999999999999
WQS1429,2021,-5.329650713614663,-3.7806410026969988,-7.142857142857142,-7.333333333333334
WQS1436,2021,-3.9719163468946816,-4.137387361300456,-5.714285714285719,-5.333333333333332
WQS1432,2021,-5.329650713614663,-4.4903503357452434,-4.285714285714295,-6.666666666666667
WQS1442,2021,-4.8471830808387795,-4.218884665415601,-4.285714285714295,-6.333333333333335
WQS0489,2021,-7.68260341725951,-11.911192357723293,-12.857142857142861,-14.333333333333336
WQS0531,2021,-7.68260341725951,-9.818622956376078,-8.571428571428566,-13.666666666666666
WQS0497,2021,-5.329650713614663,,-1.4285714285714233,-12.66666666666667
WQS0503,2021,-7.68260341725951,,-1.4285714285714233,-12.66666666666667
WQS0493,2021,-7.68260341725951,-3.914341411386275,-1.4285714285714233,-13.000000000000002
WQS0502,2021,-7.68260341725951,,-2.8571428571428465,-12.333333333333332
WQS0496,2021,-7.68260341725951,-3.914341411386275,-1.4285714285714233,-12.333333333333332
WQS0482,2021,-7.68260341725951,-5.770434297621524,-1.4285714285714233,-12.333333333333332
WQS0520,2021,-7.68260341725951,,-1.4285714285714233,-12.333333333333332
WQS0483,2021,-7.68260341725951,-5.217489705822356,-2.8571428571428465,-12.333333333333332
WQS0498,2021,-7.68260341725951,,-2.8571428571428465,-11.666666666666668
WQS0486,2021,-7.68260341725951,,0.0,-12.0
WQS0484,2021,-6.407627495623464,,-4.285714285714295,-12.0
WQS0487,2021,-7.68260341725951,-3.284122939699084,-4.285714285714295,-11.666666666666668
WQS0504,2021,-7.68260341725951,,0.0,-12.0
WQS0481,2021,-7.68260341725951,,-1.4285714285714233,-11.333333333333336
WQS0532,2021,-7.68260341725951,-4.137387361300456,-2.8571428571428465,-11.000000000000004
WQS0530,2021,-7.68260341725951,-2.559793264804111,-4.285714285714295,-10.666666666666664
WQS0501,2021,-7.68260341725951,,-2.8571428571428465,-13.000000000000002
WQS0492,2021,-7.68260341725951,,-4.285714285714295,-13.000000000000002
WQS0485,2021,-2.835420336420731,3.473423026892091,-8.571428571428566,-13.333333333333334
WQS0505,2021,-7.68260341725951,-5.770434297621524,-5.714285714285719,-10.666666666666664
WQS0494,2021,-7.68260341725951,-4.814661434591535,-7.142857142857142,-11.666666666666668
WQS0491,2021,-7.68260341725951,-11.911192357723293,-7.142857142857142,-10.666666666666664
WQS1464,2021,-2.835420336420731,5.13251442750358,-8.571428571428566,-13.000000000000002
WQS1458,2021,-7.68260341725951,-3.3824079569005767,1.4285714285714233,-7.666666666666666
WQS1449,2021,-7.68260341725951,-3.7806410026969988,8.571428571428566,-11.666666666666668
WQS1459,2021,-7.68260341725951,-4.4903503357452434,8.571428571428566,-12.0
WQS1452,2021,-1.0007052002844297,-3.0610769897849037,12.857142857142861,0.9999999999999994
WQS1455,2021,-7.68260341725951,-2.864336518833438,5.714285714285719,-9.666666666666668
WQS1467,2021,1.0779767820087993,-1.0922948321738482,-7.142857142857142,0.0
WQS1466,2021,13.266573320880289,-0.2912335151466093,-4.285714285714295,15.666666666666668
WQS1465,2021,16.101993657301023,1.018530088498217,-10.000000000000002,15.666666666666668
WQS1463,2021,-5.329650713614663,-0.6441964895913976,2.8571428571428465,-1.3333333333333346
WQS1462,2021,20.831644442221048,11.603974381918388,-7.142857142857142,15.666666666666668
WQS1451,2021,-7.68260341725951,-5.791713099929066,-1.4285714285714233,-5.333333333333332
WQS1450,2021,-7.68260341725951,-3.9854314332863248,8.571428571428566,-12.66666666666667
WQS1472,2021,-7.68260341725951,-0.6441964895913976,5.714285714285719,-3.0000000000000013
WQS1469,2021,-7.68260341725951,-1.0922948321738482,-2.8571428571428465,-5.666666666666668
WQS1468,2021,0.4513183296333642,0.06551284345684714,-2.8571428571428465,2.333333333333334
WQS1473,2021,21.824443472083896,13.258300120546997,-5.714285714285719,15.666666666666668
WQS1454,2021,5.0764825411394146,0.06551284345684714,-5.714285714285719,3.0000000000000013
WQS1461,2021,23.38488788686858,7.048111202716294,-8.571428571428566,15.666666666666668
WQS1460,2021,23.784597074560526,7.048111202716294,-10.000000000000002,15.666666666666668
WQS1453,2021,18.11375640171907,8.598186334259802,-4.285714285714283,15.666666666666668
WQS1456,2021,14.541549242516338,8.816369505217217,-7.142857142857142,15.666666666666668
WQS1470,2021,-1.560444414784685,-1.9455592537752198,-2.8571428571428465,1.999999999999999
WQS1457,2021,-1.0007052002844297,-1.37133585966851,-1.4285714285714233,1.6666666666666667
WQS0579,2021,-1.560444414784685,,1.4285714285714233,-3.6666666666666656
WQS0576,2021,-7.68260341725951,,-5.714285714285719,-7.333333333333334
WQS0577,2021,-7.68260341725951,,-4.285714285714295,-4.666666666666668
WQS0472,2021,-7.68260341725951,-11.911192357723293,-8.571428571428566,-1.3333333333333346
WQS0422,2021,-7.68260341725951,-11.911192357723293,-7.142857142857142,-11.333333333333336
WQS0420,2021,-7.68260341725951,-11.911192357723293,-8.571428571428566,-10.666666666666664
WQS0473,2021,-7.68260341725951,-11.911192357723293,-8.571428571428566,-11.333333333333336
WQS0421,2021,-7.68260341725951,-11.911192357723293,-7.142857142857142,-11.000000000000004
WQS0475,2021,-7.68260341725951,-11.911192357723293,-8.571428571428566,-11.000000000000004
WQS0474,2021,-7.68260341725951,-11.911192357723293,-7.142857142857142,-11.000000000000004
WQS1447,2021,-7.016098663383111,-6.710490364987283,-2.8571428571428465,-6.0
WQS0419,2021,-7.68260341725951,-6.148459458532522,-2.8571428571428594,-7.333333333333334
WQS0418,2021,-7.68260341725951,-6.673777603809475,-2.8571428571428465,-8.333333333333334
WQS0417,2021,-7.68260341725951,-6.148459458532522,-2.8571428571428465,-8.000000000000002
WQS0409,2021,-7.68260341725951,-5.072149087016972,-7.142857142857142,-9.666666666666668
WQS0523,2021,-2.1689155825443325,-7.503007605114686,-2.8571428571428465,-5.0
WQS0479,2021,1.65306837807154,-6.568245879398169,0.0,-5.0
WQS0524,2021,0.8752667339440972,-6.949520775559763,0.0,-5.333333333333332
WQS0480,2021,-1.0007052002844297,-6.568245879398169,-2.8571428571428465,0.6666666666666673
WQS0478,2021,16.101993657301023,-4.4903503357452434,-4.285714285714295,5.0
WQS0477,2021,0.6665047538763971,-5.9724691102222325,-1.4285714285714233,-3.3333333333333335
WQS1448,2021,16.553311986934386,4.900607112552613,-8.571428571428566,3.0000000000000013
WQS0525,2021,-7.68260341725951,-11.911192357723293,-10.000000000000002,-10.0
WQS0527,2021,-7.68260341725951,-1.6698160820249321,1.4285714285714233,-10.0
WQS0398,2021,-7.68260341725951,-11.911192357723293,-8.571428571428566,-1.6666666666666667
WQS0415,2021,-7.68260341725951,-11.911192357723293,-5.714285714285719,-11.666666666666668
WQS0526,2021,-7.68260341725951,-9.398836535510434,-11.428571428571425,-14.666666666666668
WQS0385,2021,-7.68260341725951,-5.217489705822356,0.0,-13.000000000000002
WQS0542,2021,0.4513183296333642,,2.8571428571428465,-4.333333333333333
WQS0543,2021,1.65306837807154,,4.285714285714295,-4.000000000000001
WQS0545,2021,-4.395864751205414,,1.4285714285714233,-4.333333333333333
WQS0544,2021,-0.4824676327758857,,2.8571428571428465,-3.6666666666666656
WQS0550,2021,-7.68260341725951,,-7.142857142857142,-10.666666666666664
WQS0546,2021,-7.68260341725951,,-8.571428571428566,-10.666666666666664
WQS0547,2021,-7.68260341725951,,-7.142857142857142,-10.666666666666664
WQS0548,2021,-7.68260341725951,,-4.285714285714295,-9.333333333333334
WQS0556,2021,1.0779767820087993,,-4.285714285714295,-1.3333333333333346
WQS0555,2021,-7.68260341725951,,-2.8571428571428465,-6.666666666666667
WQS0590,2021,-7.68260341725951,,-5.714285714285719,-7.333333333333334
WQS0586,2021,-7.68260341725951,,0.0,-6.0
WQS0589,2021,0.6665047538763971,,-4.285714285714295,-1.6666666666666667
WQS0592,2021,1.8347151361362997,,4.285714285714295,-4.000000000000001
WQS0595,2021,3.9796820411885756,,5.714285714285719,-1.3333333333333346
WQS0588,2021,0.4513183296333642,,2.8571428571428465,-8.333333333333334
WQS0591,2021,-1.2749759216360468,,1.4285714285714233,-7.666666666666666
WQS0585,2021,5.722449814782877,,5.714285714285719,0.6666666666666673
WQS0587,2021,4.364715448062894,,2.8571428571428465,-0.6666666666666673
WQS0541,2021,-7.68260341725951,,-12.857142857142861,-11.000000000000004
WQS0551,2021,3.9796820411885756,,-8.571428571428566,7.666666666666666
WQS0557,2021,0.4513183296333642,,-8.571428571428566,1.6666666666666667
WQS0538,2021,-0.23707378794182898,,-10.000000000000002,-0.33333333333333215
WQS0559,2021,-0.23707378794182898,,-7.142857142857142,2.666666666666666
WQS0558,2021,1.0779767820087993,,-10.000000000000002,5.0
WQS0567,2021,-7.68260341725951,,-10.000000000000002,-5.0
WQS0565,2021,-1.0007052002844297,,-8.571428571428566,-0.6666666666666673
WQS0560,2021,-0.23707378794182898,,-8.571428571428566,-1.6666666666666667
WQS0563,2021,-0.23707378794182898,,-8.571428571428566,0.6666666666666673
WQS0566,2021,0.4513183296333642,,-10.000000000000002,0.9999999999999994
WQS0561,2021,0.8752667339440972,,-12.857142857142861,0.0
WQS0562,2021,-1.2749759216360468,,-7.142857142857142,0.0
WQS0564,2021,0.0,,-11.428571428571425,1.3333333333333346
WQS0570,2021,-6.407627495623464,,-4.285714285714295,-5.666666666666668
WQS0569,2021,-5.329650713614663,,-4.285714285714295,-5.0
WQS0568,2021,-2.4942303771939334,,-4.285714285714295,-5.0
WQS0572,2021,-3.5722071592027325,,-7.142857142857142,-6.999999999999999
WQS0574,2021,-5.8478882811232085,,-8.571428571428566,-6.999999999999999
WQS0571,2021,-3.9719163468946816,,-7.142857142857142,-3.3333333333333335
WQS0573,2021,-3.1941147027672385,,-5.714285714285719,-4.666666666666668
WQS0583,2021,-7.016098663383111,,-5.714285714285719,-6.666666666666667
WQS0582,2021,-7.68260341725951,,-5.714285714285719,-6.333333333333335
WQS0584,2021,-7.016098663383111,,-5.714285714285719,-8.333333333333334
WQS0580,2021,-4.395864751205414,,-8.571428571428566,-4.333333333333333
WQS0581,2021,-7.68260341725951,,-10.000000000000002,-8.000000000000002
WQS0593,2021,-7.68260341725951,,-5.714285714285719,-9.000000000000002
WQS1444,2021,-7.68260341725951,-3.7806410026969988,1.4285714285714233,-8.333333333333334
WQS0535,2021,-7.68260341725951,-11.911192357723293,-8.571428571428566,-6.333333333333335
WQS0534,2021,-7.68260341725951,-11.911192357723293,-7.142857142857142,-5.666666666666668
WQS0510,2021,-7.68260341725951,-10.753384682092596,-10.000000000000002,-5.666666666666668
WQS0536,2021,-7.68260341725951,-11.911192357723293,-7.142857142857142,-5.666666666666668
WQS0507,2021,-7.68260341725951,-11.911192357723293,-8.571428571428566,-6.999999999999999
WQS0506,2021,-7.68260341725951,-11.911192357723293,-8.571428571428566,-6.333333333333335
WQS0533,2021,-7.68260341725951,-10.753384682092596,-7.142857142857142,-7.333333333333334
WQS1471,2021,2.0117627444180477,-4.0596820301916585,-5.714285714285719,-2.666666666666666
WQS0511,2021,-7.68260341725951,-5.480046750278227,-7.142857142857142,-8.666666666666666
WQS0467,2021,-7.68260341725951,,-5.714285714285719,-10.0
WQS0468,2021,-7.68260341725951,,-4.285714285714295,-7.333333333333334
WQS0470,2021,-7.68260341725951,,0.0,-6.999999999999999
WQS0376,2021,-7.68260341725951,-5.480046750278227,-5.714285714285719,-9.333333333333334
WQS0407,2021,-7.68260341725951,-5.770434297621524,1.4285714285714233,-7.333333333333334
WQS0408,2021,-5.329650713614663,-8.33650418189909,2.8571428571428465,-7.333333333333334
WQS0380,2021,-2.4942303771939334,-8.065038511569448,0.0,-5.333333333333332
WQS0377,2021,-6.407627495623464,-7.905835876345505,-4.285714285714283,-3.6666666666666656
WQS0412,2021,-7.68260341725951,-11.911192357723293,-8.571428571428566,-7.333333333333334
WQS0411,2021,-7.68260341725951,-11.911192357723293,-7.142857142857142,-6.666666666666667
WQS0414,2021,-7.68260341725951,-11.911192357723293,-5.714285714285719,-7.333333333333334
WQS0413,2021,-7.68260341725951,-11.911192357723293,-4.285714285714283,-0.9999999999999994
WQS0382,2021,-7.68260341725951,-11.911192357723293,-4.285714285714283,-7.666666666666666
WQS0381,2021,-7.68260341725951,-11.911192357723293,-2.8571428571428594,-6.666666666666667
WQS0400,2021,-7.68260341725951,-11.911192357723293,-4.285714285714283,-10.333333333333332
WQS0537,2021,22.960939482557844,,-4.285714285714295,-6.0
WQS0423,2021,-7.68260341725951,,1.4285714285714233,-8.000000000000002
WQS0402,2021,-7.68260341725951,-11.911192357723293,-2.8571428571428594,-6.0
WQS0522,2021,-6.407627495623464,,-4.285714285714283,-4.666666666666668
WQS0387,2021,-3.5722071592027325,-7.626794848850844,-8.571428571428566,-7.666666666666666
WQS0426,2021,-2.835420336420731,-7.2799616552005055,-10.000000000000002,-8.000000000000002
WQS1445,2021,4.610109292896951,-0.9685075884376897,-7.142857142857142,7.333333333333334
WQS1797,2021,-7.68260341725951,-11.911192357723293,-12.857142857142861,-18.000000000000004
WQS1781,2021,-7.68260341725951,-11.911192357723293,-4.285714285714295,-13.999999999999998
WQS1779,2021,-7.68260341725951,-11.911192357723293,-4.285714285714295,-15.333333333333332
WQS1783,2021,-7.68260341725951,-11.911192357723293,-4.285714285714295,-12.66666666666667
WQS1782,2021,-7.68260341725951,-11.911192357723293,-5.714285714285719,-13.333333333333334
WQS1780,2021,-7.68260341725951,-11.911192357723293,-2.8571428571428465,-13.333333333333334
WQS1814,2021,-7.68260341725951,-11.911192357723293,-2.8571428571428465,-13.333333333333334
WQS1788,2021,-6.407627495623464,-7.692307692307692,-2.8571428571428465,-13.999999999999998
WQS1804,2021,-5.329650713614663,-7.626794848850844,-4.285714285714295,-13.333333333333334
WQS1799,2021,-3.5722071592027325,-5.667925856192907,-2.8571428571428465,-10.666666666666664
WQS1807,2021,-1.2749759216360468,-5.9724691102222325,-2.8571428571428465,-10.666666666666664
WQS1800,2021,-4.8471830808387795,-6.148459458532522,-2.8571428571428465,-10.666666666666664
WQS1803,2021,-1.0007052002844297,-5.480046750278227,0.0,-10.0
WQS1821,2021,-2.835420336420731,-5.667925856192907,1.4285714285714233,-10.666666666666664
WQS1801,2021,0.0,3.7779662809214187,8.571428571428566,-7.666666666666666
WQS1701,2021,-2.835420336420731,7.048111202716294,4.285714285714283,-7.333333333333334
WQS1707,2021,-5.329650713614663,-1.6338929041243797,-2.8571428571428465,-9.000000000000002
WQS1664,2021,-0.4824676327758857,-1.6698160820249321,-8.571428571428566,-6.0
WQS1705,2021,-2.835420336420731,-3.284122939699084,-7.142857142857142,-8.666666666666666
WQS1676,2021,-0.4824676327758857,-1.2259952408631263,-4.285714285714283,-5.0
WQS1674,2021,-4.395864751205414,-1.0922948321738482,-7.142857142857142,-10.0
WQS1672,2021,-0.23707378794182898,-0.9685075884376897,-7.142857142857142,-4.333333333333333
WQS1665,2021,-5.329650713614663,-3.43380780904666,-10.000000000000002,-7.666666666666666
WQS1706,2021,2.352952703644846,1.54384823377517,0.0,-5.0
WQS1669,2021,0.6665047538763971,-0.6441964895913976,-1.4285714285714233,-2.666666666666666
WQS1668,2021,3.9796820411885756,0.0,-1.4285714285714233,-1.999999999999999
WQS1662,2021,0.6665047538763971,0.0,0.0,-4.000000000000001
WQS1671,2021,1.8347151361362997,0.5620309064547622,-1.4285714285714233,-2.666666666666666
WQS1698,2021,1.0779767820087993,0.18930008719300745,-1.4285714285714233,-3.3333333333333335
WQS1703,2021,2.0117627444180477,0.6090865080586529,-1.4285714285714233,-3.3333333333333335
WQS1670,2021,2.9891189848037722,3.5549203310072386,-2.8571428571428465,0.0
WQS1700,2021,2.678267498294446,3.7068762590213673,-1.4285714285714233,-0.6666666666666673
WQS1663,2021,2.83542033642073,-0.21352818403781276,-1.4285714285714233,-6.333333333333335
WQS1667,2021,2.5175016365832654,-0.21352818403781276,-1.4285714285714233,-6.999999999999999
WQS1660,2021,-0.23707378794182898,-0.9685075884376897,-1.4285714285714233,-10.0
WQS1666,2021,-0.23707378794182898,-0.9685075884376897,-1.4285714285714233,-7.666666666666666
WQS1661,2021,-0.23707378794182898,-0.9685075884376897,0.0,-7.333333333333334
WQS1697,2021,-0.4824676327758857,-1.37133585966851,-2.8571428571428465,-8.333333333333334
WQS1677,2021,0.4513183296333642,-1.0922948321738482,14.285714285714285,-6.0
WQS1675,2021,2.352952703644846,2.8776462577161563,1.4285714285714233,-4.666666666666668
WQS1702,2021,1.0779767820087993,2.4748179864853377,0.0,-5.333333333333332
WQS1711,2021,-0.4824676327758857,-1.0922948321738482,0.0,-6.0
WQS1710,2021,2.184438356938128,2.753859013979998,-1.4285714285714233,-4.000000000000001
WQS1695,2021,2.184438356938128,2.4748179864853377,0.0,-1.6666666666666667
WQS1699,2021,2.352952703644846,2.753859013979998,-1.4285714285714233,-1.3333333333333346
WQS1673,2021,2.678267498294446,2.8776462577161563,0.0,-3.3333333333333335
WQS1709,2021,4.847183080838778,5.768027240840016,-10.000000000000002,-5.0
WQS0179,2021,-1.2749759216360468,6.946846053784182,2.8571428571428465,-1.3333333333333346
WQS0228,2021,-1.0007052002844297,6.946846053784182,1.4285714285714233,-2.333333333333334
WQS0180,2021,0.6665047538763971,6.946846053784182,-1.4285714285714233,-0.6666666666666673
WQS0181,2021,5.298501410472143,6.946846053784182,-1.4285714285714233,-0.33333333333333215
WQS0227,2021,-0.23707378794182898,6.946846053784182,-1.4285714285714233,-3.6666666666666656
WQS0222,2021,3.2867386660540943,2.753859013979998,-7.142857142857142,-5.666666666666668
WQS0209,2021,-0.4824676327758857,6.946846053784182,-4.285714285714295,-1.999999999999999
WQS0188,2021,-0.23707378794182898,6.946846053784182,-4.285714285714295,-3.0000000000000013
WQS0221,2021,-0.4824676327758857,6.946846053784182,-1.4285714285714233,-1.999999999999999
WQS0232,2021,2.0117627444180477,6.946846053784182,-1.4285714285714233,3.666666666666667
WQS0217,2021,2.0117627444180477,8.978668273657425,-1.4285714285714233,0.0
WQS0218,2021,0.0,6.946846053784182,-5.714285714285719,2.333333333333334
WQS0219,2021,0.4513183296333642,6.946846053784182,-4.285714285714295,1.999999999999999
WQS0224,2021,0.0,6.946846053784182,-1.4285714285714233,2.333333333333334
WQS0183,2021,-1.2749759216360468,6.946846053784182,-4.285714285714295,-4.000000000000001
WQS0192,2021,0.0,6.946846053784182,-2.8571428571428465,1.6666666666666667
WQS0225,2021,0.0,6.946846053784182,-2.8571428571428465,1.6666666666666667
WQS0210,2021,-2.1689155825443325,6.946846053784182,-4.285714285714295,-5.666666666666668
WQS0220,2021,2.184438356938128,6.946846053784182,-1.4285714285714233,-0.9999999999999994
WQS0191,2021,0.0,6.946846053784182,-4.285714285714295,-1.999999999999999
WQS0215,2021,-0.7367868227820025,6.946846053784182,-1.4285714285714233,-0.6666666666666673
WQS0223,2021,-0.4824676327758857,6.946846053784182,1.4285714285714233,-2.333333333333334
WQS0184,2021,6.770982313320744,6.946846053784182,1.4285714285714233,-3.0000000000000013
WQS0211,2021,-0.4824676327758857,6.946846053784182,1.4285714285714233,-1.3333333333333346
WQS0190,2021,-0.4824676327758857,6.946846053784182,0.0,-1.3333333333333346
WQS0185,2021,0.4513183296333642,6.946846053784182,1.4285714285714233,-1.999999999999999
WQS0226,2021,-1.8580640960350063,6.946846053784182,-1.4285714285714233,-4.666666666666668
WQS0229,2021,0.4513183296333642,6.946846053784182,1.4285714285714233,-2.666666666666666
WQS0187,2021,-0.23707378794182898,6.946846053784182,0.0,-4.333333333333333
WQS0213,2021,2.352952703644846,6.946846053784182,0.0,-1.999999999999999
WQS0178,2021,0.0,6.946846053784182,-1.4285714285714233,-3.6666666666666656
WQS0189,2021,5.513687834715175,6.946846053784182,0.0,4.333333333333333
WQS0182,2021,-0.4824676327758857,6.946846053784182,-2.8571428571428465,-4.000000000000001
WQS0230,2021,-1.0007052002844297,6.946846053784182,,-3.3333333333333335
WQS0620,2021,-2.1689155825443325,,-11.428571428571425,-5.0
WQS0619,2021,-1.560444414784685,,-10.000000000000002,-4.666666666666668
WQS0618,2021,-4.395864751205414,,-10.000000000000002,-5.333333333333332
WQS0600,2021,-4.395864751205414,,-12.857142857142861,-4.666666666666668
WQS1854,2021,1.65306837807154,7.048111202716294,0.0,-0.33333333333333215
WQS1855,2021,2.0117627444180477,7.478779508269881,-1.4285714285714233,-0.6666666666666673
WQS1856,2021,1.65306837807154,6.600012860133844,-1.4285714285714233,-0.33333333333333215
WQS1886,2021,3.1395120283070157,6.058414788183311,1.4285714285714233,1.3333333333333346
WQS1875,2021,2.352952703644846,4.970215659063371,0.0,0.0
WQS1862,2021,3.1395120283070157,8.254338598762454,-1.4285714285714233,5.0
WQS1829,2021,2.184438356938128,7.6241201270752645,-2.8571428571428465,6.0
WQS1864,2021,2.83542033642073,7.6241201270752645,0.0,6.0
WQS1857,2021,2.0117627444180477,6.3209718326391835,-7.142857142857142,3.3333333333333335
WQS1861,2021,1.8347151361362997,5.768027240840016,-7.142857142857142,3.3333333333333335
WQS1860,2021,1.2749759216360452,5.768027240840016,-7.142857142857142,3.3333333333333335
WQS1865,2021,2.0117627444180477,5.768027240840016,-7.142857142857142,3.0000000000000013
WQS1863,2021,-1.2749759216360468,3.632625662116035,1.4285714285714233,0.0
WQS1858,2021,1.2749759216360452,1.9005945923786263,-7.142857142857142,3.3333333333333335
WQS1825,2021,-7.68260341725951,-11.911192357723293,-10.000000000000002,-18.666666666666668
WQS1822,2021,-7.68260341725951,-11.911192357723293,-10.000000000000002,-18.000000000000004
WQS1824,2021,-6.407627495623464,-7.905835876345505,-7.142857142857142,-13.999999999999998
WQS1819,2021,-7.68260341725951,-4.4903503357452434,-4.285714285714295,-6.333333333333335
WQS1823,2021,-4.395864751205414,-6.90723083593875,-5.714285714285719,-10.0
WQS0514,2021,-2.835420336420731,5.768027240840016,-1.4285714285714233,-8.000000000000002
WQS0517,2021,-3.1941147027672385,-7.905835876345505,-7.142857142857142,-7.666666666666666
WQS0515,2021,-2.1689155825443325,-7.228561803054423,-10.000000000000002,-7.333333333333334
WQS0518,2021,-2.835420336420731,-6.90723083593875,-7.142857142857142,-1.999999999999999
WQS0516,2021,-3.5722071592027325,-6.949520775559763,-7.142857142857142,-7.666666666666666
WQS0364,2021,-4.395864751205414,-0.9685075884376897,-7.142857142857142,-11.000000000000004
WQS0366,2021,-1.8580640960350063,-0.21352818403781276,-7.142857142857142,-7.333333333333334
WQS0367,2021,4.610109292896951,1.1240618129095243,-5.714285714285719,-3.0000000000000013
WQS0368,2021,2.352952703644846,1.54384823377517,-5.714285714285719,-1.999999999999999
WQS0370,2021,6.770982313320744,2.753859013979998,-4.285714285714295,-4.000000000000001
WQS0373,2021,8.419390240041512,2.4748179864853377,-4.285714285714283,-7.333333333333334
WQS0369,2021,13.607763280107086,7.881607779500699,-4.285714285714295,15.666666666666668
WQS0375,2021,13.266573320880289,5.768027240840016,-5.714285714285719,0.6666666666666673
WQS0374,2021,2.352952703644846,2.4595634202637933,-10.000000000000002,-0.33333333333333215
WQS0372,2021,3.2867386660540943,3.640201019281052,-7.142857142857142,-2.333333333333334
WQS0309,2021,10.772342943686354,4.309899735407114,1.4285714285714233,3.666666666666667
WQS0310,2021,9.08589499391791,3.632625662116035,0.0,1.3333333333333346
WQS0311,2021,8.419390240041512,2.4748179864853377,-1.4285714285714233,10.333333333333334
WQS0305,2021,17.755062035372557,8.254338598762454,-10.000000000000002,15.666666666666668
WQS0306,2021,21.178476198440432,6.3209718326391835,-12.857142857142861,15.666666666666668
WQS0312,2021,19.388732323355118,12.662523351371062,-7.142857142857142,15.666666666666668
WQS0313,2021,20.466709105363915,14.013279524946876,-8.571428571428566,15.666666666666668
WQS0307,2021,23.218379854045374,15.171087200577572,-7.142857142857142,15.666666666666668
WQS1777,2021,16.101993657301023,14.639153746091875,-7.142857142857142,15.666666666666668
WQS1770,2021,26.192830753779592,11.324933354423727,-12.857142857142861,15.666666666666668
WQS0365,2021,18.619495293884288,10.89426504887014,-8.571428571428566,15.666666666666668
WQS0371,2021,16.101993657301023,7.048111202716294,-7.142857142857142,15.666666666666668
WQS1763,2021,9.809955685811897,5.768027240840016,-8.571428571428566,4.666666666666667
WQS1774,2021,8.133921746892874,4.790433337746732,-8.571428571428566,0.6666666666666673
WQS1776,2021,12.529786498098286,4.970215659063371,-5.714285714285719,15.666666666666668
WQS1778,2021,9.45729237373573,5.768027240840016,-10.000000000000002,1.999999999999999
WQS1775,2021,17.376969578937064,9.868645456436608,-2.8571428571428465,8.333333333333334
WQS1768,2021,11.706128906095605,4.408184752608609,-1.4285714285714233,6.333333333333333
WQS1759,2021,16.977260391245117,7.6241201270752645,2.8571428571428465,13.333333333333334
WQS1771,2021,12.372633659972005,3.1006922076303365,-8.571428571428566,-3.6666666666666656
WQS1761,2021,14.059081609740453,4.205468019854752,-10.000000000000002,-0.9999999999999994
WQS1764,2021,13.266573320880289,3.632625662116035,-8.571428571428566,-1.6666666666666667
WQS1772,2021,14.304475454574511,4.258499883261034,-10.000000000000002,-1.3333333333333346
WQS1773,2021,9.923665621978193,2.992889424552476,-7.142857142857142,-4.666666666666668
WQS1760,2021,14.541549242516338,-0.3727308192617548,9.99999999999999,-17.0
WQS1758,2021,7.836302065642552,3.5549203310072386,4.285714285714295,-11.333333333333336
WQS1762,2021,2.0117627444180477,,-11.428571428571425,-5.0
WQS1769,2021,-0.7367868227820025,-1.6517579235311624,-2.8571428571428465,-7.333333333333334
WQS0512,2021,-7.68260341725951,,-7.142857142857142,-8.000000000000002
WQS1818,2021,-7.68260341725951,-1.6517579235311624,-4.285714285714295,-13.999999999999998
WQS0456,2021,-3.9719163468946816,-7.563754786588654,-4.285714285714295,-6.999999999999999
WQS0452,2021,-2.1689155825443325,-7.2799616552005055,-1.4285714285714233,-6.999999999999999
WQS0457,2021,-7.68260341725951,-4.4903503357452434,-2.8571428571428465,-6.666666666666667
WQS0404,2021,-2.1689155825443325,-7.626794848850844,0.0,-7.333333333333334
WQS0448,2021,-2.1689155825443325,-7.626794848850844,-2.8571428571428465,-8.333333333333334
WQS0405,2021,-3.1941147027672385,-8.33650418189909,-7.142857142857142,-8.000000000000002
WQS0406,2021,-5.329650713614663,-7.905835876345505,-7.142857142857142,-8.000000000000002
WQS0458,2021,-7.016098663383111,-4.4903503357452434,2.8571428571428465,-6.333333333333335
WQS0453,2021,-6.407627495623464,-4.0596820301916585,4.285714285714295,-6.666666666666667
WQS0451,2021,-7.016098663383111,-7.905835876345505,-7.142857142857142,-7.666666666666666
WQS0469,2021,-7.68260341725951,,-4.285714285714295,-7.666666666666666
WQS1742,2021,15.365206834519016,10.89426504887014,-7.142857142857142,14.000000000000002
WQS1741,2021,19.948471537855372,11.727761625654546,-8.571428571428566,15.666666666666668
WQS1738,2021,15.101288457016592,7.881607779500699,-7.142857142857142,14.333333333333334
WQS1737,2021,20.712102950197966,6.466312451444567,-12.857142857142861,15.666666666666668
WQS1736,2021,20.712102950197966,6.3209718326391835,-12.857142857142861,15.666666666666668
WQS1735,2021,22.224152659775843,6.600012860133844,-12.857142857142861,15.666666666666668
WQS1746,2021,21.824443472083896,6.466312451444567,-10.000000000000002,15.666666666666668
WQS1684,2021,20.712102950197966,14.292320552441536,-10.000000000000002,15.666666666666668
WQS1692,2021,0.8752667339440972,,-12.857142857142861,-8.333333333333334
WQS1693,2021,2.0117627444180477,0.9818173273204077,-7.142857142857142,-9.666666666666668
WQS0831,2021,-2.4942303771939334,-3.0610769897849037,-5.714285714285719,-6.0
WQS0827,2021,-6.407627495623464,-11.911192357723293,-4.285714285714295,-6.333333333333335
WQS0825,2021,-6.407627495623464,-11.911192357723293,-2.8571428571428465,-6.333333333333335
WQS0784,2021,-1.0007052002844297,2.6201586052907215,-8.571428571428566,-5.0
WQS0785,2021,-0.4824676327758857,1.9636346546408172,-4.285714285714295,-4.000000000000001
WQS0828,2021,-3.5722071592027325,-11.911192357723293,-7.142857142857142,-4.666666666666668
WQS0824,2021,-7.68260341725951,4.970215659063371,-4.285714285714295,-8.666666666666666
WQS1494,2021,-3.5722071592027325,-6.949520775559763,0.0,0.33333333333333215
WQS1495,2021,-0.7367868227820025,-6.949520775559763,1.4285714285714233,4.000000000000001
WQS1475,2021,-1.0007052002844297,-5.857225943385913,-2.8571428571428465,2.333333333333334
WQS1474,2021,1.0779767820087993,-6.122153979569809,-2.8571428571428465,0.33333333333333215
WQS1476,2021,7.759874998983879,-3.914341411386275,8.571428571428566,15.333333333333332
WQS1489,2021,-3.1941147027672385,-6.949520775559763,-1.4285714285714233,-2.333333333333334
WQS1506,2021,-1.0007052002844297,-5.497911769685009,0.0,-0.33333333333333215
WQS1487,2021,-3.5722071592027325,-3.914341411386275,0.0,2.333333333333334
WQS0789,2021,3.572207159202731,-2.559793264804111,-1.4285714285714233,-6.333333333333335
WQS0839,2021,-2.835420336420731,-10.753384682092596,-2.8571428571428465,-6.666666666666667
WQS0838,2021,18.45494636094587,3.473423026892091,0.0,15.666666666666668
WQS1504,2021,-1.8580640960350063,-5.857225943385913,0.0,1.999999999999999
WQS0818,2021,-0.4824676327758857,-10.753384682092596,-10.000000000000002,-4.000000000000001
WQS0819,2021,-2.4942303771939334,-10.753384682092596,-12.857142857142861,-4.333333333333333
WQS0817,2021,-0.4824676327758857,-10.753384682092596,-10.000000000000002,-4.666666666666668
WQS0858,2021,12.130077310406339,-1.0922948321738482,-2.8571428571428465,15.666666666666668
WQS0859,2021,11.25481057646224,-1.37133585966851,-2.8571428571428465,15.666666666666668
WQS0860,2021,9.08589499391791,-2.559793264804111,-2.8571428571428465,3.3333333333333335
WQS0862,2021,4.847183080838778,2.6201586052907215,-8.571428571428566,-1.3333333333333346
WQS0864,2021,4.847183080838778,6.022491610282762,0.0,-5.0
WQS0863,2021,10.254105376177812,6.022491610282762,-2.8571428571428465,-1.999999999999999
WQS0799,2021,3.572207159202731,1.286360581349735,0.0,-5.333333333333332
WQS0800,2021,-0.4824676327758857,-10.076110608801514,-2.8571428571428465,-6.0
WQS0801,2021,-2.835420336420731,-8.241028859879735,-7.142857142857142,-6.0
WQS1817,2021,15.864919869359195,,-5.714285714285719,8.666666666666668
WQS1785,2021,14.243929561266013,-2.559793264804111,-7.142857142857142,12.0
WQS1787,2021,15.864919869359195,-3.6568537589608385,-8.571428571428566,13.0
WQS1786,2021,20.466709105363915,-1.6698160820249321,-5.714285714285719,15.666666666666668
WQS1791,2021,4.847183080838778,-5.217489705822356,-8.571428571428566,1.6666666666666667
WQS1789,2021,0.0,-4.4903503357452434,-4.285714285714295,-6.666666666666667
WQS1811,2021,6.407627495623461,-1.6698160820249321,-5.714285714285719,7.333333333333334
WQS1793,2021,11.017736788520413,-1.6698160820249321,-4.285714285714295,4.000000000000001
WQS1816,2021,3.2867386660540943,-4.4903503357452434,-10.000000000000002,-0.33333333333333215
WQS1815,2021,4.847183080838778,-3.284122939699084,-1.4285714285714233,0.0
WQS1808,2021,16.101993657301023,-1.6698160820249321,0.0,15.666666666666668
WQS1809,2021,10.145684491310922,-3.6568537589608385,-5.714285714285719,5.333333333333334
WQS1686,2021,2.9891189848037722,2.8776462577161563,0.0,-2.666666666666666
WQS1794,2021,-7.68260341725951,1.9005945923786263,-11.428571428571425,-8.666666666666666
WQS1752,2021,-7.68260341725951,9.614181086993863,-10.000000000000002,-8.000000000000002
WQS1747,2021,21.178476198440432,6.723800103870002,-12.857142857142861,15.666666666666668
WQS1750,2021,11.25481057646224,,-11.428571428571425,10.666666666666668
WQS1748,2021,16.977260391245117,,-7.142857142857142,15.666666666666668
WQS1749,2021,21.40049506777316,12.1004924449163,-8.571428571428566,15.666666666666668
WQS1685,2021,4.488488714492272,3.5549203310072386,-1.4285714285714233,-0.33333333333333215
WQS1796,2021,2.0117627444180477,3.632625662116035,-5.714285714285719,6.0
WQS1691,2021,2.184438356938128,-0.21352818403781276,-5.714285714285719,4.000000000000001
WQS1767,2021,-2.835420336420731,,-4.285714285714295,-8.666666666666666
WQS1756,2021,1.0779767820087993,-0.6441964895913976,0.0,-6.0
WQS1757,2021,10.145684491310922,4.8646839346520645,-11.428571428571425,6.333333333333333
WQS1765,2021,0.4513183296333642,0.826322492491146,1.4285714285714233,-2.666666666666666
WQS1754,2021,2.352952703644846,1.9428845319996395,0.0,-5.333333333333332
WQS1681,2021,-1.8580640960350063,-1.9242804514676772,0.0,-6.666666666666667
WQS1680,2021,0.4513183296333642,0.7850768563689423,-1.4285714285714233,-6.999999999999999
WQS1679,2021,11.347434539749097,7.478779508269881,-12.857142857142861,14.666666666666668
WQS1726,2021,0.4513183296333642,-0.9685075884376897,1.4285714285714233,-7.333333333333334
WQS1725,2021,2.678267498294446,2.8776462577161563,-1.4285714285714233,-5.666666666666668
WQS1682,2021,1.8347151361362997,2.4748179864853377,0.0,-6.0
WQS1730,2021,-0.4824676327758857,-0.21352818403781276,-1.4285714285714233,-0.9999999999999994
WQS1729,2021,-0.23707378794182898,-0.2912335151466093,-7.142857142857142,-0.33333333333333215
WQS1720,2021,0.0,0.4637458892532693,-2.8571428571428465,-0.6666666666666673
WQS1719,2021,0.22929946030063506,1.1240618129095243,-2.8571428571428465,0.0
WQS1724,2021,2.0117627444180477,1.1240618129095243,-8.571428571428566,1.6666666666666667
WQS1723,2021,3.1395120283070157,2.176337764128914,-8.571428571428566,3.0000000000000013
WQS1728,2021,8.419390240041512,5.768027240840016,-11.428571428571425,9.333333333333334
WQS1727,2021,9.08589499391791,6.3209718326391835,-11.428571428571425,10.333333333333334
WQS1732,2021,11.017736788520413,6.600012860133844,-12.857142857142861,13.333333333333334
WQS1731,2021,11.25481057646224,7.048111202716294,-12.857142857142861,14.666666666666668
WQS1722,2021,3.2867386660540943,2.753859013979998,-11.428571428571425,8.0
WQS1721,2021,2.9891189848037722,2.4748179864853377,-10.000000000000002,6.666666666666667
WQS1753,2021,4.610109292896951,4.455240354212497,-10.000000000000002,-6.0
WQS1687,2021,2.5175016365832654,3.632625662116035,-7.142857142857142,-7.333333333333334
WQS1678,2021,2.9891189848037722,4.0354539333468535,-8.571428571428566,-7.333333333333334
WQS1718,2021,4.1103962580567766,4.455240354212497,-8.571428571428566,-6.666666666666667
WQS0235,2021,1.2749759216360452,6.946846053784182,-4.285714285714295,-1.6666666666666667
WQS1689,2021,0.22929946030063506,-2.1263152640683867,0.0,8.333333333333334
WQS1688,2021,0.8752667339440972,-0.21352818403781276,1.4285714285714233,-9.666666666666668
WQS0266,2021,2.0117627444180477,6.946846053784182,1.4285714285714233,-3.3333333333333335
WQS0264,2021,-2.4942303771939334,6.946846053784182,-1.4285714285714233,-6.999999999999999
WQS0263,2021,-5.329650713614663,6.946846053784182,0.0,-4.000000000000001
WQS0267,2021,-2.835420336420731,6.946846053784182,-2.8571428571428465,-6.999999999999999
WQS0265,2021,-3.5722071592027325,6.946846053784182,-1.4285714285714233,-7.666666666666666
WQS0254,2021,0.0,6.946846053784182,0.0,-4.666666666666668
WQS0269,2021,-2.1689155825443325,6.022491610282762,-1.4285714285714233,-8.333333333333334
WQS0268,2021,-1.560444414784685,6.946846053784182,-4.285714285714295,-9.000000000000002
WQS0922,2021,-2.835420336420731,-11.911192357723293,-5.714285714285719,-6.0
WQS0932,2021,-2.835420336420731,-11.911192357723293,-7.142857142857142,-5.0
WQS0931,2021,-2.835420336420731,-11.911192357723293,-5.714285714285719,-3.3333333333333335
WQS0207,2021,-1.8580640960350063,6.946846053784182,-2.8571428571428465,-4.666666666666668
WQS0176,2021,1.65306837807154,6.946846053784182,-5.714285714285719,-1.6666666666666667
WQS0208,2021,-2.4942303771939334,6.022491610282762,-4.285714285714295,-4.333333333333333
WQS0206,2021,-0.7367868227820025,5.13251442750358,-4.285714285714295,-4.666666666666668
WQS0177,2021,-1.0007052002844297,4.0354539333468535,-2.8571428571428465,-5.333333333333332
WQS0258,2021,-0.4824676327758857,6.022491610282762,-7.142857142857142,-3.6666666666666656
WQS0257,2021,0.0,6.946846053784182,-5.714285714285719,9.000000000000002
WQS0271,2021,-0.23707378794182898,6.946846053784182,-5.714285714285719,-4.333333333333333
WQS0259,2021,5.925159862847577,6.946846053784182,-7.142857142857142,-1.6666666666666667
WQS0199,2021,-0.7367868227820025,6.946846053784182,-4.285714285714295,-1.6666666666666667
WQS0173,2021,-1.560444414784685,4.0354539333468535,-4.285714285714295,-0.33333333333333215
WQS0172,2021,-2.1689155825443325,6.946846053784182,-5.714285714285719,1.6666666666666667
WQS0196,2021,-0.23707378794182898,6.946846053784182,-2.8571428571428465,-4.666666666666668
WQS0198,2021,-0.4824676327758857,1.9218733946861688,-2.8571428571428465,-5.666666666666668
WQS0197,2021,1.4665771397347491,6.946846053784182,-2.8571428571428465,0.6666666666666673
WQS0237,2021,0.0,6.022491610282762,-2.8571428571428465,-4.000000000000001
WQS0236,2021,3.430929485653645,8.978668273657425,-7.142857142857142,7.333333333333334
WQS0240,2021,0.0,6.946846053784182,-5.714285714285719,-0.33333333333333215
WQS0241,2021,3.572207159202731,7.048111202716294,-4.285714285714283,2.666666666666666
WQS0242,2021,0.0,6.946846053784182,-4.285714285714295,0.0
WQS0239,2021,-0.4824676327758857,6.946846053784182,-1.4285714285714233,-1.6666666666666667
WQS0246,2021,-2.1689155825443325,6.946846053784182,-5.714285714285719,-3.6666666666666656
WQS0247,2021,0.0,6.946846053784182,-5.714285714285719,-1.6666666666666667
WQS0245,2021,-2.835420336420731,6.946846053784182,-2.8571428571428465,-3.3333333333333335
WQS0174,2021,2.0117627444180477,6.946846053784182,-7.142857142857142,7.333333333333334
WQS0201,2021,1.65306837807154,6.946846053784182,-7.142857142857142,6.333333333333333
WQS0202,2021,1.4665771397347491,6.022491610282762,-4.285714285714295,0.0
WQS0200,2021,1.8347151361362997,6.946846053784182,-7.142857142857142,1.999999999999999
WQS0175,2021,1.0779767820087993,6.946846053784182,-4.285714285714295,0.6666666666666673
WQS0203,2021,0.6665047538763971,6.946846053784182,-7.142857142857142,-0.33333333333333215
WQS0205,2021,-0.23707378794182898,6.946846053784182,-5.714285714285719,-0.6666666666666673
WQS0204,2021,0.8752667339440972,6.946846053784182,-1.4285714285714233,1.999999999999999
WQS0255,2021,9.694366161677557,8.254338598762454,-1.4285714285714233,10.0
WQS0256,2021,3.572207159202731,6.946846053784182,-5.714285714285719,5.0
WQS0260,2021,9.694366161677557,8.254338598762454,-1.4285714285714233,15.666666666666668
WQS0261,2021,9.08589499391791,8.254338598762454,-1.4285714285714233,15.666666666666668
WQS0171,2021,-0.7367868227820025,6.946846053784182,0.0,-2.666666666666666
WQS0170,2021,1.2749759216360452,6.946846053784182,-5.714285714285719,0.6666666666666673
WQS0252,2021,-0.7367868227820025,6.022491610282762,-2.8571428571428465,-1.6666666666666667
WQS0193,2021,-0.23707378794182898,6.946846053784182,-2.8571428571428465,-1.3333333333333346
WQS0251,2021,0.0,6.946846053784182,-4.285714285714295,-0.6666666666666673
WQS0194,2021,1.65306837807154,6.946846053784182,-1.4285714285714233,-5.0
WQS0195,2021,-2.1689155825443325,4.408184752608609,-5.714285714285719,-4.000000000000001
WQS0244,2021,2.0117627444180477,8.254338598762454,-8.571428571428566,8.333333333333334
WQS0243,2021,1.65306837807154,9.868645456436608,-5.714285714285719,0.33333333333333215
WQS0238,2021,-0.7367868227820025,6.022491610282762,-10.000000000000002,-0.33333333333333215
WQS0249,2021,0.0,6.946846053784182,-5.714285714285719,-2.333333333333334
WQS0248,2021,9.08589499391791,6.946846053784182,-5.714285714285719,10.666666666666668
WQS0234,2021,2.83542033642073,6.946846053784182,-8.571428571428566,10.666666666666668
WQS0253,2021,0.8752667339440972,6.946846053784182,0.0,-0.6666666666666673
WQS0788,2021,2.0117627444180477,-6.602687581909424,-2.8571428571428465,-2.666666666666666
WQS0916,2021,-3.1941147027672385,-10.753384682092596,-8.571428571428566,-6.666666666666667
WQS0925,2021,-7.68260341725951,-11.911192357723293,-4.285714285714283,-5.0
WQS0920,2021,-3.9719163468946816,-11.911192357723293,-7.142857142857142,4.000000000000001
WQS0918,2021,-3.5722071592027325,-11.911192357723293,-5.714285714285719,-5.666666666666668
WQS0923,2021,-3.5722071592027325,-11.911192357723293,-7.142857142857142,-6.333333333333335
WQS0919,2021,-2.4942303771939334,-11.911192357723293,-2.8571428571428465,-5.666666666666668
WQS0924,2021,-3.1941147027672385,-11.911192357723293,-5.714285714285719,-5.0
WQS0928,2021,3.846477880554349,0.9818173273204077,-4.285714285714295,-6.0
WQS0926,2021,-2.1689155825443325,-11.911192357723293,-10.000000000000002,-5.666666666666668
WQS0915,2021,-2.835420336420731,-11.23391828443221,-8.571428571428566,-6.666666666666667
WQS1755,2021,0.0,-0.3727308192617548,-7.142857142857142,-7.333333333333334
WQS0927,2021,-3.1941147027672385,,-10.000000000000002,-6.333333333333335
WQS0793,2021,-0.23707378794182898,-9.398836535510434,-5.714285714285719,-3.3333333333333335
WQS0855,2021,-2.835420336420731,-11.911192357723293,-5.714285714285719,-4.666666666666668
WQS0856,2021,-1.2749759216360468,-11.23391828443221,-4.285714285714295,-4.000000000000001
WQS0911,2021,-0.4824676327758857,-10.753384682092596,,-6.0
WQS0816,2021,0.6665047538763971,-10.753384682092596,-8.571428571428566,-1.6666666666666667
WQS0790,2021,-2.1689155825443325,-10.753384682092596,-7.142857142857142,-6.666666666666667
WQS0843,2021,-3.1941147027672385,-10.753384682092596,-8.571428571428566,-0.6666666666666673
WQS0842,2021,-1.0007052002844297,-11.911192357723293,-7.142857142857142,-2.666666666666666
WQS0795,2021,-3.1941147027672385,-9.222846187200144,-1.4285714285714233,-6.666666666666667
WQS0849,2021,-6.407627495623464,-11.911192357723293,-7.142857142857142,-6.0
WQS0921,2021,-3.1941147027672385,,-8.571428571428566,-6.999999999999999
WQS0823,2021,-2.835420336420731,-9.398836535510434,-4.285714285714295,-5.666666666666668
WQS0826,2021,6.218615800603048,-2.7220920332443215,-2.8571428571428465,-6.333333333333335
WQS0829,2021,0.8752667339440972,-0.21352818403781276,-1.4285714285714233,2.666666666666666
WQS0830,2021,-1.0007052002844297,-4.218884665415601,0.0,-6.0
WQS0822,2021,-7.68260341725951,-11.911192357723293,-1.4285714285714233,-5.0
WQS0852,2021,1.8347151361362997,0.4637458892532693,1.4285714285714233,-6.0
WQS0912,2021,-1.560444414784685,-10.753384682092596,-8.571428571428566,-4.000000000000001
WQS0794,2021,-3.1941147027672385,,-8.571428571428566,-6.999999999999999
WQS0850,2021,-3.1941147027672385,-11.911192357723293,-8.571428571428566,-5.666666666666668
WQS0917,2021,-1.560444414784685,-10.076110608801514,-1.4285714285714233,-6.0
WQS0798,2021,-4.8471830808387795,-4.3948750137258905,-4.285714285714295,-5.0
WQS0625,2021,-0.23707378794182898,,0.0,7.000000000000001
WQS0601,2021,0.8752667339440972,,-4.285714285714283,-3.0000000000000013
WQS0606,2021,-3.5722071592027325,,-8.571428571428566,-4.666666666666668
WQS0632,2021,-0.23707378794182898,,-14.285714285714285,-8.000000000000002
WQS0603,2021,-4.8471830808387795,,-12.857142857142861,-9.333333333333334
WQS0621,2021,1.2749759216360452,,-11.428571428571425,-4.666666666666668
WQS0608,2021,1.8347151361362997,,-12.857142857142861,-7.666666666666666
WQS0636,2021,-2.4942303771939334,,-11.428571428571425,-10.666666666666664
WQS0607,2021,-1.560444414784685,,-12.857142857142861,-8.333333333333334
WQS0615,2021,-1.560444414784685,,-12.857142857142861,-9.000000000000002
WQS0613,2021,-0.4824676327758857,,-1.4285714285714233,-7.666666666666666
WQS0614,2021,1.0779767820087993,,-12.857142857142861,-8.333333333333334
WQS0609,2021,0.8752667339440972,,-14.285714285714285,-8.333333333333334
WQS0612,2021,-1.0007052002844297,,-14.285714285714285,-8.333333333333334
WQS0597,2021,-0.4824676327758857,,-14.285714285714285,-8.333333333333334
WQS0616,2021,0.0,,-12.857142857142861,-8.000000000000002
WQS0610,2021,-1.0007052002844297,,-12.857142857142861,-8.333333333333334
WQS0596,2021,-2.835420336420731,,-12.857142857142861,-8.000000000000002
WQS1848,2021,0.22929946030063506,1.1240618129095243,-7.142857142857142,-8.666666666666666
WQS1846,2021,-1.2749759216360468,0.7850768563689423,-8.571428571428566,-8.333333333333334
WQS1850,2021,-0.4824676327758857,0.4637458892532693,-5.714285714285719,-8.000000000000002
WQS1852,2021,3.430929485653645,1.1240618129095243,-4.285714285714295,-6.0
WQS1844,2021,-0.7367868227820025,0.826322492491146,-2.8571428571428465,-8.333333333333334
WQS1843,2021,-0.7367868227820025,1.0544532663987694,-4.285714285714295,-8.333333333333334
WQS1845,2021,-2.4942303771939334,0.41234603710718587,-7.142857142857142,-8.333333333333334
WQS1849,2021,1.65306837807154,0.7850768563689423,-5.714285714285719,-8.333333333333334
WQS1851,2021,-0.4824676327758857,1.9218733946861688,-8.571428571428566,-8.666666666666666
WQS1888,2021,-0.23707378794182898,0.7427869167479292,-2.8571428571428465,-9.000000000000002
WQS1832,2021,11.393290487624338,8.978668273657425,-7.142857142857142,15.666666666666668
WQS1889,2021,-3.1941147027672385,0.5136111860392978,-5.714285714285719,-8.333333333333334
WQS1837,2021,9.694366161677557,4.309899735407114,-5.714285714285719,12.666666666666666
WQS1838,2021,13.540844042231909,5.13251442750358,-7.142857142857142,15.333333333333332
WQS1853,2021,0.4513183296333642,0.826322492491146,-2.8571428571428465,-9.000000000000002
WQS1867,2021,5.0764825411394146,5.390002079929018,-5.714285714285719,12.0
WQS1878,2021,-7.016098663383111,-0.6441964895913976,-10.000000000000002,-1.999999999999999
WQS1841,2021,-4.395864751205414,2.024381836114785,-8.571428571428566,-4.666666666666668
WQS1890,2021,2.0117627444180477,4.408184752608609,-2.8571428571428465,-6.0
WQS1827,2021,2.9891189848037722,4.752032488105956,-2.8571428571428465,-5.0
WQS1847,2021,-3.1941147027672385,6.022491610282762,-4.285714285714295,-6.999999999999999
WQS0611,2021,-3.5722071592027325,6.600012860133844,0.0,-7.333333333333334
WQS1887,2021,13.804762419734335,5.768027240840016,-5.714285714285719,15.666666666666668
WQS1839,2021,11.347434539749097,5.768027240840016,-8.571428571428566,14.666666666666668
WQS1840,2021,-5.8478882811232085,1.018530088498217,-12.857142857142861,-13.999999999999998
WQS1871,2021,-0.7367868227820025,2.139625002951105,0.0,-4.666666666666668
WQS1872,2021,15.49352248954137,7.048111202716294,5.714285714285719,1.6666666666666667
WQS1834,2021,-1.0007052002844297,1.0544532663987694,-1.4285714285714233,-8.666666666666666
WQS0250,2021,-0.4824676327758857,6.946846053784182,-1.4285714285714233,-2.666666666666666
WQS1477,2021,-1.560444414784685,-5.072149087016972,-1.4285714285714233,0.6666666666666673
WQS1497,2021,-0.7367868227820025,-4.699418267755216,0.0,0.9999999999999994
WQS1694,2021,-1.560444414784685,3.7068762590213673,-5.714285714285719,-8.666666666666666
WQS1484,2021,-5.329650713614663,-7.831585279440171,-2.8571428571428465,-1.999999999999999
WQS1486,2021,0.4513183296333642,-2.8276237576556293,1.4285714285714233,4.666666666666667
WQS1485,2021,0.22929946030063506,-4.699418267755216,1.4285714285714233,2.333333333333334
WQS1488,2021,-0.23707378794182898,-3.914341411386275,2.8571428571428465,1.999999999999999
WQS1482,2021,-0.4824676327758857,-3.914341411386275,1.4285714285714233,7.333333333333334
WQS1483,2021,1.0779767820087993,-3.914341411386275,2.8571428571428465,6.333333333333333
WQS0834,2021,0.0,-0.06818756523242914,1.4285714285714233,-8.333333333333334
WQS0835,2021,-2.1689155825443325,-10.753384682092596,-8.571428571428566,-6.0
WQS0833,2021,-2.835420336420731,-10.753384682092596,-11.428571428571425,-5.333333333333332
WQS0837,2021,-6.407627495623464,-11.911192357723293,-2.8571428571428465,-5.333333333333332
WQS0836,2021,-1.560444414784685,-10.076110608801514,0.0,-6.0
WQS0832,2021,-1.560444414784685,-11.911192357723293,-8.571428571428566,-6.0
WQS1505,2021,0.4513183296333642,-5.497911769685009,2.8571428571428465,2.333333333333334
WQS1500,2021,-0.23707378794182898,-4.699418267755216,2.8571428571428465,-0.33333333333333215
WQS1479,2021,1.8347151361362997,-4.699418267755216,1.4285714285714233,4.666666666666667
WQS1480,2021,-1.0007052002844297,-2.8276237576556293,0.0,4.333333333333333
WQS1478,2021,2.678267498294446,-3.914341411386275,2.8571428571428465,6.333333333333333
WQS1490,2021,3.430929485653645,-3.914341411386275,-2.8571428571428465,13.666666666666666
WQS1491,2021,1.2749759216360452,-3.914341411386275,-4.285714285714295,11.666666666666668
WQS0057,2021,-1.0007052002844297,-2.0562198021214675,-7.142857142857142,-3.3333333333333335
WQS0059,2021,-0.4824676327758857,-3.237067338095193,-8.571428571428566,-6.0
WQS0062,2021,-0.7367868227820025,-1.6880716013497847,-10.000000000000002,-7.333333333333334
WQS0060,2021,-1.560444414784685,-1.6880716013497847,-10.000000000000002,-4.666666666666668
WQS0090,2021,-1.2749759216360468,-1.6880716013497847,-7.142857142857142,-1.3333333333333346
WQS0093,2021,-0.4824676327758857,-1.6880716013497847,-7.142857142857142,-4.000000000000001
WQS0088,2021,-1.0007052002844297,-1.6880716013497847,-7.142857142857142,-6.0
WQS0063,2021,-0.4824676327758857,-1.6880716013497847,-10.000000000000002,-4.000000000000001
WQS0089,2021,-1.2749759216360468,-2.0562198021214675,-7.142857142857142,-0.9999999999999994
WQS0087,2021,-0.4824676327758857,-2.0562198021214675,-10.000000000000002,-3.3333333333333335
WQS0061,2021,-1.2749759216360468,-2.0562198021214675,-7.142857142857142,-7.333333333333334
WQS0064,2021,-0.4824676327758857,-1.6880716013497847,-7.142857142857142,2.666666666666666
WQS0096,2021,-0.4824676327758857,-1.6880716013497847,-5.714285714285719,-0.9999999999999994
WQS0095,2021,-0.4824676327758857,-1.6880716013497847,-8.571428571428566,-0.6666666666666673
WQS1261,2021,-0.4824676327758857,,0.0,0.6666666666666673
WQS1260,2021,-1.0007052002844297,,-7.142857142857142,4.000000000000001
WQS1264,2021,3.846477880554349,,-8.571428571428566,14.000000000000002
WQS1263,2021,-1.0007052002844297,,0.0,1.3333333333333346
WQS1275,2021,-1.560444414784685,,0.0,5.0
WQS1262,2021,-0.4824676327758857,,7.142857142857142,9.333333333333334
WQS0066,2021,-0.7367868227820025,-1.6880716013497847,-7.142857142857142,-1.3333333333333346
WQS0100,2021,-0.4824676327758857,-1.6338929041243797,-7.142857142857142,-1.999999999999999
WQS0067,2021,-1.0007052002844297,-1.6880716013497847,-10.000000000000002,-4.000000000000001
WQS1271,2021,-5.329650713614663,,-8.571428571428566,-9.333333333333334
WQS1274,2021,-2.1689155825443325,,-11.428571428571425,-12.0
WQS1272,2021,2.5175016365832654,,-12.857142857142861,-0.9999999999999994
WQS0098,2021,1.0779767820087993,,-10.000000000000002,-0.6666666666666673
WQS0099,2021,0.6665047538763971,,-11.428571428571425,-1.3333333333333346
WQS0081,2021,17.625042223647974,0.6090865080586529,-10.000000000000002,15.666666666666668
WQS0106,2021,-1.0007052002844297,-2.079259662464496,-7.142857142857142,-1.3333333333333346
WQS0111,2021,-0.4824676327758857,-2.079259662464496,-7.142857142857142,1.3333333333333346
WQS0102,2021,-1.0007052002844297,-2.0562198021214675,-7.142857142857142,-0.6666666666666673
WQS0103,2021,1.65306837807154,-1.6880716013497847,-10.000000000000002,8.0
WQS0104,2021,-1.2749759216360468,-3.237067338095193,-4.285714285714283,-1.6666666666666667
WQS0068,2021,-1.0007052002844297,-1.6880716013497847,-8.571428571428566,-3.3333333333333335
WQS0105,2021,-1.0007052002844297,-2.0562198021214675,-10.000000000000002,-4.666666666666668
WQS1869,2021,-2.1689155825443325,1.1578076756306972,-2.8571428571428594,-4.333333333333333
WQS0070,2021,-1.560444414784685,-3.237067338095193,-7.142857142857142,-3.3333333333333335
WQS0107,2021,-0.23707378794182898,-2.0562198021214675,-10.000000000000002,-6.0
WQS0108,2021,-1.2749759216360468,-3.237067338095193,-7.142857142857142,-1.6666666666666667
WQS0110,2021,-0.7367868227820025,-2.0562198021214675,-7.142857142857142,0.6666666666666673
WQS0147,2021,-0.23707378794182898,-1.37133585966851,-1.4285714285714233,3.0000000000000013
WQS0149,2021,-1.2749759216360468,-1.6880716013497847,-10.000000000000002,0.9999999999999994
WQS0130,2021,-1.2749759216360468,-2.0562198021214675,-7.142857142857142,3.0000000000000013
WQS0101,2021,-1.2749759216360468,-1.6880716013497847,-4.285714285714283,3.0000000000000013
WQS0097,2021,-0.4824676327758857,-1.6880716013497847,-7.142857142857142,0.0
WQS0086,2021,-1.0007052002844297,-3.237067338095193,-2.8571428571428594,-3.3333333333333335
WQS0076,2021,-1.2749759216360468,-1.6880716013497847,-10.000000000000002,1.3333333333333346
WQS1109,2021,0.4513183296333642,,-7.142857142857142,-6.999999999999999
WQS1080,2021,0.4513183296333642,,-10.000000000000002,-6.333333333333335
WQS1079,2021,0.22929946030063506,,-12.857142857142861,-7.666666666666666
WQS0038,2021,,,,
WQS0039,2021,,,,
WQS0042,2021,-3.1941147027672385,,-10.000000000000002,15.0
WQS0040,2021,-3.5722071592027325,,-11.428571428571425,15.0
WQS0109,2021,-1.0007052002844297,-1.37133585966851,-1.4285714285714233,1.6666666666666667
WQS0041,2021,,,,
WQS0144,2021,-1.2749759216360468,-2.079259662464496,-10.000000000000002,-1.999999999999999
WQS0054,2021,,,,
WQS0053,2021,,,,
WQS0075,2021,-1.560444414784685,-1.6880716013497847,-10.000000000000002,0.0
WQS0094,2021,-0.7367868227820025,-1.6880716013497847,-7.142857142857142,3.0000000000000013
WQS0168,2021,-0.23707378794182898,-1.6880716013497847,-10.000000000000002,-1.999999999999999
WQS0167,2021,-1.560444414784685,-2.0562198021214675,-8.571428571428566,-3.3333333333333335
WQS1125,2021,-3.9719163468946816,-5.770434297621524,-8.571428571428566,-6.666666666666667
WQS1121,2021,-2.4942303771939334,-6.568245879398169,-1.4285714285714233,-5.0
WQS1122,2021,-4.8471830808387795,-6.568245879398169,-5.714285714285719,-7.333333333333334
WQS1508,2021,-1.0007052002844297,,-4.285714285714283,-13.333333333333334
WQS1265,2021,-0.4824676327758857,,2.8571428571428465,-1.999999999999999
WQS1258,2021,-1.0007052002844297,,1.4285714285714233,-0.33333333333333215
WQS1259,2021,-2.1689155825443325,,0.0,1.3333333333333346
WQS1266,2021,-1.560444414784685,,-1.4285714285714233,2.666666666666666
WQS1269,2021,-3.5722071592027325,,0.0,-1.3333333333333346
WQS1270,2021,1.0779767820087993,,0.0,3.0000000000000013
WQS1277,2021,0.0,,-2.8571428571428465,2.666666666666666
WQS1885,2021,-2.4942303771939334,1.1578076756306972,2.8571428571428465,-5.666666666666668
WQS1884,2021,-2.835420336420731,1.1578076756306972,-7.142857142857142,-6.0
WQS0080,2021,-0.7367868227820025,-1.6880716013497847,-7.142857142857142,0.33333333333333215
WQS0044,2021,,,,
WQS0083,2021,-0.4824676327758857,-2.0562198021214675,2.8571428571428594,-4.333333333333333
WQS0082,2021,-1.560444414784685,-3.237067338095193,10.000000000000002,-4.333333333333333
WQS0113,2021,-1.2749759216360468,-3.237067338095193,-7.142857142857142,-5.333333333333332
WQS0114,2021,-1.0007052002844297,-2.0562198021214675,-7.142857142857142,-6.0
WQS0141,2021,-0.7367868227820025,-2.0562198021214675,-7.142857142857142,-0.33333333333333215
WQS1280,2021,0.0,,0.0,5.333333333333334
WQS0084,2021,-1.2749759216360468,-2.0562198021214675,-7.142857142857142,-1.6666666666666667
WQS1152,2021,-3.9719163468946816,-10.753384682092596,-4.285714285714283,-6.999999999999999
WQS1145,2021,-3.9719163468946816,-7.563754786588654,-2.8571428571428594,-6.0
WQS1144,2021,-4.395864751205414,-8.065038511569448,-2.8571428571428594,-6.333333333333335
WQS1221,2021,-2.835420336420731,,-1.4285714285714233,1.6666666666666667
WQS1216,2021,-1.8580640960350063,,-2.8571428571428465,2.333333333333334
WQS1220,2021,-1.560444414784685,,5.714285714285719,0.0
WQS1236,2021,-2.835420336420731,,0.0,0.9999999999999994
WQS1257,2021,-3.1941147027672385,,-2.8571428571428465,0.0
WQS1247,2021,-2.1689155825443325,,2.8571428571428465,0.9999999999999994
WQS1245,2021,-4.395864751205414,,0.0,0.0
WQS1230,2021,-2.1689155825443325,,12.857142857142861,1.6666666666666667
WQS1193,2021,-1.8580640960350063,,-4.285714285714295,0.0
WQS1188,2021,4.729650784920029,,8.571428571428566,5.666666666666668
WQS1251,2021,-3.9719163468946816,,0.0,-6.666666666666667
WQS1252,2021,-3.9719163468946816,,4.285714285714283,-5.666666666666668
WQS1199,2021,5.0764825411394146,,-7.142857142857142,3.666666666666667
WQS1186,2021,-3.5722071592027325,,2.8571428571428465,0.0
WQS1219,2021,-3.9719163468946816,,2.8571428571428594,-5.0
WQS1201,2021,-4.395864751205414,,10.000000000000002,-5.333333333333332
WQS1218,2021,-1.560444414784685,,-1.4285714285714233,-5.333333333333332
WQS1244,2021,-2.1689155825443325,,-4.285714285714283,-2.333333333333334
WQS1187,2021,-2.4942303771939334,,-4.285714285714283,-7.333333333333334
WQS1248,2021,-3.9719163468946816,,-5.714285714285719,-4.333333333333333
WQS1246,2021,-3.9719163468946816,,-5.714285714285719,-5.333333333333332
WQS1208,2021,-3.1941147027672385,,-4.285714285714283,-1.6666666666666667
WQS1211,2021,-3.9719163468946816,,-2.8571428571428594,-1.6666666666666667
WQS1233,2021,-3.1941147027672385,,4.285714285714283,-3.0000000000000013
WQS1222,2021,-2.1689155825443325,,-4.285714285714283,-2.333333333333334
WQS1215,2021,-3.9719163468946816,,0.0,-0.33333333333333215
WQS1213,2021,-3.9719163468946816,,1.4285714285714233,3.3333333333333335
WQS1224,2021,-3.5722071592027325,,0.0,5.0
WQS1151,2021,-3.5722071592027325,-7.083221184249039,,-6.666666666666667
WQS1126,2021,-4.395864751205414,-6.568245879398169,-8.571428571428566,-6.999999999999999
WQS1205,2021,-1.2749759216360468,,-4.285714285714295,6.0
WQS1223,2021,5.298501410472143,,4.285714285714283,10.0
WQS1226,2021,-3.5722071592027325,,-1.4285714285714233,0.9999999999999994
WQS1210,2021,-3.9719163468946816,,1.4285714285714233,-4.333333333333333
WQS1212,2021,-3.5722071592027325,,0.0,-1.3333333333333346
WQS1217,2021,-1.560444414784685,,-8.571428571428566,0.0
WQS1206,2021,-3.5722071592027325,,-1.4285714285714233,-5.0
WQS1237,2021,-3.9719163468946816,,1.4285714285714233,-5.0
WQS1225,2021,-3.5722071592027325,,2.8571428571428465,5.666666666666668
WQS1207,2021,-3.1941147027672385,,,7.333333333333334
WQS1154,2021,-3.5722071592027325,-8.918302933170816,,-6.666666666666667
WQS1138,2021,-3.9719163468946816,-10.076110608801514,31.428571428571427,-6.666666666666667
WQS1182,2021,-3.5722071592027325,-8.918302933170816,-2.8571428571428594,-6.666666666666667
WQS1183,2021,-4.8471830808387795,-11.911192357723293,-2.8571428571428594,-7.666666666666666
WQS1171,2021,-4.8471830808387795,-8.918302933170816,-8.571428571428566,-7.666666666666666
WQS1172,2021,-4.8471830808387795,-10.076110608801514,-4.285714285714283,-7.333333333333334
WQS1153,2021,-3.9719163468946816,-8.660815280745382,-5.714285714285719,-6.0
WQS1129,2021,-2.4942303771939334,-11.911192357723293,,-6.0
WQS1130,2021,-1.0007052002844297,-11.911192357723293,,-3.3333333333333335
WQS1184,2021,-2.835420336420731,-11.911192357723293,,-4.333333333333333
WQS1133,2021,-2.4942303771939334,-11.911192357723293,35.71428571428571,-5.0
WQS1140,2021,-1.2749759216360468,-6.99290927713549,29.999999999999993,-1.6666666666666667
WQS1147,2021,-4.395864751205414,-6.99290927713549,-2.8571428571428594,-6.666666666666667
WQS1139,2021,-4.395864751205414,-7.563754786588654,27.142857142857146,-6.999999999999999
WQS1143,2021,-3.5722071592027325,-10.076110608801514,,-6.0
WQS1163,2021,-3.5722071592027325,-11.911192357723293,,-6.666666666666667
WQS1132,2021,-3.9719163468946816,-11.911192357723293,,-6.666666666666667
WQS1131,2021,-4.395864751205414,-11.911192357723293,,-6.666666666666667
WQS1158,2021,-4.395864751205414,-7.9835412074543,35.71428571428571,-6.666666666666667
WQS1529,2021,-1.560444414784685,,-7.142857142857142,-13.333333333333334
WQS1530,2021,-1.0007052002844297,,0.0,-6.666666666666667
WQS1531,2021,-1.8580640960350063,,0.0,8.333333333333334
WQS1534,2021,-1.0007052002844297,,0.0,-6.666666666666667
WQS1883,2021,-3.1941147027672385,0.5136111860392978,-4.285714285714283,-6.333333333333335
WQS0143,2021,-0.4824676327758857,-2.0562198021214675,-10.000000000000002,1.3333333333333346
WQS0140,2021,-1.0007052002844297,-1.6880716013497847,-7.142857142857142,-0.33333333333333215
WQS0051,2021,,,,
WQS1511,2021,-1.2749759216360468,,-7.142857142857142,-13.333333333333334
WQS1514,2021,-1.2749759216360468,,-4.285714285714283,-11.666666666666668
WQS1516,2021,-1.2749759216360468,,0.0,-10.0
WQS1512,2021,-1.2749759216360468,,0.0,-9.666666666666668
WQS1517,2021,-1.2749759216360468,,0.0,-6.666666666666667
WQS1507,2021,-0.4824676327758857,,0.0,-5.0
WQS1526,2021,-1.2749759216360468,,0.0,-6.0
WQS0043,2021,,,,
WQS0119,2021,-0.7367868227820025,-2.079259662464496,-7.142857142857142,-0.6666666666666673
WQS1870,2021,-2.1689155825443325,1.9428845319996395,-1.4285714285714233,-6.333333333333335
WQS0120,2021,-0.4824676327758857,-1.37133585966851,-8.571428571428566,0.33333333333333215
WQS0121,2021,-1.0007052002844297,-2.0562198021214675,-10.000000000000002,-3.0000000000000013
WQS0123,2021,-0.7367868227820025,-3.237067338095193,-10.000000000000002,2.666666666666666
WQS0124,2021,-0.7367868227820025,-2.0562198021214675,-5.714285714285719,0.9999999999999994
WQS0125,2021,-1.0007052002844297,-1.6880716013497847,-8.571428571428566,1.6666666666666667
WQS0128,2021,-0.4824676327758857,-1.6880716013497847,-7.142857142857142,-3.3333333333333335
WQS0129,2021,-1.2749759216360468,-2.0562198021214675,-7.142857142857142,-2.333333333333334
WQS1659,2021,-2.4942303771939334,,1.4285714285714233,-0.33333333333333215
WQS1656,2021,-1.8580640960350063,,-2.8571428571428594,-0.33333333333333215
WQS1657,2021,-3.5722071592027325,,-5.714285714285719,0.0
WQS1149,2021,-1.0007052002844297,-2.979579685669758,-2.8571428571428594,-6.333333333333335
WQS1150,2021,-4.8471830808387795,-3.1467554309816435,-2.8571428571428594,-5.666666666666668
WQS1136,2021,-4.395864751205414,-7.905835876345505,-2.8571428571428594,-6.0
WQS1134,2021,-5.329650713614663,-9.0636435519762,-5.714285714285719,-6.666666666666667
WQS1135,2021,-2.835420336420731,-8.918302933170816,0.0,-6.0
WQS1180,2021,-3.5722071592027325,-9.0636435519762,-2.8571428571428594,-4.666666666666668
WQS1181,2021,-3.1941147027672385,-8.660815280745382,0.0,-6.0
WQS0046,2021,,,,
WQS0132,2021,-0.7367868227820025,-3.237067338095193,-5.714285714285719,-0.33333333333333215
WQS0133,2021,-1.0007052002844297,-2.3561929756202704,-7.142857142857142,0.9999999999999994
WQS1510,2021,-1.2749759216360468,,0.0,-10.0
WQS1509,2021,-0.7367868227820025,,7.142857142857142,-3.3333333333333335
WQS1278,2021,-1.560444414784685,,0.0,1.3333333333333346
WQS1279,2021,-2.1689155825443325,,0.0,1.999999999999999
WQS0047,2021,,,,
WQS0048,2021,,,,
WQS0049,2021,-7.68260341725951,,-11.428571428571425,14.666666666666668
WQS0136,2021,-1.0007052002844297,-2.0562198021214675,-10.000000000000002,-2.666666666666666
WQS0138,2021,-1.0007052002844297,-2.0562198021214675,-7.142857142857142,-0.6666666666666673
WQS0050,2021,,,,
WQS0055,2021,,,,
WQS0134,2021,1.2749759216360452,-2.079259662464496,-7.142857142857142,1.6666666666666667
WQS1501,2021,-0.7367868227820025,-3.914341411386275,2.8571428571428465,1.3333333333333346
WQS1502,2021,3.572207159202731,1.4623509296600228,1.4285714285714233,-5.0
WQS0317,2021,-7.68260341725951,-9.0636435519762,0.0,-9.000000000000002
WQS0320,2021,-7.68260341725951,-7.9835412074543,0.0,-4.666666666666668
WQS0332,2021,-7.68260341725951,-10.38065386283084,0.0,-4.000000000000001
WQS0328,2021,-7.68260341725951,-9.595577006461898,-1.4285714285714233,-3.3333333333333335
WQS0331,2021,-7.68260341725951,-10.076110608801514,0.0,-6.333333333333335
WQS0319,2021,-7.68260341725951,-8.33650418189909,0.0,-8.666666666666666
WQS0316,2021,2.352952703644846,-7.905835876345505,0.0,-4.666666666666668
WQS0318,2021,-7.68260341725951,-7.9835412074543,0.0,15.666666666666668
WQS0329,2021,-7.68260341725951,-8.78460252448154,0.0,-6.0
WQS0327,2021,-1.560444414784685,-6.020888830637697,-8.571428571428566,-9.666666666666668
WQS0867,2021,-3.5722071592027325,-11.911192357723293,-5.714285714285719,-6.999999999999999
WQS0802,2021,-2.835420336420731,-9.595577006461898,-8.571428571428566,-6.666666666666667
WQS0869,2021,-2.1689155825443325,-10.076110608801514,-8.571428571428566,-6.666666666666667
WQS0868,2021,1.4665771397347491,-3.3824079569005767,-5.714285714285719,-7.333333333333334
WQS0781,2021,-5.329650713614663,-11.911192357723293,1.4285714285714233,12.666666666666666
WQS0322,2021,-7.68260341725951,-7.9835412074543,1.4285714285714233,-7.333333333333334
WQS0870,2021,-2.835420336420731,-10.753384682092596,0.0,-5.666666666666668
WQS0942,2021,-2.1689155825443325,-9.818622956376078,-10.000000000000002,-6.0
WQS0339,2021,-7.68260341725951,-9.0636435519762,0.0,1.3333333333333346
WQS1481,2021,-1.8580640960350063,-3.914341411386275,0.0,11.0
WQS0841,2021,-2.835420336420731,-10.753384682092596,-7.142857142857142,-6.0
WQS0848,2021,-2.835420336420731,-10.753384682092596,-10.000000000000002,-5.0
WQS0346,2021,-4.395864751205414,-6.568245879398169,-2.8571428571428465,-2.333333333333334
WQS0340,2021,18.45494636094587,,-1.4285714285714233,15.666666666666668
WQS0349,2021,10.772342943686354,-5.9724691102222325,1.4285714285714233,6.666666666666667
WQS0345,2021,-4.395864751205414,-8.33650418189909,2.8571428571428465,0.33333333333333215
WQS0356,2021,-7.68260341725951,-10.076110608801514,-4.285714285714295,-0.6666666666666673
WQS0355,2021,32.01497561958163,,4.285714285714295,15.666666666666668
WQS0350,2021,19.241505685608033,,-5.714285714285719,15.666666666666668
WQS0343,2021,-4.395864751205414,-10.076110608801514,-2.8571428571428465,0.6666666666666673
WQS0342,2021,-4.395864751205414,-8.33650418189909,2.8571428571428465,0.33333333333333215
WQS0341,2021,19.241505685608033,,-5.714285714285719,15.666666666666668
WQS0351,2021,-1.0007052002844297,-2.559793264804111,-1.4285714285714233,13.0
WQS0326,2021,25.678827523059827,,-7.142857142857142,15.666666666666668
WQS0333,2021,-4.395864751205414,-10.753384682092596,-5.714285714285719,0.6666666666666673
WQS0803,2021,-3.1941147027672385,-11.911192357723293,-7.142857142857142,-8.666666666666666
WQS0813,2021,-7.68260341725951,-11.911192357723293,-4.285714285714283,-4.333333333333333
WQS0893,2021,-2.1689155825443325,-10.753384682092596,-5.714285714285719,-5.0
WQS0888,2021,-3.5722071592027325,-9.222846187200144,-2.8571428571428465,15.666666666666668
WQS0810,2021,-3.1941147027672385,-10.753384682092596,-4.285714285714295,-6.999999999999999
WQS0891,2021,-2.835420336420731,-10.753384682092596,-1.4285714285714233,-6.333333333333335
WQS0875,2021,-2.4942303771939334,-10.753384682092596,-1.4285714285714233,10.0
WQS0873,2021,-1.560444414784685,-7.083221184249039,-2.8571428571428465,-6.0
WQS0889,2021,-7.016098663383111,-11.911192357723293,0.0,-7.333333333333334
WQS0874,2021,-6.407627495623464,-11.911192357723293,0.0,-6.0
WQS0887,2021,-6.407627495623464,-11.911192357723293,-2.8571428571428465,-6.999999999999999
WQS0904,2021,-1.560444414784685,-3.6568537589608385,-2.8571428571428465,-4.333333333333333
WQS0900,2021,-7.016098663383111,-11.911192357723293,0.0,-7.333333333333334
WQS0811,2021,-3.9719163468946816,-4.814661434591535,-4.285714285714295,-6.333333333333335
WQS0805,2021,-3.5722071592027325,-4.814661434591535,-5.714285714285719,-6.0
WQS0901,2021,-7.016098663383111,-11.911192357723293,0.0,-6.666666666666667
WQS0804,2021,-6.407627495623464,-11.911192357723293,-1.4285714285714233,-6.999999999999999
WQS0809,2021,-3.1941147027672385,-10.076110608801514,-2.8571428571428465,-6.666666666666667
WQS0812,2021,-2.835420336420731,-10.753384682092596,-10.000000000000002,15.666666666666668
WQS0808,2021,-2.835420336420731,-10.753384682092596,-5.714285714285719,-8.000000000000002
WQS0892,2021,-3.1941147027672385,-10.753384682092596,-2.8571428571428465,-6.666666666666667
WQS0894,2021,-3.1941147027672385,-10.753384682092596,-1.4285714285714233,-6.666666666666667
WQS0814,2021,-3.1941147027672385,-11.911192357723293,-4.285714285714283,-6.0
WQS0807,2021,-3.1941147027672385,-5.667925856192907,-4.285714285714295,0.0
WQS0815,2021,-6.407627495623464,-11.911192357723293,0.0,-7.666666666666666
WQS0877,2021,-3.9719163468946816,-11.911192357723293,-7.142857142857142,-6.0
WQS0879,2021,-1.8580640960350063,-10.38065386283084,-7.142857142857142,-8.333333333333334
WQS0899,2021,-3.1941147027672385,-10.076110608801514,-2.8571428571428465,-7.666666666666666
WQS0902,2021,-3.1941147027672385,-10.753384682092596,-5.714285714285719,-8.000000000000002
WQS0883,2021,-3.1941147027672385,-10.38065386283084,-10.000000000000002,-8.000000000000002
WQS0903,2021,-3.1941147027672385,-10.076110608801514,-4.285714285714295,-6.666666666666667
WQS0898,2021,-3.1941147027672385,-9.222846187200144,-4.285714285714295,-6.666666666666667
WQS0910,2021,-0.7367868227820025,-9.595577006461898,-5.714285714285719,-6.666666666666667
WQS0909,2021,-3.5722071592027325,-10.753384682092596,-4.285714285714295,-6.666666666666667
WQS0890,2021,-1.8580640960350063,-5.9724691102222325,-4.285714285714295,-6.666666666666667
WQS0896,2021,-3.1941147027672385,-4.938448678327695,-2.8571428571428465,-6.333333333333335
WQS0878,2021,-2.835420336420731,-5.217489705822356,-4.285714285714295,-4.000000000000001
WQS0897,2021,-4.395864751205414,-4.137387361300456,-1.4285714285714233,-6.0
WQS0880,2021,-1.8580640960350063,,-2.8571428571428465,-4.000000000000001
WQS0876,2021,-2.4942303771939334,-4.3948750137258905,-2.8571428571428465,-6.0
WQS0881,2021,-2.835420336420731,-4.218884665415601,-2.8571428571428465,-1.6666666666666667
WQS0882,2021,-7.68260341725951,-11.911192357723293,0.0,-6.999999999999999
WQS0895,2021,-7.016098663383111,-11.911192357723293,-1.4285714285714233,-7.333333333333334
WQS0906,2021,-6.407627495623464,-11.911192357723293,1.4285714285714233,-7.666666666666666
WQS0905,2021,-7.68260341725951,-11.911192357723293,-1.4285714285714233,-7.666666666666666
WQS0908,2021,-6.407627495623464,-11.911192357723293,1.4285714285714233,-7.666666666666666
WQS0885,2021,-5.8478882811232085,-11.911192357723293,0.0,-4.666666666666668
WQS0907,2021,-6.407627495623464,-11.911192357723293,0.0,-7.333333333333334
WQS0886,2021,-6.407627495623464,-11.911192357723293,0.0,-7.333333333333334
WQS0884,2021,-6.407627495623464,-11.911192357723293,0.0,-6.999999999999999
WQS0337,2021,-1.8580640960350063,-4.4903503357452434,-7.142857142857142,-11.666666666666668
WQS0336,2021,-6.407627495623464,-7.626794848850844,-2.8571428571428465,-4.666666666666668
WQS0338,2021,-7.68260341725951,-7.626794848850844,-1.4285714285714233,-6.333333333333335
WQS0335,2021,-7.68260341725951,-7.831585279440171,-1.4285714285714233,-6.333333333333335
WQS0321,2021,-6.407627495623464,-6.673777603809475,-4.285714285714295,-5.666666666666668
WQS0334,2021,-5.8478882811232085,-5.480046750278227,-4.285714285714295,-5.0
WQS0791,2021,-5.329650713614663,-11.911192357723293,-4.285714285714295,-2.666666666666666
WQS0797,2021,-0.7367868227820025,-9.222846187200144,-1.4285714285714233,0.33333333333333215
WQS0865,2021,2.352952703644846,-6.568245879398169,1.4285714285714233,2.666666666666666
WQS0943,2021,-1.560444414784685,-10.753384682092596,-2.8571428571428465,-0.33333333333333215
WQS0782,2021,-3.5722071592027325,-9.222846187200144,1.4285714285714233,-6.999999999999999
WQS0796,2021,-1.0007052002844297,-8.918302933170816,-2.8571428571428465,-5.333333333333332
WQS0847,2021,6.681898216975081,-7.831585279440171,-5.714285714285719,-6.0
WQS0930,2021,-1.0007052002844297,-8.545572113909062,5.714285714285719,-4.000000000000001
WQS0946,2021,-0.23707378794182898,-11.911192357723293,0.0,2.333333333333334
WQS0944,2021,-0.4824676327758857,-4.137387361300456,0.0,-4.000000000000001
WQS0945,2021,-0.4824676327758857,-4.137387361300456,-1.4285714285714233,-4.000000000000001
WQS0359,2021,-4.395864751205414,-7.228561803054423,-4.285714285714295,-6.333333333333335
WQS0353,2021,-5.8478882811232085,-7.905835876345505,-2.8571428571428465,-4.666666666666668
WQS0361,2021,-3.5722071592027325,-8.660815280745382,-4.285714285714295,-3.3333333333333335
WQS0357,2021,-5.8478882811232085,-7.228561803054423,-2.8571428571428465,-6.0
WQS0354,2021,-5.329650713614663,-7.2799616552005055,-1.4285714285714233,-5.333333333333332
WQS0358,2021,-4.395864751205414,-7.228561803054423,-1.4285714285714233,3.0000000000000013
WQS0360,2021,-1.560444414784685,-6.99290927713549,-7.142857142857142,-0.33333333333333215
WQS0352,2021,0.8752667339440972,,-7.142857142857142,-12.0
WQS1052,2021,2.678267498294446,,-4.285714285714295,-2.666666666666666
WQS1051,2021,3.846477880554349,,-1.4285714285714233,-1.999999999999999
WQS1053,2021,2.0117627444180477,,-8.571428571428566,-1.6666666666666667
WQS1050,2021,1.65306837807154,,-8.571428571428566,-1.999999999999999
WQS1054,2021,1.65306837807154,,-4.285714285714295,-1.6666666666666667
WQS0314,2021,-5.329650713614663,-5.480046750278227,-2.8571428571428465,-4.666666666666668
WQS0950,2021,-0.4824676327758857,,-12.857142857142861,-6.0
WQS0973,2021,0.4513183296333642,,-10.000000000000002,-2.333333333333334
WQS1011,2021,0.4513183296333642,,-5.714285714285719,-3.0000000000000013
WQS0315,2021,-0.7367868227820025,-7.2799616552005055,-1.4285714285714233,-0.33333333333333215
WQS0792,2021,-3.5722071592027325,-9.818622956376078,-1.4285714285714233,-6.666666666666667
WQS0966,2021,0.4513183296333642,,-10.000000000000002,-3.3333333333333335
WQS1012,2021,2.9891189848037722,,-7.142857142857142,0.33333333333333215
WQS1005,2021,0.4513183296333642,,-11.428571428571425,-2.666666666666666
WQS0957,2021,0.4513183296333642,,-7.142857142857142,-2.666666666666666
WQS0974,2021,1.2749759216360452,,-10.000000000000002,-2.666666666666666
WQS0986,2021,-0.4824676327758857,,-12.857142857142861,-6.0
WQS1067,2021,1.2749759216360452,,-8.571428571428566,-1.999999999999999
WQS1073,2021,2.0117627444180477,,-10.000000000000002,-1.6666666666666667
WQS0999,2021,2.352952703644846,,-10.000000000000002,-1.6666666666666667
WQS1004,2021,4.847183080838778,,4.285714285714295,-3.3333333333333335
WQS1048,2021,5.722449814782877,,-2.8571428571428465,-1.999999999999999
WQS1045,2021,5.722449814782877,,7.142857142857142,3.0000000000000013
WQS1035,2021,7.28289422956756,,-2.8571428571428465,3.3333333333333335
WQS0288,2021,-0.23707378794182898,,-10.000000000000002,-5.333333333333332
WQS0286,2021,-1.0007052002844297,,-11.428571428571425,-6.0
WQS0289,2021,-0.23707378794182898,,-10.000000000000002,-5.333333333333332
WQS0283,2021,-1.0007052002844297,,-10.000000000000002,-5.0
WQS0285,2021,-0.7367868227820025,,0.0,-7.333333333333334
WQS0287,2021,-0.4824676327758857,,0.0,-5.0
WQS0297,2021,-0.23707378794182898,,0.0,-6.666666666666667
WQS0292,2021,-7.68260341725951,,-8.571428571428566,-5.333333333333332
WQS0284,2021,-1.8580640960350063,,-8.571428571428566,-4.666666666666668
WQS1316,2021,-4.395864751205414,-2.7220920332443215,0.0,-7.333333333333334
WQS1389,2021,-7.68260341725951,6.723800103870002,-4.285714285714295,-8.000000000000002
WQS1395,2021,-4.8471830808387795,-1.37133585966851,-1.4285714285714233,-6.0
WQS1393,2021,-2.835420336420731,2.4748179864853377,-1.4285714285714233,-2.666666666666666
WQS1394,2021,-4.8471830808387795,-1.0922948321738482,-1.4285714285714233,-4.666666666666668
WQS1384,2021,-5.329650713614663,-4.4903503357452434,0.0,-6.666666666666667
WQS1385,2021,-4.395864751205414,-4.0596820301916585,0.0,-4.000000000000001
WQS1323,2021,-3.1941147027672385,-0.06818756523242914,-2.8571428571428465,-3.3333333333333335
WQS1390,2021,-5.329650713614663,-0.21352818403781276,-2.8571428571428594,-8.000000000000002
WQS1420,2021,-3.5722071592027325,-0.6441964895913976,-1.4285714285714233,-4.666666666666668
WQS1318,2021,-5.8478882811232085,-2.7220920332443215,-1.4285714285714233,-4.666666666666668
WQS1317,2021,-6.407627495623464,-1.0922948321738482,-4.285714285714283,-9.333333333333334
WQS1388,2021,-5.329650713614663,-1.9242804514676772,0.0,-10.0
WQS1386,2021,-1.0007052002844297,-0.13927758713247856,0.0,-8.000000000000002
WQS1324,2021,-4.395864751205414,-2.7220920332443215,-5.714285714285719,-2.666666666666666
WQS1387,2021,-2.835420336420731,-0.6441964895913976,0.0,-6.666666666666667
WQS1392,2021,-7.016098663383111,-4.0596820301916585,-2.8571428571428594,-6.0
WQS1391,2021,-3.9719163468946816,-1.9242804514676772,-4.285714285714283,-3.3333333333333335
WQS0300,2021,-2.835420336420731,,-8.571428571428566,-8.000000000000002
WQS0299,2021,-1.2749759216360468,,-12.857142857142861,-5.333333333333332
WQS0301,2021,-3.5722071592027325,,-8.571428571428566,-6.666666666666667
WQS0298,2021,1.65306837807154,,-10.000000000000002,-1.6666666666666667
WQS0303,2021,-1.560444414784685,,-7.142857142857142,-7.333333333333334
WQS1333,2021,-2.835420336420731,-0.21352818403781276,0.0,-8.000000000000002
WQS0279,2021,-0.23707378794182898,,-12.857142857142861,-5.333333333333332
WQS0280,2021,-2.835420336420731,,-10.000000000000002,-6.333333333333335
WQS0281,2021,-0.4824676327758857,,-10.000000000000002,-5.666666666666668
WQS0282,2021,-0.23707378794182898,,-10.000000000000002,-4.666666666666668
WQS0275,2021,-7.68260341725951,,-8.571428571428566,-8.000000000000002
WQS0276,2021,-0.7367868227820025,,0.0,9.000000000000002
WQS0290,2021,-7.68260341725951,,-8.571428571428566,-6.666666666666667
WQS0291,2021,-7.68260341725951,,-8.571428571428566,-6.666666666666667
WQS0293,2021,-7.68260341725951,,-8.571428571428566,-8.000000000000002
WQS1307,2021,-3.9719163468946816,-0.6441964895913976,-2.8571428571428594,-4.000000000000001
WQS1306,2021,-3.9719163468946816,-1.37133585966851,0.0,-8.666666666666666
WQS1365,2021,-1.8580640960350063,-0.06818756523242914,-2.8571428571428465,-8.666666666666666
WQS1366,2021,-4.8471830808387795,-0.6441964895913976,-5.714285714285719,-8.666666666666666
WQS1410,2021,1.0779767820087993,4.408184752608609,-1.4285714285714233,1.3333333333333346
WQS1380,2021,-3.1941147027672385,-0.21352818403781276,-2.8571428571428465,-0.9999999999999994
WQS1355,2021,2.9891189848037722,5.13251442750358,-1.4285714285714233,8.333333333333334
WQS1379,2021,-3.9719163468946816,-0.21352818403781276,-2.8571428571428465,-1.3333333333333346
WQS1335,2021,-3.5722071592027325,-1.0922948321738482,-4.285714285714283,-7.333333333333334
WQS0273,2021,-0.23707378794182898,,0.0,-5.333333333333332
WQS0278,2021,-0.4824676327758857,,-8.571428571428566,-5.0
WQS0277,2021,0.8752667339440972,,-10.000000000000002,-4.333333333333333
WQS1356,2021,2.352952703644846,5.13251442750358,-1.4285714285714233,5.333333333333334
WQS1357,2021,-3.5722071592027325,3.7779662809214187,0.0,-3.0000000000000013
WQS1358,2021,-0.4824676327758857,3.7779662809214187,-1.4285714285714233,-1.6666666666666667
WQS1373,2021,-3.5722071592027325,-1.9242804514676772,0.0,-10.0
WQS1370,2021,2.184438356938128,5.13251442750358,-1.4285714285714233,2.666666666666666
WQS1372,2021,-0.4824676327758857,2.753859013979998,0.0,-0.6666666666666673
WQS1371,2021,-1.8580640960350063,-0.6441964895913976,0.0,-4.666666666666668
WQS1363,2021,-5.329650713614663,-0.2912335151466093,-5.714285714285719,-0.6666666666666673
WQS1362,2021,-2.4942303771939334,-0.21352818403781276,-10.000000000000002,0.6666666666666673
WQS1359,2021,-1.8580640960350063,-1.0922948321738482,-1.4285714285714233,-5.333333333333332
WQS1303,2021,7.364684717422043,6.946846053784182,-1.4285714285714233,14.666666666666668
WQS1300,2021,7.911902877560145,6.946846053784182,,15.0
WQS1301,2021,8.206388789099492,6.946846053784182,11.428571428571425,14.333333333333334
WQS1302,2021,6.591664616723976,6.946846053784182,8.571428571428566,12.666666666666666
WQS1312,2021,-1.560444414784685,5.13251442750358,1.4285714285714233,-1.6666666666666667
WQS1314,2021,-2.4942303771939334,5.13251442750358,-5.714285714285719,-0.33333333333333215
WQS1313,2021,-2.4942303771939334,5.13251442750358,-7.142857142857142,-0.33333333333333215
WQS1397,2021,-3.9719163468946816,-0.6441964895913976,0.0,-0.9999999999999994
WQS1396,2021,3.430929485653645,-0.6441964895913976,0.0,0.0
WQS1291,2021,-3.5722071592027325,-0.21352818403781276,0.0,-1.3333333333333346
WQS1308,2021,-1.560444414784685,-0.21352818403781276,-2.8571428571428594,0.0
WQS1282,2021,-2.1689155825443325,-0.06818756523242914,-5.714285714285719,4.333333333333333
WQS1403,2021,-1.560444414784685,-0.21352818403781276,-5.714285714285719,-0.33333333333333215
WQS1326,2021,-4.395864751205414,-0.06818756523242914,-2.8571428571428594,-1.6666666666666667
WQS1315,2021,-2.835420336420731,0.18930008719300745,-1.4285714285714233,-0.9999999999999994
WQS1419,2021,-2.835420336420731,-0.21352818403781276,-5.714285714285719,13.0
WQS1409,2021,-4.8471830808387795,-1.0922948321738482,-1.4285714285714233,-1.999999999999999
WQS1281,2021,-0.4824676327758857,-0.6441964895913976,0.0,-3.3333333333333335
WQS1414,2021,-3.5722071592027325,-4.938448678327695,-1.4285714285714233,-5.333333333333332
WQS1405,2021,-1.0007052002844297,-0.21352818403781276,-1.4285714285714233,-3.3333333333333335
WQS1404,2021,-2.4942303771939334,-2.7220920332443215,-2.8571428571428465,0.0
WQS1417,2021,-2.835420336420731,-0.21352818403781276,0.0,-5.0
WQS1406,2021,-3.5722071592027325,-0.21352818403781276,0.0,-1.999999999999999
WQS1418,2021,-3.5722071592027325,-0.06818756523242914,0.0,-2.666666666666666
WQS1286,2021,-2.1689155825443325,-1.9242804514676772,-4.285714285714283,-4.333333333333333
WQS1283,2021,-2.4942303771939334,-0.6441964895913976,-2.8571428571428465,-2.666666666666666
WQS1285,2021,-1.2749759216360468,-0.21352818403781276,-5.714285714285719,-6.0
WQS1288,2021,-4.8471830808387795,-3.3824079569005767,-5.714285714285719,-3.3333333333333335
WQS1289,2021,-7.68260341725951,-1.0922948321738482,-5.714285714285719,-3.6666666666666656
WQS1284,2021,-3.5722071592027325,-0.06818756523242914,-5.714285714285719,-3.3333333333333335
WQS1331,2021,-4.8471830808387795,-0.6441964895913976,-8.571428571428566,-5.333333333333332
WQS1287,2021,-3.1941147027672385,-1.0922948321738482,-7.142857142857142,-4.666666666666668
WQS1330,2021,-2.4942303771939334,-0.21352818403781276,0.0,-4.666666666666668
WQS1329,2021,-1.8580640960350063,-0.06818756523242914,-2.8571428571428594,-3.3333333333333335
WQS1408,2021,-5.8478882811232085,-0.6441964895913976,-1.4285714285714233,-4.666666666666668
WQS1407,2021,-1.2749759216360468,-0.06818756523242914,0.0,-1.999999999999999
WQS1381,2021,-3.9719163468946816,-0.06818756523242914,-2.8571428571428465,-4.000000000000001
WQS1350,2021,-3.9719163468946816,-0.21352818403781276,-1.4285714285714233,5.333333333333334
WQS1337,2021,4.364715448062894,4.408184752608609,-1.4285714285714233,6.666666666666667
WQS1344,2021,3.9796820411885756,3.632625662116035,-4.285714285714283,7.666666666666666
WQS1346,2021,-0.4824676327758857,-1.9242804514676772,-2.8571428571428465,-1.999999999999999
WQS1294,2021,-3.1941147027672385,-1.9242804514676772,0.0,-3.0000000000000013
WQS1297,2021,-5.8478882811232085,-0.06818756523242914,-2.8571428571428594,-1.3333333333333346
WQS1298,2021,-3.5722071592027325,-0.6441964895913976,-1.4285714285714233,-1.3333333333333346
WQS1348,2021,-3.9719163468946816,-1.9242804514676772,-5.714285714285719,-6.0
WQS1347,2021,-3.5722071592027325,-1.9242804514676772,-4.285714285714295,-0.6666666666666673
WQS1342,2021,-2.1689155825443325,-0.21352818403781276,-7.142857142857142,-4.666666666666668
WQS1292,2021,-3.1941147027672385,-0.21352818403781276,-10.000000000000002,-4.666666666666668
WQS1349,2021,-3.9719163468946816,-0.6441964895913976,-5.714285714285719,-6.0
WQS1293,2021,-2.1689155825443325,-0.2912335151466093,-10.000000000000002,-1.3333333333333346
WQS1295,2021,-3.9719163468946816,-1.9242804514676772,0.0,-8.000000000000002
WQS1339,2021,-3.5722071592027325,-0.06818756523242914,0.0,-6.0
WQS1340,2021,-6.407627495623464,-0.6441964895913976,-2.8571428571428465,-6.666666666666667
WQS1296,2021,-3.5722071592027325,-0.21352818403781276,-4.285714285714283,-5.333333333333332
WQS1345,2021,2.352952703644846,-0.6441964895913976,-2.8571428571428465,2.666666666666666
WQS1343,2021,-1.560444414784685,-0.21352818403781276,-7.142857142857142,-4.666666666666668
WQS1341,2021,-4.395864751205414,-0.6441964895913976,-8.571428571428566,-3.3333333333333335
WQS1376,2021,-3.1941147027672385,-2.7220920332443215,-7.142857142857142,-8.333333333333334
WQS1374,2021,-3.9719163468946816,-0.21352818403781276,-5.714285714285719,-3.3333333333333335
WQS1375,2021,-1.0007052002844297,-0.06818756523242914,-5.714285714285719,-6.333333333333335
WQS1377,2021,-3.1941147027672385,-1.9242804514676772,-2.8571428571428465,-1.999999999999999
WQS1332,2021,-2.1689155825443325,-2.7220920332443215,0.0,3.3333333333333335
WQS0626,2021,-2.1689155825443325,,-4.285714285714283,-7.666666666666666
WQS1369,2021,-5.8478882811232085,-0.6441964895913976,-2.8571428571428594,-5.333333333333332
WQS1327,2021,-3.9719163468946816,-0.21352818403781276,-2.8571428571428465,-3.3333333333333335
WQS1354,2021,-2.835420336420731,-0.21352818403781276,-7.142857142857142,-6.0
WQS1416,2021,-6.407627495623464,-1.0922948321738482,-1.4285714285714233,-4.000000000000001
WQS1415,2021,-3.5722071592027325,-0.21352818403781276,0.0,-3.3333333333333335
WQS1411,2021,-4.395864751205414,-0.6441964895913976,-1.4285714285714233,-0.33333333333333215
WQS1402,2021,-6.407627495623464,-0.6441964895913976,-7.142857142857142,-0.6666666666666673
WQS0629,2021,-1.8580640960350063,,-1.4285714285714233,-8.000000000000002
WQS0630,2021,-0.23707378794182898,,-4.285714285714295,-5.333333333333332
WQS0635,2021,-1.2749759216360468,,-7.142857142857142,-9.333333333333334
WQS0634,2021,-1.0007052002844297,,-1.4285714285714233,-9.000000000000002
WQS1378,2021,-3.1941147027672385,-0.21352818403781276,-1.4285714285714233,-0.33333333333333215
WQS1399,2021,-6.407627495623464,-2.7220920332443215,-1.4285714285714233,-3.3333333333333335
WQS1398,2021,-3.1941147027672385,-1.9242804514676772,-1.4285714285714233,-1.999999999999999
WQS1383,2021,-5.8478882811232085,-1.0922948321738482,0.0,-6.666666666666667
WQS1382,2021,-1.560444414784685,-0.6441964895913976,0.0,-0.6666666666666673
WQS0967,2021,4.610109292896951,,7.142857142857142,2.666666666666666
WQS1593,2021,-2.4942303771939334,,-7.142857142857142,-3.3333333333333335
WQS1600,2021,2.0117627444180477,,-2.8571428571428465,0.6666666666666673
WQS1599,2021,-0.23707378794182898,,-2.8571428571428465,2.333333333333334
WQS1601,2021,0.0,,0.0,2.666666666666666
WQS1597,2021,0.6665047538763971,,-4.285714285714295,2.666666666666666
WQS1602,2021,0.0,,-1.4285714285714233,-0.33333333333333215
WQS1613,2021,-1.560444414784685,,-1.4285714285714233,-1.999999999999999
WQS1598,2021,-1.0007052002844297,,-1.4285714285714233,-1.3333333333333346
WQS1595,2021,0.0,,-4.285714285714295,3.3333333333333335
WQS1596,2021,0.0,,-4.285714285714295,4.000000000000001
WQS1618,2021,-2.4942303771939334,,-4.285714285714283,-3.3333333333333335
WQS1594,2021,0.0,,-4.285714285714295,0.0
WQS1616,2021,-0.4824676327758857,,-4.285714285714295,0.0
WQS1614,2021,-1.560444414784685,,0.0,-1.999999999999999
WQS0007,2021,-2.835420336420731,,-5.714285714285719,-4.000000000000001
WQS0006,2021,-2.1689155825443325,,0.0,-3.3333333333333335
WQS0009,2021,-1.0007052002844297,,-1.4285714285714233,-5.333333333333332
WQS0008,2021,-0.4824676327758857,,-4.285714285714283,-3.6666666666666656
WQS0004,2021,-2.1689155825443325,,-4.285714285714295,-6.333333333333335
WQS1013,2021,2.352952703644846,,-4.285714285714295,-2.666666666666666
WQS0725,2021,-3.5722071592027325,-10.076110608801514,-12.857142857142861,-6.0
WQS0011,2021,-1.560444414784685,,1.4285714285714233,-1.3333333333333346
WQS0005,2021,-2.1689155825443325,,-8.571428571428566,-3.3333333333333335
WQS1024,2021,0.0,,-7.142857142857142,-3.0000000000000013
WQS1021,2021,3.572207159202731,,-8.571428571428566,-1.6666666666666667
WQS1020,2021,3.2867386660540943,,4.285714285714295,-4.333333333333333
WQS0969,2021,2.83542033642073,,5.714285714285719,-4.000000000000001
WQS1014,2021,3.846477880554349,,-8.571428571428566,0.0
WQS1026,2021,2.352952703644846,,-8.571428571428566,-0.6666666666666673
WQS1016,2021,2.352952703644846,,-7.142857142857142,-0.6666666666666673
WQS0972,2021,7.0316214377769075,,-7.142857142857142,4.000000000000001
WQS1018,2021,6.858945825256826,,-7.142857142857142,6.333333333333333
WQS1022,2021,4.847183080838778,,-7.142857142857142,0.0
WQS0970,2021,1.65306837807154,,-7.142857142857142,-1.999999999999999
WQS1019,2021,4.364715448062894,,-4.285714285714295,-5.0
WQS1025,2021,4.364715448062894,,2.8571428571428465,-0.9999999999999994
WQS1015,2021,2.352952703644846,,5.714285714285719,-5.0
WQS1023,2021,5.513687834715175,,5.714285714285719,-4.000000000000001
WQS1017,2021,4.23871191307913,,1.4285714285714233,-3.6666666666666656
WQS0968,2021,2.678267498294446,,5.714285714285719,-4.000000000000001
WQS0294,2021,-2.835420336420731,,-12.857142857142861,-8.000000000000002
WQS0295,2021,-2.1689155825443325,,-11.428571428571425,-8.666666666666666
WQS1367,2021,-6.407627495623464,-0.9685075884376897,-4.285714285714295,-6.333333333333335
WQS1368,2021,-7.68260341725951,1.9218733946861688,-11.428571428571425,-6.999999999999999
WQS0302,2021,-1.560444414784685,,-12.857142857142861,-8.333333333333334
WQS1608,2021,0.0,,-2.8571428571428594,-2.666666666666666
WQS1607,2021,0.0,,-5.714285714285719,-1.999999999999999
WQS1631,2021,0.8752667339440972,,-7.142857142857142,-2.666666666666666
WQS1632,2021,-0.4824676327758857,,-8.571428571428566,-3.0000000000000013
WQS0742,2021,0.0,-2.011072097232067,-1.4285714285714233,-3.6666666666666656
WQS0985,2021,5.298501410472143,,-2.8571428571428465,-4.000000000000001
WQS1634,2021,0.0,,-4.285714285714283,-3.0000000000000013
WQS0743,2021,-1.2749759216360468,-4.4903503357452434,-1.4285714285714233,
WQS1606,2021,-1.560444414784685,,-1.4285714285714233,3.3333333333333335
WQS1605,2021,0.0,,0.0,0.0
WQS1603,2021,0.0,,0.0,1.3333333333333346
WQS0036,2021,-2.835420336420731,,1.4285714285714233,-5.0
WQS1620,2021,2.0117627444180477,,0.0,3.3333333333333335
WQS1619,2021,0.8752667339440972,,-4.285714285714295,3.0000000000000013
WQS0939,2021,2.0117627444180477,1.286360581349735,0.0,-6.666666666666667
WQS1076,2021,5.298501410472143,,-1.4285714285714233,-2.333333333333334
WQS1060,2021,5.925159862847577,,1.4285714285714233,-1.3333333333333346
WQS1061,2021,7.836302065642552,,2.8571428571428465,0.0
WQS1049,2021,4.847183080838778,,1.4285714285714233,0.0
WQS0961,2021,1.8347151361362997,,-8.571428571428566,-1.3333333333333346
WQS0964,2021,0.4513183296333642,,-7.142857142857142,-3.0000000000000013
WQS0962,2021,2.678267498294446,,-4.285714285714295,-0.33333333333333215
WQS0960,2021,2.9891189848037722,,-8.571428571428566,-0.6666666666666673
WQS0963,2021,2.0117627444180477,,-8.571428571428566,0.0
WQS0936,2021,-3.5722071592027325,-10.076110608801514,-8.571428571428566,-6.666666666666667
WQS0948,2021,-3.5722071592027325,-9.222846187200144,-2.8571428571428465,-8.000000000000002
WQS1056,2021,10.772342943686354,,0.0,4.666666666666667
WQS0949,2021,-3.5722071592027325,-9.398836535510434,-1.4285714285714233,-6.666666666666667
WQS1058,2021,2.9891189848037722,,7.142857142857142,-2.333333333333334
WQS1059,2021,2.0117627444180477,,2.8571428571428465,-3.0000000000000013
WQS1075,2021,2.5175016365832654,,2.8571428571428465,-2.666666666666666
WQS1074,2021,3.2867386660540943,,5.714285714285719,0.0
WQS0937,2021,-0.4824676327758857,-8.660815280745382,-1.4285714285714233,-4.333333333333333
WQS0938,2021,-3.5722071592027325,-10.753384682092596,-5.714285714285719,-6.666666666666667
WQS1057,2021,-0.23707378794182898,,-1.4285714285714233,-6.333333333333335
WQS1055,2021,4.364715448062894,,2.8571428571428465,-2.333333333333334
WQS1003,2021,1.65306837807154,,4.285714285714295,-2.666666666666666
WQS1047,2021,2.9891189848037722,,4.285714285714295,-2.333333333333334
WQS1046,2021,3.572207159202731,,-2.8571428571428465,-3.3333333333333335
WQS1062,2021,8.419390240041512,,1.4285714285714233,0.9999999999999994
WQS1063,2021,3.846477880554349,,2.8571428571428465,-3.0000000000000013
WQS1065,2021,7.986695109145795,,-1.4285714285714233,0.0
WQS1064,2021,6.858945825256826,,2.8571428571428465,-2.666666666666666
WQS1078,2021,4.610109292896951,,1.4285714285714233,-1.6666666666666667
WQS1077,2021,5.925159862847577,,2.8571428571428465,-0.9999999999999994
WQS1425,2021,6.407627495623461,,-2.8571428571428465,6.333333333333333
WQS1031,2021,3.2867386660540943,,4.285714285714295,-3.6666666666666656
WQS0976,2021,7.364684717422043,,1.4285714285714233,4.333333333333333
WQS1030,2021,5.0764825411394146,,2.8571428571428465,-0.6666666666666673
WQS1029,2021,5.298501410472143,,2.8571428571428465,-0.33333333333333215
WQS0853,2021,6.681898216975081,-9.818622956376078,-2.8571428571428465,-6.666666666666667
WQS0956,2021,3.2867386660540943,,0.0,-4.666666666666668
WQS0676,2021,-0.4824676327758857,-1.6698160820249321,5.714285714285719,-2.666666666666666
WQS0680,2021,-0.4824676327758857,-1.6338929041243797,5.714285714285719,-3.6666666666666656
WQS0677,2021,-0.4824676327758857,-1.6698160820249321,4.285714285714295,-4.333333333333333
WQS0678,2021,-0.7367868227820025,-1.6698160820249321,4.285714285714295,-4.666666666666668
WQS0679,2021,1.2749759216360452,-2.1263152640683867,-1.4285714285714233,-6.666666666666667
WQS0737,2021,0.0,-2.7220920332443215,0.0,-6.666666666666667
WQS0738,2021,-1.2749759216360468,-4.4903503357452434,-1.4285714285714233,-6.666666666666667
WQS1604,2021,0.0,,-4.285714285714295,2.666666666666666
WQS1621,2021,0.4513183296333642,,-7.142857142857142,-1.6666666666666667
WQS1627,2021,0.0,,-1.4285714285714233,1.999999999999999
WQS1647,2021,0.0,,-8.571428571428566,-3.3333333333333335
WQS1625,2021,0.0,,-7.142857142857142,-1.6666666666666667
WQS0017,2021,-0.4824676327758857,,-8.571428571428566,-0.6666666666666673
WQS0021,2021,-0.4824676327758857,,-5.714285714285719,-6.999999999999999
WQS0002,2021,-0.7367868227820025,,-8.571428571428566,-0.9999999999999994
WQS0023,2021,-1.560444414784685,,-10.000000000000002,-7.333333333333334
WQS0019,2021,-1.0007052002844297,,-5.714285714285719,-6.999999999999999
WQS0022,2021,-0.4824676327758857,,-5.714285714285719,-6.666666666666667
WQS0020,2021,-0.4824676327758857,,-8.571428571428566,2.666666666666666
WQS0024,2021,-1.0007052002844297,,0.0,-6.666666666666667
WQS0018,2021,-0.4824676327758857,,-4.285714285714295,-6.999999999999999
WQS0980,2021,4.364715448062894,,-12.857142857142861,-1.6666666666666667
WQS1033,2021,-2.835420336420731,,-4.285714285714295,-2.666666666666666
WQS0981,2021,4.1103962580567766,,-2.8571428571428465,-1.6666666666666667
WQS0983,2021,-3.5722071592027325,,-4.285714285714295,-4.000000000000001
WQS1034,2021,-0.4824676327758857,,-4.285714285714295,2.333333333333334
WQS0979,2021,5.298501410472143,,-2.8571428571428465,-0.6666666666666673
WQS0978,2021,5.513687834715175,,-1.4285714285714233,-0.6666666666666673
WQS1006,2021,6.500251458910318,,0.0,0.0
WQS0995,2021,-2.1689155825443325,,-4.285714285714283,-3.0000000000000013
WQS0997,2021,-1.560444414784685,,-4.285714285714283,-2.666666666666666
WQS0998,2021,-3.5722071592027325,,-7.142857142857142,-3.0000000000000013
WQS0996,2021,-1.560444414784685,,-5.714285714285719,-1.999999999999999
WQS1009,2021,8.760580199268308,,-1.4285714285714233,1.6666666666666667
WQS0954,2021,5.298501410472143,,-2.8571428571428465,-0.33333333333333215
WQS0952,2021,10.518023753680238,,-5.714285714285719,3.0000000000000013
WQS1007,2021,6.681898216975081,,-1.4285714285714233,0.9999999999999994
WQS1008,2021,6.500251458910318,,4.285714285714295,0.0
WQS0953,2021,6.500251458910318,,2.8571428571428465,-0.6666666666666673
WQS0694,2021,0.0,-2.1263152640683867,-2.8571428571428465,-8.000000000000002
WQS0663,2021,2.0117627444180477,-1.6338929041243797,-1.4285714285714233,-6.666666666666667
WQS0664,2021,1.65306837807154,-0.6441964895913976,0.0,-5.0
WQS0662,2021,0.0,-2.4404308273426927,-1.4285714285714233,-6.0
WQS0665,2021,0.0,-0.9685075884376897,0.0,-6.0
WQS0951,2021,6.313760220573529,,0.0,-0.33333333333333215
WQS0955,2021,7.200135784483624,,0.0,
WQS1010,2021,4.610109292896951,,-1.4285714285714233,-0.6666666666666673
WQS0965,2021,9.396746480427234,,-2.8571428571428465,2.666666666666666
WQS1044,2021,10.254105376177812,,-5.714285714285719,2.333333333333334
WQS1001,2021,11.017736788520413,,-5.714285714285719,3.3333333333333335
WQS1042,2021,10.772342943686354,,-7.142857142857142,3.0000000000000013
WQS1043,2021,6.500251458910318,,-2.8571428571428465,-0.6666666666666673
WQS1000,2021,10.518023753680238,,-5.714285714285719,3.3333333333333335
WQS1002,2021,10.772342943686354,,-7.142857142857142,2.333333333333334
WQS1069,2021,6.407627495623461,,-5.714285714285719,0.6666666666666673
WQS1072,2021,2.9891189848037722,,-1.4285714285714233,-1.999999999999999
WQS1070,2021,4.1103962580567766,,-1.4285714285714233,0.33333333333333215
WQS1071,2021,4.364715448062894,,-4.285714285714295,-0.9999999999999994
WQS1068,2021,5.722449814782877,,-1.4285714285714233,-0.33333333333333215
WQS1027,2021,11.484110036762877,,-4.285714285714295,1.999999999999999
WQS0975,2021,11.484110036762877,,-5.714285714285719,2.333333333333334
WQS1028,2021,8.060695873695005,,-5.714285714285719,0.9999999999999994
WQS0673,2021,-1.2749759216360468,-1.6698160820249321,1.4285714285714233,-0.6666666666666673
WQS0723,2021,-0.23707378794182898,-1.6698160820249321,2.8571428571428465,0.0
WQS0683,2021,-0.23707378794182898,-1.6698160820249321,2.8571428571428465,-1.6666666666666667
WQS0684,2021,-2.4942303771939334,-1.6698160820249321,2.8571428571428465,-3.6666666666666656
WQS0682,2021,-0.23707378794182898,-1.6698160820249321,7.142857142857142,-0.33333333333333215
WQS0681,2021,-0.23707378794182898,-1.6698160820249321,2.8571428571428465,0.6666666666666673
WQS0773,2021,0.0,-2.1263152640683867,2.8571428571428465,-6.666666666666667
WQS0769,2021,0.0,,-4.285714285714295,-5.333333333333332
WQS0756,2021,4.1103962580567766,,-4.285714285714295,-0.33333333333333215
WQS0762,2021,1.65306837807154,,-2.8571428571428465,-1.6666666666666667
WQS0757,2021,0.0,-1.821772010039061,-1.4285714285714233,-6.666666666666667
WQS0765,2021,1.0779767820087993,,-2.8571428571428465,-5.0
WQS0753,2021,0.0,,-2.8571428571428465,-4.000000000000001
WQS0760,2021,1.2749759216360452,-3.6568537589608385,-1.4285714285714233,-6.666666666666667
WQS0758,2021,3.572207159202731,,-2.8571428571428465,-0.6666666666666673
WQS0755,2021,0.0,-2.3023056123786763,-1.4285714285714233,-7.333333333333334
WQS0767,2021,0.0,,-2.8571428571428465,-6.0
WQS0761,2021,3.2867386660540943,,-4.285714285714295,-6.0
WQS0772,2021,0.0,,-2.8571428571428465,-4.666666666666668
WQS0034,2021,0.0,,-4.285714285714283,3.0000000000000013
WQS0033,2021,0.0,,-4.285714285714283,2.666666666666666
WQS0031,2021,0.0,,-8.571428571428566,0.0
WQS0032,2021,0.0,,-7.142857142857142,0.6666666666666673
WQS0750,2021,4.847183080838778,,-5.714285714285719,0.6666666666666673
WQS0754,2021,2.0117627444180477,,-4.285714285714295,-0.9999999999999994
WQS0690,2021,-3.5722071592027325,-6.673777603809475,-1.4285714285714233,-4.666666666666668
WQS0688,2021,5.925159862847577,,-5.714285714285719,2.666666666666666
WQS0689,2021,1.0779767820087993,,-2.8571428571428465,0.0
WQS0692,2021,-1.0007052002844297,,-4.285714285714295,-0.33333333333333215
WQS0691,2021,-4.395864751205414,-6.90723083593875,-1.4285714285714233,-5.0
WQS1610,2021,-2.1689155825443325,,0.0,-0.6666666666666673
WQS1635,2021,9.694366161677557,,-10.000000000000002,15.666666666666668
WQS1640,2021,11.25481057646224,,-4.285714285714295,15.666666666666668
WQS1609,2021,4.364715448062894,,-8.571428571428566,-1.3333333333333346
WQS0026,2021,-0.4824676327758857,,-2.8571428571428465,-6.333333333333335
WQS0003,2021,-0.4824676327758857,,-4.285714285714295,-6.999999999999999
WQS0675,2021,0.22929946030063506,-0.21352818403781276,-1.4285714285714233,-6.0
WQS0734,2021,0.0,-1.9242804514676772,-1.4285714285714233,-6.0
WQS1611,2021,7.68260341725951,,1.4285714285714233,12.333333333333334
WQS0015,2021,-0.4824676327758857,,-7.142857142857142,-0.33333333333333215
WQS1066,2021,7.200135784483624,,-1.4285714285714233,1.3333333333333346
WQS1032,2021,5.298501410472143,,-1.4285714285714233,-0.6666666666666673
WQS0959,2021,8.760580199268308,,4.285714285714295,1.6666666666666667
WQS0958,2021,10.518023753680238,,4.285714285714295,2.666666666666666
WQS0991,2021,9.396746480427234,,-2.8571428571428465,0.9999999999999994
WQS0992,2021,6.858945825256826,,-1.4285714285714233,2.666666666666666
WQS0994,2021,6.681898216975081,,0.0,-0.33333333333333215
WQS0993,2021,6.313760220573529,,0.0,-0.6666666666666673
WQS1041,2021,5.0764825411394146,,-1.4285714285714233,-0.33333333333333215
WQS1040,2021,11.017736788520413,,-5.714285714285719,2.666666666666666
WQS0989,2021,11.921315330338638,,-4.285714285714283,3.0000000000000013
WQS1039,2021,12.332787358471041,,-4.285714285714283,3.0000000000000013
WQS0988,2021,6.313760220573529,,-2.8571428571428465,-0.6666666666666673
WQS0987,2021,10.254105376177812,,-4.285714285714295,2.666666666666666
WQS1036,2021,11.017736788520413,,-5.714285714285719,3.0000000000000013
WQS1038,2021,11.017736788520413,,-5.714285714285719,3.0000000000000013
WQS1037,2021,9.396746480427234,,-2.8571428571428465,0.33333333333333215
WQS0030,2021,-0.4824676327758857,,-8.571428571428566,1.6666666666666667
WQS0028,2021,-1.8580640960350063,,-10.000000000000002,0.0
WQS0027,2021,-0.4824676327758857,,2.8571428571428465,-6.333333333333335
WQS0029,2021,-0.4824676327758857,,-8.571428571428566,0.33333333333333215
WQS0025,2021,0.0,,-2.8571428571428594,0.6666666666666673
WQS0704,2021,-4.8471830808387795,-6.568245879398169,-4.285714285714295,-6.0
WQS0667,2021,-2.835420336420731,-5.9724691102222325,-2.8571428571428465,-4.666666666666668
WQS0666,2021,-2.1689155825443325,-3.3325426601145485,-1.4285714285714233,-4.666666666666668
WQS0706,2021,1.0779767820087993,-2.7220920332443215,0.0,-2.666666666666666
WQS0699,2021,-1.560444414784685,-3.103366929405917,0.0,-4.333333333333333
WQS0668,2021,-1.8580640960350063,-3.3325426601145485,-2.8571428571428465,-5.0
WQS0698,2021,-1.2749759216360468,-3.43380780904666,2.8571428571428465,-3.3333333333333335
WQS0705,2021,0.0,-3.7176009404348083,0.0,-3.3333333333333335
WQS0702,2021,-4.395864751205414,-3.7806410026969988,-4.285714285714295,-5.0
WQS0709,2021,-1.0007052002844297,-3.1467554309816435,-1.4285714285714233,-4.000000000000001
WQS0708,2021,-0.4824676327758857,-3.1467554309816435,1.4285714285714233,-3.6666666666666656
WQS0719,2021,-1.2749759216360468,-3.7806410026969988,1.4285714285714233,-3.3333333333333335
WQS0722,2021,-3.5722071592027325,-5.217489705822356,1.4285714285714233,-5.0
WQS0720,2021,-2.835420336420731,-6.673777603809475,-2.8571428571428465,-5.0
WQS0670,2021,-4.8471830808387795,-6.99290927713549,-2.8571428571428465,-6.333333333333335
WQS0671,2021,-4.8471830808387795,-4.4903503357452434,-1.4285714285714233,-5.0
WQS0721,2021,-1.8580640960350063,-3.3325426601145485,0.0,-3.3333333333333335
WQS0707,2021,-1.2749759216360468,-3.0610769897849037,-2.8571428571428465,-4.000000000000001
WQS0669,2021,-1.2749759216360468,-3.7806410026969988,-1.4285714285714233,-3.3333333333333335
WQS0711,2021,4.847183080838778,2.8776462577161563,-7.142857142857142,0.6666666666666673
WQS0715,2021,-2.835420336420731,-4.0596820301916585,0.0,-3.3333333333333335
WQS0674,2021,-5.8478882811232085,-4.4903503357452434,-4.285714285714295,-6.333333333333335
WQS0712,2021,-3.5722071592027325,-6.949520775559763,-5.714285714285719,12.666666666666666
WQS0713,2021,-2.835420336420731,-6.90723083593875,0.0,-4.666666666666668
WQS0696,2021,-3.5722071592027325,0.4637458892532693,4.285714285714295,-6.999999999999999
WQS1542,2021,-2.835420336420731,-6.286584673496539,-1.4285714285714233,-3.3333333333333335
WQS1545,2021,-6.407627495623464,-4.137387361300456,-1.4285714285714233,-3.3333333333333335
WQS1538,2021,-2.4942303771939334,-6.286584673496539,-4.285714285714283,-3.3333333333333335
WQS1555,2021,-7.68260341725951,-3.846153846153846,-1.4285714285714233,-3.3333333333333335
WQS1548,2021,2.352952703644846,-3.846153846153846,2.8571428571428594,2.333333333333334
WQS1543,2021,-1.560444414784685,-3.4868396724529416,-1.4285714285714233,-3.3333333333333335
WQS1575,2021,2.0117627444180477,-3.7806410026969988,0.0,-1.3333333333333346
WQS1544,2021,0.0,-6.568245879398169,-4.285714285714283,-3.3333333333333335
WQS1546,2021,0.0,-5.480046750278227,-2.8571428571428594,-3.3333333333333335
WQS1551,2021,0.0,-5.497911769685009,-1.4285714285714233,-3.3333333333333335
WQS1550,2021,2.0117627444180477,-2.4404308273426927,-1.4285714285714233,-3.3333333333333335
WQS1552,2021,0.0,-5.791713099929066,-8.571428571428566,-3.3333333333333335
WQS1549,2021,2.0117627444180477,-7.228561803054423,-8.571428571428566,-3.6666666666666656
WQS1541,2021,0.0,-5.770434297621524,-2.8571428571428465,-2.666666666666666
WQS1539,2021,-7.68260341725951,-4.0596820301916585,-1.4285714285714233,-0.33333333333333215
WQS1553,2021,-2.835420336420731,-4.814661434591535,0.0,-3.3333333333333335
WQS1554,2021,-2.835420336420731,-6.020888830637697,-1.4285714285714233,-3.0000000000000013
WQS1585,2021,-5.8478882811232085,-6.673777603809475,0.0,-3.3333333333333335
WQS1540,2021,0.0,-4.4903503357452434,-8.571428571428566,-3.3333333333333335
WQS1537,2021,-7.68260341725951,-5.770434297621524,-11.428571428571425,-3.0000000000000013
WQS1547,2021,0.0,-5.480046750278227,-4.285714285714283,-4.000000000000001
WQS1536,2021,2.9891189848037722,-5.9724691102222325,0.0,-0.33333333333333215
WQS1569,2021,-1.560444414784685,-4.4903503357452434,-4.285714285714283,-3.3333333333333335
WQS1570,2021,0.0,-5.217489705822356,-1.4285714285714233,15.666666666666668
WQS1572,2021,-2.835420336420731,-4.814661434591535,0.0,-0.6666666666666673
WQS1574,2021,-2.835420336420731,-3.9854314332863248,-1.4285714285714233,-3.3333333333333335
WQS1571,2021,3.572207159202731,-4.0596820301916585,-5.714285714285719,-3.3333333333333335
WQS1573,2021,2.0117627444180477,-4.699418267755216,-4.285714285714283,-3.3333333333333335
WQS1564,2021,-2.835420336420731,-5.9724691102222325,-2.8571428571428594,-3.3333333333333335
WQS1562,2021,-2.835420336420731,-5.770434297621524,7.142857142857142,-3.6666666666666656
WQS1567,2021,-0.7367868227820025,-7.626794848850844,2.8571428571428594,-3.6666666666666656
WQS0776,2021,-6.407627495623464,,-1.4285714285714233,-5.666666666666668
WQS1563,2021,-1.2749759216360468,-7.332993518606788,5.714285714285719,15.666666666666668
WQS1565,2021,-2.835420336420731,-6.786429050355581,0.0,-3.3333333333333335
WQS1568,2021,-2.835420336420731,-5.667925856192907,-7.142857142857142,-3.3333333333333335
WQS1566,2021,0.0,-4.4903503357452434,0.0,-3.0000000000000013
WQS0774,2021,-1.0007052002844297,-2.791700579755077,-7.142857142857142,1.3333333333333346
WQS0726,2021,-2.835420336420731,-4.4903503357452434,-4.285714285714283,-3.3333333333333335
WQS0745,2021,1.65306837807154,-2.7220920332443215,7.142857142857142,-1.3333333333333346
WQS0746,2021,4.847183080838778,2.992889424552476,0.0,0.6666666666666673
WQS0747,2021,1.0779767820087993,-3.1467554309816435,1.4285714285714233,-1.999999999999999
WQS0770,2021,-1.2749759216360468,-4.0596820301916585,-1.4285714285714233,-3.3333333333333335
WQS1587,2021,20.212389915357797,-1.821772010039061,-2.8571428571428465,15.666666666666668
WQS1592,2021,20.949176738139794,-2.1263152640683867,-2.8571428571428594,15.666666666666668
WQS1535,2021,-2.4942303771939334,-4.4903503357452434,0.0,-3.3333333333333335
WQS1584,2021,-2.835420336420731,-10.38065386283084,2.8571428571428594,-3.3333333333333335
WQS1583,2021,2.0117627444180477,-11.911192357723293,0.0,-3.3333333333333335
WQS0658,2021,17.93670879343732,6.058414788183311,-1.4285714285714233,15.666666666666668
WQS0660,2021,13.933078074756688,6.466312451444567,0.0,7.666666666666666
WQS0659,2021,6.858945825256826,14.292320552441536,12.857142857142861,1.3333333333333346
WQS0686,2021,6.122159002474825,3.2019573565624486,-5.714285714285719,3.0000000000000013
WQS0728,2021,-1.2749759216360468,-3.43380780904666,-2.8571428571428465,-3.3333333333333335
WQS0729,2021,-1.2749759216360468,-3.6568537589608385,-2.8571428571428465,-4.000000000000001
WQS0775,2021,-7.016098663383111,,0.0,-5.333333333333332
WQS0730,2021,-2.835420336420731,-4.4903503357452434,-2.8571428571428465,-5.0
WQS0727,2021,1.65306837807154,-1.6338929041243797,1.4285714285714233,-0.9999999999999994
WQS0732,2021,-2.1689155825443325,-3.43380780904666,0.0,-4.666666666666668
WQS0731,2021,0.0,-2.791700579755077,-1.4285714285714233,-3.0000000000000013
WQS0739,2021,3.572207159202731,-1.6338929041243797,-4.285714285714295,0.0
WQS0740,2021,4.364715448062894,-1.6338929041243797,-1.4285714285714233,0.0
WQS0741,2021,2.352952703644846,-1.9242804514676772,-1.4285714285714233,-0.6666666666666673
WQS1586,2021,0.0,-2.3023056123786763,-4.285714285714295,3.0000000000000013
WQS1556,2021,14.243929561266013,-3.9854314332863248,0.0,15.666666666666668
WQS1557,2021,14.243929561266013,-2.7220920332443215,1.4285714285714233,15.666666666666668
WQS1559,2021,13.933078074756688,-4.137387361300456,-2.8571428571428594,15.666666666666668
WQS1558,2021,15.365206834519016,-3.3325426601145485,-4.285714285714283,15.666666666666668
WQS1561,2021,16.101993657301023,-2.7220920332443215,-8.571428571428566,15.666666666666668
WQS1577,2021,29.08309848503267,-1.6338929041243797,-4.285714285714283,15.666666666666668
WQS1578,2021,32.6553056442354,-1.6338929041243797,-5.714285714285719,15.666666666666668
WQS1576,2021,33.18134355498777,-1.37133585966851,-5.714285714285719,15.666666666666668
WQS1581,2021,23.30212944178464,-1.0922948321738482,-7.142857142857142,15.666666666666668
WQS1579,2021,25.31389218620269,-1.9242804514676772,-5.714285714285719,15.666666666666668
WQS1582,2021,26.24767814861194,-0.9685075884376897,-4.285714285714283,15.666666666666668
WQS1580,2021,28.631780155399305,-1.0922948321738482,-4.285714285714283,15.666666666666668
WQS1589,2021,0.0,-8.33650418189909,-5.714285714285719,-0.33333333333333215
WQS1588,2021,-2.835420336420731,-11.911192357723293,-10.000000000000002,-0.6666666666666673
WQS0771,2021,-5.329650713614663,-4.137387361300456,-4.285714285714295,-6.333333333333335
WQS0672,2021,25.251174214295276,20.354831043678754,-2.8571428571428594,15.666666666666668
WQS0640,2021,4.610109292896951,,2.8571428571428594,-0.6666666666666673
WQS0655,2021,3.2867386660540943,,-5.714285714285719,-3.3333333333333335
WQS0651,2021,-7.68260341725951,,-10.000000000000002,-7.333333333333334
WQS0639,2021,5.61884781628539,,7.142857142857142,0.0
WQS1413,2021,-3.9719163468946816,-2.7220920332443215,0.0,-3.3333333333333335
WQS0657,2021,5.722449814782877,,-1.4285714285714233,0.0
WQS0656,2021,-0.4824676327758857,,-12.857142857142861,-6.333333333333335
WQS0650,2021,-3.9719163468946816,,-10.000000000000002,-6.999999999999999
WQS0654,2021,-1.8580640960350063,,-11.428571428571425,-10.0
WQS0653,2021,-1.560444414784685,,-11.428571428571425,-9.666666666666668
WQS0652,2021,-6.407627495623464,,-10.000000000000002,-8.000000000000002
WQS0645,2021,-5.329650713614663,,-11.428571428571425,-4.333333333333333
WQS0642,2021,-2.1689155825443325,,-10.000000000000002,-6.333333333333335
WQS0637,2021,2.352952703644846,,-11.428571428571425,-4.000000000000001
WQS0649,2021,-4.8471830808387795,,-7.142857142857142,-8.000000000000002
WQS0647,2021,0.0,,-1.4285714285714233,2.333333333333334
WQS0643,2021,-1.0007052002844297,,-1.4285714285714233,4.666666666666667
WQS0648,2021,-0.7367868227820025,,0.0,6.333333333333333
WQS0644,2021,-0.23707378794182898,,0.0,10.0
WQS0638,2021,-5.8478882811232085,-2.1747349844838513,0.0,-7.666666666666666
WQS1880,2021,-4.8471830808387795,-1.37133585966851,0.0,-8.666666666666666
WQS1412,2021,-2.1689155825443325,-1.0922948321738482,0.0,-7.666666666666666
WQS0646,2021,0.0,,-4.285714285714283,-6.666666666666667
WQS0641,2021,-0.7367868227820025,,-11.428571428571425,-10.666666666666664
WQS1353,2021,-2.4942303771939334,-0.13927758713247856,-1.4285714285714233,-3.3333333333333335
WQS1352,2021,-2.1689155825443325,-0.6441964895913976,-4.285714285714295,-3.3333333333333335
WQS1421,2021,-3.5722071592027325,-2.7220920332443215,-2.8571428571428465,-4.666666666666668
WQS0433,2022,-9.0,-5.217489705822356,-4.428571428571435,-7.333333333333334
WQS0391,2022,-3.5722071592027325,,-0.2857142857142796,-9.666666666666668
WQS0439,2022,-2.835420336420731,,-1.7142857142857029,-8.666666666666666
WQS0434,2022,-9.0,-5.770434297621524,-3.1428571428571517,-8.666666666666666
WQS0441,2022,-9.0,-5.667925856192907,-0.2857142857142796,-9.000000000000002
WQS0395,2022,-9.0,-4.137387361300456,-0.7142857142857244,-9.333333333333334
WQS0438,2022,-7.016098663383111,,-0.2857142857142796,-9.333333333333334
WQS0390,2022,-5.329650713614663,-1.6698160820249321,-0.2857142857142796,-9.666666666666668
WQS0388,2022,-9.0,-5.217489705822356,0.2857142857142796,-6.999999999999999
WQS0393,2022,-9.0,-5.480046750278227,2.571428571428567,-11.000000000000004
WQS0394,2022,-9.0,-4.814661434591535,-0.2857142857142796,-12.0
WQS0397,2022,-9.0,-5.667925856192907,-0.2857142857142796,-9.666666666666668
WQS0392,2022,-7.016098663383111,-1.6698160820249321,-0.4285714285714194,-7.333333333333334
WQS0389,2022,-9.0,-5.9724691102222325,-5.285714285714274,-9.333333333333334
WQS0427,2022,-9.0,-6.568245879398169,-5.4285714285714395,-10.333333333333332
WQS0435,2022,-2.835420336420731,-5.480046750278227,-5.285714285714274,-6.0
WQS0429,2022,-9.0,-5.480046750278227,-5.285714285714274,0.6666666666666673
WQS0428,2022,-9.0,-7.831585279440171,-3.000000000000012,-5.666666666666668
WQS0443,2022,-9.0,-5.667925856192907,-3.000000000000012,-9.333333333333334
WQS0440,2022,-9.0,-3.914341411386275,-1.2857142857142836,-9.333333333333334
WQS0442,2022,-9.0,-8.33650418189909,-4.571428571428575,-9.333333333333334
WQS0436,2022,-9.0,-6.148459458532522,-6.857142857142863,-9.000000000000002
WQS0431,2022,-9.0,-5.480046750278227,-1.4285714285714233,-9.000000000000002
WQS0432,2022,-2.835420336420731,-3.3824079569005767,5.714285714285719,-8.666666666666666
WQS1435,2022,-2.835420336420731,0.3593141737009044,-2.8571428571428465,-8.000000000000002
WQS1430,2022,-6.407627495623464,-6.949520775559763,-5.714285714285719,-1.3333333333333346
WQS1440,2022,-4.8471830808387795,-4.4903503357452434,-2.8571428571428465,-9.333333333333334
WQS1439,2022,-4.395864751205414,-4.137387361300456,-2.8571428571428465,-8.000000000000002
WQS1441,2022,-5.329650713614663,-4.0596820301916585,-1.4285714285714233,-9.000000000000002
WQS1433,2022,-4.395864751205414,-3.7806410026969988,-4.285714285714295,-6.666666666666667
WQS1443,2022,-6.407627495623464,-4.938448678327695,-1.4285714285714233,-8.000000000000002
WQS1429,2022,-6.407627495623464,-3.7806410026969988,-4.285714285714295,-8.333333333333334
WQS1436,2022,-5.8478882811232085,-4.137387361300456,-4.285714285714295,-8.666666666666666
WQS1432,2022,-5.8478882811232085,-4.4903503357452434,-4.285714285714295,-7.666666666666666
WQS1442,2022,-5.8478882811232085,-4.4903503357452434,-5.714285714285719,-8.000000000000002
WQS0489,2022,-9.0,-8.065038511569448,-1.1428571428571437,-13.000000000000002
WQS0531,2022,-9.0,-7.760495257540121,0.8571428571428642,-13.333333333333334
WQS0497,2022,-9.0,-8.33650418189909,0.8571428571428642,-12.66666666666667
WQS0503,2022,-9.0,-6.99290927713549,0.2857142857142796,-13.000000000000002
WQS0493,2022,-9.0,-4.4903503357452434,0.8571428571428642,-12.66666666666667
WQS0502,2022,-9.0,-7.228561803054423,0.4285714285714194,-12.333333333333332
WQS0496,2022,-9.0,-7.905835876345505,-0.4285714285714194,-12.66666666666667
WQS0482,2022,-9.0,-7.626794848850844,-0.1428571428571398,-12.66666666666667
WQS0488,2022,-9.0,-6.949520775559763,0.5714285714285592,-12.333333333333332
WQS0483,2022,-9.0,-7.9835412074543,-0.5714285714285592,-12.66666666666667
WQS0498,2022,-9.0,-7.228561803054423,-2.714285714285707,-12.0
WQS0486,2022,-9.0,-6.286584673496539,-3.4285714285714315,-12.0
WQS0484,2022,-9.0,-6.637854425908923,-3.4285714285714315,-12.333333333333332
WQS0487,2022,-9.0,-7.905835876345505,-2.8571428571428465,-11.333333333333336
WQS0504,2022,-9.0,-7.563754786588654,-2.2857142857142874,-12.0
WQS0481,2022,-9.0,-3.284122939699084,-3.8571428571428505,-12.0
WQS0490,2022,-9.0,-4.0596820301916585,-1.4285714285714233,-13.000000000000002
WQS0499,2022,-5.329650713614663,-3.6568537589608385,-0.5714285714285592,-12.0
WQS0501,2022,-9.0,-5.480046750278227,1.000000000000004,-12.333333333333332
WQS0492,2022,-9.0,-5.9724691102222325,-1.5714285714285632,-12.333333333333332
WQS0485,2022,2.0117627444180477,5.13251442750358,0.0,-9.666666666666668
WQS0505,2022,-6.407627495623464,-5.667925856192907,-0.4285714285714194,-13.333333333333334
WQS0494,2022,-9.0,-4.814661434591535,-2.2857142857142874,-12.66666666666667
WQS0491,2022,-9.0,-6.786429050355581,-5.428571428571426,-11.333333333333336
WQS0500,2022,0.0,0.4637458892532693,-2.8571428571428465,-11.666666666666668
WQS0495,2022,-4.8471830808387795,-2.1747349844838513,-2.8571428571428465,-11.333333333333336
WQS1464,2022,-9.0,-0.13927758713247856,-7.142857142857142,-12.0
WQS1458,2022,-9.0,-3.846153846153846,0.0,-10.0
WQS1449,2022,-9.0,-4.814661434591535,-1.4285714285714233,-11.000000000000004
WQS1459,2022,-9.0,-5.376692341046298,-1.4285714285714233,-11.333333333333336
WQS1452,2022,-9.0,-4.137387361300456,0.0,-9.333333333333334
WQS1455,2022,-9.0,-3.7806410026969988,-1.4285714285714233,
WQS1467,2022,2.0117627444180477,-0.21352818403781276,-2.8571428571428465,-1.999999999999999
WQS1466,2022,12.130077310406339,-0.2912335151466093,-2.8571428571428465,7.000000000000001
WQS1465,2022,15.101288457016592,1.9005945923786263,-1.4285714285714233,13.333333333333334
WQS1463,2022,-6.407627495623464,-0.9685075884376897,0.0,-6.999999999999999
WQS1462,2022,17.93670879343732,10.44616670628769,-7.142857142857142,13.333333333333334
WQS1451,2022,-9.0,-4.938448678327695,-4.285714285714295,-7.333333333333334
WQS1450,2022,-9.0,-5.217489705822356,0.0,-8.666666666666666
WQS1472,2022,-9.0,-1.0922948321738482,-2.8571428571428465,-7.666666666666666
WQS1469,2022,-9.0,-1.6517579235311624,0.0,-7.666666666666666
WQS1468,2022,-5.329650713614663,-0.6441964895913976,-4.285714285714295,-4.000000000000001
WQS1473,2022,26.874336600987373,11.399183951329059,-10.000000000000002,13.0
WQS1454,2022,2.0117627444180477,-0.2912335151466093,0.0,0.6666666666666673
WQS1461,2022,23.38488788686858,7.553030105175213,-5.714285714285719,16.666666666666668
WQS1460,2022,23.5475232866187,7.401074177161084,-10.000000000000002,16.666666666666668
WQS1453,2022,22.027153520148598,8.816369505217217,0.0,12.666666666666666
WQS1456,2022,17.56857079703577,8.816369505217217,-1.4285714285714233,12.0
WQS1470,2022,-5.8478882811232085,-1.0922948321738482,-2.8571428571428465,-1.999999999999999
WQS1457,2022,-5.329650713614663,-0.6441964895913976,-1.4285714285714233,-1.999999999999999
WQS0579,2022,-9.0,,0.8571428571428642,-6.666666666666667
WQS0576,2022,-9.0,,-4.285714285714295,-6.666666666666667
WQS0577,2022,-9.0,,2.1428571428571477,-8.666666666666666
WQS0472,2022,-9.0,-7.905835876345505,-8.999999999999998,-4.000000000000001
WQS0422,2022,-9.0,-8.78460252448154,-7.999999999999994,-11.333333333333336
WQS0420,2022,-9.0,-7.626794848850844,-5.8571428571428585,-12.333333333333332
WQS0473,2022,-9.0,-7.228561803054423,-2.714285714285707,-12.0
WQS0421,2022,-9.0,-5.667925856192907,-6.428571428571418,-10.666666666666664
WQS0475,2022,-9.0,-7.905835876345505,-4.14285714285713,-10.333333333333332
WQS0474,2022,-9.0,-7.228561803054423,-5.142857142857134,-10.0
WQS1446,2022,-6.407627495623464,3.7068762590213673,-2.8571428571428465,-13.666666666666666
WQS0578,2022,-2.835420336420731,7.048111202716294,5.714285714285719,-13.333333333333334
WQS1447,2022,-6.407627495623464,-7.228561803054423,-4.285714285714295,-7.666666666666666
WQS0419,2022,-9.0,-4.4903503357452434,-2.8571428571428465,-7.333333333333334
WQS0418,2022,-9.0,-6.786429050355581,-1.5714285714285632,-8.666666666666666
WQS0417,2022,-9.0,-6.637854425908923,-2.000000000000008,-8.666666666666666
WQS0523,2022,9.694366161677557,-5.9724691102222325,-4.14285714285713,-0.6666666666666673
WQS0479,2022,10.254105376177812,-5.480046750278227,-1.1428571428571437,0.0
WQS0524,2022,2.0117627444180477,-6.568245879398169,-3.9999999999999907,-1.6666666666666667
WQS0480,2022,4.23871191307913,-5.770434297621524,0.2857142857142796,13.333333333333334
WQS0478,2022,7.525450579133226,-5.217489705822356,-2.714285714285707,5.0
WQS0477,2022,15.365206834519016,-4.814661434591535,-3.1428571428571517,1.6666666666666667
WQS1448,2022,10.772342943686354,9.868645456436608,-1.4285714285714233,0.9999999999999994
WQS0525,2022,-9.0,-7.626794848850844,-3.142857142857139,-12.0
WQS0527,2022,-4.395864751205414,,-1.2857142857142836,-5.0
WQS0398,2022,-9.0,-6.673777603809475,-3.714285714285711,-8.333333333333334
WQS0415,2022,-9.0,-7.228561803054423,-6.857142857142863,-11.666666666666668
WQS0526,2022,-9.0,-8.33650418189909,0.1428571428571398,-13.666666666666666
WQS0385,2022,-9.0,-7.228561803054423,-1.000000000000004,-14.333333333333336
WQS0542,2022,-2.1689155825443325,,3.571428571428571,0.0
WQS0543,2022,-1.2749759216360468,,2.1428571428571477,2.666666666666666
WQS0545,2022,-2.1689155825443325,,-0.7142857142857244,2.666666666666666
WQS0544,2022,-1.0007052002844297,,-4.285714285714295,2.333333333333334
WQS0550,2022,-7.016098663383111,,-4.285714285714295,-6.666666666666667
WQS0546,2022,-7.016098663383111,,-5.4285714285714395,-7.333333333333334
WQS0547,2022,-9.0,,-5.714285714285719,-7.333333333333334
WQS0548,2022,-1.2749759216360468,,-7.857142857142854,-7.666666666666666
WQS0556,2022,0.6665047538763971,,-4.285714285714295,2.666666666666666
WQS0555,2022,-9.0,,-5.714285714285719,-6.666666666666667
WQS0590,2022,-9.0,,-7.857142857142854,-6.0
WQS0586,2022,-7.016098663383111,,-3.714285714285711,-5.0
WQS0589,2022,4.610109292896951,,-4.285714285714295,1.999999999999999
WQS0592,2022,0.22929946030063506,,4.999999999999995,0.0
WQS0595,2022,7.1163861967443545,,4.999999999999995,5.0
WQS0588,2022,-5.8478882811232085,,1.000000000000004,-5.333333333333332
WQS0591,2022,-7.016098663383111,-9.0,-3.571428571428571,-5.666666666666668
WQS0585,2022,7.364684717422043,,5.714285714285719,7.333333333333334
WQS0587,2022,2.83542033642073,,0.0,2.333333333333334
WQS0593,2022,-9.0,,-5.714285714285719,-8.000000000000002
WQS0554,2022,-5.329650713614663,,-4.285714285714295,-0.6666666666666673
WQS0552,2022,-2.4942303771939334,,-0.7142857142857244,4.666666666666667
WQS0553,2022,-2.835420336420731,,-4.285714285714295,-6.999999999999999
WQS1444,2022,-6.407627495623464,-1.9455592537752198,0.0,-5.333333333333332
WQS0535,2022,-2.835420336420731,-7.626794848850844,-7.000000000000003,-3.6666666666666656
WQS0534,2022,0.0,-6.286584673496539,-6.714285714285722,-3.3333333333333335
WQS0510,2022,-2.835420336420731,-7.626794848850844,-7.857142857142854,-3.3333333333333335
WQS0536,2022,-2.835420336420731,-6.99290927713549,-6.285714285714278,-4.666666666666668
WQS0507,2022,-9.0,-7.037454940788625,-6.285714285714278,-5.0
WQS0506,2022,-2.835420336420731,-5.770434297621524,-5.8571428571428585,-5.333333333333332
WQS0508,2022,2.0117627444180477,-6.568245879398169,-8.142857142857146,-5.0
WQS1471,2022,0.0,2.753859013979998,-1.4285714285714233,-12.0
WQS0511,2022,-9.0,-6.637854425908923,-0.7142857142857244,-8.000000000000002
WQS0467,2022,-9.0,-5.217489705822356,-3.714285714285711,-9.666666666666668
WQS0468,2022,-9.0,-5.217489705822356,-4.714285714285714,-8.000000000000002
WQS0470,2022,-9.0,-7.905835876345505,-5.571428571428579,-6.666666666666667
WQS0380,2022,2.678267498294446,-2.9018743545609618,-2.8571428571428465,-1.6666666666666667
WQS0459,2022,-2.835420336420731,-6.949520775559763,-2.8571428571428465,-8.000000000000002
WQS0455,2022,-1.8580640960350063,-6.568245879398169,-5.571428571428579,-7.666666666666666
WQS0378,2022,5.925159862847577,-1.6698160820249321,-4.428571428571435,-3.0000000000000013
WQS0379,2022,-2.1689155825443325,-4.4903503357452434,-6.571428571428583,-1.999999999999999
WQS0377,2022,1.2749759216360452,-7.626794848850844,-2.8571428571428465,-1.999999999999999
WQS0412,2022,-9.0,-7.228561803054423,-5.999999999999998,-6.999999999999999
WQS0411,2022,-9.0,-5.770434297621524,-6.285714285714278,-6.666666666666667
WQS0414,2022,-9.0,-7.626794848850844,-5.4285714285714395,-8.000000000000002
WQS0413,2022,-9.0,-7.626794848850844,-4.714285714285714,-6.999999999999999
WQS0382,2022,-9.0,-7.626794848850844,-5.999999999999998,-8.666666666666666
WQS0381,2022,-9.0,-6.99290927713549,-5.714285714285719,-7.666666666666666
WQS0400,2022,-9.0,-7.626794848850844,-5.8571428571428585,-13.000000000000002
WQS0537,2022,6.313760220573529,-3.6568537589608385,1.2857142857142836,-3.0000000000000013
WQS0423,2022,-9.0,-5.072149087016972,-0.4285714285714194,-6.333333333333335
WQS0402,2022,-5.329650713614663,-7.563754786588654,-5.8571428571428585,-4.000000000000001
WQS0522,2022,-9.0,,-5.571428571428579,-3.3333333333333335
WQS0387,2022,-2.1689155825443325,-6.673777603809475,-4.428571428571435,-8.000000000000002
WQS0426,2022,-1.560444414784685,-6.90723083593875,-4.428571428571435,-8.333333333333334
WQS1445,2022,0.0,-0.9685075884376897,-5.714285714285719,3.3333333333333335
WQS0476,2022,-9.0,-5.770434297621524,-0.2857142857142796,-7.333333333333334
WQS0509,2022,0.0,-6.286584673496539,-6.714285714285722,-4.333333333333333
WQS0403,2022,-9.0,-11.911192357723293,-3.2857142857142914,-13.333333333333334
WQS0386,2022,-9.0,-7.626794848850844,-6.857142857142863,-13.333333333333334
WQS0416,2022,-9.0,-7.626794848850844,-4.571428571428575,-13.000000000000002
WQS0425,2022,10.772342943686354,-5.480046750278227,-0.8571428571428642,6.666666666666667
WQS0471,2022,27.808122563396623,-5.480046750278227,-3.1428571428571517,3.3333333333333335
WQS0513,2022,-9.0,-5.480046750278227,-0.2857142857142796,-7.333333333333334
WQS0528,2022,-2.1689155825443325,-1.6698160820249321,-0.2857142857142796,10.0
WQS0521,2022,-9.0,-5.667925856192907,-0.2857142857142796,-11.000000000000004
WQS0444,2022,-9.0,-6.786429050355581,-0.5714285714285592,-12.0
WQS0446,2022,-9.0,-6.673777603809475,-4.714285714285714,-11.333333333333336
WQS0447,2022,-9.0,-6.673777603809475,-0.5714285714285592,-12.333333333333332
WQS0449,2022,-9.0,-7.9835412074543,-7.285714285714282,-10.0
WQS1797,2022,-9.0,-9.0,-11.999999999999996,-17.333333333333332
WQS1781,2022,-9.0,-9.0,-3.571428571428571,-14.666666666666668
WQS1779,2022,-9.0,-9.0,-10.999999999999993,-16.000000000000004
WQS1783,2022,-9.0,-9.0,-4.714285714285714,-15.333333333333332
WQS1782,2022,-9.0,-9.0,-4.285714285714295,-14.666666666666668
WQS1780,2022,-9.0,-9.0,-3.8571428571428505,-16.000000000000004
WQS1814,2022,-9.0,-9.0,-5.714285714285719,-13.999999999999998
WQS1788,2022,-4.395864751205414,-6.637854425908923,-4.285714285714295,-10.666666666666664
WQS1804,2022,-9.0,-7.563754786588654,-2.2857142857142874,-14.666666666666668
WQS1799,2022,-4.395864751205414,-6.286584673496539,-1.4285714285714233,-12.0
WQS1807,2022,-1.0007052002844297,-6.602687581909424,-1.857142857142868,-9.333333333333334
WQS1800,2022,-1.560444414784685,-6.602687581909424,-2.8571428571428465,-9.333333333333334
WQS1803,2022,-0.4824676327758857,-5.667925856192907,1.4285714285714233,-8.000000000000002
WQS1821,2022,-0.4824676327758857,-5.770434297621524,-1.4285714285714233,-4.000000000000001
WQS1801,2022,-2.835420336420731,0.9818173273204077,-5.8571428571428585,-6.333333333333335
WQS1701,2022,3.572207159202731,2.8776462577161563,-7.142857142857142,-7.333333333333334
WQS1707,2022,-4.8471830808387795,-1.37133585966851,-5.714285714285719,-12.0
WQS1705,2022,0.6665047538763971,-1.6698160820249321,-7.142857142857142,-11.000000000000004
WQS1664,2022,-1.0007052002844297,-1.6698160820249321,-8.571428571428566,-10.0
WQS1676,2022,-1.0007052002844297,-2.559793264804111,-8.285714285714286,-6.999999999999999
WQS1674,2022,-1.2749759216360468,-1.6698160820249321,-8.714285714285719,-6.999999999999999
WQS1672,2022,-1.0007052002844297,-1.6698160820249321,-8.428571428571425,-6.0
WQS1665,2022,-4.8471830808387795,-3.284122939699084,-10.000000000000002,-10.333333333333332
WQS1706,2022,1.8347151361362997,0.12855290571903796,-0.5714285714285592,-6.333333333333335
WQS1669,2022,5.824539321224504,0.3593141737009044,-0.2857142857142796,-6.333333333333335
WQS1668,2022,2.9891189848037722,0.6548527515190673,-1.7142857142857029,-6.0
WQS1662,2022,3.846477880554349,0.7850768563689423,0.1428571428571398,-4.333333333333333
WQS1671,2022,4.23871191307913,0.18930008719300745,-0.5714285714285592,-4.666666666666668
WQS1698,2022,3.9796820411885756,0.3593141737009044,-0.1428571428571398,-5.333333333333332
WQS1703,2022,4.364715448062894,0.4637458892532693,1.1428571428571437,-3.6666666666666656
WQS1670,2022,4.962772604973117,2.753859013979998,-1.4285714285714233,-4.000000000000001
WQS1700,2022,4.729650784920029,0.6548527515190673,-1.5714285714285632,-4.666666666666668
WQS1663,2022,3.1395120283070157,-0.4584092604584947,-2.714285714285707,-6.0
WQS1667,2022,3.430929485653645,-0.6441964895913976,-1.7142857142857029,-6.666666666666667
WQS1660,2022,-0.23707378794182898,-1.6517579235311624,-2.1428571428571477,-3.6666666666666656
WQS1666,2022,-0.23707378794182898,-1.841776601138322,-1.1428571428571437,-4.000000000000001
WQS1661,2022,0.0,-1.6517579235311624,-1.5714285714285632,-3.3333333333333335
WQS1697,2022,-0.4824676327758857,-1.9455592537752198,-1.7142857142857029,-3.3333333333333335
WQS1677,2022,2.184438356938128,2.753859013979998,3.1428571428571517,-6.666666666666667
WQS1675,2022,2.9891189848037722,3.2019573565624486,3.1428571428571517,-4.666666666666668
WQS1702,2022,1.65306837807154,2.4748179864853377,1.857142857142868,-5.666666666666668
WQS1711,2022,-0.7367868227820025,-0.9685075884376897,0.1428571428571398,-6.999999999999999
WQS1710,2022,2.5175016365832654,3.2019573565624486,1.2857142857142836,-5.0
WQS1695,2022,1.2749759216360452,2.4748179864853377,0.8571428571428642,-6.666666666666667
WQS1699,2022,4.610109292896951,0.3593141737009044,2.000000000000008,3.0000000000000013
WQS1709,2022,2.83542033642073,3.2019573565624486,0.8571428571428642,-4.666666666666668
WQS0179,2022,-1.2749759216360468,8.254338598762454,0.4285714285714194,-3.3333333333333335
WQS0228,2022,-2.1689155825443325,8.254338598762454,4.14285714285713,-1.3333333333333346
WQS0180,2022,-0.7367868227820025,8.254338598762454,-0.2857142857142796,-0.6666666666666673
WQS0181,2022,-1.2749759216360468,8.254338598762454,-1.1428571428571437,-2.666666666666666
WQS0231,2022,-0.23707378794182898,8.254338598762454,-2.714285714285707,0.0
WQS0222,2022,5.824539321224504,3.2019573565624486,-6.428571428571418,-5.666666666666668
WQS0209,2022,-2.1689155825443325,6.022491610282762,2.1428571428571477,-5.333333333333332
WQS0188,2022,-0.23707378794182898,8.254338598762454,-0.7142857142857244,-2.666666666666666
WQS0221,2022,-0.4824676327758857,8.254338598762454,-1.2857142857142836,-3.0000000000000013
WQS0232,2022,-0.23707378794182898,8.254338598762454,0.0,-1.3333333333333346
WQS0217,2022,-0.23707378794182898,8.254338598762454,-0.4285714285714194,-2.333333333333334
WQS0218,2022,-0.7367868227820025,8.254338598762454,-3.571428571428571,-1.999999999999999
WQS0219,2022,0.0,8.254338598762454,-2.2857142857142874,-1.6666666666666667
WQS0224,2022,-0.23707378794182898,8.254338598762454,-0.8571428571428642,-0.6666666666666673
WQS0183,2022,-0.7367868227820025,8.254338598762454,-0.2857142857142796,-1.999999999999999
WQS0192,2022,-0.4824676327758857,7.6241201270752645,0.2857142857142796,-2.333333333333334
WQS0225,2022,0.0,6.022491610282762,-1.000000000000004,-3.3333333333333335
WQS0210,2022,-0.23707378794182898,5.13251442750358,-2.2857142857142874,-1.3333333333333346
WQS0220,2022,0.0,8.254338598762454,-2.8571428571428465,-2.666666666666666
WQS0191,2022,0.0,7.6241201270752645,-0.2857142857142796,-1.999999999999999
WQS0233,2022,-0.7367868227820025,7.6241201270752645,-0.4285714285714194,-1.6666666666666667
WQS0223,2022,-0.7367868227820025,8.978668273657425,-2.2857142857142874,-1.3333333333333346
WQS0184,2022,-0.23707378794182898,6.022491610282762,-1.5714285714285632,0.0
WQS0211,2022,-0.23707378794182898,7.6241201270752645,-3.8571428571428505,-0.33333333333333215
WQS0190,2022,-0.4824676327758857,7.6241201270752645,-1.4285714285714233,-1.999999999999999
WQS0185,2022,-0.23707378794182898,8.254338598762454,-1.2857142857142836,-1.6666666666666667
WQS0226,2022,0.0,8.978668273657425,-2.8571428571428465,-1.999999999999999
WQS0229,2022,0.0,8.254338598762454,0.0,-1.6666666666666667
WQS0187,2022,-0.4824676327758857,7.6241201270752645,-3.000000000000012,-1.6666666666666667
WQS0213,2022,-0.23707378794182898,6.022491610282762,1.1428571428571437,-2.333333333333334
WQS0178,2022,-0.23707378794182898,8.254338598762454,-3.000000000000012,-1.999999999999999
WQS0214,2022,0.0,8.254338598762454,-2.4285714285714275,-0.9999999999999994
WQS0182,2022,-0.23707378794182898,7.6241201270752645,-5.714285714285719,-1.999999999999999
WQS0230,2022,0.4513183296333642,8.978668273657425,-4.285714285714295,-0.6666666666666673
WQS0620,2022,-5.329650713614663,,-12.857142857142861,12.666666666666666
WQS0619,2022,-4.395864751205414,,-12.857142857142861,-5.666666666666668
WQS0618,2022,-5.329650713614663,,-12.857142857142861,-5.333333333333332
WQS0600,2022,-5.329650713614663,,-12.857142857142861,-5.333333333333332
WQS1854,2022,0.22929946030063506,7.6241201270752645,-3.714285714285711,-2.333333333333334
WQS1855,2022,-0.23707378794182898,3.7779662809214187,-2.000000000000008,-3.3333333333333335
WQS1856,2022,0.0,4.970215659063371,-4.285714285714295,-3.3333333333333335
WQS1886,2022,0.4513183296333642,3.7068762590213673,0.1428571428571398,-0.33333333333333215
WQS1875,2022,0.22929946030063506,6.600012860133844,-1.7142857142857029,-1.6666666666666667
WQS1862,2022,3.2867386660540943,8.254338598762454,-2.000000000000008,0.6666666666666673
WQS1829,2022,0.0,5.768027240840016,-1.4285714285714233,-0.33333333333333215
WQS1864,2022,0.0,4.970215659063371,-1.2857142857142836,0.0
WQS1857,2022,2.184438356938128,7.048111202716294,-4.428571428571423,0.0
WQS1861,2022,2.0117627444180477,5.768027240840016,-7.428571428571422,-0.6666666666666673
WQS1860,2022,2.5175016365832654,6.600012860133844,-7.571428571428574,0.0
WQS1865,2022,3.430929485653645,4.309899735407114,-6.428571428571431,0.0
WQS1863,2022,-0.23707378794182898,3.632625662116035,2.4285714285714275,-0.6666666666666673
WQS1858,2022,1.4665771397347491,2.4748179864853377,-6.142857142857138,-0.9999999999999994
WQS1859,2022,-0.23707378794182898,1.1240618129095243,-2.8571428571428465,-0.9999999999999994
WQS1825,2022,-9.0,-9.0,-10.14285714285714,-18.000000000000004
WQS1822,2022,-9.0,-9.0,-11.142857142857146,-17.333333333333332
WQS1824,2022,-9.0,-11.911192357723293,-4.285714285714295,-15.333333333333332
WQS1823,2022,-9.0,-6.568245879398169,-5.4285714285714395,-14.666666666666668
WQS0517,2022,-2.835420336420731,-5.9724691102222325,-2.2857142857142874,-8.000000000000002
WQS0515,2022,-0.4824676327758857,-4.4903503357452434,-2.4285714285714275,-8.000000000000002
WQS0518,2022,-1.2749759216360468,-6.673777603809475,-2.571428571428567,-8.000000000000002
WQS0516,2022,-0.7367868227820025,-4.4903503357452434,-2.000000000000008,-7.666666666666666
WQS0367,2022,2.9891189848037722,1.4057230188111531,-6.857142857142863,-0.6666666666666673
WQS0368,2022,4.610109292896951,1.54384823377517,-8.999999999999998,-3.0000000000000013
WQS0370,2022,3.846477880554349,1.8572060908028996,-4.999999999999995,-3.3333333333333335
WQS0369,2022,11.706128906095605,0.7427869167479292,-10.000000000000002,-5.666666666666668
WQS0374,2022,0.4513183296333642,-5.376692341046298,-9.857142857142861,-6.666666666666667
WQS1777,2022,12.90787895453378,-0.2912335151466093,-8.571428571428566,-14.666666666666668
WQS0310,2022,-0.4824676327758857,-0.9685075884376897,-1.1428571428571437,-10.0
WQS0311,2022,8.419390240041512,3.9747067518728825,-10.14285714285714,0.0
WQS0312,2022,21.615681492016193,8.477384548676634,-8.428571428571425,9.0
WQS0305,2022,20.949176738139794,8.051621866008599,-4.999999999999995,9.0
WQS0306,2022,21.178476198440432,8.205918878346992,-2.571428571428567,9.0
WQS0313,2022,22.60224511621134,9.716689528422478,-4.857142857142855,9.0
WQS0307,2022,23.218379854045374,9.716689528422478,1.000000000000004,9.0
WQS1763,2022,11.438847697562755,5.565992428239305,-4.285714285714295,4.666666666666667
WQS1774,2022,10.145684491310922,4.588940762901777,-5.714285714285719,1.999999999999999
WQS1776,2022,10.969342083313602,4.970215659063371,-7.142857142857142,1.999999999999999
WQS1778,2022,11.529081297813857,5.390002079929018,-5.714285714285719,2.666666666666666
WQS1775,2022,11.706128906095605,5.251876864964998,-4.285714285714295,2.666666666666666
WQS1768,2022,8.693660961393128,2.8776462577161563,-7.142857142857142,-3.3333333333333335
WQS1759,2022,10.145684491310922,5.003961521784543,-2.8571428571428594,-0.9999999999999994
WQS1771,2022,8.133921746892874,3.632625662116035,-10.000000000000002,-3.3333333333333335
WQS1772,2022,12.529786498098286,4.0354539333468535,-8.571428571428566,-0.6666666666666673
WQS1773,2022,9.923665621978193,2.4748179864853377,-4.285714285714295,-2.666666666666666
WQS1762,2022,4.610109292896951,,-8.571428571428566,-3.6666666666666656
WQS1769,2022,-0.4824676327758857,-2.1747349844838513,-2.8571428571428465,-5.0
WQS0512,2022,-9.0,-7.228561803054423,-5.142857142857134,-6.999999999999999
WQS1818,2022,-5.8478882811232085,3.5549203310072386,0.0,-12.333333333333332
WQS0456,2022,-2.835420336420731,-6.90723083593875,-3.2857142857142914,-8.333333333333334
WQS0452,2022,-3.1941147027672385,-6.949520775559763,-3.571428571428571,-8.000000000000002
WQS0457,2022,-9.0,-8.33650418189909,-4.571428571428575,-6.666666666666667
WQS0404,2022,11.706128906095605,,-2.8571428571428465,-6.333333333333335
WQS0448,2022,3.572207159202731,-5.770434297621524,-0.2857142857142796,-8.333333333333334
WQS0405,2022,-3.9719163468946816,-7.228561803054423,-2.571428571428567,-6.333333333333335
WQS0406,2022,-2.835420336420731,-6.949520775559763,-3.000000000000012,-8.000000000000002
WQS0458,2022,-9.0,-6.949520775559763,-5.285714285714274,-6.0
WQS0453,2022,-9.0,-7.563754786588654,-4.714285714285714,-6.333333333333335
WQS0451,2022,-3.5722071592027325,-7.228561803054423,-4.857142857142855,-8.000000000000002
WQS0469,2022,-9.0,-7.626794848850844,-5.714285714285719,-7.333333333333334
WQS1751,2022,8.419390240041512,2.753859013979998,-7.142857142857142,1.999999999999999
WQS1742,2022,14.243929561266013,8.15605358156096,-4.285714285714283,15.666666666666668
WQS1741,2022,17.56857079703577,12.002207427714806,-7.285714285714282,15.666666666666668
WQS1738,2022,15.365206834519016,8.254338598762454,-5.714285714285719,15.666666666666668
WQS1737,2022,20.466709105363915,6.8390432707063225,-11.428571428571425,15.666666666666668
WQS1736,2022,19.948471537855372,6.466312451444567,-12.857142857142861,15.666666666666668
WQS1735,2022,21.824443472083896,6.723800103870002,-11.428571428571425,15.666666666666668
WQS1746,2022,20.712102950197966,6.8390432707063225,-10.000000000000002,15.666666666666668
WQS1684,2022,19.388732323355118,12.052072724500837,-8.571428571428566,15.666666666666668
WQS0857,2022,-2.4942303771939334,-9.0,-7.428571428571422,-4.666666666666668
WQS1692,2022,2.9891189848037722,,0.2857142857142796,-1.999999999999999
WQS1693,2022,0.22929946030063506,1.6714188616699948,-2.2857142857142874,-9.333333333333334
WQS0831,2022,3.572207159202731,-5.9724691102222325,-3.571428571428571,0.9999999999999994
WQS0827,2022,-3.5722071592027325,-10.191353775637836,-3.9999999999999907,-3.3333333333333335
WQS0825,2022,-3.1941147027672385,-11.911192357723293,-2.571428571428567,-3.6666666666666656
WQS0784,2022,13.405053232042384,-3.6568537589608385,5.142857142857134,0.0
WQS0785,2022,12.047318865322403,-4.4903503357452434,-3.2857142857142914,-1.6666666666666667
WQS0828,2022,-2.4942303771939334,-9.0,-1.7142857142857029,-5.333333333333332
WQS0824,2022,0.6665047538763971,7.478779508269881,-5.142857142857134,-9.666666666666668
WQS1494,2022,-2.1689155825443325,-5.667925856192907,-0.5714285714285592,4.333333333333333
WQS1495,2022,-2.4942303771939334,-5.667925856192907,0.8571428571428642,4.333333333333333
WQS1474,2022,-2.4942303771939334,-5.217489705822356,0.7142857142857244,4.333333333333333
WQS1476,2022,4.1103962580567766,-3.914341411386275,4.571428571428575,11.333333333333334
WQS1487,2022,1.2749759216360452,-4.814661434591535,-1.7142857142857029,0.0
WQS0789,2022,4.847183080838778,-1.6698160820249321,-6.428571428571418,-4.666666666666668
WQS0839,2022,-2.835420336420731,-10.753384682092596,-6.571428571428583,-7.333333333333334
WQS0838,2022,17.376969578937064,2.3156153512613944,-5.999999999999998,15.666666666666668
WQS1504,2022,-3.1941147027672385,-5.770434297621524,2.2857142857142874,3.666666666666667
WQS0818,2022,-2.1689155825443325,-10.753384682092596,-9.71428571428571,-6.0
WQS0819,2022,-1.8580640960350063,-10.753384682092596,-11.571428571428564,-6.666666666666667
WQS0817,2022,-1.560444414784685,-6.148459458532522,-6.285714285714278,1.999999999999999
WQS0858,2022,17.376969578937064,1.286360581349735,-2.1428571428571477,10.0
WQS0859,2022,17.376969578937064,1.286360581349735,-5.999999999999998,12.333333333333334
WQS0860,2022,10.772342943686354,-1.6698160820249321,-2.571428571428567,3.666666666666667
WQS0862,2022,6.858945825256826,-1.6698160820249321,-4.714285714285714,-2.666666666666666
WQS0864,2022,2.0117627444180477,-4.814661434591535,0.0,-6.0
WQS0863,2022,9.694366161677557,2.024381836114785,-3.8571428571428505,-1.999999999999999
WQS0799,2022,2.0117627444180477,-2.559793264804111,-1.4285714285714233,-6.0
WQS0800,2022,-0.4824676327758857,-10.753384682092596,-8.285714285714286,-6.333333333333335
WQS0801,2022,-1.560444414784685,-10.076110608801514,-4.285714285714295,-6.666666666666667
WQS1817,2022,14.827017735664974,1.089620110398268,-1.7142857142857157,6.666666666666667
WQS1785,2022,1.8347151361362997,-3.284122939699084,-11.428571428571425,-0.33333333333333215
WQS1784,2022,20.949176738139794,-2.688346170523149,-7.142857142857142,13.333333333333334
WQS1690,2022,13.933078074756688,10.312466297598414,-5.285714285714274,11.666666666666668
WQS1787,2022,1.65306837807154,-2.940275204201734,-5.714285714285719,3.3333333333333335
WQS1786,2022,15.101288457016592,-2.559793264804111,-7.142857142857142,12.333333333333334
WQS1798,2022,25.55928603103675,11.47027397322911,-8.571428571428566,15.333333333333332
WQS1791,2022,4.847183080838778,-3.284122939699084,-5.714285714285719,-1.999999999999999
WQS1812,2022,9.517318553395809,4.309899735407114,-9.28571428571429,-4.666666666666668
WQS1789,2022,0.0,-5.480046750278227,-4.857142857142855,-10.0
WQS1811,2022,10.772342943686354,-2.559793264804111,-10.000000000000002,2.333333333333334
WQS1810,2022,9.694366161677557,3.2019573565624486,-5.142857142857134,0.9999999999999994
WQS1793,2022,9.694366161677557,-2.559793264804111,-7.142857142857142,7.333333333333334
WQS1816,2022,1.2749759216360452,-5.217489705822356,-1.4285714285714233,-3.6666666666666656
WQS1815,2022,3.572207159202731,-2.688346170523149,-8.571428571428566,2.666666666666666
WQS1808,2022,16.977260391245117,-2.559793264804111,-4.285714285714283,14.000000000000002
WQS1809,2022,8.419390240041512,-3.284122939699084,-7.142857142857142,6.666666666666667
WQS0454,2022,-1.560444414784685,-6.568245879398169,-3.9999999999999907,-7.666666666666666
WQS1686,2022,4.729650784920029,2.6201586052907215,0.1428571428571398,-5.0
WQS1794,2022,2.352952703644846,,-9.57142857142857,-9.000000000000002
WQS1752,2022,8.206388789099492,1.9005945923786263,-8.142857142857146,-8.000000000000002
WQS1747,2022,22.027153520148598,6.600012860133844,-10.000000000000002,15.666666666666668
WQS1750,2022,12.529786498098286,,-10.000000000000002,9.333333333333334
WQS1748,2022,18.45494636094587,,-7.142857142857142,16.666666666666668
WQS1749,2022,21.178476198440432,12.1004924449163,-8.999999999999998,16.666666666666668
WQS1685,2022,4.364715448062894,3.2019573565624486,-8.285714285714286,-0.9999999999999994
WQS1796,2022,24.65986380850462,7.881607779500699,-10.14285714285714,1.3333333333333346
WQS1691,2022,5.298501410472143,4.970215659063371,-7.285714285714282,-3.3333333333333335
WQS1767,2022,-2.835420336420731,,-2.8571428571428465,-6.0
WQS1756,2022,1.0779767820087993,-0.21352818403781276,-1.000000000000004,-5.333333333333332
WQS1757,2022,10.671722402063283,3.911666689610695,-7.285714285714282,4.333333333333333
WQS1765,2022,1.4665771397347491,1.1240618129095243,-2.571428571428567,0.33333333333333215
WQS1754,2022,1.0779767820087993,1.4899608705335756,-1.1428571428571437,-8.000000000000002
WQS1681,2022,-1.0007052002844297,-1.37133585966851,-1.000000000000004,-3.6666666666666656
WQS1680,2022,2.184438356938128,1.6714188616699948,-4.285714285714295,3.3333333333333335
WQS1679,2022,11.065798881441827,7.048111202716294,-8.285714285714286,13.0
WQS1726,2022,0.4513183296333642,-0.6441964895913976,0.0,-7.666666666666666
WQS1725,2022,2.5175016365832654,3.2019573565624486,1.2857142857142836,-5.0
WQS1682,2022,1.4665771397347491,1.7198385820854594,-0.4285714285714194,-6.0
WQS1730,2022,-0.4824676327758857,-1.37133585966851,-1.2857142857142836,-3.0000000000000013
WQS1729,2022,0.0,-0.9685075884376897,-2.000000000000008,-2.333333333333334
WQS1720,2022,0.4513183296333642,-0.6441964895913976,-2.2857142857142874,-1.999999999999999
WQS1719,2022,1.0779767820087993,-0.13927758713247856,-3.1428571428571517,-0.33333333333333215
WQS1724,2022,2.184438356938128,1.6714188616699948,-4.14285714285713,3.3333333333333335
WQS1723,2022,2.5175016365832654,1.9218733946861688,-4.714285714285714,3.3333333333333335
WQS1728,2022,8.760580199268308,6.058414788183311,-10.285714285714281,12.0
WQS1727,2022,9.45729237373573,6.3209718326391835,0.0,13.0
WQS1732,2022,10.671722402063283,7.048111202716294,-8.857142857142858,12.333333333333334
WQS1731,2022,11.065798881441827,7.048111202716294,-8.428571428571425,12.666666666666666
WQS1722,2022,5.406922295339032,4.408184752608609,-7.142857142857142,7.000000000000001
WQS1721,2022,4.962772604973117,4.309899735407114,-6.714285714285722,6.0
WQS1687,2022,6.858945825256826,4.455240354212497,-7.142857142857142,-7.666666666666666
WQS1753,2022,6.407627495623461,4.0354539333468535,-8.285714285714286,-5.666666666666668
WQS1766,2022,2.9891189848037722,1.1240618129095243,-8.714285714285719,-6.666666666666667
WQS1745,2022,19.388732323355118,,-1.4285714285714233,
WQS1718,2022,7.0316214377769075,4.455240354212497,-7.142857142857142,-7.333333333333334
WQS0235,2022,-1.2749759216360468,3.632625662116035,-0.5714285714285592,-4.000000000000001
WQS1678,2022,2.0117627444180477,3.7779662809214187,-7.714285714285714,-7.333333333333334
WQS0266,2022,-2.835420336420731,6.600012860133844,5.8571428571428585,-8.000000000000002
WQS0264,2022,-1.8580640960350063,7.6241201270752645,-3.714285714285711,-3.0000000000000013
WQS0263,2022,-3.1941147027672385,6.600012860133844,0.2857142857142796,-8.333333333333334
WQS0267,2022,-1.0007052002844297,7.6241201270752645,2.000000000000008,-3.3333333333333335
WQS0265,2022,-3.5722071592027325,7.6241201270752645,0.5714285714285592,-3.6666666666666656
WQS0262,2022,-2.1689155825443325,6.022491610282762,-9.71428571428571,-2.666666666666666
WQS0269,2022,-1.8580640960350063,7.6241201270752645,-3.9999999999999907,-5.333333333333332
WQS0268,2022,-2.1689155825443325,6.022491610282762,-0.7142857142857244,-3.6666666666666656
WQS0922,2022,-3.9719163468946816,-10.753384682092596,-10.000000000000002,-6.0
WQS0932,2022,-3.1941147027672385,-11.911192357723293,-9.28571428571429,-6.0
WQS0931,2022,-3.1941147027672385,-10.753384682092596,-9.71428571428571,-5.0
WQS0207,2022,-1.2749759216360468,8.254338598762454,-2.4285714285714275,-5.333333333333332
WQS0176,2022,-2.4942303771939334,7.6241201270752645,-4.999999999999995,-4.333333333333333
WQS0208,2022,-2.1689155825443325,7.6241201270752645,-2.1428571428571477,-4.666666666666668
WQS0206,2022,-1.560444414784685,7.048111202716294,-2.000000000000008,-5.0
WQS0177,2022,-3.1941147027672385,7.6241201270752645,-5.571428571428579,-6.999999999999999
WQS0258,2022,2.0117627444180477,7.6241201270752645,-5.8571428571428585,5.333333333333334
WQS0257,2022,0.0,6.600012860133844,-4.571428571428575,12.666666666666666
WQS0271,2022,0.0,6.022491610282762,-2.7142857142857197,0.9999999999999994
WQS0259,2022,2.0117627444180477,8.254338598762454,-2.2857142857142874,14.000000000000002
WQS0199,2022,-1.2749759216360468,6.022491610282762,-5.4285714285714395,-6.0
WQS0173,2022,-2.1689155825443325,7.6241201270752645,-9.57142857142857,-6.999999999999999
WQS0172,2022,-1.0007052002844297,8.254338598762454,-5.285714285714274,-5.0
WQS0196,2022,-1.8580640960350063,4.0354539333468535,-7.571428571428574,-3.3333333333333335
WQS0198,2022,-1.8580640960350063,6.022491610282762,-8.285714285714286,-4.000000000000001
WQS0197,2022,-3.1941147027672385,6.600012860133844,-3.571428571428571,-6.333333333333335
WQS0237,2022,-2.1689155825443325,8.978668273657425,-6.714285714285722,-8.333333333333334
WQS0236,2022,-1.2749759216360468,8.254338598762454,-7.428571428571422,-6.0
WQS0240,2022,-1.2749759216360468,6.946846053784182,-5.142857142857134,-6.666666666666667
WQS0241,2022,0.22929946030063506,6.946846053784182,-4.428571428571435,0.0
WQS0242,2022,-2.1689155825443325,6.022491610282762,1.857142857142868,-5.666666666666668
WQS0239,2022,0.0,6.946846053784182,-5.142857142857134,-0.9999999999999994
WQS0246,2022,-0.7367868227820025,7.6241201270752645,-3.4285714285714315,-3.6666666666666656
WQS0247,2022,-2.1689155825443325,7.048111202716294,-7.142857142857142,-3.0000000000000013
WQS0245,2022,-1.2749759216360468,5.13251442750358,-2.571428571428567,-4.000000000000001
WQS0174,2022,3.572207159202731,7.6241201270752645,-3.1428571428571517,13.666666666666666
WQS0201,2022,4.847183080838778,8.254338598762454,-7.571428571428574,14.666666666666668
WQS0202,2022,-0.23707378794182898,5.13251442750358,-4.857142857142855,-1.3333333333333346
WQS0200,2022,0.0,4.408184752608609,-3.2857142857142914,-1.3333333333333346
WQS0175,2022,0.8752667339440972,6.022491610282762,-5.142857142857134,1.3333333333333346
WQS0203,2022,-1.2749759216360468,6.022491610282762,-7.000000000000003,-1.6666666666666667
WQS0205,2022,0.0,6.946846053784182,-6.428571428571418,-4.000000000000001
WQS0204,2022,-1.8580640960350063,6.600012860133844,-7.285714285714282,-4.666666666666668
WQS0255,2022,9.694366161677557,8.254338598762454,-1.7142857142857157,9.666666666666666
WQS0256,2022,5.925159862847577,8.254338598762454,-2.4285714285714275,12.333333333333334
WQS0260,2022,11.706128906095605,8.254338598762454,0.0,12.333333333333334
WQS0261,2022,9.694366161677557,8.254338598762454,-2.2857142857142874,16.666666666666668
WQS0171,2022,0.0,8.254338598762454,0.4285714285714194,0.0
WQS0170,2022,-1.2749759216360468,5.13251442750358,-5.714285714285719,-4.000000000000001
WQS0252,2022,-1.2749759216360468,8.254338598762454,-2.2857142857142874,-6.0
WQS0193,2022,-1.0007052002844297,7.6241201270752645,24.285714285714274,-5.0
WQS0251,2022,-0.23707378794182898,4.408184752608609,-2.8571428571428465,-0.9999999999999994
WQS0186,2022,4.847183080838778,8.978668273657425,-3.000000000000012,11.666666666666668
WQS0270,2022,-0.23707378794182898,5.13251442750358,1.5714285714285632,-1.3333333333333346
WQS0195,2022,0.0,7.6241201270752645,4.14285714285713,-0.33333333333333215
WQS0254,2022,2.0117627444180477,6.946846053784182,0.0,7.333333333333334
WQS0244,2022,0.0,7.6241201270752645,-2.4285714285714275,0.6666666666666673
WQS0243,2022,3.572207159202731,8.254338598762454,-2.8571428571428594,5.333333333333334
WQS0238,2022,0.0,8.254338598762454,-8.142857142857146,10.333333333333334
WQS0249,2022,2.0117627444180477,7.048111202716294,-7.428571428571422,6.333333333333333
WQS0248,2022,3.572207159202731,6.946846053784182,-7.571428571428574,12.666666666666666
WQS0234,2022,5.925159862847577,7.6241201270752645,-5.571428571428567,15.0
WQS0253,2022,-0.23707378794182898,6.022491610282762,-4.14285714285713,-3.6666666666666656
WQS0250,2022,-0.23707378794182898,7.6241201270752645,-5.285714285714274,-0.6666666666666673
WQS0788,2022,-0.23707378794182898,-9.534084293446014,-7.571428571428574,-5.0
WQS0916,2022,-0.4824676327758857,-9.595577006461898,-8.714285714285719,-1.6666666666666667
WQS0925,2022,-7.016098663383111,-9.0,1.2857142857142836,-5.0
WQS0920,2022,-3.9719163468946816,-9.0,-3.000000000000012,-6.999999999999999
WQS0918,2022,-5.329650713614663,-9.0,3.2857142857142914,-6.0
WQS0923,2022,-3.9719163468946816,-9.0,-6.71428571428571,-6.0
WQS0919,2022,-2.835420336420731,-9.0,-1.4285714285714233,-6.333333333333335
WQS0934,2022,1.65306837807154,-9.0636435519762,0.0,-3.6666666666666656
WQS0935,2022,2.0117627444180477,-9.0636435519762,0.0,-1.999999999999999
WQS0933,2022,-3.5722071592027325,-11.911192357723293,-9.142857142857137,-6.999999999999999
WQS0872,2022,2.0117627444180477,-8.241028859879735,0.0,4.666666666666667
WQS0823,2022,-3.1941147027672385,-11.911192357723293,-8.428571428571425,-6.0
WQS0826,2022,3.572207159202731,-6.637854425908923,-4.14285714285713,8.666666666666668
WQS0852,2022,0.8752667339440972,-5.9724691102222325,-2.714285714285707,-0.6666666666666673
WQS0783,2022,-5.8478882811232085,-11.911192357723293,-8.571428571428566,-6.333333333333335
WQS0924,2022,-3.1941147027672385,-9.0,-4.285714285714295,-6.333333333333335
WQS0928,2022,-3.5722071592027325,0.9818173273204077,-4.285714285714295,-8.666666666666666
WQS0926,2022,-5.8478882811232085,-10.753384682092596,-8.285714285714286,-8.000000000000002
WQS0915,2022,-4.395864751205414,-10.753384682092596,-5.714285714285719,-6.333333333333335
WQS1755,2022,-3.5722071592027325,-9.0,-6.428571428571418,-7.666666666666666
WQS0927,2022,-4.395864751205414,,-5.428571428571426,-6.999999999999999
WQS0793,2022,1.4665771397347491,-8.918302933170816,-8.571428571428566,0.0
WQS0855,2022,-3.5722071592027325,-11.911192357723293,-9.71428571428571,-6.0
WQS0856,2022,-3.5722071592027325,-11.911192357723293,-7.999999999999994,-5.333333333333332
WQS0911,2022,-2.1689155825443325,-10.753384682092596,-7.714285714285714,-6.333333333333335
WQS0816,2022,-3.1941147027672385,-6.286584673496539,-6.857142857142863,-3.6666666666666656
WQS0790,2022,-2.1689155825443325,-10.929375030402886,-4.571428571428575,-6.999999999999999
WQS0843,2022,-2.835420336420731,-11.23391828443221,-10.000000000000002,-6.999999999999999
WQS0842,2022,-2.4942303771939334,-11.23391828443221,-9.71428571428571,-6.0
WQS0849,2022,-1.560444414784685,-11.911192357723293,-7.142857142857142,-4.000000000000001
WQS0921,2022,-3.1941147027672385,,-4.999999999999995,-6.999999999999999
WQS0829,2022,-0.4824676327758857,-7.228561803054423,-4.14285714285713,-4.000000000000001
WQS0830,2022,-0.4824676327758857,-6.786429050355581,-4.857142857142855,-4.666666666666668
WQS0822,2022,-3.5722071592027325,-11.911192357723293,-4.857142857142855,-4.333333333333333
WQS0912,2022,-3.5722071592027325,-5.9724691102222325,-7.000000000000003,0.6666666666666673
WQS0794,2022,-2.1689155825443325,,-9.142857142857137,-5.0
WQS0850,2022,-4.395864751205414,-9.0,-5.714285714285719,-6.333333333333335
WQS0917,2022,0.8752667339440972,-10.753384682092596,-7.142857142857142,-4.333333333333333
WQS0625,2022,-0.23707378794182898,,0.0,5.666666666666668
WQS0601,2022,0.4513183296333642,,-12.857142857142861,-3.0000000000000013
WQS0606,2022,-4.395864751205414,,-10.000000000000002,-2.666666666666666
WQS0632,2022,-0.7367868227820025,,-11.428571428571425,-8.000000000000002
WQS0603,2022,-2.835420336420731,,-10.000000000000002,-8.000000000000002
WQS0621,2022,1.2749759216360452,,-10.000000000000002,-5.0
WQS0608,2022,-0.4824676327758857,,-7.142857142857142,-7.666666666666666
WQS0636,2022,-3.5722071592027325,,-11.428571428571425,-9.333333333333334
WQS0607,2022,-1.8580640960350063,,-12.857142857142861,-7.666666666666666
WQS0615,2022,-0.7367868227820025,,-12.857142857142861,-8.333333333333334
WQS0613,2022,0.0,,-1.4285714285714233,-5.666666666666668
WQS0614,2022,0.8752667339440972,,-11.428571428571425,-7.666666666666666
WQS0609,2022,-1.0007052002844297,,-8.571428571428566,-8.000000000000002
WQS0612,2022,-0.7367868227820025,,-12.857142857142861,-7.666666666666666
WQS0597,2022,-0.23707378794182898,,-12.857142857142861,-8.333333333333334
WQS0616,2022,3.572207159202731,,-12.857142857142861,-7.333333333333334
WQS0610,2022,-1.8580640960350063,,-11.428571428571425,-8.000000000000002
WQS0596,2022,-2.1689155825443325,,-12.857142857142861,-8.666666666666666
WQS0599,2022,-0.4824676327758857,,-11.428571428571425,-8.000000000000002
WQS0598,2022,1.0779767820087993,,-10.000000000000002,-5.333333333333332
WQS0605,2022,0.8752667339440972,,-7.142857142857142,-1.999999999999999
WQS0648,2022,-0.4824676327758857,,0.0,6.666666666666667
WQS0624,2022,-0.7367868227820025,,-10.000000000000002,-6.0
WQS0627,2022,-1.560444414784685,,-11.428571428571425,-5.333333333333332
WQS1848,2022,-0.23707378794182898,0.7850768563689423,-5.571428571428579,-9.000000000000002
WQS1846,2022,-0.4824676327758857,0.7427869167479292,-4.285714285714295,-8.666666666666666
WQS1850,2022,0.0,0.7427869167479292,-4.714285714285714,-8.333333333333334
WQS1852,2022,2.5175016365832654,1.0544532663987694,-3.714285714285711,-6.0
WQS1844,2022,0.22929946030063506,0.7850768563689423,-5.714285714285719,-7.333333333333334
WQS1843,2022,-0.4824676327758857,1.018530088498217,-5.714285714285719,-8.333333333333334
WQS1845,2022,-2.835420336420731,0.7427869167479292,4.999999999999995,-8.666666666666666
WQS1849,2022,0.6665047538763971,1.0544532663987694,-4.14285714285713,-8.000000000000002
WQS1851,2022,0.0,1.7198385820854594,-1.2857142857142836,-7.666666666666666
WQS1888,2022,0.0,0.4637458892532693,-7.857142857142854,-8.000000000000002
WQS1832,2022,6.500251458910318,8.254338598762454,-4.428571428571435,14.666666666666668
WQS1889,2022,-3.5722071592027325,0.7427869167479292,-7.285714285714282,-9.000000000000002
WQS1837,2022,4.847183080838778,7.6241201270752645,-6.142857142857138,11.666666666666668
WQS1838,2022,6.122159002474825,5.768027240840016,-5.714285714285719,13.0
WQS1873,2022,0.0,1.9218733946861688,-10.000000000000002,12.666666666666666
WQS1853,2022,1.65306837807154,1.018530088498217,-5.714285714285719,-8.333333333333334
WQS1867,2022,2.678267498294446,3.7779662809214187,-3.9999999999999907,13.333333333333334
WQS1878,2022,-2.835420336420731,1.54384823377517,0.0,-0.9999999999999994
WQS1841,2022,0.0,1.54384823377517,2.8571428571428465,-0.6666666666666673
WQS1890,2022,0.8752667339440972,1.0544532663987694,-6.428571428571418,-6.333333333333335
WQS1827,2022,1.65306837807154,1.7198385820854594,-7.000000000000003,-5.333333333333332
WQS1847,2022,-1.8580640960350063,4.408184752608609,-5.714285714285719,-7.333333333333334
WQS0611,2022,2.0117627444180477,3.1006922076303365,2.8571428571428465,-4.666666666666668
WQS1887,2022,10.722213646633122,5.251876864964998,-8.857142857142858,14.666666666666668
WQS1839,2022,12.17109213175178,4.8646839346520645,-11.285714285714285,15.333333333333332
WQS1840,2022,-0.23707378794182898,1.018530088498217,0.0,-2.333333333333334
WQS1871,2022,-0.4824676327758857,6.3209718326391835,-2.999999999999999,-3.6666666666666656
WQS1834,2022,0.0,0.7850768563689423,-2.8571428571428465,-9.000000000000002
WQS1842,2022,1.4665771397347491,1.4057230188111531,-2.714285714285707,-1.3333333333333346
WQS1872,2022,18.780261155595465,12.696269214092235,-0.1428571428571398,9.666666666666666
WQS1866,2022,-0.23707378794182898,2.4748179864853377,5.142857142857134,-2.333333333333334
WQS1877,2022,-0.4824676327758857,2.2122609420294665,-0.8571428571428642,-0.33333333333333215
WQS1477,2022,-1.8580640960350063,-3.914341411386275,2.1428571428571477,3.0000000000000013
WQS1497,2022,3.1395120283070157,-4.4903503357452434,-4.714285714285714,0.6666666666666673
WQS1694,2022,3.1395120283070157,3.2019573565624486,-8.571428571428566,-8.666666666666666
WQS1484,2022,-4.8471830808387795,-6.568245879398169,-0.4285714285714194,5.0
WQS1486,2022,-0.23707378794182898,-3.284122939699084,1.1428571428571437,4.333333333333333
WQS1485,2022,0.8752667339440972,-4.938448678327695,-1.000000000000004,0.33333333333333215
WQS1488,2022,0.4513183296333642,-4.814661434591535,-2.571428571428567,-0.6666666666666673
WQS1482,2022,0.0,-3.6568537589608385,1.857142857142868,5.333333333333334
WQS1483,2022,0.6665047538763971,-3.284122939699084,2.714285714285707,5.666666666666668
WQS0834,2022,2.83542033642073,-8.241028859879735,-2.8571428571428465,-9.000000000000002
WQS0835,2022,-2.835420336420731,-11.911192357723293,-9.142857142857137,-7.333333333333334
WQS0833,2022,-0.4824676327758857,-10.076110608801514,-9.142857142857137,-6.0
WQS0837,2022,-9.0,-9.0,-6.857142857142863,-6.333333333333335
WQS0836,2022,-1.0007052002844297,-8.918302933170816,-9.71428571428571,-2.666666666666666
WQS0832,2022,-2.4942303771939334,-11.911192357723293,-6.428571428571418,-7.333333333333334
WQS1479,2022,2.0117627444180477,-4.0596820301916585,-1.000000000000004,-1.3333333333333346
WQS1480,2022,2.0117627444180477,-3.846153846153846,-2.571428571428567,0.33333333333333215
WQS1491,2022,2.352952703644846,-3.914341411386275,-1.857142857142868,-0.6666666666666673
WQS0057,2022,-1.2749759216360468,-1.6338929041243797,-7.142857142857142,-3.3333333333333335
WQS0059,2022,-1.0007052002844297,-1.6880716013497847,-4.285714285714283,-3.3333333333333335
WQS0062,2022,-0.4824676327758857,-2.0562198021214675,-7.142857142857142,-6.999999999999999
WQS0060,2022,-0.7367868227820025,-1.6338929041243797,-7.142857142857142,-6.999999999999999
WQS0090,2022,-1.2749759216360468,-1.37133585966851,-7.142857142857142,-1.999999999999999
WQS0093,2022,-0.7367868227820025,-1.37133585966851,-8.571428571428566,-6.666666666666667
WQS0088,2022,-1.0007052002844297,-1.6338929041243797,-7.142857142857142,-4.000000000000001
WQS0063,2022,-0.7367868227820025,-1.37133585966851,-5.714285714285719,-6.666666666666667
WQS0089,2022,-0.7367868227820025,-1.37133585966851,-10.000000000000002,-1.6666666666666667
WQS0087,2022,-0.4824676327758857,-2.0562198021214675,-4.285714285714283,-6.0
WQS0061,2022,-0.7367868227820025,-1.6338929041243797,-8.571428571428566,-6.0
WQS0064,2022,-0.4824676327758857,-1.6880716013497847,-7.142857142857142,-1.3333333333333346
WQS0096,2022,-0.4824676327758857,-1.6698160820249321,-7.142857142857142,-0.6666666666666673
WQS0095,2022,-0.4824676327758857,-1.37133585966851,-8.571428571428566,-1.6666666666666667
WQS1261,2022,-1.0007052002844297,-9.0,-2.8571428571428465,-0.9999999999999994
WQS1260,2022,-1.2749759216360468,,-5.714285714285719,-0.33333333333333215
WQS1264,2022,4.610109292896951,,-8.571428571428566,12.666666666666666
WQS1273,2022,-0.4824676327758857,,-5.714285714285719,-1.3333333333333346
WQS1275,2022,-1.560444414784685,,11.428571428571438,0.6666666666666673
WQS1262,2022,-0.4824676327758857,,-5.714285714285719,7.333333333333334
WQS0066,2022,-0.4824676327758857,-1.6880716013497847,-4.285714285714283,-3.3333333333333335
WQS0100,2022,-1.0007052002844297,-1.6880716013497847,-8.571428571428566,-3.3333333333333335
WQS1271,2022,-2.4942303771939334,0.30454325402932736,0.0,-4.333333333333333
WQS1274,2022,-2.835420336420731,-1.5305384948924519,-2.8571428571428594,-1.3333333333333346
WQS1272,2022,7.445529629317679,0.30454325402932736,-2.8571428571428594,2.666666666666666
WQS0098,2022,6.407627495623461,0.30454325402932736,-4.285714285714283,0.9999999999999994
WQS0099,2022,-1.2749759216360468,0.30454325402932736,-4.285714285714283,3.3333333333333335
WQS0081,2022,17.864615299319407,0.6090865080586529,-4.285714285714283,15.333333333333332
WQS0106,2022,-0.7367868227820025,-1.6698160820249321,-7.142857142857142,-1.999999999999999
WQS0111,2022,-0.4824676327758857,-1.6338929041243797,-4.285714285714283,1.999999999999999
WQS0102,2022,-1.0007052002844297,-1.6880716013497847,-5.714285714285719,2.666666666666666
WQS0103,2022,2.678267498294446,-1.37133585966851,-1.4285714285714233,10.0
WQS0104,2022,-1.0007052002844297,-1.37133585966851,-5.714285714285719,-0.9999999999999994
WQS0068,2022,-1.0007052002844297,-0.8532644216013697,-1.4285714285714233,-4.000000000000001
WQS0105,2022,-0.23707378794182898,-2.0562198021214675,-4.285714285714283,-0.33333333333333215
WQS1869,2022,-1.8580640960350063,4.0354539333468535,-4.857142857142855,-3.6666666666666656
WQS0070,2022,-0.7367868227820025,-1.37133585966851,-5.714285714285719,-3.3333333333333335
WQS0107,2022,-0.4824676327758857,-1.6338929041243797,-5.714285714285719,-0.9999999999999994
WQS0108,2022,-0.7367868227820025,-1.6880716013497847,-1.4285714285714233,1.6666666666666667
WQS0110,2022,-0.4824676327758857,-1.6880716013497847,-7.142857142857142,0.0
WQS0147,2022,-0.4824676327758857,-0.8532644216013697,-2.8571428571428594,3.3333333333333335
WQS0149,2022,-0.4824676327758857,-1.6517579235311624,-5.714285714285719,-0.33333333333333215
WQS0130,2022,-1.2749759216360468,-1.6517579235311624,-8.571428571428566,0.0
WQS0101,2022,-0.7367868227820025,-1.6880716013497847,-4.285714285714283,3.3333333333333335
WQS0097,2022,-0.4824676327758857,-0.8532644216013697,-2.8571428571428594,0.6666666666666673
WQS0086,2022,-1.0007052002844297,-1.37133585966851,-4.285714285714283,-1.999999999999999
WQS0076,2022,-1.0007052002844297,-2.0562198021214675,-4.285714285714283,3.3333333333333335
WQS1109,2022,0.8752667339440972,,-8.571428571428566,-7.333333333333334
WQS1080,2022,0.8752667339440972,,-11.428571428571425,-7.333333333333334
WQS1079,2022,0.6665047538763971,,-8.571428571428566,-6.999999999999999
WQS0038,2022,1.2749759216360452,,-10.14285714285714,-10.666666666666664
WQS0039,2022,-1.8580640960350063,,-3.571428571428571,-12.0
WQS0052,2022,0.4513183296333642,,33.142857142857146,15.333333333333332
WQS0040,2022,-1.8580640960350063,,-5.714285714285719,15.333333333333332
WQS0054,2022,0.22929946030063506,,-3.4285714285714315,-12.66666666666667
WQS0053,2022,-0.23707378794182898,,-11.857142857142858,15.333333333333332
WQS0041,2022,-2.1689155825443325,,0.0,-10.0
WQS0109,2022,-1.2749759216360468,-0.8532644216013697,-4.285714285714283,3.3333333333333335
WQS0144,2022,-0.7367868227820025,-1.6880716013497847,-5.714285714285719,-4.666666666666668
WQS0075,2022,-0.7367868227820025,-1.6338929041243797,-7.142857142857142,0.0
WQS0094,2022,-0.7367868227820025,-1.6517579235311624,-8.571428571428566,-5.0
WQS0168,2022,-0.7367868227820025,-1.6338929041243797,-8.571428571428566,-0.33333333333333215
WQS0167,2022,-0.4824676327758857,-2.0562198021214675,-4.285714285714283,-2.666666666666666
WQS1125,2022,-4.395864751205414,-4.938448678327695,-5.714285714285719,-6.999999999999999
WQS1121,2022,-1.2749759216360468,-5.770434297621524,-1.4285714285714233,-6.0
WQS1122,2022,-5.329650713614663,-6.148459458532522,-5.714285714285719,-8.000000000000002
WQS1508,2022,-1.2749759216360468,,-1.4285714285714233,-10.666666666666664
WQS1276,2022,-1.0007052002844297,,5.714285714285719,-2.333333333333334
WQS1258,2022,-2.835420336420731,,9.99999999999999,-3.6666666666666656
WQS1259,2022,-2.1689155825443325,,-1.4285714285714233,-2.666666666666666
WQS1266,2022,-1.2749759216360468,,0.0,-0.6666666666666673
WQS1268,2022,-3.5722071592027325,,2.8571428571428465,-3.0000000000000013
WQS1270,2022,-1.560444414784685,,1.4285714285714233,-0.33333333333333215
WQS1277,2022,-0.4824676327758857,,2.8571428571428594,0.6666666666666673
WQS1885,2022,-2.1689155825443325,3.2019573565624486,-4.285714285714283,-3.3333333333333335
WQS1884,2022,-2.4942303771939334,2.753859013979998,-7.285714285714282,-6.999999999999999
WQS0080,2022,-0.4824676327758857,-2.079259662464496,-7.142857142857142,-0.33333333333333215
WQS0044,2022,-1.560444414784685,,-3.8571428571428505,-7.333333333333334
WQS0083,2022,-0.4824676327758857,-1.6880716013497847,-5.714285714285719,0.0
WQS0082,2022,-0.4824676327758857,-3.237067338095193,0.0,-1.6666666666666667
WQS0113,2022,-1.0007052002844297,-2.0562198021214675,-2.8571428571428594,-3.6666666666666656
WQS0114,2022,-1.0007052002844297,-2.0562198021214675,-4.285714285714283,-5.666666666666668
WQS0141,2022,-0.7367868227820025,-1.6880716013497847,-7.142857142857142,-0.33333333333333215
WQS1280,2022,0.8752667339440972,,2.8571428571428465,-2.666666666666666
WQS0084,2022,-1.0007052002844297,-1.6338929041243797,-7.142857142857142,-1.6666666666666667
WQS1152,2022,-6.407627495623464,-9.0,-4.285714285714283,-6.666666666666667
WQS1145,2022,-3.5722071592027325,-6.99290927713549,-4.285714285714283,-7.666666666666666
WQS1144,2022,-6.407627495623464,-8.660815280745382,-4.285714285714283,-6.999999999999999
WQS1220,2022,-3.5722071592027325,,10.000000000000002,-0.6666666666666673
WQS1221,2022,-3.5722071592027325,,5.714285714285719,-1.3333333333333346
WQS1216,2022,-3.1941147027672385,,1.4285714285714233,-0.33333333333333215
WQS1218,2022,-3.9719163468946816,,0.0,-6.333333333333335
WQS1215,2022,-4.395864751205414,,-4.285714285714295,-2.666666666666666
WQS1217,2022,-3.5722071592027325,,0.0,-2.666666666666666
WQS1228,2022,-3.5722071592027325,,0.5714285714285592,-0.9999999999999994
WQS1238,2022,-4.8471830808387795,,1.4285714285714233,-0.9999999999999994
WQS1250,2022,-5.8478882811232085,,5.714285714285719,-2.333333333333334
WQS1230,2022,-3.5722071592027325,,1.4285714285714233,0.0
WQS1249,2022,-0.23707378794182898,,1.4285714285714233,4.000000000000001
WQS1226,2022,-4.395864751205414,,1.4285714285714233,-5.666666666666668
WQS1236,2022,-4.8471830808387795,,1.4285714285714233,0.0
WQS1257,2022,-3.9719163468946816,,-5.714285714285719,0.0
WQS1223,2022,8.62609515082154,,1.4285714285714233,13.0
WQS1247,2022,-1.2749759216360468,,4.285714285714295,3.3333333333333335
WQS1245,2022,-3.5722071592027325,,-1.4285714285714233,3.3333333333333335
WQS1193,2022,-5.8478882811232085,,0.0,4.000000000000001
WQS1188,2022,8.278112566492425,,-5.714285714285719,5.666666666666668
WQS1251,2022,-4.395864751205414,,12.857142857142861,-5.0
WQS1252,2022,-3.5722071592027325,,-10.000000000000002,-5.0
WQS1199,2022,5.188373040065574,,-7.142857142857142,4.666666666666667
WQS1186,2022,-0.4824676327758857,,8.571428571428566,-1.6666666666666667
WQS1219,2022,-4.395864751205414,,15.142857142857135,-6.0
WQS1201,2022,-5.8478882811232085,,15.428571428571429,-6.333333333333335
WQS1244,2022,-3.9719163468946816,,-4.285714285714283,-3.6666666666666656
WQS1187,2022,-3.5722071592027325,,4.285714285714283,-4.000000000000001
WQS1248,2022,-3.9719163468946816,,10.428571428571434,-2.666666666666666
WQS1246,2022,-4.395864751205414,,-7.142857142857142,-5.333333333333332
WQS1208,2022,-3.9719163468946816,,-1.4285714285714233,-5.666666666666668
WQS1211,2022,-3.9719163468946816,,7.142857142857142,-7.333333333333334
WQS1233,2022,-4.8471830808387795,,-5.714285714285719,-7.666666666666666
WQS1222,2022,-3.1941147027672385,,-2.8571428571428594,-1.3333333333333346
WQS1213,2022,-2.4942303771939334,,-1.4285714285714233,1.6666666666666667
WQS1224,2022,3.1395120283070157,,-1.4285714285714233,2.666666666666666
WQS1151,2022,-4.8471830808387795,-6.865985199816546,34.285714285714285,-6.999999999999999
WQS1156,2022,-5.329650713614663,-6.148459458532522,-2.8571428571428594,-7.333333333333334
WQS1127,2022,-2.4942303771939334,-6.148459458532522,-4.285714285714283,-5.666666666666668
WQS1126,2022,-4.395864751205414,-6.568245879398169,-7.142857142857142,-5.0
WQS1184,2022,-4.395864751205414,-9.0,,-3.0000000000000013
WQS1133,2022,-4.8471830808387795,-9.0,,-5.666666666666668
WQS1205,2022,6.122159002474825,,-2.8571428571428465,4.666666666666667
WQS1210,2022,-3.9719163468946816,,-2.8571428571428594,-4.666666666666668
WQS1212,2022,-4.8471830808387795,,-1.4285714285714233,-1.3333333333333346
WQS1206,2022,-4.395864751205414,,1.4285714285714233,-3.6666666666666656
WQS1237,2022,-5.8478882811232085,,12.57142857142857,-6.333333333333335
WQS1225,2022,-4.8471830808387795,,5.714285714285719,3.666666666666667
WQS1207,2022,-4.395864751205414,,32.857142857142854,0.0
WQS1235,2022,-4.8471830808387795,,18.142857142857135,-1.3333333333333346
WQS1154,2022,-4.395864751205414,-5.948775615203701,29.999999999999993,-6.0
WQS1138,2022,-3.5722071592027325,-8.660815280745382,32.857142857142854,-4.666666666666668
WQS1182,2022,-3.5722071592027325,-10.753384682092596,-4.285714285714283,-6.333333333333335
WQS1183,2022,-6.407627495623464,-9.0,-4.285714285714283,14.000000000000002
WQS1171,2022,-3.9719163468946816,-9.0,-2.8571428571428594,-8.666666666666666
WQS1172,2022,-6.407627495623464,-10.753384682092596,-1.4285714285714233,-7.333333333333334
WQS1153,2022,-4.8471830808387795,-8.78460252448154,-2.8571428571428594,-6.0
WQS1129,2022,-3.9719163468946816,-9.0,,-5.333333333333332
WQS1130,2022,-2.835420336420731,-9.0,,-6.0
WQS1140,2022,-4.395864751205414,-10.076110608801514,,-6.999999999999999
WQS1147,2022,-3.9719163468946816,-3.284122939699084,0.0,-6.0
WQS1139,2022,-5.8478882811232085,-6.99290927713549,0.0,-5.333333333333332
WQS1143,2022,-3.1941147027672385,-10.753384682092596,,-6.0
WQS1158,2022,-5.8478882811232085,-7.760495257540121,28.57142857142857,-5.0
WQS1155,2022,-4.8471830808387795,-6.602687581909424,-2.8571428571428594,-7.666666666666666
WQS1529,2022,-1.560444414784685,,-5.714285714285719,-10.666666666666664
WQS1530,2022,-1.0007052002844297,,-5.714285714285719,-11.333333333333336
WQS1531,2022,-0.7367868227820025,,-5.714285714285719,-10.0
WQS1534,2022,-1.560444414784685,,-4.285714285714283,-11.333333333333336
WQS1883,2022,-3.5722071592027325,1.4623509296600228,-5.571428571428567,-6.999999999999999
WQS0143,2022,-0.4824676327758857,-1.6880716013497847,-7.142857142857142,0.0
WQS0140,2022,-0.7367868227820025,-1.6338929041243797,-7.142857142857142,-1.999999999999999
WQS1511,2022,-0.7367868227820025,,-5.714285714285719,-10.666666666666664
WQS1514,2022,-1.2749759216360468,,-5.714285714285719,-10.666666666666664
WQS1516,2022,-0.7367868227820025,,0.0,-8.333333333333334
WQS1512,2022,-0.7367868227820025,,0.0,-10.0
WQS1517,2022,-1.0007052002844297,,-1.4285714285714233,-6.666666666666667
WQS1507,2022,7.525450579133226,,-2.8571428571428594,-11.000000000000004
WQS1526,2022,-1.0007052002844297,,0.0,-10.666666666666664
WQS0119,2022,-0.23707378794182898,-1.6880716013497847,-7.142857142857142,3.3333333333333335
WQS1870,2022,-1.8580640960350063,4.150697100183173,0.0,-3.3333333333333335
WQS0120,2022,-0.7367868227820025,-1.37133585966851,-7.142857142857142,0.0
WQS0121,2022,-0.7367868227820025,-1.6880716013497847,-4.285714285714283,1.6666666666666667
WQS0123,2022,-0.4824676327758857,-1.6880716013497847,-1.4285714285714233,2.333333333333334
WQS0124,2022,-0.4824676327758857,-2.0562198021214675,0.0,3.3333333333333335
WQS0125,2022,-1.0007052002844297,-1.37133585966851,-4.285714285714283,3.3333333333333335
WQS0128,2022,-0.7367868227820025,-2.079259662464496,-7.142857142857142,-6.666666666666667
WQS0129,2022,-0.7367868227820025,-1.6338929041243797,-7.142857142857142,-2.333333333333334
WQS1659,2022,-3.1941147027672385,,-6.857142857142863,-0.9999999999999994
WQS1656,2022,-3.1941147027672385,,-8.714285714285719,-0.9999999999999994
WQS1657,2022,-2.4942303771939334,,-6.71428571428571,-1.3333333333333346
WQS1149,2022,-1.8580640960350063,-1.37133585966851,-1.4285714285714233,-6.0
WQS1150,2022,-6.407627495623464,-8.918302933170816,-1.4285714285714233,-6.0
WQS1136,2022,-4.8471830808387795,-7.332993518606788,-1.4285714285714233,-6.333333333333335
WQS1134,2022,-5.8478882811232085,-9.0,-2.8571428571428594,-8.000000000000002
WQS1135,2022,-3.5722071592027325,-8.78460252448154,0.0,-7.333333333333334
WQS1180,2022,-5.329650713614663,-9.0636435519762,-1.4285714285714233,-6.333333333333335
WQS1181,2022,-4.8471830808387795,-8.660815280745382,0.0,-8.333333333333334
WQS0046,2022,-4.395864751205414,,-7.285714285714282,-11.333333333333336
WQS0132,2022,-0.4824676327758857,-2.0562198021214675,-5.714285714285719,-0.33333333333333215
WQS0133,2022,-1.0007052002844297,-2.079259662464496,-7.142857142857142,-0.33333333333333215
WQS1510,2022,-0.7367868227820025,,0.0,-10.0
WQS1509,2022,7.525450579133226,,-2.8571428571428594,-11.333333333333336
WQS1278,2022,-2.4942303771939334,,2.8571428571428465,-4.666666666666668
WQS1279,2022,-1.560444414784685,,1.4285714285714233,-4.666666666666668
WQS0047,2022,0.4513183296333642,,-2.1428571428571477,-12.333333333333332
WQS0048,2022,-1.8580640960350063,,-3.4285714285714315,-10.666666666666664
WQS0049,2022,-0.4824676327758857,,-5.714285714285719,15.333333333333332
WQS0136,2022,-0.23707378794182898,-1.6880716013497847,-7.142857142857142,-1.999999999999999
WQS0138,2022,-0.4824676327758857,-2.0562198021214675,-7.142857142857142,0.0
WQS0134,2022,1.2749759216360452,-2.0562198021214675,-4.285714285714283,3.3333333333333335
WQS1094,2022,1.0779767820087993,,-10.000000000000002,-6.999999999999999
WQS1095,2022,0.8752667339440972,,-11.428571428571425,-7.333333333333334
WQS1111,2022,1.0779767820087993,,-10.000000000000002,-6.333333333333335
WQS1103,2022,0.8752667339440972,,-7.142857142857142,-6.999999999999999
WQS0127,2022,-0.7367868227820025,-1.6880716013497847,-4.285714285714283,1.6666666666666667
WQS0139,2022,-0.4824676327758857,-2.0562198021214675,-5.714285714285719,0.0
WQS0074,2022,-1.0007052002844297,-1.6338929041243797,-8.571428571428566,-0.33333333333333215
WQS0071,2022,-1.2749759216360468,-1.6880716013497847,-2.8571428571428594,-0.6666666666666673
WQS0056,2022,-1.0007052002844297,-1.37133585966851,-7.142857142857142,0.6666666666666673
WQS0116,2022,-1.0007052002844297,-0.9685075884376897,-4.285714285714283,3.3333333333333335
WQS0146,2022,-0.4824676327758857,-1.6338929041243797,-4.285714285714283,1.999999999999999
WQS0118,2022,-0.4824676327758857,-2.3290319968222444,-2.8571428571428594,-2.666666666666666
WQS0067,2022,-0.7367868227820025,-1.6880716013497847,-4.285714285714283,0.0
WQS1163,2022,-3.9719163468946816,-8.660815280745382,,-5.666666666666668
WQS1132,2022,-3.5722071592027325,-9.0,,-4.333333333333333
WQS1131,2022,-4.395864751205414,-8.660815280745382,,-4.333333333333333
WQS1882,2022,-2.4942303771939334,2.139625002951105,-1.7142857142857157,-6.0
WQS1868,2022,-2.835420336420731,2.139625002951105,0.0,-4.000000000000001
WQS1879,2022,-2.835420336420731,1.1578076756306972,3.714285714285711,-3.6666666666666656
WQS1876,2022,-0.23707378794182898,3.2019573565624486,-0.7142857142857116,-5.666666666666668
WQS1137,2022,-1.560444414784685,-9.0,,-5.333333333333332
WQS1148,2022,-2.1689155825443325,-2.3023056123786763,-1.4285714285714233,-4.666666666666668
WQS1157,2022,-4.8471830808387795,-3.9854314332863248,-5.714285714285719,-6.333333333333335
WQS1174,2022,-2.835420336420731,-7.387764438278365,-1.4285714285714233,-5.666666666666668
WQS1173,2022,-5.329650713614663,-9.0,-5.714285714285719,-8.666666666666666
WQS1142,2022,-1.2749759216360468,-9.0,,-5.0
WQS1141,2022,-4.395864751205414,-7.9835412074543,8.571428571428566,-6.666666666666667
WQS1146,2022,-3.9719163468946816,-6.99290927713549,27.142857142857146,-6.0
WQS0077,2022,-0.4824676327758857,-2.079259662464496,-4.285714285714283,-1.3333333333333346
WQS0079,2022,1.65306837807154,-1.37133585966851,-7.142857142857142,0.0
WQS0135,2022,-1.0007052002844297,-2.0562198021214675,-10.000000000000002,-1.3333333333333346
WQS0148,2022,-0.7367868227820025,-0.8532644216013697,-2.8571428571428594,-4.000000000000001
WQS0145,2022,-1.0007052002844297,-3.237067338095193,-4.285714285714283,-5.0
WQS0142,2022,-1.0007052002844297,-2.0562198021214675,-4.285714285714283,3.3333333333333335
WQS0115,2022,-1.2749759216360468,-2.0562198021214675,-7.142857142857142,-6.0
WQS0126,2022,-0.4824676327758857,-2.079259662464496,-7.142857142857142,-0.9999999999999994
WQS0122,2022,-0.4824676327758857,-1.6880716013497847,-5.714285714285719,3.0000000000000013
WQS0131,2022,-1.0007052002844297,-2.0562198021214675,-8.571428571428566,-0.33333333333333215
WQS0073,2022,-0.7367868227820025,-2.0562198021214675,-7.142857142857142,-0.33333333333333215
WQS0150,2022,-0.7367868227820025,-2.0562198021214675,-7.142857142857142,-0.6666666666666673
WQS0112,2022,-0.7367868227820025,-1.6880716013497847,-5.714285714285719,2.666666666666666
WQS0085,2022,-1.0007052002844297,-0.3727308192617548,-4.285714285714283,3.3333333333333335
WQS0078,2022,-0.4824676327758857,,-4.285714285714283,3.3333333333333335
WQS0137,2022,2.184438356938128,-0.2912335151466093,-4.285714285714283,12.666666666666666
WQS1525,2022,-1.560444414784685,,-1.4285714285714233,-11.333333333333336
WQS1524,2022,13.933078074756688,,-1.4285714285714233,10.333333333333334
WQS1528,2022,-1.8580640960350063,,-4.285714285714283,-9.000000000000002
WQS1527,2022,-1.8580640960350063,,0.0,-11.333333333333336
WQS1522,2022,7.364684717422043,,0.0,-10.666666666666664
WQS1523,2022,-1.560444414784685,,1.4285714285714233,-6.999999999999999
WQS1521,2022,-1.2749759216360468,,0.0,-10.333333333333332
WQS1519,2022,-1.0007052002844297,,0.0,-6.666666666666667
WQS1520,2022,-0.7367868227820025,,1.4285714285714233,-8.000000000000002
WQS1658,2022,-3.1941147027672385,,-7.285714285714282,-0.9999999999999994
WQS1655,2022,-3.1941147027672385,,-4.0000000000000036,-0.33333333333333215
WQS1501,2022,-1.560444414784685,-4.4903503357452434,0.7142857142857244,-0.9999999999999994
WQS1502,2022,4.847183080838778,-8.241028859879735,-2.8571428571428594,-7.333333333333334
WQS0317,2022,-9.0,-9.867042676791543,0.0,4.000000000000001
WQS0320,2022,-9.0,-8.33650418189909,-0.1428571428571398,-5.0
WQS0332,2022,-9.0,-10.753384682092596,-0.7142857142857244,-0.9999999999999994
WQS0328,2022,-9.0,-10.753384682092596,-0.4285714285714194,-5.333333333333332
WQS0331,2022,-9.0,-9.818622956376078,0.1428571428571398,-5.333333333333332
WQS0319,2022,-9.0,-8.33650418189909,5.4285714285714395,-6.333333333333335
WQS0316,2022,-9.0,-6.148459458532522,4.571428571428575,-5.333333333333332
WQS0318,2022,-9.0,-7.9835412074543,3.9999999999999907,-6.666666666666667
WQS0329,2022,-9.0,-9.0636435519762,4.857142857142855,-9.333333333333334
WQS0327,2022,1.8347151361362997,-5.217489705822356,-6.571428571428583,-6.666666666666667
WQS0867,2022,-5.329650713614663,-9.0,-2.4285714285714275,-6.666666666666667
WQS0802,2022,-2.4942303771939334,-10.753384682092596,-8.285714285714286,-6.666666666666667
WQS0869,2022,-2.835420336420731,-11.911192357723293,-7.428571428571422,-7.333333333333334
WQS0868,2022,4.364715448062894,-7.831585279440171,-1.1428571428571437,-10.333333333333332
WQS0781,2022,-5.329650713614663,-9.0,-0.5714285714285592,-2.666666666666666
WQS0322,2022,-9.0,-9.867042676791543,-0.1428571428571398,-5.333333333333332
WQS0870,2022,-2.835420336420731,-10.753384682092596,-7.714285714285714,-6.999999999999999
WQS0339,2022,-9.0,-10.753384682092596,-0.1428571428571398,-1.6666666666666667
WQS1481,2022,-0.23707378794182898,-4.699418267755216,0.4285714285714194,-1.6666666666666667
WQS0942,2022,-2.835420336420731,-11.911192357723293,-8.857142857142858,-7.333333333333334
WQS0841,2022,-2.1689155825443325,-10.076110608801514,-8.714285714285719,-6.0
WQS0848,2022,-2.835420336420731,-11.911192357723293,-7.999999999999994,-7.333333333333334
WQS0820,2022,-5.8478882811232085,-9.0,-3.2857142857142914,2.666666666666666
WQS0346,2022,-3.5722071592027325,-7.228561803054423,-2.8571428571428465,-0.9999999999999994
WQS0340,2022,22.693658274024997,,-4.714285714285714,14.333333333333334
WQS0349,2022,15.619526024525136,-4.0596820301916585,-2.000000000000008,11.0
WQS0345,2022,-3.5722071592027325,-7.9835412074543,-4.285714285714295,-1.6666666666666667
WQS0355,2022,24.23591540419389,,-0.8571428571428514,15.666666666666668
WQS0344,2022,-1.8580640960350063,-5.9724691102222325,-3.571428571428571,-3.0000000000000013
WQS0350,2022,21.615681492016193,,-7.714285714285714,14.000000000000002
WQS0356,2022,-9.0,-8.33650418189909,-10.428571428571434,-2.333333333333334
WQS0343,2022,-9.0,-8.918302933170816,-3.000000000000012,-1.3333333333333346
WQS0342,2022,-3.5722071592027325,-7.9835412074543,-4.285714285714295,-1.6666666666666667
WQS0347,2022,-6.407627495623464,-4.0596820301916585,0.4285714285714194,-19.666666666666668
WQS0341,2022,22.60224511621134,,-7.714285714285714,14.000000000000002
WQS0348,2022,-2.1689155825443325,-4.4903503357452434,-7.000000000000003,0.33333333333333215
WQS0351,2022,7.68260341725951,,0.0,6.333333333333333
WQS0326,2022,20.466709105363915,,-7.142857142857142,14.666666666666668
WQS0333,2022,-3.9719163468946816,-10.753384682092596,-2.1428571428571477,-0.6666666666666673
WQS0803,2022,-0.4824676327758857,-9.0,0.0,-6.333333333333335
WQS0813,2022,-1.0007052002844297,-9.0,-2.4285714285714275,-2.333333333333334
WQS0893,2022,-1.0007052002844297,-9.0,-4.142857142857143,-6.999999999999999
WQS0888,2022,-3.5722071592027325,-10.076110608801514,-4.285714285714295,-7.333333333333334
WQS0810,2022,-3.5722071592027325,-11.911192357723293,-0.1428571428571398,-8.333333333333334
WQS0891,2022,-2.835420336420731,-10.076110608801514,-2.571428571428567,14.000000000000002
WQS0875,2022,-2.835420336420731,-10.076110608801514,-8.571428571428566,-7.333333333333334
WQS0873,2022,-2.835420336420731,-10.753384682092596,-8.857142857142858,-6.666666666666667
WQS0889,2022,-6.407627495623464,-9.0,-0.7142857142857244,-6.333333333333335
WQS0874,2022,-5.8478882811232085,-9.0,0.0,-2.666666666666666
WQS0887,2022,-6.407627495623464,-9.0,0.0,-6.333333333333335
WQS0904,2022,-4.395864751205414,-6.286584673496539,-3.9999999999999907,-0.6666666666666673
WQS0900,2022,-6.407627495623464,-9.0,0.0,-4.666666666666668
WQS0811,2022,-2.835420336420731,-4.4903503357452434,-0.2857142857142796,-7.333333333333334
WQS0805,2022,-3.1941147027672385,-4.699418267755216,-3.4285714285714315,-8.000000000000002
WQS0901,2022,-7.016098663383111,-9.0,1.4285714285714233,-6.999999999999999
WQS0804,2022,-6.407627495623464,-9.0,0.0,13.0
WQS0809,2022,-4.395864751205414,-10.076110608801514,1.4285714285714233,-8.000000000000002
WQS0812,2022,-3.1941147027672385,-10.753384682092596,-2.714285714285707,-7.666666666666666
WQS0808,2022,-3.5722071592027325,-10.076110608801514,-4.14285714285713,-6.999999999999999
WQS0892,2022,-3.1941147027672385,-9.222846187200144,-3.1428571428571517,-6.999999999999999
WQS0894,2022,-3.1941147027672385,-9.222846187200144,-2.2857142857142874,-8.333333333333334
WQS0814,2022,-1.8580640960350063,-10.753384682092596,-3.142857142857139,-6.0
WQS0807,2022,-3.5722071592027325,-7.228561803054423,-3.4285714285714315,-6.666666666666667
WQS0815,2022,-6.407627495623464,-9.0,0.0,-6.333333333333335
WQS0877,2022,-4.8471830808387795,-9.0,-3.9999999999999907,-6.666666666666667
WQS0879,2022,-2.835420336420731,-9.0,-2.571428571428567,-6.0
WQS0899,2022,-3.5722071592027325,-10.076110608801514,-3.8571428571428505,-8.666666666666666
WQS0902,2022,-3.5722071592027325,-10.076110608801514,1.5714285714285632,-7.333333333333334
WQS0883,2022,-3.5722071592027325,-10.076110608801514,-3.2857142857142914,-6.666666666666667
WQS0903,2022,-3.1941147027672385,-9.0,-0.8571428571428642,-8.333333333333334
WQS0898,2022,-3.5722071592027325,-9.0,4.285714285714295,-7.666666666666666
WQS0910,2022,-3.5722071592027325,-11.4099086327425,1.4285714285714233,-8.000000000000002
WQS0909,2022,-3.1941147027672385,-11.911192357723293,-4.285714285714295,-7.666666666666666
WQS0890,2022,-4.395864751205414,-5.9724691102222325,-4.571428571428575,-7.666666666666666
WQS0896,2022,-3.5722071592027325,-6.286584673496539,-4.999999999999995,-0.6666666666666673
WQS0878,2022,-1.8580640960350063,-6.949520775559763,-3.1428571428571517,-0.6666666666666673
WQS0897,2022,-4.395864751205414,-6.148459458532522,-3.714285714285711,-2.333333333333334
WQS0880,2022,-4.395864751205414,-5.667925856192907,-2.571428571428567,-1.999999999999999
WQS0876,2022,-4.395864751205414,-6.286584673496539,-4.571428571428575,-0.33333333333333215
WQS0881,2022,-3.9719163468946816,-6.148459458532522,-3.8571428571428505,-2.666666666666666
WQS0882,2022,-7.016098663383111,-9.0,0.0,-6.666666666666667
WQS0895,2022,-7.016098663383111,-9.0,0.0,-6.0
WQS0906,2022,-6.407627495623464,-9.0,-0.7142857142857244,-6.666666666666667
WQS0905,2022,-9.0,-9.0,0.0,-6.666666666666667
WQS0908,2022,-7.016098663383111,-9.0,0.0,-5.333333333333332
WQS0885,2022,-7.016098663383111,-9.0,0.7142857142857244,8.666666666666668
WQS0907,2022,-6.407627495623464,-9.0,0.0,-6.666666666666667
WQS0886,2022,-7.016098663383111,-9.0,0.0,-6.333333333333335
WQS0884,2022,-6.407627495623464,-9.0,0.0,-8.000000000000002
WQS0337,2022,-9.0,,-7.857142857142854,-6.999999999999999
WQS0336,2022,-9.0,-7.228561803054423,1.000000000000004,-8.000000000000002
WQS0338,2022,3.572207159202731,-7.626794848850844,0.0,-6.999999999999999
WQS0335,2022,-9.0,-7.9835412074543,-0.2857142857142796,-8.333333333333334
WQS0321,2022,-9.0,-6.568245879398169,-0.5714285714285592,-6.333333333333335
WQS0334,2022,-9.0,-5.217489705822356,-1.5714285714285632,-5.666666666666668
WQS0791,2022,-5.8478882811232085,-9.0,0.0,-6.0
WQS0795,2022,1.0779767820087993,-9.398836535510434,-5.142857142857134,-7.666666666666666
WQS0797,2022,-3.5722071592027325,-9.222846187200144,-8.285714285714286,-4.000000000000001
WQS0865,2022,6.858945825256826,-2.940275204201734,1.4285714285714233,13.0
WQS0943,2022,-3.5722071592027325,-10.076110608801514,-5.142857142857134,-3.6666666666666656
WQS0796,2022,-0.7367868227820025,-10.753384682092596,-4.857142857142855,-6.999999999999999
WQS0847,2022,-2.835420336420731,-10.753384682092596,-2.000000000000008,-4.666666666666668
WQS0846,2022,10.772342943686354,-4.699418267755216,-5.428571428571426,0.0
WQS0782,2022,-3.1941147027672385,-9.222846187200144,-3.4285714285714315,-6.999999999999999
WQS0821,2022,-3.1941147027672385,-8.918302933170816,-4.857142857142855,-8.000000000000002
WQS0930,2022,-5.329650713614663,-9.0,0.0,-3.3333333333333335
WQS0946,2022,-6.407627495623464,-9.0,2.8571428571428465,-4.333333333333333
WQS0944,2022,6.858945825256826,-4.4903503357452434,0.0,6.666666666666667
WQS0945,2022,2.0117627444180477,-5.480046750278227,0.0,4.666666666666667
WQS0929,2022,-3.5722071592027325,-10.753384682092596,-2.2857142857142874,-7.333333333333334
WQS0359,2022,-9.0,-8.33650418189909,0.0,-6.333333333333335
WQS0353,2022,-9.0,-9.222846187200144,-1.000000000000004,-6.666666666666667
WQS0361,2022,-9.0,-9.0,-0.7142857142857244,-6.0
WQS0357,2022,-7.016098663383111,-8.660815280745382,0.0,-6.0
WQS0354,2022,-6.407627495623464,-8.33650418189909,-0.2857142857142796,-5.666666666666668
WQS0358,2022,-6.407627495623464,-8.33650418189909,0.0,-6.0
WQS0360,2022,-1.2749759216360468,-8.660815280745382,0.5714285714285592,-2.666666666666666
WQS0352,2022,-4.8471830808387795,-1.37133585966851,-8.714285714285719,-5.333333333333332
WQS1051,2022,1.65306837807154,,0.0,-2.666666666666666
WQS1053,2022,1.2749759216360452,,-7.142857142857142,-1.6666666666666667
WQS1050,2022,2.0117627444180477,,-5.714285714285719,-1.3333333333333346
WQS1054,2022,1.2749759216360452,,-5.714285714285719,-1.3333333333333346
WQS0314,2022,3.572207159202731,-5.480046750278227,-3.2857142857142914,3.666666666666667
WQS0973,2022,1.65306837807154,,-11.428571428571425,-0.9999999999999994
WQS1011,2022,0.8752667339440972,,-11.428571428571425,-3.3333333333333335
WQS0315,2022,-0.4824676327758857,-7.9835412074543,1.857142857142868,-1.3333333333333346
WQS0792,2022,-3.5722071592027325,-10.753384682092596,-5.142857142857134,-7.333333333333334
WQS0966,2022,1.65306837807154,,-11.428571428571425,-0.9999999999999994
WQS1012,2022,3.2867386660540943,,-8.571428571428566,1.3333333333333346
WQS1005,2022,2.0117627444180477,,-8.571428571428566,-0.6666666666666673
WQS0957,2022,2.0117627444180477,,-8.571428571428566,-0.33333333333333215
WQS0974,2022,2.352952703644846,,-11.428571428571425,0.0
WQS0986,2022,1.65306837807154,,-11.428571428571425,-0.33333333333333215
WQS1067,2022,1.2749759216360452,,-10.000000000000002,-1.3333333333333346
WQS1073,2022,1.2749759216360452,,-8.571428571428566,-1.3333333333333346
WQS0999,2022,2.352952703644846,,-7.142857142857142,-0.33333333333333215
WQS1004,2022,3.572207159202731,,-4.285714285714295,0.0
WQS1048,2022,3.846477880554349,,0.0,-0.9999999999999994
WQS1045,2022,9.694366161677557,,-2.8571428571428465,8.666666666666668
WQS1049,2022,2.352952703644846,,0.0,-3.0000000000000013
WQS0288,2022,-0.4824676327758857,,-9.28571428571429,-6.0
WQS0286,2022,0.0,,-11.714285714285717,-6.666666666666667
WQS0289,2022,-0.23707378794182898,,-8.999999999999998,-2.666666666666666
WQS0283,2022,-0.23707378794182898,,-8.857142857142858,-6.0
WQS0285,2022,11.706128906095605,,-3.9999999999999907,-5.0
WQS0287,2022,12.529786498098286,,5.714285714285719,-1.6666666666666667
WQS0297,2022,10.254105376177812,,0.0,-5.0
WQS0284,2022,-1.560444414784685,,-12.857142857142861,-6.0
WQS1316,2022,-5.329650713614663,-3.3824079569005767,0.0,-6.666666666666667
WQS1389,2022,-9.0,-0.6441964895913976,-7.142857142857142,-10.0
WQS1395,2022,-4.395864751205414,-0.21352818403781276,-2.8571428571428465,-4.000000000000001
WQS1393,2022,-1.0007052002844297,-0.06818756523242914,0.0,-4.666666666666668
WQS1394,2022,-4.395864751205414,-1.0922948321738482,-4.285714285714295,-6.0
WQS1384,2022,-2.4942303771939334,-4.814661434591535,-2.8571428571428465,-4.666666666666668
WQS1385,2022,-1.560444414784685,-1.0922948321738482,-1.4285714285714233,-5.333333333333332
WQS1323,2022,-2.4942303771939334,-1.9242804514676772,-1.4285714285714233,-5.333333333333332
WQS1390,2022,-5.8478882811232085,-0.21352818403781276,-1.4285714285714233,-8.000000000000002
WQS1420,2022,-3.5722071592027325,-1.0922948321738482,-4.285714285714295,2.666666666666666
WQS1318,2022,-6.407627495623464,-1.0922948321738482,-1.4285714285714233,-1.999999999999999
WQS1317,2022,-5.329650713614663,-1.0922948321738482,-1.4285714285714233,-10.0
WQS1388,2022,-3.5722071592027325,-1.0922948321738482,-1.4285714285714233,-9.333333333333334
WQS1386,2022,-1.0007052002844297,0.18930008719300745,-5.714285714285719,-8.000000000000002
WQS1324,2022,-5.8478882811232085,-4.938448678327695,-1.4285714285714233,-4.666666666666668
WQS1387,2022,-1.2749759216360468,-0.21352818403781276,-1.4285714285714233,-7.333333333333334
WQS1392,2022,-2.4942303771939334,-4.938448678327695,-2.8571428571428594,-6.0
WQS1391,2022,-2.1689155825443325,-3.3824079569005767,-1.4285714285714233,-1.999999999999999
WQS1321,2022,-4.395864751205414,-9.0,2.4285714285714275,-3.6666666666666656
WQS1322,2022,-9.0,-7.831585279440171,4.285714285714295,-4.000000000000001
WQS1320,2022,-5.329650713614663,-5.770434297621524,-1.4285714285714233,-4.000000000000001
WQS1305,2022,-9.0,-11.911192357723293,0.0,-0.6666666666666673
WQS1319,2022,-4.8471830808387795,-3.284122939699084,1.4285714285714233,-1.6666666666666667
WQS0300,2022,0.0,,-6.285714285714278,-4.000000000000001
WQS0299,2022,-0.23707378794182898,,-9.428571428571429,-6.0
WQS0301,2022,0.0,,-4.285714285714295,-4.000000000000001
WQS0298,2022,2.0117627444180477,,-4.285714285714283,5.333333333333334
WQS0303,2022,0.4513183296333642,,-4.428571428571435,-4.000000000000001
WQS1333,2022,-2.1689155825443325,-0.21352818403781276,-4.285714285714283,-8.000000000000002
WQS0279,2022,-0.23707378794182898,,-11.857142857142858,-6.0
WQS0281,2022,1.65306837807154,,-7.285714285714282,-0.6666666666666673
WQS0280,2022,2.352952703644846,,-7.999999999999994,-1.3333333333333346
WQS0282,2022,-0.23707378794182898,,-8.857142857142858,-4.666666666666668
WQS0275,2022,-9.0,,,
WQS0276,2022,9.694366161677557,,-4.14285714285713,-5.0
WQS0290,2022,-2.1689155825443325,,-8.571428571428566,-7.333333333333334
WQS0291,2022,-2.835420336420731,,-8.857142857142858,-6.666666666666667
WQS0293,2022,-9.0,,-9.428571428571429,-8.000000000000002
WQS1307,2022,-3.9719163468946816,-0.06818756523242914,0.0,-2.666666666666666
WQS1306,2022,-3.5722071592027325,-0.21352818403781276,-1.4285714285714233,-10.0
WQS1365,2022,-3.5722071592027325,-0.21352818403781276,-4.285714285714283,-7.333333333333334
WQS1366,2022,-3.5722071592027325,-0.6441964895913976,-1.4285714285714233,-8.666666666666666
WQS1410,2022,2.0117627444180477,6.946846053784182,0.0,-3.3333333333333335
WQS1380,2022,-3.1941147027672385,-0.06818756523242914,0.0,-0.33333333333333215
WQS1379,2022,-3.1941147027672385,-0.21352818403781276,0.0,-3.0000000000000013
WQS1335,2022,-1.0007052002844297,-0.06818756523242914,-4.285714285714295,-6.666666666666667
WQS1355,2022,4.364715448062894,6.946846053784182,-4.285714285714283,9.000000000000002
WQS0273,2022,3.572207159202731,,9.99999999999999,1.6666666666666667
WQS0278,2022,-1.2749759216360468,,-1.4285714285714233,-5.666666666666668
WQS0296,2022,0.0,,-5.714285714285719,-5.0
WQS1356,2022,2.5175016365832654,5.13251442750358,-4.285714285714283,6.333333333333333
WQS1357,2022,-2.1689155825443325,-0.06818756523242914,0.0,8.666666666666668
WQS1358,2022,-0.4824676327758857,1.1240618129095243,-2.8571428571428594,-0.6666666666666673
WQS1373,2022,-2.4942303771939334,-1.0922948321738482,-1.4285714285714233,-9.333333333333334
WQS1370,2022,2.678267498294446,5.13251442750358,0.0,4.666666666666667
WQS1372,2022,2.0117627444180477,4.408184752608609,0.0,5.333333333333334
WQS1371,2022,-3.1941147027672385,-0.06818756523242914,-5.714285714285719,-4.666666666666668
WQS1363,2022,-4.395864751205414,-1.0922948321738482,-2.8571428571428594,4.000000000000001
WQS1362,2022,-0.7367868227820025,-0.21352818403781276,0.0,6.666666666666667
WQS1359,2022,-1.560444414784685,-2.1263152640683867,0.0,-6.666666666666667
WQS1303,2022,8.206388789099492,6.946846053784182,-2.8571428571428594,15.333333333333332
WQS1300,2022,9.694366161677557,6.946846053784182,-2.8571428571428594,15.333333333333332
WQS1301,2022,11.706128906095605,6.946846053784182,0.0,15.0
WQS1302,2022,7.1163861967443545,6.946846053784182,-1.4285714285714233,14.333333333333334
WQS1312,2022,-2.1689155825443325,6.946846053784182,-5.714285714285719,-0.9999999999999994
WQS1314,2022,-1.0007052002844297,3.7779662809214187,-4.285714285714283,-0.6666666666666673
WQS1313,2022,-1.8580640960350063,6.946846053784182,-4.285714285714283,0.0
WQS1397,2022,-2.1689155825443325,-1.0922948321738482,-1.4285714285714233,-0.6666666666666673
WQS1396,2022,2.678267498294446,-0.2912335151466093,-1.4285714285714233,-0.9999999999999994
WQS1291,2022,-3.5722071592027325,-0.06818756523242914,0.0,-1.6666666666666667
WQS1308,2022,-1.560444414784685,-0.06818756523242914,0.0,-0.6666666666666673
WQS1282,2022,-0.7367868227820025,-0.06818756523242914,-2.8571428571428594,1.3333333333333346
WQS1403,2022,-1.560444414784685,-0.21352818403781276,-1.4285714285714233,0.33333333333333215
WQS1326,2022,-1.8580640960350063,-0.21352818403781276,-1.4285714285714233,0.9999999999999994
WQS1315,2022,-4.395864751205414,-0.06818756523242914,0.0,0.9999999999999994
WQS1419,2022,-3.5722071592027325,-0.13927758713247856,-5.714285714285719,0.0
WQS1405,2022,-2.835420336420731,-0.13927758713247856,0.0,-1.6666666666666667
WQS1404,2022,-2.4942303771939334,-1.0922948321738482,-5.714285714285719,-1.6666666666666667
WQS1414,2022,-4.8471830808387795,-1.9242804514676772,0.0,-2.666666666666666
WQS1353,2022,-2.835420336420731,-0.13927758713247856,0.0,-3.3333333333333335
WQS1400,2022,-2.4942303771939334,-4.4903503357452434,-2.8571428571428465,-4.000000000000001
WQS1418,2022,-1.8580640960350063,1.9218733946861688,0.0,-2.333333333333334
WQS1417,2022,-2.4942303771939334,-0.21352818403781276,-4.285714285714295,-5.0
WQS1281,2022,-4.395864751205414,-0.06818756523242914,0.0,-2.333333333333334
WQS1406,2022,-4.395864751205414,-0.13927758713247856,0.0,-3.3333333333333335
WQS0292,2022,-1.0007052002844297,,-9.142857142857137,-6.0
WQS1286,2022,-4.8471830808387795,-2.1263152640683867,-7.142857142857142,-4.000000000000001
WQS1283,2022,-4.8471830808387795,-1.37133585966851,-5.714285714285719,-5.333333333333332
WQS1285,2022,-3.1941147027672385,-0.13927758713247856,-7.142857142857142,-6.666666666666667
WQS1288,2022,-3.5722071592027325,-2.7220920332443215,-2.8571428571428594,-3.3333333333333335
WQS1289,2022,-2.4942303771939334,-2.7220920332443215,-4.285714285714283,-3.6666666666666656
WQS1284,2022,-4.395864751205414,-0.06818756523242914,-2.8571428571428594,-0.6666666666666673
WQS1331,2022,-3.1941147027672385,-1.0922948321738482,-5.714285714285719,-1.3333333333333346
WQS1287,2022,-3.9719163468946816,-1.9242804514676772,-4.285714285714283,-2.666666666666666
WQS1330,2022,-3.1941147027672385,-0.21352818403781276,-2.8571428571428594,-0.6666666666666673
WQS1329,2022,-2.4942303771939334,-0.06818756523242914,-1.4285714285714233,-0.6666666666666673
WQS1408,2022,-3.5722071592027325,-0.6441964895913976,0.0,0.6666666666666673
WQS1407,2022,-2.1689155825443325,-0.21352818403781276,0.0,3.3333333333333335
WQS1381,2022,-3.1941147027672385,-0.06818756523242914,0.0,-4.666666666666668
WQS1350,2022,-3.1941147027672385,-0.6441964895913976,-1.4285714285714233,-1.3333333333333346
WQS1337,2022,4.488488714492272,2.4748179864853377,-4.285714285714283,5.333333333333334
WQS1344,2022,3.1395120283070157,3.632625662116035,-4.285714285714283,4.000000000000001
WQS1349,2022,-4.8471830808387795,-3.3824079569005767,-5.714285714285719,-2.666666666666666
WQS1346,2022,-0.4824676327758857,-0.13927758713247856,-1.4285714285714233,-2.333333333333334
WQS1294,2022,-2.1689155825443325,-0.6441964895913976,-1.4285714285714233,-2.666666666666666
WQS1297,2022,-1.8580640960350063,-4.4903503357452434,-4.285714285714283,-1.999999999999999
WQS1298,2022,-1.0007052002844297,-0.6441964895913976,-5.714285714285719,-4.000000000000001
WQS1348,2022,-5.8478882811232085,-4.4903503357452434,-2.8571428571428594,-5.333333333333332
WQS1347,2022,-2.4942303771939334,-2.7220920332443215,-2.8571428571428594,-4.000000000000001
WQS1342,2022,-1.0007052002844297,-1.0922948321738482,-8.571428571428566,-0.6666666666666673
WQS1292,2022,-2.4942303771939334,-0.6441964895913976,-2.8571428571428594,-4.666666666666668
WQS1293,2022,-1.560444414784685,-1.0922948321738482,-5.714285714285719,-1.3333333333333346
WQS1295,2022,-4.395864751205414,-0.06818756523242914,-1.4285714285714233,-8.000000000000002
WQS1339,2022,-3.1941147027672385,-0.21352818403781276,-1.4285714285714233,-6.666666666666667
WQS1340,2022,-3.1941147027672385,-0.21352818403781276,-1.4285714285714233,-7.333333333333334
WQS1296,2022,-3.9719163468946816,-1.37133585966851,-2.8571428571428465,-3.3333333333333335
WQS1345,2022,1.65306837807154,1.1240618129095243,-2.8571428571428594,3.0000000000000013
WQS1343,2022,-3.1941147027672385,-0.13927758713247856,-4.285714285714283,-6.0
WQS1341,2022,-4.8471830808387795,-1.0922948321738482,-8.571428571428566,-4.333333333333333
WQS1376,2022,-5.329650713614663,-0.6441964895913976,-1.4285714285714233,-8.666666666666666
WQS1374,2022,-3.5722071592027325,-0.21352818403781276,0.0,-6.0
WQS1375,2022,-4.395864751205414,-0.06818756523242914,-4.285714285714295,-8.000000000000002
WQS1377,2022,-2.4942303771939334,-0.06818756523242914,0.0,-2.666666666666666
WQS1332,2022,-3.9719163468946816,-1.9242804514676772,-4.285714285714295,8.666666666666668
WQS0626,2022,-3.1941147027672385,,-10.000000000000002,-8.000000000000002
WQS1369,2022,-4.395864751205414,-0.6441964895913976,-1.4285714285714233,-2.666666666666666
WQS1327,2022,-2.1689155825443325,-0.6441964895913976,0.0,-1.999999999999999
WQS1354,2022,-5.329650713614663,-1.0922948321738482,-5.714285714285719,-8.000000000000002
WQS1416,2022,-5.8478882811232085,-0.6441964895913976,0.0,-1.999999999999999
WQS1415,2022,-0.4824676327758857,-0.06818756523242914,-1.4285714285714233,-1.3333333333333346
WQS1411,2022,-4.8471830808387795,-1.9242804514676772,-2.8571428571428465,3.3333333333333335
WQS1402,2022,-5.8478882811232085,-1.37133585966851,-5.714285714285719,3.3333333333333335
WQS0629,2022,-1.560444414784685,,-10.000000000000002,-7.333333333333334
WQS0630,2022,-0.4824676327758857,,-2.8571428571428594,-3.3333333333333335
WQS0635,2022,-0.7367868227820025,,-1.4285714285714233,-7.333333333333334
WQS0634,2022,-0.7367868227820025,,-10.000000000000002,-8.666666666666666
WQS1409,2022,-3.1941147027672385,-0.6441964895913976,-1.4285714285714233,-0.9999999999999994
WQS1378,2022,-4.8471830808387795,-0.13927758713247856,-2.8571428571428465,-5.0
WQS1399,2022,-4.8471830808387795,-1.37133585966851,-2.8571428571428465,1.999999999999999
WQS1398,2022,-3.5722071592027325,-0.06818756523242914,0.0,0.0
WQS1383,2022,-4.8471830808387795,-1.37133585966851,,0.0
WQS1382,2022,-1.8580640960350063,-0.6441964895913976,0.0,-3.3333333333333335
WQS1290,2022,-2.835420336420731,-0.6441964895913976,-2.8571428571428594,0.0
WQS0967,2022,4.847183080838778,,1.4285714285714233,3.3333333333333335
WQS1024,2022,2.0117627444180477,,-5.714285714285719,-1.999999999999999
WQS1021,2022,4.364715448062894,,-2.8571428571428465,-1.999999999999999
WQS1020,2022,5.0764825411394146,,1.4285714285714233,2.333333333333334
WQS0969,2022,5.722449814782877,,1.4285714285714233,2.666666666666666
WQS1014,2022,5.722449814782877,,-2.8571428571428465,0.6666666666666673
WQS0968,2022,1.65306837807154,,4.285714285714295,-4.000000000000001
WQS1019,2022,4.847183080838778,,0.0,-0.33333333333333215
WQS1025,2022,5.925159862847577,,4.285714285714295,4.666666666666667
WQS1015,2022,4.610109292896951,,4.285714285714295,-1.6666666666666667
WQS1023,2022,4.1103962580567766,,4.285714285714295,-0.33333333333333215
WQS1017,2022,4.610109292896951,,8.571428571428566,-0.33333333333333215
WQS1026,2022,2.352952703644846,,-7.142857142857142,-1.6666666666666667
WQS1016,2022,4.610109292896951,,-2.8571428571428465,1.6666666666666667
WQS0972,2022,3.846477880554349,,-2.8571428571428465,4.000000000000001
WQS1018,2022,3.846477880554349,,-1.4285714285714233,1.6666666666666667
WQS1022,2022,1.65306837807154,,-5.714285714285719,-0.6666666666666673
WQS0970,2022,1.2749759216360452,,-7.142857142857142,-1.6666666666666667
WQS1013,2022,7.364684717422043,,-8.571428571428566,0.33333333333333215
WQS0725,2022,-1.560444414784685,,-14.000000000000005,-6.333333333333335
WQS1593,2022,-2.835420336420731,,-3.2857142857142914,-3.3333333333333335
WQS1600,2022,-2.835420336420731,,1.2857142857142836,0.0
WQS1599,2022,-3.5722071592027325,,-1.7142857142857029,0.0
WQS1601,2022,-2.1689155825443325,,1.000000000000004,0.0
WQS1597,2022,-0.4824676327758857,,0.4285714285714194,0.33333333333333215
WQS1602,2022,-2.835420336420731,,-0.2857142857142796,-0.6666666666666673
WQS1613,2022,-2.835420336420731,,0.7142857142857244,-1.3333333333333346
WQS1595,2022,-2.835420336420731,,-1.000000000000004,0.6666666666666673
WQS1596,2022,-2.1689155825443325,,-0.5714285714285592,0.6666666666666673
WQS1598,2022,-2.835420336420731,,2.000000000000008,-1.3333333333333346
WQS1594,2022,-2.1689155825443325,,-0.7142857142857244,0.6666666666666673
WQS1616,2022,-2.835420336420731,,-1.4285714285714233,0.0
WQS1618,2022,1.0779767820087993,,-0.1428571428571398,-2.666666666666666
WQS1614,2022,-3.5722071592027325,,0.8571428571428642,-1.3333333333333346
WQS1617,2022,-0.4824676327758857,,-3.4285714285714315,-2.333333333333334
WQS0004,2022,-2.835420336420731,,-0.7142857142857244,-4.000000000000001
WQS0007,2022,-1.2749759216360468,,-3.1428571428571517,-3.6666666666666656
WQS0006,2022,-1.560444414784685,,-1.2857142857142836,-4.000000000000001
WQS0009,2022,-1.560444414784685,,-3.8571428571428505,-3.3333333333333335
WQS0008,2022,-1.0007052002844297,,-1.2857142857142836,-3.0000000000000013
WQS0011,2022,-1.0007052002844297,,2.000000000000008,-3.3333333333333335
WQS0005,2022,-1.560444414784685,,-2.8571428571428465,-3.3333333333333335
WQS0010,2022,-1.0007052002844297,,-0.8571428571428642,-3.3333333333333335
WQS0294,2022,-1.560444414784685,,-12.857142857142861,-8.333333333333334
WQS0295,2022,-1.0007052002844297,,-12.857142857142861,-8.000000000000002
WQS1367,2022,-3.5722071592027325,-0.21352818403781276,-4.285714285714283,-6.333333333333335
WQS0302,2022,-0.4824676327758857,,-12.857142857142861,-8.000000000000002
WQS1608,2022,0.4513183296333642,,-7.714285714285714,-1.999999999999999
WQS1607,2022,0.8752667339440972,,-8.857142857142858,-0.9999999999999994
WQS1631,2022,0.0,,-6.285714285714278,-1.6666666666666667
WQS1632,2022,-0.4824676327758857,,-5.142857142857134,-3.3333333333333335
WQS1633,2022,9.694366161677557,,-4.571428571428575,9.333333333333334
WQS0742,2022,-2.1689155825443325,-4.4903503357452434,-2.1428571428571477,-2.666666666666666
WQS1634,2022,0.0,,-6.857142857142863,-3.3333333333333335
WQS0743,2022,-2.1689155825443325,-4.4903503357452434,-2.8571428571428465,-2.666666666666666
WQS1605,2022,-2.835420336420731,,2.714285714285707,-1.3333333333333346
WQS1629,2022,4.847183080838778,,0.4285714285714194,10.666666666666668
WQS1630,2022,2.0117627444180477,,1.1428571428571437,1.3333333333333346
WQS0938,2022,-3.1941147027672385,-9.574826883820723,-5.714285714285719,-8.000000000000002
WQS1056,2022,5.722449814782877,,1.4285714285714233,1.3333333333333346
WQS1058,2022,3.2867386660540943,,1.4285714285714233,-0.6666666666666673
WQS1059,2022,4.1103962580567766,,1.4285714285714233,0.33333333333333215
WQS1075,2022,2.83542033642073,,2.8571428571428465,-2.666666666666666
WQS1074,2022,3.430929485653645,,1.4285714285714233,-0.9999999999999994
WQS1055,2022,4.610109292896951,,0.0,-1.3333333333333346
WQS0936,2022,-3.1941147027672385,-10.076110608801514,-5.714285714285719,-7.666666666666666
WQS0948,2022,-3.1941147027672385,-10.753384682092596,-3.2857142857142914,-6.666666666666667
WQS0937,2022,-2.835420336420731,-10.753384682092596,-3.2857142857142914,-6.666666666666667
WQS1057,2022,0.0,,-1.4285714285714233,-6.666666666666667
WQS1061,2022,3.846477880554349,,2.8571428571428465,-0.6666666666666673
WQS1076,2022,3.846477880554349,,0.0,-1.6666666666666667
WQS1063,2022,2.9891189848037722,,1.4285714285714233,-2.333333333333334
WQS1060,2022,3.572207159202731,,2.8571428571428465,0.0
WQS1062,2022,2.83542033642073,,-2.8571428571428465,-2.666666666666666
WQS1065,2022,2.0117627444180477,,-1.4285714285714233,-3.3333333333333335
WQS1064,2022,3.572207159202731,,1.4285714285714233,-1.6666666666666667
WQS0939,2022,0.8752667339440972,-10.38065386283084,-1.2857142857142836,-3.6666666666666656
WQS1603,2022,-2.835420336420731,,1.1428571428571437,4.666666666666667
WQS1620,2022,-1.0007052002844297,,0.8571428571428642,4.666666666666667
WQS1619,2022,-2.835420336420731,,0.7142857142857244,1.6666666666666667
WQS0036,2022,-2.835420336420731,,1.000000000000004,-5.0
WQS0913,2022,-3.5722071592027325,-9.818622956376078,-2.2857142857142874,-7.333333333333334
WQS1031,2022,5.406922295339032,,2.8571428571428465,-0.33333333333333215
WQS0976,2022,7.68260341725951,,-2.8571428571428465,6.666666666666667
WQS1030,2022,4.847183080838778,,4.285714285714295,0.6666666666666673
WQS1029,2022,5.406922295339032,,1.4285714285714233,3.3333333333333335
WQS0853,2022,-3.5722071592027325,-9.818622956376078,-8.285714285714286,-7.333333333333334
WQS0956,2022,5.0764825411394146,,8.571428571428566,0.9999999999999994
WQS0961,2022,1.65306837807154,,-4.285714285714295,-1.6666666666666667
WQS0964,2022,1.2749759216360452,,-5.714285714285719,-2.333333333333334
WQS0962,2022,1.65306837807154,,-5.714285714285719,-1.3333333333333346
WQS0960,2022,1.65306837807154,,-4.285714285714295,0.0
WQS0963,2022,1.65306837807154,,-5.714285714285719,-1.6666666666666667
WQS0985,2022,5.722449814782877,,0.0,1.999999999999999
WQS1035,2022,5.722449814782877,,-4.285714285714295,0.0
WQS1003,2022,2.9891189848037722,,-1.4285714285714233,-2.333333333333334
WQS1047,2022,3.846477880554349,,1.4285714285714233,-0.33333333333333215
WQS1046,2022,5.0764825411394146,,-1.4285714285714233,-0.33333333333333215
WQS1078,2022,2.678267498294446,,1.4285714285714233,-3.3333333333333335
WQS1077,2022,3.572207159202731,,1.4285714285714233,-2.666666666666666
WQS0013,2022,7.200135784483624,,-0.4285714285714194,11.666666666666668
WQS0012,2022,8.419390240041512,,-2.714285714285707,13.666666666666666
WQS1368,2022,-9.0,-4.137387361300456,-11.999999999999996,-6.0
WQS1034,2022,-2.1689155825443325,,0.0,-3.3333333333333335
WQS0979,2022,5.925159862847577,,2.8571428571428465,0.0
WQS0978,2022,6.313760220573529,,1.4285714285714233,1.3333333333333346
WQS1006,2022,6.407627495623461,,0.0,0.6666666666666673
WQS1033,2022,-2.1689155825443325,,-4.285714285714295,-1.6666666666666667
WQS0981,2022,0.0,,-1.4285714285714233,-3.0000000000000013
WQS0676,2022,-1.8580640960350063,-1.6698160820249321,2.1428571428571477,-1.999999999999999
WQS0680,2022,-1.560444414784685,-1.6698160820249321,1.857142857142868,-2.333333333333334
WQS0677,2022,-0.23707378794182898,-1.6698160820249321,5.8571428571428585,-0.33333333333333215
WQS0679,2022,4.847183080838778,1.018530088498217,1.4285714285714233,-6.0
WQS0737,2022,5.925159862847577,0.7850768563689423,2.1428571428571477,-6.666666666666667
WQS1604,2022,0.0,,3.8571428571428505,-0.6666666666666673
WQS1621,2022,0.0,,5.999999999999998,-1.6666666666666667
WQS1627,2022,0.0,,2.714285714285707,-1.3333333333333346
WQS1625,2022,0.8752667339440972,,-0.1428571428571398,-2.333333333333334
WQS0017,2022,-1.2749759216360468,,-8.571428571428566,-0.6666666666666673
WQS0021,2022,-0.23707378794182898,,-7.999999999999994,-6.0
WQS0002,2022,-2.835420336420731,,-7.142857142857142,-1.3333333333333346
WQS0023,2022,-1.0007052002844297,,-9.71428571428571,-8.000000000000002
WQS0019,2022,-0.23707378794182898,,-2.714285714285707,-6.333333333333335
WQS0022,2022,-0.23707378794182898,,-3.4285714285714315,-6.999999999999999
WQS0020,2022,-0.23707378794182898,,-7.714285714285714,-3.6666666666666656
WQS0024,2022,-0.4824676327758857,,-3.1428571428571517,-6.333333333333335
WQS0018,2022,-0.23707378794182898,,-3.714285714285711,-6.333333333333335
WQS1624,2022,0.0,,3.4285714285714315,0.33333333333333215
WQS1628,2022,0.4513183296333642,,0.0,-1.6666666666666667
WQS1623,2022,0.0,,-0.2857142857142796,-1.3333333333333346
WQS1626,2022,-0.7367868227820025,,-0.8571428571428642,-2.666666666666666
WQS0977,2022,6.858945825256826,,2.8571428571428465,0.6666666666666673
WQS0982,2022,-1.560444414784685,,-1.4285714285714233,-2.333333333333334
WQS0736,2022,-0.23707378794182898,-1.6698160820249321,5.571428571428579,0.0
WQS0738,2022,-2.835420336420731,-3.3824079569005767,-2.1428571428571477,-6.666666666666667
WQS0983,2022,-2.1689155825443325,,-2.8571428571428465,-1.999999999999999
WQS1622,2022,-1.560444414784685,,-1.1428571428571437,4.000000000000001
WQS0995,2022,-1.0007052002844297,,-4.285714285714295,0.33333333333333215
WQS0997,2022,-1.560444414784685,,-5.714285714285719,0.0
WQS0998,2022,-2.1689155825443325,,-2.8571428571428465,-2.333333333333334
WQS0996,2022,-1.560444414784685,,-7.142857142857142,0.0
WQS1009,2022,12.292712710156458,,-1.4285714285714233,4.000000000000001
WQS0954,2022,6.024353114539581,,-1.4285714285714233,0.9999999999999994
WQS0952,2022,11.662285458448087,,-1.4285714285714233,4.666666666666667
WQS1007,2022,9.396746480427234,,-1.4285714285714233,1.3333333333333346
WQS0951,2022,8.060695873695005,,-1.4285714285714233,1.3333333333333346
WQS1008,2022,10.254105376177812,,1.4285714285714233,1.3333333333333346
WQS0953,2022,7.28289422956756,,1.4285714285714233,2.666666666666666
WQS0694,2022,0.0,-2.7220920332443215,-1.4285714285714233,-6.666666666666667
WQS1010,2022,7.28289422956756,,-12.857142857142861,0.6666666666666673
WQS0663,2022,13.266573320880289,2.024381836114785,1.4285714285714233,-6.0
WQS0664,2022,6.858945825256826,4.8646839346520645,3.8571428571428505,-5.666666666666668
WQS0662,2022,0.0,-1.9242804514676772,1.4285714285714233,-5.0
WQS0665,2022,2.0117627444180477,4.970215659063371,6.285714285714278,-4.666666666666668
WQS0955,2022,8.419390240041512,,0.0,0.9999999999999994
WQS0723,2022,-0.23707378794182898,-1.6698160820249321,1.857142857142868,-0.6666666666666673
WQS0673,2022,-0.23707378794182898,-1.6698160820249321,2.571428571428567,-0.9999999999999994
WQS0724,2022,-0.4824676327758857,-1.6698160820249321,4.285714285714295,-0.33333333333333215
WQS0683,2022,-0.23707378794182898,-1.6698160820249321,4.999999999999995,-0.6666666666666673
WQS0684,2022,-3.1941147027672385,-1.6698160820249321,7.714285714285701,-0.6666666666666673
WQS0682,2022,0.6665047538763971,-0.5120084063942351,0.4285714285714194,0.0
WQS0681,2022,0.6665047538763971,-0.5120084063942351,0.7142857142857244,-0.6666666666666673
WQS0772,2022,1.0779767820087993,-3.914341411386275,-3.1428571428571517,-1.999999999999999
WQS0757,2022,4.847183080838778,-1.9242804514676772,2.8571428571428465,-6.666666666666667
WQS0773,2022,11.25481057646224,-1.702821042808061,2.8571428571428465,7.333333333333334
WQS0761,2022,0.6665047538763971,-4.814661434591535,-5.714285714285719,-6.333333333333335
WQS0769,2022,0.0,-3.5416105921245187,0.0,-4.000000000000001
WQS0756,2022,6.858945825256826,-3.4868396724529416,-4.285714285714295,3.3333333333333335
WQS0762,2022,0.8752667339440972,-4.4903503357452434,-2.8571428571428465,-0.9999999999999994
WQS0758,2022,3.9796820411885756,-0.2912335151466093,-1.8571428571428554,1.3333333333333346
WQS0755,2022,13.266573320880289,-1.3942702711057275,1.4285714285714233,3.0000000000000013
WQS0767,2022,-0.4824676327758857,-3.3824079569005767,-3.000000000000012,-4.000000000000001
WQS0760,2022,-1.2749759216360468,-1.9242804514676772,0.0,-7.666666666666666
WQS0031,2022,0.6665047538763971,,-5.714285714285719,0.33333333333333215
WQS0032,2022,1.4665771397347491,,-8.571428571428566,1.6666666666666667
WQS0034,2022,1.0779767820087993,,-4.285714285714283,0.6666666666666673
WQS0753,2022,1.4665771397347491,-4.4903503357452434,-2.8571428571428465,-3.0000000000000013
WQS0033,2022,1.0779767820087993,,-2.8571428571428594,1.999999999999999
WQS0765,2022,0.0,-2.1263152640683867,-3.000000000000012,-1.6666666666666667
WQS0754,2022,-1.0007052002844297,-3.6568537589608385,-7.000000000000003,-3.6666666666666656
WQS0750,2022,2.0117627444180477,-0.5487211675720441,-2.8571428571428594,1.6666666666666667
WQS0690,2022,-2.835420336420731,-7.178696506268394,-4.285714285714283,-4.333333333333333
WQS0688,2022,1.65306837807154,-1.37133585966851,-5.2857142857142865,-3.3333333333333335
WQS0689,2022,0.0,-1.9032693141542065,-5.714285714285719,-3.3333333333333335
WQS0692,2022,-1.2749759216360468,-3.5416105921245187,-4.285714285714295,-0.33333333333333215
WQS0691,2022,-3.5722071592027325,-7.2799616552005055,-4.285714285714283,-5.0
WQS1635,2022,9.694366161677557,,-1.1428571428571437,14.000000000000002
WQS1640,2022,15.864919869359195,,-7.714285714285714,15.0
WQS1609,2022,3.2867386660540943,,1.000000000000004,-2.666666666666666
WQS1639,2022,14.541549242516338,,-9.428571428571429,11.0
WQS1642,2022,9.694366161677557,,-3.2857142857142914,13.333333333333334
WQS1644,2022,6.858945825256826,,-6.571428571428583,-1.999999999999999
WQS1636,2022,12.529786498098286,,-7.999999999999994,16.666666666666668
WQS1641,2022,13.266573320880289,,-7.714285714285714,10.0
WQS1637,2022,11.706128906095605,,-6.857142857142863,9.333333333333334
WQS1643,2022,5.925159862847577,,-6.142857142857138,-0.9999999999999994
WQS1638,2022,3.572207159202731,,1.1428571428571437,-1.6666666666666667
WQS1645,2022,2.0117627444180477,,1.4285714285714233,-3.0000000000000013
WQS0026,2022,-0.23707378794182898,,-3.2857142857142914,-5.666666666666668
WQS0003,2022,-0.23707378794182898,,0.0,-5.666666666666668
WQS0675,2022,0.0,2.6201586052907215,3.9999999999999907,-5.666666666666668
WQS0734,2022,2.0117627444180477,4.309899735407114,2.8571428571428465,-5.333333333333332
WQS0733,2022,2.0117627444180477,6.058414788183311,0.0,-0.6666666666666673
WQS0016,2022,-0.4824676327758857,,-8.571428571428566,-1.3333333333333346
WQS0987,2022,11.25481057646224,,0.0,2.666666666666666
WQS1036,2022,12.088820512314111,,-1.4285714285714233,3.0000000000000013
WQS1037,2022,7.364684717422043,,-2.8571428571428465,1.3333333333333346
WQS1038,2022,9.923665621978193,,-1.4285714285714233,3.0000000000000013
WQS0989,2022,12.683485146481331,,-2.8571428571428465,3.3333333333333335
WQS1039,2022,12.490828141109086,,-4.285714285714295,3.3333333333333335
WQS0988,2022,0.4513183296333642,,-1.4285714285714233,-2.666666666666666
WQS1040,2022,11.878804518615686,,-1.4285714285714233,4.000000000000001
WQS1041,2022,5.925159862847577,,2.8571428571428465,-0.9999999999999994
WQS0992,2022,11.484110036762877,,2.8571428571428465,3.0000000000000013
WQS0994,2022,7.28289422956756,,2.8571428571428465,0.33333333333333215
WQS0993,2022,4.847183080838778,,1.4285714285714233,0.33333333333333215
WQS0959,2022,8.760580199268308,,1.4285714285714233,0.9999999999999994
WQS0958,2022,9.979834654826195,,1.4285714285714233,3.0000000000000013
WQS1072,2022,4.364715448062894,,1.4285714285714233,-0.6666666666666673
WQS1070,2022,5.722449814782877,,-5.714285714285719,1.3333333333333346
WQS1071,2022,5.722449814782877,,1.4285714285714233,-0.6666666666666673
WQS1032,2022,5.406922295339032,,2.8571428571428465,0.6666666666666673
WQS0991,2022,9.08589499391791,,1.4285714285714233,0.9999999999999994
WQS1044,2022,15.365206834519016,,-2.8571428571428465,6.0
WQS1001,2022,14.39432260476926,,-2.8571428571428465,5.333333333333334
WQS1042,2022,12.130077310406339,,-1.4285714285714233,6.333333333333333
WQS1043,2022,3.2867386660540943,,-2.8571428571428465,-1.3333333333333346
WQS1000,2022,10.772342943686354,,-1.4285714285714233,2.666666666666666
WQS1002,2022,11.662285458448087,,-4.285714285714295,3.0000000000000013
WQS1027,2022,9.08589499391791,,-1.4285714285714233,2.333333333333334
WQS0975,2022,7.60446844804185,,-7.142857142857142,2.666666666666666
WQS1028,2022,6.313760220573529,,0.0,0.6666666666666673
WQS0965,2022,6.313760220573529,,1.4285714285714233,1.3333333333333346
WQS1066,2022,8.760580199268308,,1.4285714285714233,2.333333333333334
WQS1068,2022,5.298501410472143,,0.0,0.9999999999999994
WQS1069,2022,4.364715448062894,,-2.8571428571428465,0.9999999999999994
WQS0035,2022,-0.23707378794182898,,-8.285714285714286,0.6666666666666673
WQS0030,2022,-1.2749759216360468,,-5.714285714285719,-1.6666666666666667
WQS0028,2022,0.4513183296333642,,-5.714285714285719,0.33333333333333215
WQS0027,2022,-0.23707378794182898,,-3.000000000000012,-6.0
WQS0029,2022,-0.4824676327758857,,-4.285714285714283,0.6666666666666673
WQS1425,2022,5.925159862847577,,14.000000000000005,-1.3333333333333346
WQS0025,2022,1.4665771397347491,,-5.714285714285719,3.3333333333333335
WQS0704,2022,-2.835420336420731,-6.865985199816546,-7.142857142857142,-5.0
WQS0667,2022,-2.835420336420731,-6.602687581909424,0.0,-4.333333333333333
WQS0706,2022,2.0117627444180477,-3.3824079569005767,1.4285714285714233,-3.0000000000000013
WQS0699,2022,-0.4824676327758857,-3.914341411386275,1.4285714285714233,-4.000000000000001
WQS0668,2022,-1.2749759216360468,-3.7176009404348083,2.8571428571428465,-3.6666666666666656
WQS0698,2022,0.0,-4.137387361300456,-1.4285714285714233,-3.6666666666666656
WQS0705,2022,0.0,-4.0596820301916585,1.4285714285714233,-3.3333333333333335
WQS0702,2022,-1.560444414784685,-5.497911769685009,2.8571428571428465,-4.666666666666668
WQS0709,2022,1.65306837807154,-3.7806410026969988,2.8571428571428465,-3.0000000000000013
WQS0708,2022,1.0779767820087993,-4.137387361300456,2.8571428571428465,-3.3333333333333335
WQS0719,2022,0.0,-4.4903503357452434,1.4285714285714233,-3.3333333333333335
WQS0722,2022,-1.2749759216360468,-4.699418267755216,1.4285714285714233,-4.666666666666668
WQS0720,2022,-2.835420336420731,-6.602687581909424,-1.4285714285714233,-4.666666666666668
WQS0671,2022,0.0,-5.5159699281787775,2.8571428571428465,-3.3333333333333335
WQS0721,2022,-1.2749759216360468,-4.4903503357452434,0.0,-3.3333333333333335
WQS0707,2022,-0.4824676327758857,-3.7176009404348083,1.4285714285714233,-4.000000000000001
WQS0669,2022,-1.2749759216360468,-4.4903503357452434,1.4285714285714233,-4.333333333333333
WQS0711,2022,5.925159862847577,1.9218733946861688,-2.8571428571428465,3.0000000000000013
WQS0696,2022,-9.0,3.8124079834326734,0.0,-6.666666666666667
WQS1542,2022,-6.407627495623464,-6.568245879398169,0.4285714285714194,-3.0000000000000013
WQS1545,2022,-4.395864751205414,-3.9854314332863248,3.8571428571428505,0.33333333333333215
WQS1538,2022,4.729650784920029,-6.673777603809475,1.5714285714285758,7.000000000000001
WQS1555,2022,-5.329650713614663,-3.7806410026969988,4.571428571428575,-3.3333333333333335
WQS1585,2022,-6.407627495623464,-6.786429050355581,1.1428571428571437,-0.33333333333333215
WQS1569,2022,0.0,-4.814661434591535,-0.2857142857142796,-2.666666666666666
WQS1570,2022,-6.407627495623464,-6.148459458532522,3.4285714285714315,-3.3333333333333335
WQS1572,2022,-7.016098663383111,-5.667925856192907,-1.2857142857142836,-3.3333333333333335
WQS1574,2022,-0.4824676327758857,-3.7806410026969988,3.8571428571428505,-1.999999999999999
WQS1571,2022,-2.835420336420731,-3.846153846153846,4.571428571428575,-3.0000000000000013
WQS1573,2022,4.1103962580567766,-2.4404308273426927,0.5714285714285718,7.000000000000001
WQS1548,2022,-1.0007052002844297,-3.4868396724529416,-2.1428571428571477,-3.0000000000000013
WQS1543,2022,-4.8471830808387795,-3.4868396724529416,3.714285714285711,-3.3333333333333335
WQS1575,2022,-2.4942303771939334,-3.4868396724529416,7.000000000000003,-2.666666666666666
WQS1544,2022,10.772342943686354,-5.5159699281787775,3.4285714285714315,-7.333333333333334
WQS1546,2022,0.0,-4.938448678327695,4.14285714285713,-5.666666666666668
WQS1551,2022,0.0,-3.4868396724529416,3.4285714285714315,-6.666666666666667
WQS1550,2022,-0.4824676327758857,-0.9685075884376897,-1.7142857142857029,-4.666666666666668
WQS1552,2022,-0.23707378794182898,-3.9854314332863248,-2.4285714285714275,-5.0
WQS1549,2022,-0.4824676327758857,-5.497911769685009,1.2857142857142836,-4.000000000000001
WQS1541,2022,-0.7367868227820025,-6.020888830637697,-0.7142857142857116,-3.0000000000000013
WQS1539,2022,-2.4942303771939334,-4.4903503357452434,3.4285714285714315,-1.999999999999999
WQS1553,2022,-3.9719163468946816,-6.202346821774117,4.428571428571423,-3.6666666666666656
WQS1554,2022,-2.4942303771939334,-6.148459458532522,4.428571428571423,-3.3333333333333335
WQS1540,2022,14.541549242516338,-5.217489705822356,-0.5714285714285592,-5.0
WQS1537,2022,1.2749759216360452,-7.9835412074543,1.000000000000004,-1.999999999999999
WQS1547,2022,2.352952703644846,-7.626794848850844,-3.571428571428571,-0.6666666666666673
WQS0715,2022,-0.4824676327758857,-4.699418267755216,2.8571428571428465,-4.000000000000001
WQS0712,2022,-4.8471830808387795,-6.786429050355581,-4.285714285714295,-5.333333333333332
WQS0713,2022,-2.835420336420731,-6.602687581909424,-1.4285714285714233,-5.333333333333332
WQS1536,2022,-0.7367868227820025,-4.814661434591535,2.999999999999999,-2.333333333333334
WQS0774,2022,-1.2749759216360468,-3.7176009404348083,-8.571428571428566,-0.33333333333333215
WQS0726,2022,-1.560444414784685,-5.072149087016972,-4.285714285714283,-4.666666666666668
WQS0745,2022,3.2867386660540943,-3.103366929405917,4.285714285714295,-1.3333333333333346
WQS0746,2022,9.08589499391791,2.2122609420294665,0.0,3.3333333333333335
WQS0747,2022,2.83542033642073,-2.940275204201734,2.8571428571428465,-1.6666666666666667
WQS0770,2022,-1.2749759216360468,-4.814661434591535,1.4285714285714233,-4.333333333333333
WQS1587,2022,20.949176738139794,-0.2912335151466093,3.714285714285711,8.333333333333334
WQS1592,2022,25.796359818978573,2.4748179864853377,2.7142857142857197,0.33333333333333215
WQS1535,2022,-9.0,-7.563754786588654,2.7142857142857197,-3.6666666666666656
WQS0658,2022,19.091112642104793,2.024381836114785,-1.4285714285714233,12.0
WQS0686,2022,9.694366161677557,1.7198385820854594,0.0,7.000000000000001
WQS0728,2022,0.0,-4.137387361300456,-1.4285714285714233,-3.3333333333333335
WQS0729,2022,-1.2749759216360468,-4.4903503357452434,1.4285714285714233,-4.666666666666668
WQS0775,2022,-5.329650713614663,,0.0,-3.6666666666666656
WQS0730,2022,0.0,-3.3824079569005767,-1.4285714285714233,-3.3333333333333335
WQS0727,2022,2.678267498294446,-3.3824079569005767,2.8571428571428465,0.0
WQS0732,2022,-0.4824676327758857,-4.4903503357452434,2.8571428571428465,-3.3333333333333335
WQS0731,2022,1.0779767820087993,-3.1467554309816435,4.285714285714295,-1.3333333333333346
WQS0739,2022,3.572207159202731,-2.3023056123786763,-1.4285714285714233,-0.33333333333333215
WQS0740,2022,3.846477880554349,-1.9242804514676772,-2.8571428571428465,0.6666666666666673
WQS0741,2022,3.2867386660540943,-2.756533735755578,1.4285714285714233,-1.3333333333333346
WQS1586,2022,13.266573320880289,-1.37133585966851,-3.714285714285711,9.666666666666666
WQS1562,2022,-0.4824676327758857,-5.667925856192907,5.428571428571426,-2.333333333333334
WQS1567,2022,0.6665047538763971,-6.673777603809475,6.857142857142863,-1.999999999999999
WQS0776,2022,-3.9719163468946816,,1.4285714285714233,-4.000000000000001
WQS1563,2022,-0.23707378794182898,-7.626794848850844,6.71428571428571,-3.0000000000000013
WQS1565,2022,-2.835420336420731,-7.332993518606788,5.714285714285719,-3.3333333333333335
WQS1568,2022,0.0,-5.770434297621524,3.714285714285711,-3.0000000000000013
WQS1566,2022,0.0,-3.7806410026969988,2.1428571428571477,-1.999999999999999
WQS1564,2022,-9.0,-5.217489705822356,2.4285714285714275,-3.6666666666666656
WQS1584,2022,-9.0,-7.2799616552005055,1.1428571428571437,-2.333333333333334
WQS1583,2022,-2.4942303771939334,-9.398836535510434,1.4285714285714233,-1.6666666666666667
WQS0780,2022,-6.407627495623464,,0.0,-6.0
WQS0779,2022,-6.407627495623464,,0.0,-3.3333333333333335
WQS0778,2022,-3.5722071592027325,,0.0,-4.000000000000001
WQS1556,2022,17.56857079703577,-3.9854314332863248,0.0,-2.666666666666666
WQS1557,2022,17.376969578937064,-3.9854314332863248,0.2857142857142796,12.666666666666666
WQS1559,2022,16.553311986934386,-3.9854314332863248,2.4285714285714275,11.666666666666668
WQS1558,2022,21.178476198440432,-2.8276237576556293,0.0,12.666666666666666
WQS1561,2022,15.619526024525136,-2.8276237576556293,-2.4285714285714275,9.666666666666666
WQS1577,2022,25.854393405095326,-2.7220920332443215,-5.428571428571426,0.6666666666666673
WQS1578,2022,28.631780155399305,-1.37133585966851,-2.999999999999999,2.333333333333334
WQS1576,2022,27.631074955114876,-1.0922948321738482,3.8571428571428505,3.3333333333333335
WQS1581,2022,18.937413993721748,-2.7220920332443215,-3.142857142857139,7.333333333333334
WQS1579,2022,22.415753877874547,-2.8276237576556293,-5.142857142857147,7.666666666666666
WQS1582,2022,25.18788865121893,-1.6338929041243797,-4.285714285714283,16.666666666666668
WQS1580,2022,23.861868656284894,-1.9242804514676772,-2.4285714285714275,16.666666666666668
WQS1591,2022,-9.0,-8.33650418189909,-12.142857142857137,-7.333333333333334
WQS1590,2022,-2.835420336420731,-7.760495257540121,-13.285714285714281,-6.333333333333335
WQS1589,2022,-2.835420336420731,-7.760495257540121,-12.285714285714288,-0.6666666666666673
WQS1588,2022,-2.835420336420731,-7.626794848850844,-10.428571428571434,-3.6666666666666656
WQS0640,2022,1.65306837807154,,0.0,-0.6666666666666673
WQS0655,2022,-2.835420336420731,,-4.285714285714283,-3.3333333333333335
WQS0651,2022,-6.407627495623464,,-7.142857142857142,-3.6666666666666656
WQS0639,2022,-2.1689155825443325,,-2.8571428571428594,-0.9999999999999994
WQS0657,2022,4.962772604973117,,0.0,-0.6666666666666673
WQS0656,2022,0.0,,-1.4285714285714233,-5.333333333333332
WQS0650,2022,-2.835420336420731,,-4.285714285714283,-6.333333333333335
WQS0653,2022,-1.2749759216360468,,-12.857142857142861,-9.333333333333334
WQS0652,2022,-9.0,,-5.714285714285719,-6.0
WQS0646,2022,0.0,,-10.000000000000002,-8.333333333333334
WQS0645,2022,-3.5722071592027325,,-8.571428571428566,-4.000000000000001
WQS0642,2022,-4.8471830808387795,,-7.142857142857142,-2.333333333333334
WQS0637,2022,-3.5722071592027325,,-4.285714285714283,-4.000000000000001
WQS0649,2022,-9.0,,-7.142857142857142,-6.666666666666667
WQS0647,2022,-0.23707378794182898,,-1.4285714285714233,-7.333333333333334
WQS0643,2022,-0.7367868227820025,,0.0,7.000000000000001
WQS0644,2022,-0.23707378794182898,,0.0,10.0
WQS0641,2022,-0.23707378794182898,,-11.428571428571425,-9.666666666666668
WQS0638,2022,-1.8580640960350063,-0.13927758713247856,-1.4285714285714233,-3.6666666666666656
WQS0623,2022,9.576833865758807,,0.0,9.333333333333334
WQS0622,2022,10.466030897124169,,7.142857142857142,10.0
WQS1412,2022,-2.4942303771939334,-0.6441964895913976,-2.8571428571428465,-4.666666666666668
WQS1413,2022,-2.4942303771939334,-0.06818756523242914,0.0,-3.3333333333333335
WQS1880,2022,-9.0,-1.9455592537752198,-8.571428571428566,-8.333333333333334
WQS0433,2023,-0.4824676327758857,-4.4903503357452434,-4.285714285714295,-9.333333333333334
WQS0391,2023,-0.4824676327758857,,0.0,-8.666666666666666
WQS0439,2023,-0.4824676327758857,,-2.8571428571428594,-9.333333333333334
WQS0434,2023,-7.68260341725951,-5.217489705822356,2.8571428571428594,-9.666666666666668
WQS0441,2023,-7.68260341725951,-5.072149087016972,-7.142857142857142,-9.333333333333334
WQS0395,2023,-7.68260341725951,-4.0596820301916585,-2.8571428571428594,-8.666666666666666
WQS0438,2023,-4.395864751205414,-4.699418267755216,-1.4285714285714233,-8.666666666666666
WQS0390,2023,-4.395864751205414,-2.559793264804111,-7.142857142857142,-8.333333333333334
WQS0388,2023,-7.68260341725951,-3.6568537589608385,-4.285714285714295,-8.333333333333334
WQS0396,2023,-7.68260341725951,-5.770434297621524,-2.8571428571428465,-11.000000000000004
WQS0393,2023,-7.68260341725951,-5.217489705822356,-4.285714285714295,-10.0
WQS0394,2023,-7.68260341725951,-5.480046750278227,-5.714285714285719,-10.333333333333332
WQS0397,2023,-7.68260341725951,-5.480046750278227,-7.142857142857142,-9.333333333333334
WQS0392,2023,-7.68260341725951,-3.6568537589608385,-7.142857142857142,-11.000000000000004
WQS0389,2023,-7.68260341725951,-6.020888830637697,-4.285714285714295,-12.0
WQS0427,2023,-7.68260341725951,-6.710490364987283,-2.8571428571428465,-11.666666666666668
WQS0435,2023,-6.407627495623464,-5.497911769685009,0.0,-6.0
WQS0430,2023,-7.68260341725951,-5.791713099929066,0.0,-10.666666666666664
WQS0429,2023,-7.68260341725951,-6.020888830637697,-4.285714285714295,-10.333333333333332
WQS0428,2023,-7.68260341725951,-5.217489705822356,-4.285714285714295,-5.666666666666668
WQS0443,2023,3.2867386660540943,-10.38065386283084,4.285714285714295,-9.000000000000002
WQS0440,2023,1.2749759216360452,-10.38065386283084,-4.285714285714295,-8.666666666666666
WQS0442,2023,-0.4824676327758857,-9.595577006461898,-2.8571428571428465,-5.666666666666668
WQS0436,2023,0.8752667339440972,-9.595577006461898,-1.4285714285714233,-9.333333333333334
WQS0431,2023,-7.68260341725951,-4.814661434591535,-4.285714285714283,-9.333333333333334
WQS0437,2023,-7.68260341725951,-4.814661434591535,-5.714285714285719,-8.333333333333334
WQS0432,2023,-2.835420336420731,0.6993984151722024,1.4285714285714233,-7.333333333333334
WQS1435,2023,-7.016098663383111,3.632625662116035,-1.4285714285714233,-2.666666666666666
WQS1430,2023,-6.407627495623464,-6.673777603809475,-4.285714285714295,-5.666666666666668
WQS1440,2023,-6.407627495623464,-5.497911769685009,-2.8571428571428465,-9.000000000000002
WQS1439,2023,-5.8478882811232085,-5.791713099929066,-2.8571428571428465,-9.000000000000002
WQS1441,2023,-6.407627495623464,-4.814661434591535,-2.8571428571428465,-8.000000000000002
WQS1433,2023,-5.8478882811232085,-4.814661434591535,-4.285714285714295,-6.666666666666667
WQS1443,2023,-6.407627495623464,-4.814661434591535,-4.285714285714295,-10.0
WQS1429,2023,-6.407627495623464,-4.137387361300456,-4.285714285714295,-10.333333333333332
WQS1436,2023,-5.329650713614663,-4.4903503357452434,-4.285714285714295,-6.333333333333335
WQS1432,2023,-5.8478882811232085,-4.4903503357452434,-5.714285714285719,-9.666666666666668
WQS1442,2023,-5.8478882811232085,-4.4903503357452434,-4.285714285714295,-5.0
WQS1438,2023,-6.407627495623464,-4.938448678327695,-5.714285714285719,-9.666666666666668
WQS1434,2023,-7.016098663383111,-5.217489705822356,-5.714285714285719,-9.666666666666668
WQS1437,2023,-7.016098663383111,-4.814661434591535,-7.142857142857142,-9.333333333333334
WQS0489,2023,-7.68260341725951,-7.228561803054423,-2.8571428571428465,-13.666666666666666
WQS0531,2023,-7.68260341725951,-6.568245879398169,-1.4285714285714233,-13.999999999999998
WQS0497,2023,-7.68260341725951,-3.284122939699084,-1.4285714285714233,-13.333333333333334
WQS0503,2023,-7.68260341725951,-7.228561803054423,-1.4285714285714233,-13.333333333333334
WQS0493,2023,-7.68260341725951,-4.814661434591535,-1.4285714285714233,-13.333333333333334
WQS0502,2023,-7.68260341725951,-7.228561803054423,-2.8571428571428465,-12.333333333333332
WQS0496,2023,-7.68260341725951,-5.217489705822356,0.0,-13.000000000000002
WQS0482,2023,-7.68260341725951,-7.563754786588654,-1.4285714285714233,-12.66666666666667
WQS0488,2023,-7.68260341725951,-6.673777603809475,-1.4285714285714233,-12.333333333333332
WQS0483,2023,-7.68260341725951,-7.905835876345505,-1.4285714285714233,-12.333333333333332
WQS0498,2023,-7.68260341725951,-4.4903503357452434,-2.8571428571428465,-12.333333333333332
WQS0486,2023,-7.68260341725951,-6.949520775559763,-2.8571428571428465,-11.666666666666668
WQS0484,2023,-7.68260341725951,-3.6568537589608385,-2.8571428571428465,-12.0
WQS0487,2023,-7.68260341725951,-7.626794848850844,0.0,-12.0
WQS0504,2023,-7.68260341725951,-6.949520775559763,-2.8571428571428465,-11.666666666666668
WQS0481,2023,-7.68260341725951,-5.770434297621524,-4.285714285714295,-12.0
WQS0490,2023,-7.68260341725951,-5.667925856192907,-7.142857142857142,-11.000000000000004
WQS0499,2023,-0.4824676327758857,,-2.8571428571428465,-10.333333333333332
WQS0501,2023,-7.68260341725951,-7.626794848850844,-2.8571428571428465,-13.000000000000002
WQS0492,2023,-7.68260341725951,-5.217489705822356,-4.285714285714295,-13.000000000000002
WQS0485,2023,-7.68260341725951,0.9818173273204077,-2.8571428571428465,-6.666666666666667
WQS0505,2023,-7.68260341725951,-6.568245879398169,11.428571428571425,-11.666666666666668
WQS0494,2023,-7.68260341725951,-5.667925856192907,-5.714285714285719,-10.333333333333332
WQS0491,2023,-1.8580640960350063,-10.076110608801514,-2.8571428571428465,-10.666666666666664
WQS0500,2023,-7.68260341725951,0.06551284345684714,-1.4285714285714233,-6.666666666666667
WQS0495,2023,-7.68260341725951,-0.21352818403781276,-2.8571428571428465,-6.999999999999999
WQS1464,2023,3.572207159202731,2.753859013979998,-2.8571428571428465,-6.999999999999999
WQS1458,2023,-7.68260341725951,-3.846153846153846,-2.8571428571428465,-7.333333333333334
WQS1459,2023,-7.68260341725951,-5.376692341046298,-2.8571428571428465,-6.666666666666667
WQS1449,2023,-7.68260341725951,-5.217489705822356,-1.4285714285714233,-6.666666666666667
WQS1452,2023,-7.68260341725951,-4.137387361300456,0.0,-8.000000000000002
WQS1455,2023,-7.68260341725951,-3.1467554309816435,-2.8571428571428465,-8.333333333333334
WQS1467,2023,0.0,-0.6441964895913976,-5.714285714285719,1.3333333333333346
WQS1466,2023,10.772342943686354,-0.13927758713247856,-5.714285714285719,15.666666666666668
WQS1465,2023,13.607763280107086,6.3209718326391835,-10.000000000000002,15.666666666666668
WQS1463,2023,-3.5722071592027325,-1.9455592537752198,-2.8571428571428465,-4.333333333333333
WQS1462,2023,22.509621152924478,10.89426504887014,-8.571428571428566,15.666666666666668
WQS1451,2023,-7.68260341725951,-5.791713099929066,-5.714285714285719,-5.666666666666668
WQS1450,2023,-7.68260341725951,-4.4903503357452434,0.0,-8.666666666666666
WQS1472,2023,-7.68260341725951,-2.1263152640683867,0.0,-6.666666666666667
WQS1469,2023,-6.407627495623464,-2.8276237576556293,-4.285714285714295,-4.666666666666668
WQS1468,2023,-0.4824676327758857,-1.0922948321738482,-4.285714285714295,-5.0
WQS1473,2023,24.862573856569323,11.324933354423727,-10.000000000000002,15.666666666666668
WQS1454,2023,1.2749759216360452,-0.21352818403781276,-8.571428571428566,2.666666666666666
WQS1461,2023,24.52138389734253,8.816369505217217,-5.714285714285719,15.666666666666668
WQS1460,2023,22.87297597062176,8.71083778080591,-2.8571428571428594,15.666666666666668
WQS1453,2023,18.286432014239146,10.312466297598414,-8.571428571428566,15.666666666666668
WQS1456,2023,19.674200816503753,10.89426504887014,-8.571428571428566,15.666666666666668
WQS1470,2023,-2.835420336420731,-1.9455592537752198,-5.714285714285719,0.6666666666666673
WQS1457,2023,-1.560444414784685,-1.37133585966851,-5.714285714285719,0.9999999999999994
WQS0579,2023,-7.68260341725951,,-4.285714285714295,-8.000000000000002
WQS0576,2023,-7.68260341725951,,-4.285714285714295,-8.000000000000002
WQS0577,2023,-5.8478882811232085,,1.4285714285714233,-4.333333333333333
WQS0422,2023,-7.68260341725951,-6.020888830637697,-1.4285714285714233,-12.333333333333332
WQS0472,2023,-7.68260341725951,-8.065038511569448,-4.285714285714295,-10.333333333333332
WQS0420,2023,-7.68260341725951,-7.563754786588654,-4.285714285714295,-11.666666666666668
WQS0473,2023,-7.68260341725951,-6.90723083593875,-2.8571428571428465,-13.000000000000002
WQS0421,2023,-7.68260341725951,-5.791713099929066,-5.714285714285719,-10.0
WQS0475,2023,-7.68260341725951,-6.90723083593875,-1.4285714285714233,-12.66666666666667
WQS0474,2023,-7.68260341725951,-5.217489705822356,-2.8571428571428465,-11.000000000000004
WQS0578,2023,0.0,15.316427819382957,2.8571428571428465,-12.333333333333332
WQS1446,2023,-5.8478882811232085,4.0354539333468535,-1.4285714285714233,-13.333333333333334
WQS1447,2023,-7.016098663383111,-6.90723083593875,-4.285714285714295,-10.333333333333332
WQS0419,2023,-7.68260341725951,-4.4903503357452434,0.0,-6.666666666666667
WQS0476,2023,-7.68260341725951,-5.217489705822356,-7.142857142857142,-8.000000000000002
WQS0418,2023,-7.68260341725951,-6.637854425908923,-2.8571428571428465,-7.333333333333334
WQS0417,2023,-7.68260341725951,-5.480046750278227,-4.285714285714283,-6.999999999999999
WQS0523,2023,6.122159002474825,-1.6698160820249321,-4.285714285714295,-2.666666666666666
WQS0479,2023,4.847183080838778,-1.6698160820249321,-5.714285714285719,-1.6666666666666667
WQS0524,2023,1.8347151361362997,-2.559793264804111,-5.714285714285719,5.333333333333334
WQS0480,2023,1.65306837807154,-6.673777603809475,-4.285714285714295,-3.3333333333333335
WQS0425,2023,14.541549242516338,,-5.714285714285719,3.3333333333333335
WQS0478,2023,11.706128906095605,,-4.285714285714295,6.666666666666667
WQS0477,2023,4.364715448062894,-2.559793264804111,-2.8571428571428465,-0.6666666666666673
WQS1448,2023,18.937413993721748,8.816369505217217,-5.714285714285719,-3.3333333333333335
WQS1444,2023,-6.407627495623464,-2.8276237576556293,-2.8571428571428465,-5.0
WQS0525,2023,-7.68260341725951,-8.660815280745382,-2.8571428571428594,-12.333333333333332
WQS0527,2023,-2.835420336420731,,-2.8571428571428465,-10.0
WQS0398,2023,-7.68260341725951,-6.90723083593875,-4.285714285714295,-12.0
WQS0415,2023,-7.68260341725951,-6.710490364987283,0.0,-11.666666666666668
WQS0526,2023,-7.68260341725951,-5.9724691102222325,-1.4285714285714233,-13.999999999999998
WQS0385,2023,-7.68260341725951,-6.949520775559763,-1.4285714285714233,-14.333333333333336
WQS0424,2023,-7.68260341725951,-8.065038511569448,-1.4285714285714233,-8.666666666666666
WQS0383,2023,-7.68260341725951,-5.497911769685009,-4.285714285714295,-13.333333333333334
WQS0542,2023,-0.7367868227820025,,4.285714285714295,8.0
WQS0543,2023,0.0,,0.0,8.666666666666668
WQS0545,2023,-1.8580640960350063,,-7.142857142857142,0.9999999999999994
WQS0544,2023,1.4665771397347491,,-4.285714285714295,6.333333333333333
WQS0591,2023,-7.68260341725951,,-1.4285714285714233,-5.666666666666668
WQS0550,2023,-7.016098663383111,,-8.571428571428566,-7.333333333333334
WQS0546,2023,-7.016098663383111,,-10.000000000000002,-7.333333333333334
WQS0547,2023,-7.016098663383111,,-10.000000000000002,-7.666666666666666
WQS0548,2023,-4.395864751205414,,-8.571428571428566,-6.0
WQS0556,2023,2.678267498294446,,-4.285714285714295,6.333333333333333
WQS0555,2023,-7.68260341725951,,1.4285714285714233,-4.666666666666668
WQS0554,2023,-5.8478882811232085,,2.8571428571428465,0.0
WQS0552,2023,-3.1941147027672385,,-2.8571428571428465,-2.666666666666666
WQS0553,2023,-2.835420336420731,,0.0,-1.999999999999999
WQS0594,2023,-7.68260341725951,,-12.857142857142861,-8.000000000000002
WQS0561,2023,1.65306837807154,,-4.285714285714295,-2.666666666666666
WQS0559,2023,4.729650784920029,,-7.142857142857142,1.3333333333333346
WQS0558,2023,6.681898216975081,,-5.714285714285719,3.0000000000000013
WQS0567,2023,2.352952703644846,,-8.571428571428566,-3.3333333333333335
WQS0565,2023,2.678267498294446,,-7.142857142857142,-3.0000000000000013
WQS0560,2023,0.4513183296333642,,-5.714285714285719,-3.3333333333333335
WQS0563,2023,2.352952703644846,,-5.714285714285719,-3.0000000000000013
WQS0566,2023,0.4513183296333642,,-4.285714285714295,-3.3333333333333335
WQS0562,2023,1.65306837807154,,-8.571428571428566,-0.9999999999999994
WQS0564,2023,16.553311986934386,,-7.142857142857142,-1.6666666666666667
WQS0590,2023,-7.68260341725951,,-4.285714285714295,-7.333333333333334
WQS0586,2023,-7.68260341725951,,0.0,-6.0
WQS0589,2023,1.2749759216360452,,-1.4285714285714233,0.6666666666666673
WQS0592,2023,2.0117627444180477,,5.714285714285719,6.666666666666667
WQS0595,2023,7.68260341725951,,7.142857142857142,6.666666666666667
WQS0588,2023,-7.68260341725951,,0.0,-5.0
WQS0585,2023,8.060695873695005,,5.714285714285719,9.000000000000002
WQS0587,2023,3.430929485653645,,-4.285714285714295,7.000000000000001
WQS0551,2023,8.892527641956299,,-8.571428571428566,13.0
WQS0507,2023,-0.4824676327758857,-10.076110608801514,-7.142857142857142,-5.333333333333332
WQS0506,2023,-0.7367868227820025,-10.076110608801514,-10.000000000000002,-5.0
WQS0508,2023,-0.4824676327758857,-10.753384682092596,-2.8571428571428594,-1.6666666666666667
WQS0535,2023,-1.0007052002844297,-10.753384682092596,-8.571428571428566,-6.0
WQS0534,2023,-1.0007052002844297,-10.076110608801514,-4.285714285714295,-4.666666666666668
WQS0510,2023,-1.2749759216360468,-9.595577006461898,-10.000000000000002,-3.0000000000000013
WQS0536,2023,-0.4824676327758857,-10.753384682092596,-7.142857142857142,-4.666666666666668
WQS1471,2023,16.101993657301023,6.600012860133844,0.0,3.666666666666667
WQS0509,2023,2.0117627444180477,-10.076110608801514,-4.285714285714295,-3.6666666666666656
WQS0593,2023,-7.68260341725951,,2.8571428571428465,-7.666666666666666
WQS1445,2023,0.0,-0.9685075884376897,-4.285714285714283,3.3333333333333335
WQS0570,2023,-2.835420336420731,,0.0,-6.999999999999999
WQS0569,2023,-0.7367868227820025,,5.714285714285719,-6.0
WQS0568,2023,-1.0007052002844297,,-1.4285714285714233,-7.333333333333334
WQS0572,2023,-0.7367868227820025,,-1.4285714285714233,-6.999999999999999
WQS0574,2023,-0.23707378794182898,,-1.4285714285714233,-7.666666666666666
WQS0571,2023,0.4513183296333642,,4.285714285714295,-6.666666666666667
WQS0573,2023,1.2749759216360452,,4.285714285714295,-6.0
WQS0583,2023,-3.1941147027672385,,-1.4285714285714233,-9.000000000000002
WQS0582,2023,-3.5722071592027325,,-1.4285714285714233,-7.666666666666666
WQS0584,2023,-2.835420336420731,,-2.8571428571428465,-7.333333333333334
WQS0580,2023,-1.0007052002844297,,-4.285714285714295,-8.000000000000002
WQS0581,2023,-1.0007052002844297,,-4.285714285714295,-8.333333333333334
WQS0412,2023,-7.68260341725951,-8.065038511569448,-1.4285714285714233,-10.666666666666664
WQS0411,2023,-7.68260341725951,-8.065038511569448,0.0,-10.666666666666664
WQS0414,2023,-7.68260341725951,-6.710490364987283,-7.142857142857142,-12.0
WQS0413,2023,-7.68260341725951,-6.710490364987283,-4.285714285714295,-11.333333333333336
WQS0511,2023,-7.68260341725951,-5.770434297621524,-7.142857142857142,-9.333333333333334
WQS0423,2023,-7.68260341725951,-4.0596820301916585,-2.8571428571428465,-7.333333333333334
WQS0402,2023,0.0,-10.076110608801514,-2.8571428571428465,-6.333333333333335
WQS0382,2023,-7.68260341725951,-6.90723083593875,-5.714285714285719,-12.66666666666667
WQS0381,2023,-7.68260341725951,-5.791713099929066,-2.8571428571428465,-12.66666666666667
WQS0400,2023,-7.68260341725951,-8.065038511569448,-4.285714285714295,-13.666666666666666
WQS0403,2023,-7.68260341725951,-9.818622956376078,1.4285714285714233,-12.66666666666667
WQS0386,2023,-7.68260341725951,-8.065038511569448,-1.4285714285714233,-13.333333333333334
WQS0416,2023,-7.68260341725951,-8.065038511569448,-7.142857142857142,-13.000000000000002
WQS0471,2023,4.1103962580567766,-4.0596820301916585,-7.142857142857142,-2.666666666666666
WQS0399,2023,-7.68260341725951,-6.710490364987283,-7.142857142857142,-12.66666666666667
WQS0557,2023,3.572207159202731,,-5.714285714285719,0.9999999999999994
WQS0513,2023,-7.68260341725951,-5.770434297621524,-5.714285714285719,-11.666666666666668
WQS0528,2023,-0.4824676327758857,-1.6698160820249321,-4.285714285714295,-6.666666666666667
WQS0521,2023,-7.68260341725951,-5.770434297621524,-4.285714285714295,-10.666666666666664
WQS0444,2023,-7.68260341725951,-6.949520775559763,-5.714285714285719,-8.333333333333334
WQS0446,2023,-7.68260341725951,-6.949520775559763,-5.714285714285719,-8.666666666666666
WQS0447,2023,-7.68260341725951,-6.637854425908923,-4.285714285714295,-8.666666666666666
WQS1797,2023,-7.68260341725951,-11.911192357723293,-1.4285714285714233,-20.0
WQS1813,2023,-7.68260341725951,-11.911192357723293,-7.142857142857142,-21.333333333333336
WQS1795,2023,-7.68260341725951,-11.911192357723293,-11.428571428571425,-20.666666666666664
WQS1781,2023,-7.68260341725951,-11.911192357723293,-2.8571428571428465,-16.666666666666668
WQS1814,2023,-7.68260341725951,-11.911192357723293,-10.000000000000002,-16.000000000000004
WQS1779,2023,-7.68260341725951,-11.911192357723293,-4.285714285714295,-17.333333333333332
WQS1782,2023,-7.68260341725951,-11.911192357723293,-2.8571428571428465,-16.666666666666668
WQS1783,2023,-7.68260341725951,-11.911192357723293,-5.714285714285719,-16.000000000000004
WQS1780,2023,-7.68260341725951,-11.911192357723293,-4.285714285714295,-16.666666666666668
WQS1802,2023,-7.68260341725951,-6.602687581909424,-1.4285714285714233,-13.333333333333334
WQS1788,2023,-7.68260341725951,-6.786429050355581,-2.8571428571428465,-15.333333333333332
WQS1806,2023,-3.9719163468946816,-5.667925856192907,-4.285714285714295,-10.666666666666664
WQS1804,2023,-6.407627495623464,-6.786429050355581,0.0,-13.999999999999998
WQS1799,2023,-3.9719163468946816,-6.148459458532522,0.0,-10.666666666666664
WQS1800,2023,-2.835420336420731,-5.770434297621524,-2.8571428571428465,-10.0
WQS1807,2023,-1.0007052002844297,-5.480046750278227,-2.8571428571428465,-8.666666666666666
WQS1803,2023,-1.0007052002844297,-5.480046750278227,0.0,-6.999999999999999
WQS1805,2023,-1.560444414784685,-5.480046750278227,-1.4285714285714233,-8.666666666666666
WQS1821,2023,-1.560444414784685,-5.480046750278227,-2.8571428571428465,-8.000000000000002
WQS1801,2023,-0.7367868227820025,8.816369505217217,-7.142857142857142,-6.666666666666667
WQS1701,2023,-2.835420336420731,6.040549768776528,-5.714285714285719,-7.333333333333334
WQS1707,2023,-4.395864751205414,-1.9242804514676772,-7.142857142857142,-12.0
WQS1714,2023,-4.395864751205414,-1.9242804514676772,-8.571428571428566,-11.333333333333336
WQS1705,2023,-1.0007052002844297,-1.6698160820249321,-7.142857142857142,-11.666666666666668
WQS1664,2023,-0.23707378794182898,-1.0922948321738482,-11.428571428571425,-10.666666666666664
WQS1676,2023,-0.7367868227820025,-1.6698160820249321,-8.571428571428566,-6.999999999999999
WQS1674,2023,-1.0007052002844297,-1.37133585966851,-8.571428571428566,-7.333333333333334
WQS1672,2023,-0.4824676327758857,-1.6517579235311624,-7.142857142857142,-7.666666666666666
WQS1665,2023,-4.395864751205414,-2.756533735755578,-11.428571428571425,-11.333333333333336
WQS1706,2023,1.4665771397347491,0.06551284345684714,0.0,-5.0
WQS1669,2023,1.8347151361362997,0.12855290571903796,1.4285714285714233,-3.6666666666666656
WQS1668,2023,5.188373040065574,0.5136111860392978,0.0,-4.333333333333333
WQS1716,2023,0.6665047538763971,0.12855290571903796,0.0,-5.333333333333332
WQS1662,2023,9.45729237373573,0.12855290571903796,0.0,-4.000000000000001
WQS1698,2023,2.5175016365832654,1.1240618129095243,0.0,-3.6666666666666656
WQS1671,2023,2.678267498294446,0.3593141737009044,2.8571428571428465,-3.6666666666666656
WQS1703,2023,2.9891189848037722,0.5136111860392978,5.714285714285719,-3.3333333333333335
WQS1699,2023,10.360870915553955,1.018530088498217,4.285714285714295,-3.0000000000000013
WQS1700,2023,3.430929485653645,1.9218733946861688,0.0,-3.3333333333333335
WQS1670,2023,11.160943301412305,3.2019573565624486,1.4285714285714233,-1.999999999999999
WQS1713,2023,1.65306837807154,0.9058786419521121,-1.4285714285714233,-3.6666666666666656
WQS1696,2023,-0.7367868227820025,-2.1747349844838513,-2.8571428571428465,-8.333333333333334
WQS1663,2023,1.8347151361362997,-0.06818756523242914,-7.142857142857142,6.666666666666667
WQS1667,2023,1.65306837807154,-0.13927758713247856,-7.142857142857142,15.666666666666668
WQS1666,2023,-0.23707378794182898,-2.1747349844838513,-1.4285714285714233,-6.333333333333335
WQS1704,2023,0.4513183296333642,-0.21352818403781276,-8.571428571428566,-9.333333333333334
WQS1660,2023,-0.23707378794182898,-1.6698160820249321,-1.4285714285714233,-7.333333333333334
WQS1661,2023,0.0,-1.6517579235311624,-1.4285714285714233,-6.999999999999999
WQS1712,2023,-0.23707378794182898,-1.9455592537752198,-5.714285714285719,-8.333333333333334
WQS1697,2023,0.0,-1.6698160820249321,-1.4285714285714233,-7.333333333333334
WQS1677,2023,-0.23707378794182898,-1.0922948321738482,-1.4285714285714233,-7.666666666666666
WQS1675,2023,2.83542033642073,2.8776462577161563,-7.142857142857142,-5.333333333333332
WQS1702,2023,1.65306837807154,2.4748179864853377,-4.285714285714295,-6.666666666666667
WQS1711,2023,-0.4824676327758857,-1.37133585966851,-1.4285714285714233,-7.333333333333334
WQS1710,2023,2.83542033642073,3.2019573565624486,-5.714285714285719,-5.666666666666668
WQS1715,2023,2.352952703644846,2.4748179864853377,-7.142857142857142,-6.666666666666667
WQS1695,2023,1.65306837807154,2.4748179864853377,-4.285714285714295,-6.666666666666667
WQS1717,2023,1.2749759216360452,1.7198385820854594,-4.285714285714295,-8.000000000000002
WQS1709,2023,3.1395120283070157,3.2019573565624486,-7.142857142857142,-5.0
WQS0228,2023,-1.2749759216360468,6.022491610282762,-4.285714285714295,-6.333333333333335
WQS0179,2023,-2.4942303771939334,5.13251442750358,-2.8571428571428465,-6.666666666666667
WQS0180,2023,-1.0007052002844297,6.022491610282762,-1.4285714285714233,-5.666666666666668
WQS0181,2023,-1.0007052002844297,5.13251442750358,-4.285714285714295,-5.0
WQS0209,2023,-1.2749759216360468,4.408184752608609,-2.8571428571428465,-7.666666666666666
WQS0188,2023,-0.4824676327758857,6.022491610282762,-1.4285714285714233,-5.333333333333332
WQS0221,2023,-1.0007052002844297,6.022491610282762,-7.142857142857142,-6.333333333333335
WQS0232,2023,-2.1689155825443325,5.13251442750358,-1.4285714285714233,-6.0
WQS0217,2023,-2.1689155825443325,6.022491610282762,-1.4285714285714233,-6.333333333333335
WQS0218,2023,-1.2749759216360468,6.022491610282762,-2.8571428571428465,-3.6666666666666656
WQS0219,2023,-1.2749759216360468,6.022491610282762,-1.4285714285714233,-4.333333333333333
WQS0224,2023,-1.0007052002844297,6.022491610282762,-1.7142857142857029,-3.6666666666666656
WQS0183,2023,-0.23707378794182898,6.022491610282762,-2.8571428571428465,-5.0
WQS0192,2023,-1.8580640960350063,5.13251442750358,-1.4285714285714233,-4.333333333333333
WQS0225,2023,-1.0007052002844297,4.408184752608609,-1.4285714285714233,-3.6666666666666656
WQS0220,2023,-1.2749759216360468,6.022491610282762,-2.8571428571428465,-3.3333333333333335
WQS0210,2023,-1.8580640960350063,5.13251442750358,-4.285714285714295,-7.333333333333334
WQS0191,2023,-1.2749759216360468,6.022491610282762,-4.285714285714295,-7.333333333333334
WQS0233,2023,-0.7367868227820025,6.022491610282762,-4.285714285714295,-7.666666666666666
WQS0231,2023,-2.1689155825443325,3.2019573565624486,-5.714285714285719,-6.666666666666667
WQS0223,2023,-0.4824676327758857,6.022491610282762,-1.4285714285714233,-7.333333333333334
WQS0184,2023,-0.4824676327758857,6.022491610282762,-2.8571428571428465,-6.666666666666667
WQS0211,2023,-1.0007052002844297,6.022491610282762,-2.8571428571428465,-6.333333333333335
WQS0190,2023,0.0,6.022491610282762,-2.8571428571428465,-5.666666666666668
WQS0185,2023,-0.7367868227820025,6.022491610282762,-2.8571428571428465,-5.333333333333332
WQS0226,2023,-1.2749759216360468,6.022491610282762,-2.8571428571428465,-5.666666666666668
WQS0187,2023,-1.560444414784685,6.022491610282762,-2.8571428571428465,-4.333333333333333
WQS0213,2023,-2.4942303771939334,6.022491610282762,-4.285714285714295,-4.666666666666668
WQS0178,2023,-0.23707378794182898,5.13251442750358,-2.8571428571428465,-4.333333333333333
WQS0229,2023,-0.7367868227820025,5.13251442750358,-5.714285714285719,-1.6666666666666667
WQS0214,2023,4.23871191307913,6.022491610282762,-4.285714285714295,-3.0000000000000013
WQS0182,2023,-1.0007052002844297,6.022491610282762,-2.8571428571428465,-5.0
WQS0230,2023,-1.2749759216360468,6.022491610282762,-2.8571428571428465,-5.666666666666668
WQS0222,2023,4.610109292896951,2.753859013979998,0.0,-9.666666666666668
WQS0620,2023,-5.8478882811232085,,-10.000000000000002,-6.666666666666667
WQS0619,2023,-5.329650713614663,,-11.428571428571425,-6.999999999999999
WQS0600,2023,-5.329650713614663,,-11.428571428571425,-5.666666666666668
WQS0618,2023,-5.8478882811232085,,-10.000000000000002,-6.333333333333335
WQS1859,2023,-0.23707378794182898,-0.6441964895913976,7.142857142857142,-1.6666666666666667
WQS1856,2023,-0.23707378794182898,3.2019573565624486,2.8571428571428465,-4.666666666666668
WQS1854,2023,-0.4824676327758857,3.7779662809214187,7.142857142857142,-3.0000000000000013
WQS1855,2023,-0.23707378794182898,0.5620309064547622,-1.4285714285714233,-3.3333333333333335
WQS1875,2023,-0.23707378794182898,0.5620309064547622,1.4285714285714233,-1.3333333333333346
WQS1886,2023,0.0,1.286360581349735,0.0,-0.33333333333333215
WQS1829,2023,-0.23707378794182898,4.970215659063371,-1.4285714285714233,-0.6666666666666673
WQS1862,2023,-0.23707378794182898,4.970215659063371,2.8571428571428465,-0.33333333333333215
WQS1864,2023,-0.23707378794182898,5.13251442750358,-1.4285714285714233,-0.9999999999999994
WQS1857,2023,0.6665047538763971,5.870535682268633,-5.714285714285719,0.0
WQS1861,2023,1.2749759216360452,5.768027240840016,-4.285714285714283,0.0
WQS1860,2023,1.8347151361362997,6.058414788183311,-5.714285714285719,0.0
WQS1865,2023,0.22929946030063506,4.359765032193145,-4.285714285714283,0.0
WQS1858,2023,0.4513183296333642,1.9005945923786263,-4.285714285714283,-0.6666666666666673
WQS1863,2023,-1.0007052002844297,1.9218733946861688,0.0,-1.3333333333333346
WQS1825,2023,-7.68260341725951,-11.911192357723293,-10.000000000000002,-20.666666666666664
WQS1822,2023,-7.68260341725951,-11.911192357723293,-12.857142857142861,-19.333333333333336
WQS1824,2023,-7.68260341725951,-11.911192357723293,-1.4285714285714233,-14.666666666666668
WQS1819,2023,7.68260341725951,0.7850768563689423,-1.4285714285714233,-14.666666666666668
WQS1823,2023,-7.68260341725951,-5.667925856192907,-5.714285714285719,-13.999999999999998
WQS0514,2023,7.68260341725951,1.9005945923786263,-1.4285714285714233,-13.333333333333334
WQS0517,2023,-1.2749759216360468,-5.480046750278227,-1.4285714285714233,-4.333333333333333
WQS0515,2023,1.2749759216360452,-4.0596820301916585,-2.8571428571428465,-4.333333333333333
WQS0518,2023,-0.23707378794182898,-3.914341411386275,-2.8571428571428465,-4.666666666666668
WQS0516,2023,1.0779767820087993,-3.284122939699084,-1.4285714285714233,-4.666666666666668
WQS0364,2023,11.25481057646224,1.1240618129095243,-1.4285714285714233,-9.666666666666668
WQS0366,2023,4.847183080838778,-1.0922948321738482,-2.8571428571428465,-8.666666666666666
WQS0367,2023,2.352952703644846,-4.218884665415601,-4.285714285714295,-6.0
WQS0368,2023,5.0764825411394146,-3.0610769897849037,-4.285714285714295,-3.3333333333333335
WQS0370,2023,16.101993657301023,-0.8532644216013697,-5.714285714285719,-0.6666666666666673
WQS0373,2023,4.847183080838778,1.1240618129095243,1.4285714285714233,-6.0
WQS0369,2023,5.722449814782877,-2.3838029164938233,-5.714285714285719,4.000000000000001
WQS0375,2023,6.858945825256826,-0.13927758713247856,2.8571428571428465,-4.333333333333333
WQS0374,2023,5.0764825411394146,-1.5305384948924519,5.714285714285719,-3.3333333333333335
WQS0372,2023,5.722449814782877,-1.37133585966851,14.285714285714285,-0.6666666666666673
WQS0309,2023,11.706128906095605,11.603974381918388,-4.285714285714295,-4.000000000000001
WQS0310,2023,0.0,-2.499046083330143,-8.571428571428566,-4.333333333333333
WQS0311,2023,8.278112566492425,1.3170103108546392,-10.000000000000002,3.3333333333333335
WQS0305,2023,19.091112642104793,6.16176919741524,-8.571428571428566,15.666666666666668
WQS0306,2023,17.755062035372557,5.809788500794661,-10.000000000000002,15.666666666666668
WQS0312,2023,19.388732323355118,4.205468019854752,-8.571428571428566,15.666666666666668
WQS0313,2023,19.674200816503753,8.391706107479894,-7.142857142857142,15.666666666666668
WQS0307,2023,20.466709105363915,8.74676095870646,-4.285714285714283,15.666666666666668
WQS1770,2023,24.08868876644681,14.416107796177695,-11.428571428571425,15.666666666666668
WQS0365,2023,17.376969578937064,8.816369505217217,2.8571428571428465,15.666666666666668
WQS0371,2023,20.34070557038015,10.89426504887014,-4.285714285714295,15.666666666666668
WQS1763,2023,11.529081297813857,4.970215659063371,-5.714285714285719,2.666666666666666
WQS1774,2023,9.45729237373573,4.309899735407114,-4.285714285714295,3.3333333333333335
WQS1776,2023,9.809955685811897,4.309899735407114,-4.285714285714295,1.3333333333333346
WQS1778,2023,10.360870915553955,4.309899735407114,-4.285714285714295,2.666666666666666
WQS1775,2023,10.772342943686354,4.545552261326049,-4.285714285714295,3.3333333333333335
WQS1768,2023,10.969342083313602,1.7198385820854594,-10.000000000000002,-6.666666666666667
WQS1759,2023,11.529081297813857,3.2019573565624486,-2.8571428571428594,-5.333333333333332
WQS1771,2023,8.133921746892874,3.2019573565624486,-10.000000000000002,-3.3333333333333335
WQS1761,2023,13.933078074756688,4.8646839346520645,-8.571428571428566,-0.33333333333333215
WQS1764,2023,12.833878189984574,4.631230702522789,-10.000000000000002,0.33333333333333215
WQS1772,2023,12.529786498098286,4.752032488105956,-7.142857142857142,-0.6666666666666673
WQS1773,2023,11.706128906095605,3.9747067518728825,-10.000000000000002,-4.000000000000001
WQS1760,2023,11.573765200602466,5.768027240840016,4.285714285714295,-4.000000000000001
WQS1758,2023,6.945816594477507,4.309899735407114,5.714285714285719,-6.999999999999999
WQS1762,2023,3.846477880554349,3.7068762590213673,-10.000000000000002,0.33333333333333215
WQS1769,2023,-0.7367868227820025,-2.1747349844838513,-2.8571428571428465,-6.0
WQS0512,2023,-7.68260341725951,-8.065038511569448,-8.571428571428566,-9.666666666666668
WQS1818,2023,10.254105376177812,1.9218733946861688,0.0,-14.666666666666668
WQS0456,2023,-2.4942303771939334,-5.217489705822356,-1.4285714285714233,-9.333333333333334
WQS0452,2023,-2.1689155825443325,-4.938448678327695,-1.4285714285714233,-9.000000000000002
WQS0404,2023,-7.68260341725951,-9.595577006461898,-1.4285714285714233,-5.666666666666668
WQS0448,2023,-7.68260341725951,-9.0636435519762,-2.8571428571428465,-8.666666666666666
WQS0405,2023,-1.0007052002844297,-5.9724691102222325,-4.285714285714295,-5.0
WQS0406,2023,0.4513183296333642,-4.938448678327695,-2.8571428571428465,-5.0
WQS0458,2023,-7.68260341725951,-5.217489705822356,-5.714285714285719,-7.333333333333334
WQS0453,2023,-7.68260341725951,-5.9724691102222325,-5.714285714285719,-7.333333333333334
WQS0451,2023,-0.4824676327758857,-5.9724691102222325,-4.285714285714295,-4.666666666666668
WQS0457,2023,-7.68260341725951,-7.626794848850844,-5.714285714285719,-8.000000000000002
WQS0459,2023,-1.8580640960350063,-5.9724691102222325,-2.8571428571428465,-8.666666666666666
WQS0455,2023,-1.2749759216360468,-5.480046750278227,-1.4285714285714233,-8.666666666666666
WQS0454,2023,-1.0007052002844297,-4.814661434591535,-1.4285714285714233,-6.999999999999999
WQS0449,2023,-7.68260341725951,-4.0596820301916585,-7.142857142857142,-7.666666666666666
WQS0450,2023,-6.407627495623464,-7.692307692307692,-2.8571428571428465,-5.666666666666668
WQS0467,2023,-7.68260341725951,-8.33650418189909,-7.142857142857142,-10.0
WQS0468,2023,-7.68260341725951,-7.563754786588654,-2.8571428571428465,-9.666666666666668
WQS0469,2023,-7.68260341725951,-6.637854425908923,-1.4285714285714233,-9.000000000000002
WQS0470,2023,-7.68260341725951,-4.0596820301916585,-4.285714285714295,-7.333333333333334
WQS0466,2023,-7.68260341725951,-7.9835412074543,-8.571428571428566,-4.000000000000001
WQS0377,2023,-5.329650713614663,-7.9835412074543,0.0,-5.666666666666668
WQS0387,2023,-1.0007052002844297,-5.9724691102222325,-4.285714285714295,-4.333333333333333
WQS0426,2023,-1.0007052002844297,-4.938448678327695,-2.8571428571428465,-4.666666666666668
WQS0537,2023,0.22929946030063506,-5.217489705822356,14.285714285714285,-6.666666666666667
WQS0378,2023,5.722449814782877,-2.559793264804111,-4.285714285714283,-6.333333333333335
WQS0379,2023,-7.68260341725951,-9.398836535510434,-4.285714285714295,-5.666666666666668
WQS0380,2023,-7.68260341725951,-9.0636435519762,-5.714285714285719,-4.000000000000001
WQS0522,2023,-3.5722071592027325,-7.228561803054423,-2.8571428571428465,-6.0
WQS1796,2023,0.22929946030063506,9.614181086993863,-10.000000000000002,15.333333333333332
WQS1691,2023,-1.0007052002844297,8.15605358156096,-11.428571428571425,0.0
WQS1739,2023,18.780261155595465,,-10.000000000000002,12.0
WQS1742,2023,13.266573320880289,7.757820535764541,0.0,12.666666666666666
WQS1741,2023,13.266573320880289,8.205918878346992,-4.285714285714283,9.666666666666666
WQS1738,2023,14.541549242516338,8.254338598762454,4.285714285714283,13.0
WQS1737,2023,21.178476198440432,6.723800103870002,-10.000000000000002,15.666666666666668
WQS1736,2023,20.466709105363915,6.466312451444567,-11.428571428571425,15.666666666666668
WQS1735,2023,21.824443472083896,7.048111202716294,-10.000000000000002,15.666666666666668
WQS1746,2023,21.824443472083896,7.048111202716294,-10.000000000000002,15.666666666666668
WQS1745,2023,19.388732323355118,,-2.8571428571428594,
WQS1684,2023,19.388732323355118,8.205918878346992,1.4285714285714233,15.666666666666668
WQS1744,2023,13.933078074756688,12.052072724500837,-4.285714285714295,12.0
WQS1743,2023,15.365206834519016,11.667014444180575,-7.142857142857142,13.0
WQS1750,2023,11.706128906095605,,-10.000000000000002,7.000000000000001
WQS1748,2023,18.11375640171907,,-7.142857142857142,15.666666666666668
WQS0857,2023,-2.1689155825443325,-11.911192357723293,-7.142857142857142,-4.666666666666668
WQS1692,2023,0.22929946030063506,2.1943959226226837,-8.571428571428566,-1.3333333333333346
WQS1693,2023,-4.8471830808387795,0.9818173273204077,5.714285714285719,-8.000000000000002
WQS0824,2023,1.2749759216360452,7.048111202716294,4.285714285714295,-10.333333333333332
WQS0831,2023,-0.23707378794182898,-5.480046750278227,-2.8571428571428465,-5.0
WQS0827,2023,-3.5722071592027325,-11.911192357723293,-2.8571428571428465,-6.999999999999999
WQS0825,2023,-3.1941147027672385,-11.911192357723293,-2.8571428571428465,-7.333333333333334
WQS0826,2023,3.1395120283070157,-5.217489705822356,1.4285714285714233,2.666666666666666
WQS0829,2023,-0.7367868227820025,-6.99290927713549,-4.285714285714295,-7.666666666666666
WQS0830,2023,-1.8580640960350063,-6.786429050355581,-2.8571428571428465,-7.333333333333334
WQS0784,2023,8.693660961393128,-5.072149087016972,-4.285714285714295,3.666666666666667
WQS0785,2023,2.83542033642073,-5.667925856192907,0.0,-1.999999999999999
WQS0828,2023,-2.4942303771939334,-11.911192357723293,-8.571428571428566,-7.333333333333334
WQS1494,2023,-1.2749759216360468,-4.4903503357452434,4.285714285714295,0.9999999999999994
WQS1495,2023,-1.560444414784685,-4.4903503357452434,5.714285714285719,1.999999999999999
WQS0790,2023,-2.835420336420731,-10.753384682092596,-8.571428571428566,-6.666666666666667
WQS0855,2023,-4.8471830808387795,-11.911192357723293,-10.000000000000002,-6.0
WQS0856,2023,-3.5722071592027325,-11.911192357723293,-4.285714285714295,-6.0
WQS0911,2023,-2.835420336420731,-11.911192357723293,-7.142857142857142,-4.666666666666668
WQS0816,2023,-1.8580640960350063,-5.480046750278227,-1.4285714285714233,-3.0000000000000013
WQS0822,2023,-3.1941147027672385,-11.911192357723293,-2.8571428571428465,-3.6666666666666656
WQS0851,2023,-2.1689155825443325,-7.905835876345505,2.8571428571428465,-2.666666666666666
WQS0861,2023,9.694366161677557,,-4.285714285714295,-2.333333333333334
WQS0871,2023,-2.4942303771939334,-11.911192357723293,-7.142857142857142,5.333333333333334
WQS0840,2023,-3.5722071592027325,-11.23391828443221,-8.571428571428566,-6.666666666666667
WQS1487,2023,0.0,-4.4903503357452434,-5.714285714285719,3.3333333333333335
WQS1484,2023,-5.8478882811232085,-6.568245879398169,0.0,-0.9999999999999994
WQS1486,2023,-0.4824676327758857,-3.284122939699084,5.714285714285719,3.0000000000000013
WQS1482,2023,-0.4824676327758857,-3.284122939699084,2.8571428571428465,3.0000000000000013
WQS1483,2023,1.65306837807154,-3.284122939699084,5.714285714285719,5.666666666666668
WQS1488,2023,0.22929946030063506,-4.814661434591535,0.0,0.9999999999999994
WQS1694,2023,5.406922295339032,4.309899735407114,-7.142857142857142,-8.000000000000002
WQS0834,2023,-1.0007052002844297,-8.545572113909062,-4.285714285714295,-8.000000000000002
WQS0835,2023,-2.835420336420731,-11.911192357723293,-8.571428571428566,-8.000000000000002
WQS0789,2023,0.8752667339440972,-7.692307692307692,0.0,-6.666666666666667
WQS0839,2023,-2.835420336420731,-10.753384682092596,-5.714285714285719,-6.333333333333335
WQS0838,2023,15.619526024525136,,,15.666666666666668
WQS0833,2023,-1.8580640960350063,-10.076110608801514,-8.571428571428566,-6.666666666666667
WQS0837,2023,-7.016098663383111,-11.911192357723293,-8.571428571428566,-6.333333333333335
WQS0836,2023,-3.1941147027672385,-10.076110608801514,-10.000000000000002,-6.666666666666667
WQS0832,2023,-2.835420336420731,-10.753384682092596,-8.571428571428566,-7.333333333333334
WQS1504,2023,-2.835420336420731,-4.699418267755216,5.714285714285719,0.9999999999999994
WQS0819,2023,-2.4942303771939334,-10.076110608801514,-8.571428571428566,-6.666666666666667
WQS0817,2023,2.9891189848037722,-5.217489705822356,-5.714285714285719,-2.666666666666666
WQS0818,2023,-3.1941147027672385,-10.076110608801514,-10.000000000000002,-6.666666666666667
WQS0858,2023,17.376969578937064,1.286360581349735,-5.714285714285719,15.666666666666668
WQS0859,2023,17.755062035372557,1.54384823377517,-4.285714285714295,15.666666666666668
WQS0860,2023,6.858945825256826,-2.1263152640683867,-1.4285714285714233,3.3333333333333335
WQS0872,2023,1.4665771397347491,-8.545572113909062,-4.285714285714283,7.333333333333334
WQS0862,2023,8.419390240041512,,-8.571428571428566,-4.000000000000001
WQS0864,2023,4.847183080838778,,-8.571428571428566,-6.666666666666667
WQS0863,2023,9.694366161677557,,-7.142857142857142,-6.0
WQS0799,2023,6.858945825256826,,-8.571428571428566,-6.666666666666667
WQS0800,2023,1.2749759216360452,-10.076110608801514,-4.285714285714295,-6.0
WQS0801,2023,-2.835420336420731,-10.753384682092596,-7.142857142857142,-6.999999999999999
WQS0605,2023,-1.0007052002844297,,-10.000000000000002,-7.333333333333334
WQS1817,2023,16.977260391245117,4.0354539333468535,-4.285714285714283,12.0
WQS1785,2023,0.0,-2.559793264804111,-10.000000000000002,-1.999999999999999
WQS1784,2023,15.619526024525136,-1.6698160820249321,-2.8571428571428594,12.0
WQS1787,2023,0.0,-1.6698160820249321,-4.285714285714283,-3.3333333333333335
WQS1786,2023,17.755062035372557,,-7.142857142857142,12.666666666666666
WQS1798,2023,6.024353114539581,6.600012860133844,-8.571428571428566,1.6666666666666667
WQS1791,2023,1.65306837807154,-3.6568537589608385,-8.571428571428566,-6.0
WQS1812,2023,-0.4824676327758857,8.15605358156096,-12.857142857142861,-4.000000000000001
WQS1789,2023,-1.560444414784685,-4.4903503357452434,-4.285714285714295,-8.000000000000002
WQS1811,2023,6.681898216975081,-2.559793264804111,-8.571428571428566,0.0
WQS1810,2023,10.254105376177812,7.048111202716294,-8.571428571428566,15.666666666666668
WQS1793,2023,9.694366161677557,-1.6698160820249321,-10.000000000000002,8.666666666666668
WQS1751,2023,-1.560444414784685,6.600012860133844,-7.142857142857142,-5.0
WQS1690,2023,27.119730445821432,10.44616670628769,4.285714285714283,15.666666666666668
WQS1816,2023,-2.1689155825443325,-2.559793264804111,-8.571428571428566,-7.333333333333334
WQS1815,2023,0.0,,-8.571428571428566,-6.333333333333335
WQS1809,2023,0.0,-1.6698160820249321,-8.571428571428566,0.0
WQS1808,2023,16.101993657301023,,-4.285714285714283,11.333333333333334
WQS1752,2023,0.8752667339440972,4.970215659063371,-8.571428571428566,-5.0
WQS1794,2023,8.060695873695005,9.614181086993863,-8.571428571428566,-8.000000000000002
WQS1686,2023,4.364715448062894,1.54384823377517,0.0,-3.0000000000000013
WQS1685,2023,5.298501410472143,2.2818694885402198,-4.285714285714295,-1.3333333333333346
WQS1749,2023,21.178476198440432,12.364784030952684,-8.571428571428566,15.666666666666668
WQS1747,2023,20.466709105363915,6.600012860133844,-11.428571428571425,15.666666666666668
WQS1756,2023,1.65306837807154,-0.13927758713247856,-1.4285714285714233,-6.999999999999999
WQS1757,2023,10.145684491310922,3.632625662116035,-10.000000000000002,6.666666666666667
WQS1767,2023,-0.4824676327758857,-1.37133585966851,-10.000000000000002,-1.6666666666666667
WQS1765,2023,2.5175016365832654,1.1240618129095243,-4.285714285714295,5.0
WQS1754,2023,0.8752667339440972,1.4057230188111531,-1.4285714285714233,-7.666666666666666
WQS1682,2023,2.0117627444180477,2.1943959226226837,-1.4285714285714233,-7.333333333333334
WQS1681,2023,2.678267498294446,-0.9685075884376897,0.0,-4.666666666666668
WQS1680,2023,2.0117627444180477,1.1240618129095243,-1.4285714285714233,2.666666666666666
WQS1679,2023,10.671722402063283,7.048111202716294,-7.142857142857142,13.666666666666666
WQS1725,2023,2.5175016365832654,2.8776462577161563,0.0,-6.666666666666667
WQS1730,2023,-0.4824676327758857,-0.6441964895913976,0.0,-4.000000000000001
WQS1729,2023,0.4513183296333642,-0.06818756523242914,-1.4285714285714233,-2.666666666666666
WQS1720,2023,0.8752667339440972,0.06551284345684714,-1.4285714285714233,-1.999999999999999
WQS1719,2023,1.65306837807154,0.4637458892532693,-1.4285714285714233,0.9999999999999994
WQS1724,2023,2.0117627444180477,1.1240618129095243,-1.4285714285714233,2.666666666666666
WQS1723,2023,2.352952703644846,1.1240618129095243,-1.4285714285714233,3.666666666666667
WQS1728,2023,8.826865122027355,5.746748438532474,-8.571428571428566,12.666666666666666
WQS1727,2023,9.211898528901672,6.058414788183311,-10.000000000000002,13.666666666666666
WQS1732,2023,10.254105376177812,6.600012860133844,-8.571428571428566,13.0
WQS1731,2023,10.671722402063283,7.048111202716294,-7.142857142857142,13.666666666666666
WQS1722,2023,6.858945825256826,4.970215659063371,-8.571428571428566,7.000000000000001
WQS1721,2023,6.407627495623461,4.970215659063371,-8.571428571428566,6.0
WQS1734,2023,3.430929485653645,1.1240618129095243,-4.285714285714295,-2.333333333333334
WQS1733,2023,4.610109292896951,1.7198385820854594,-4.285714285714295,-0.9999999999999994
WQS1726,2023,0.6665047538763971,-0.6441964895913976,-1.4285714285714233,-8.000000000000002
WQS1687,2023,7.200135784483624,3.1006922076303365,-4.285714285714295,-9.333333333333334
WQS1753,2023,6.591664616723976,4.0354539333468535,-7.142857142857142,-8.000000000000002
WQS0235,2023,-0.23707378794182898,6.022491610282762,-4.285714285714295,-3.3333333333333335
WQS1678,2023,2.0117627444180477,3.911666689610695,-7.142857142857142,-8.666666666666666
WQS1718,2023,2.352952703644846,3.7779662809214187,-4.285714285714295,-9.333333333333334
WQS1689,2023,-1.2749759216360468,-2.8276237576556293,-2.8571428571428465,-11.666666666666668
WQS1688,2023,1.4665771397347491,0.12855290571903796,-1.4285714285714233,-9.333333333333334
WQS0932,2023,-3.1941147027672385,-11.911192357723293,-4.285714285714295,-5.666666666666668
WQS0934,2023,0.8752667339440972,-8.437769330831202,-7.142857142857142,3.0000000000000013
WQS0935,2023,-0.4824676327758857,-8.660815280745382,-8.571428571428566,0.9999999999999994
WQS0931,2023,-3.5722071592027325,-11.911192357723293,-4.285714285714295,-6.0
WQS0933,2023,-3.5722071592027325,-11.911192357723293,-4.285714285714295,-6.999999999999999
WQS0940,2023,-4.8471830808387795,-11.911192357723293,-5.714285714285719,-6.999999999999999
WQS0844,2023,-2.835420336420731,-11.911192357723293,-10.000000000000002,-6.666666666666667
WQS0793,2023,-2.4942303771939334,-9.595577006461898,-8.571428571428566,-6.666666666666667
WQS0852,2023,0.0,-6.148459458532522,-8.571428571428566,-4.333333333333333
WQS0941,2023,0.0,-5.217489705822356,-2.8571428571428465,5.0
WQS0845,2023,-6.407627495623464,-11.911192357723293,-4.285714285714295,-6.333333333333335
WQS0208,2023,-2.4942303771939334,6.022491610282762,-4.285714285714295,-6.999999999999999
WQS0176,2023,-0.7367868227820025,5.13251442750358,-4.285714285714295,-5.333333333333332
WQS0177,2023,-1.560444414784685,5.13251442750358,-4.285714285714295,-6.999999999999999
WQS0206,2023,-1.560444414784685,6.022491610282762,-4.285714285714295,-6.999999999999999
WQS0207,2023,-1.0007052002844297,6.022491610282762,-2.8571428571428465,-5.333333333333332
WQS0257,2023,2.0117627444180477,5.13251442750358,-8.571428571428566,9.666666666666666
WQS0258,2023,0.0,6.022491610282762,-8.571428571428566,1.999999999999999
WQS0271,2023,-1.0007052002844297,3.7779662809214187,-7.142857142857142,-0.6666666666666673
WQS0259,2023,5.925159862847577,6.022491610282762,-7.142857142857142,11.0
WQS0172,2023,-1.0007052002844297,6.022491610282762,-5.714285714285719,-5.0
WQS0199,2023,-1.0007052002844297,6.022491610282762,0.0,-5.0
WQS0173,2023,-0.4824676327758857,6.022491610282762,-7.142857142857142,-6.0
WQS0197,2023,-1.0007052002844297,6.022491610282762,-2.8571428571428465,-6.0
WQS0198,2023,0.0,4.408184752608609,-7.142857142857142,-4.000000000000001
WQS0196,2023,-1.2749759216360468,3.632625662116035,-5.714285714285719,-6.666666666666667
WQS0260,2023,7.68260341725951,7.6241201270752645,-10.000000000000002,15.666666666666668
WQS0261,2023,6.858945825256826,8.254338598762454,-10.000000000000002,15.666666666666668
WQS0236,2023,10.772342943686354,6.022491610282762,-8.571428571428566,15.333333333333332
WQS0237,2023,0.0,4.408184752608609,-8.571428571428566,-1.999999999999999
WQS0247,2023,-1.2749759216360468,6.022491610282762,-2.8571428571428465,-7.333333333333334
WQS0245,2023,-1.2749759216360468,5.13251442750358,-5.714285714285719,-7.333333333333334
WQS0246,2023,-1.2749759216360468,6.022491610282762,-1.4285714285714233,-6.666666666666667
WQS0174,2023,1.65306837807154,6.022491610282762,-8.571428571428566,11.0
WQS0202,2023,-1.560444414784685,5.13251442750358,-4.285714285714295,-5.0
WQS0200,2023,-0.4824676327758857,6.022491610282762,-4.285714285714295,0.6666666666666673
WQS0175,2023,-0.23707378794182898,4.408184752608609,-5.714285714285719,-1.999999999999999
WQS0203,2023,-0.23707378794182898,5.13251442750358,-5.714285714285719,-4.000000000000001
WQS0201,2023,2.352952703644846,6.022491610282762,-8.571428571428566,13.333333333333334
WQS0205,2023,0.0,6.022491610282762,-2.8571428571428465,5.0
WQS0204,2023,2.0117627444180477,6.022491610282762,-2.8571428571428465,6.666666666666667
WQS0255,2023,6.858945825256826,6.022491610282762,-2.8571428571428594,15.666666666666668
WQS0256,2023,6.858945825256826,6.022491610282762,-8.571428571428566,15.666666666666668
WQS0171,2023,-2.1689155825443325,5.13251442750358,-4.285714285714295,-6.999999999999999
WQS0170,2023,-0.23707378794182898,4.408184752608609,-1.4285714285714233,-3.0000000000000013
WQS0193,2023,-0.7367868227820025,3.7779662809214187,-1.4285714285714233,-4.666666666666668
WQS0252,2023,-1.2749759216360468,3.7779662809214187,-2.8571428571428465,-6.333333333333335
WQS0251,2023,-3.1941147027672385,4.408184752608609,-4.285714285714295,-8.333333333333334
WQS0186,2023,3.572207159202731,6.022491610282762,-7.142857142857142,15.666666666666668
WQS0270,2023,-2.1689155825443325,4.408184752608609,-7.142857142857142,-8.333333333333334
WQS0195,2023,-1.0007052002844297,4.0354539333468535,-1.4285714285714233,-7.666666666666666
WQS0254,2023,-2.4942303771939334,6.022491610282762,-4.285714285714295,-7.333333333333334
WQS0244,2023,0.22929946030063506,6.022491610282762,-10.000000000000002,4.666666666666667
WQS0243,2023,13.266573320880289,6.022491610282762,-2.8571428571428465,15.666666666666668
WQS0238,2023,-1.0007052002844297,5.13251442750358,-5.714285714285719,-0.33333333333333215
WQS0249,2023,-2.1689155825443325,5.13251442750358,-4.285714285714295,-0.6666666666666673
WQS0248,2023,1.0779767820087993,6.022491610282762,-5.714285714285719,3.0000000000000013
WQS0234,2023,6.858945825256826,6.022491610282762,-4.285714285714295,11.666666666666668
WQS0253,2023,-1.0007052002844297,6.022491610282762,-7.142857142857142,-4.666666666666668
WQS0788,2023,-0.4824676327758857,-9.595577006461898,0.0,-4.666666666666668
WQS0916,2023,-3.5722071592027325,-10.076110608801514,-10.000000000000002,11.333333333333334
WQS0266,2023,-2.835420336420731,1.9218733946861688,-5.714285714285719,-9.666666666666668
WQS0263,2023,-2.835420336420731,3.2019573565624486,-4.285714285714295,-8.666666666666666
WQS0262,2023,-0.4824676327758857,4.408184752608609,-4.285714285714295,-8.333333333333334
WQS0267,2023,0.0,6.022491610282762,-4.285714285714295,-8.333333333333334
WQS0268,2023,-2.4942303771939334,4.0354539333468535,-5.714285714285719,-8.333333333333334
WQS0265,2023,-1.2749759216360468,3.2019573565624486,-5.714285714285719,-8.666666666666666
WQS0269,2023,-1.0007052002844297,4.408184752608609,-5.714285714285719,-8.333333333333334
WQS0264,2023,-2.4942303771939334,4.408184752608609,-5.714285714285719,-6.666666666666667
WQS1755,2023,-7.68260341725951,3.2019573565624486,-2.8571428571428465,-6.666666666666667
WQS0928,2023,-1.8580640960350063,0.9818173273204077,-7.142857142857142,-8.000000000000002
WQS0915,2023,-4.8471830808387795,-11.911192357723293,-8.571428571428566,-6.666666666666667
WQS0921,2023,5.925159862847577,-11.911192357723293,-1.4285714285714233,-2.666666666666666
WQS0927,2023,-3.1941147027672385,,-14.285714285714285,-1.6666666666666667
WQS0926,2023,-4.395864751205414,-11.911192357723293,-8.571428571428566,-7.666666666666666
WQS0922,2023,-3.5722071592027325,-8.241028859879735,-7.142857142857142,-6.666666666666667
WQS0783,2023,-4.395864751205414,-11.911192357723293,-7.142857142857142,-6.999999999999999
WQS0923,2023,-4.8471830808387795,-11.911192357723293,-8.571428571428566,-5.666666666666668
WQS0918,2023,-3.5722071592027325,-11.911192357723293,-1.4285714285714233,-5.333333333333332
WQS0924,2023,-3.5722071592027325,-11.911192357723293,-4.285714285714295,-5.666666666666668
WQS0919,2023,-4.395864751205414,-11.911192357723293,-2.8571428571428465,-5.333333333333332
WQS0920,2023,-3.9719163468946816,-11.911192357723293,-4.285714285714295,-5.666666666666668
WQS0925,2023,-6.407627495623464,-11.911192357723293,0.0,-5.333333333333332
WQS0794,2023,-3.1941147027672385,,-12.857142857142861,-6.666666666666667
WQS0850,2023,-4.395864751205414,-11.911192357723293,-5.714285714285719,-5.666666666666668
WQS0823,2023,-2.835420336420731,-11.911192357723293,-2.8571428571428465,-5.0
WQS0917,2023,-3.5722071592027325,-10.076110608801514,-8.571428571428566,-6.666666666666667
WQS0843,2023,-1.2749759216360468,-10.38065386283084,-10.000000000000002,-6.666666666666667
WQS0842,2023,-0.7367868227820025,-9.818622956376078,-7.142857142857142,-6.333333333333335
WQS0849,2023,-2.4942303771939334,-11.911192357723293,-5.714285714285719,-7.333333333333334
WQS0601,2023,1.8347151361362997,,-11.428571428571425,-3.6666666666666656
WQS0625,2023,0.4513183296333642,,0.0,4.000000000000001
WQS0606,2023,-5.329650713614663,,-11.428571428571425,-2.333333333333334
WQS0602,2023,-4.8471830808387795,,-7.142857142857142,-7.333333333333334
WQS0603,2023,-3.1941147027672385,,-7.142857142857142,-8.333333333333334
WQS0632,2023,-1.0007052002844297,,-10.000000000000002,-7.333333333333334
WQS0621,2023,0.0,,-10.000000000000002,-4.333333333333333
WQS0608,2023,-1.2749759216360468,,-10.000000000000002,-6.666666666666667
WQS0633,2023,-5.8478882811232085,,-12.857142857142861,-6.999999999999999
WQS0628,2023,3.2867386660540943,,2.8571428571428594,-4.000000000000001
WQS0631,2023,0.22929946030063506,,-2.8571428571428465,-6.333333333333335
WQS0240,2023,0.0,5.13251442750358,-1.4285714285714233,-4.000000000000001
WQS0241,2023,2.0117627444180477,6.022491610282762,-8.571428571428566,9.333333333333334
WQS0242,2023,-2.1689155825443325,6.022491610282762,-2.8571428571428465,-6.0
WQS0239,2023,-1.0007052002844297,6.022491610282762,-2.8571428571428465,-3.6666666666666656
WQS0250,2023,-1.2749759216360468,3.2019573565624486,-7.142857142857142,-6.333333333333335
WQS1834,2023,-0.23707378794182898,0.41234603710718587,-4.285714285714295,-8.666666666666666
WQS0604,2023,-3.5722071592027325,,-8.571428571428566,-7.333333333333334
WQS0607,2023,-1.0007052002844297,,-11.428571428571425,-7.333333333333334
WQS1848,2023,-0.4824676327758857,0.41234603710718587,-2.8571428571428594,-8.666666666666666
WQS1846,2023,-0.7367868227820025,0.12855290571903796,-4.285714285714295,-8.666666666666666
WQS1850,2023,-0.23707378794182898,0.41234603710718587,-4.285714285714283,-8.666666666666666
WQS1852,2023,1.65306837807154,0.4637458892532693,-4.285714285714295,-5.666666666666668
WQS0599,2023,-1.2749759216360468,,-10.000000000000002,-8.000000000000002
WQS0598,2023,0.6665047538763971,,-10.000000000000002,-7.666666666666666
WQS0597,2023,-0.4824676327758857,,-12.857142857142861,-8.000000000000002
WQS0616,2023,-1.560444414784685,,-12.857142857142861,-7.666666666666666
WQS0610,2023,-1.0007052002844297,,-12.857142857142861,-8.000000000000002
WQS0596,2023,-1.2749759216360468,,-11.428571428571425,-8.333333333333334
WQS1888,2023,-0.7367868227820025,0.06551284345684714,4.285714285714283,-8.333333333333334
WQS0614,2023,-1.2749759216360468,,-11.428571428571425,-6.333333333333335
WQS0615,2023,-0.4824676327758857,,-12.857142857142861,-8.000000000000002
WQS0609,2023,-0.7367868227820025,,-10.000000000000002,-7.333333333333334
WQS0612,2023,-0.7367868227820025,,-10.000000000000002,-6.666666666666667
WQS0613,2023,0.6665047538763971,,-1.4285714285714233,-6.999999999999999
WQS0611,2023,2.0117627444180477,1.9218733946861688,0.0,-0.6666666666666673
WQS1847,2023,-7.68260341725951,4.408184752608609,-7.142857142857142,-4.333333333333333
WQS1844,2023,-0.4824676327758857,0.06551284345684714,-4.285714285714295,-8.333333333333334
WQS1843,2023,-0.4824676327758857,0.4637458892532693,-4.285714285714295,-8.666666666666666
WQS1845,2023,-2.4942303771939334,0.41234603710718587,-4.285714285714295,-8.666666666666666
WQS1849,2023,-0.23707378794182898,0.5136111860392978,-1.4285714285714233,-8.666666666666666
WQS1851,2023,-0.4824676327758857,0.4637458892532693,-7.142857142857142,-8.333333333333334
WQS0624,2023,-0.23707378794182898,,-10.000000000000002,-6.0
WQS0627,2023,-1.560444414784685,,-11.428571428571425,-0.6666666666666673
WQS0617,2023,3.572207159202731,,-8.571428571428566,-6.333333333333335
WQS1832,2023,10.145684491310922,5.768027240840016,-1.4285714285714233,13.333333333333334
WQS1873,2023,4.847183080838778,10.16712567879303,-7.142857142857142,15.666666666666668
WQS1837,2023,3.2867386660540943,6.600012860133844,-2.8571428571428465,13.333333333333334
WQS1838,2023,8.760580199268308,4.408184752608609,-2.8571428571428465,13.333333333333334
WQS1853,2023,1.0779767820087993,0.41234603710718587,-4.285714285714295,-8.666666666666666
WQS1867,2023,2.184438356938128,3.7779662809214187,4.285714285714295,13.0
WQS1878,2023,-0.23707378794182898,1.1240618129095243,5.714285714285719,-0.33333333333333215
WQS1841,2023,-0.23707378794182898,1.1240618129095243,2.8571428571428465,0.0
WQS1890,2023,7.60446844804185,0.5136111860392978,0.0,-7.333333333333334
WQS1827,2023,8.278112566492425,0.7427869167479292,-4.285714285714295,-6.333333333333335
WQS1887,2023,10.254105376177812,5.768027240840016,-8.571428571428566,15.666666666666668
WQS1839,2023,8.693660961393128,4.970215659063371,-8.571428571428566,14.666666666666668
WQS1840,2023,-0.23707378794182898,1.018530088498217,4.285714285714295,-0.33333333333333215
WQS1872,2023,14.39432260476926,10.569953950023848,5.714285714285719,9.333333333333334
WQS1871,2023,0.4513183296333642,7.99685094633702,-2.8571428571428594,-3.0000000000000013
WQS1874,2023,-2.1689155825443325,1.7198385820854594,-4.285714285714283,-0.9999999999999994
WQS1833,2023,-1.2749759216360468,5.003961521784543,5.714285714285719,-0.9999999999999994
WQS1842,2023,-0.4824676327758857,1.1240618129095243,2.8571428571428465,-0.33333333333333215
WQS1889,2023,-2.835420336420731,-0.21352818403781276,-4.285714285714295,-8.333333333333334
WQS1866,2023,-0.4824676327758857,1.1240618129095243,1.4285714285714233,0.0
WQS1877,2023,-0.23707378794182898,1.1240618129095243,1.4285714285714233,-1.3333333333333346
WQS1475,2023,2.0117627444180477,-10.38065386283084,-2.8571428571428465,1.3333333333333346
WQS1474,2023,-1.8580640960350063,-4.4903503357452434,0.0,-0.6666666666666673
WQS1477,2023,-1.8580640960350063,-3.284122939699084,2.8571428571428465,0.9999999999999994
WQS1476,2023,11.706128906095605,-3.284122939699084,12.857142857142861,14.666666666666668
WQS1505,2023,2.184438356938128,-3.914341411386275,12.857142857142861,2.666666666666666
WQS1500,2023,-1.2749759216360468,-3.6568537589608385,20.000000000000004,1.3333333333333346
WQS1499,2023,1.2749759216360452,-3.284122939699084,12.857142857142861,2.666666666666666
WQS1478,2023,-0.23707378794182898,-4.4903503357452434,-8.571428571428566,2.666666666666666
WQS1480,2023,1.2749759216360452,-4.4903503357452434,-8.571428571428566,6.0
WQS1479,2023,0.0,-4.0596820301916585,-5.714285714285719,2.666666666666666
WQS1490,2023,-2.1689155825443325,-4.4903503357452434,-8.571428571428566,3.0000000000000013
WQS1491,2023,1.0779767820087993,-4.0596820301916585,-8.571428571428566,3.3333333333333335
WQS1489,2023,-2.1689155825443325,-4.4903503357452434,0.0,-0.33333333333333215
WQS1506,2023,-2.835420336420731,-4.4903503357452434,0.0,3.0000000000000013
WQS0059,2023,-1.2749759216360468,-2.0562198021214675,-7.142857142857142,-4.333333333333333
WQS0062,2023,-1.2749759216360468,-1.37133585966851,-4.285714285714283,-6.666666666666667
WQS0057,2023,-0.7367868227820025,-1.37133585966851,-4.285714285714283,0.0
WQS0060,2023,-0.7367868227820025,-1.37133585966851,-2.8571428571428594,-3.6666666666666656
WQS0090,2023,-1.0007052002844297,-1.37133585966851,-7.142857142857142,-1.3333333333333346
WQS0093,2023,-1.0007052002844297,-1.37133585966851,-8.571428571428566,-1.3333333333333346
WQS0088,2023,-1.0007052002844297,0.18930008719300745,-4.285714285714283,-6.333333333333335
WQS0063,2023,-0.4824676327758857,-0.8532644216013697,-8.571428571428566,0.0
WQS0089,2023,-1.2749759216360468,-1.37133585966851,-5.714285714285719,-0.6666666666666673
WQS0087,2023,-1.2749759216360468,-1.6880716013497847,-7.142857142857142,0.0
WQS0061,2023,-0.7367868227820025,-1.37133585966851,-4.285714285714283,-6.666666666666667
WQS0091,2023,-1.8580640960350063,-1.37133585966851,-7.142857142857142,-1.3333333333333346
WQS0092,2023,-1.8580640960350063,-0.8532644216013697,-5.714285714285719,-1.6666666666666667
WQS1868,2023,0.22929946030063506,4.0354539333468535,-7.142857142857142,-2.666666666666666
WQS1879,2023,-2.4942303771939334,3.632625662116035,-8.571428571428566,-4.333333333333333
WQS0064,2023,-1.2749759216360468,-2.0562198021214675,-7.142857142857142,-0.6666666666666673
WQS0096,2023,-0.7367868227820025,-1.37133585966851,-2.8571428571428594,-0.33333333333333215
WQS0095,2023,-1.0007052002844297,-1.37133585966851,-5.714285714285719,0.0
WQS1261,2023,-1.8580640960350063,,-1.4285714285714233,-3.6666666666666656
WQS1260,2023,-1.2749759216360468,,-2.8571428571428594,-2.666666666666666
WQS1264,2023,3.2867386660540943,,-7.142857142857142,7.333333333333334
WQS1273,2023,-1.560444414784685,,-4.285714285714283,-1.999999999999999
WQS1275,2023,-0.4824676327758857,,-2.8571428571428594,-0.33333333333333215
WQS1262,2023,-1.560444414784685,,-10.000000000000002,-3.0000000000000013
WQS0066,2023,-1.0007052002844297,-1.6338929041243797,-7.142857142857142,0.0
WQS0100,2023,-1.560444414784685,-2.0562198021214675,-5.714285714285719,-1.999999999999999
WQS0067,2023,-1.2749759216360468,-0.9685075884376897,-4.285714285714283,-1.999999999999999
WQS1271,2023,7.68260341725951,-11.911192357723293,-8.571428571428566,-6.666666666666667
WQS1274,2023,-0.23707378794182898,0.7850768563689423,-7.142857142857142,-4.333333333333333
WQS1272,2023,0.8752667339440972,1.8350817489217792,-10.000000000000002,-1.3333333333333346
WQS0098,2023,2.5175016365832654,1.9428845319996395,-11.428571428571425,-3.0000000000000013
WQS0099,2023,-2.4942303771939334,3.3877445856953514,-12.857142857142861,-5.333333333333332
WQS0081,2023,17.736635128813088,0.2479153431804561,-5.714285714285719,15.666666666666668
WQS0106,2023,-1.0007052002844297,-2.0562198021214675,-7.142857142857142,-1.6666666666666667
WQS0111,2023,-1.0007052002844297,-2.079259662464496,-5.714285714285719,-0.6666666666666673
WQS0102,2023,-1.2749759216360468,-1.37133585966851,-7.142857142857142,2.666666666666666
WQS0103,2023,0.8752667339440972,-1.6338929041243797,-4.285714285714283,9.000000000000002
WQS0104,2023,-1.2749759216360468,-1.6880716013497847,-4.285714285714283,-3.3333333333333335
WQS0068,2023,-1.0007052002844297,-1.6880716013497847,-2.8571428571428594,-2.333333333333334
WQS0105,2023,-1.2749759216360468,-2.0562198021214675,-2.8571428571428594,-2.666666666666666
WQS1869,2023,-0.4824676327758857,3.2019573565624486,-8.571428571428566,-3.6666666666666656
WQS0070,2023,-1.8580640960350063,-1.6880716013497847,-5.714285714285719,-2.333333333333334
WQS0107,2023,-1.560444414784685,-1.37133585966851,-7.142857142857142,-0.9999999999999994
WQS0108,2023,-1.0007052002844297,-2.079259662464496,-7.142857142857142,-1.6666666666666667
WQS0110,2023,-1.2749759216360468,-2.0562198021214675,-4.285714285714283,0.0
WQS0147,2023,-0.4824676327758857,-1.37133585966851,-1.4285714285714233,0.0
WQS0149,2023,-1.0007052002844297,-1.6338929041243797,-4.285714285714283,-0.33333333333333215
WQS0130,2023,-1.8580640960350063,-2.0562198021214675,-7.142857142857142,0.0
WQS0101,2023,-0.4824676327758857,-1.6880716013497847,-1.4285714285714233,2.666666666666666
WQS0097,2023,-1.0007052002844297,-1.6880716013497847,-4.285714285714283,-1.6666666666666667
WQS0086,2023,-1.560444414784685,-2.0562198021214675,-1.4285714285714233,0.0
WQS0076,2023,-1.560444414784685,-1.6880716013497847,-7.142857142857142,-1.6666666666666667
WQS1109,2023,0.6665047538763971,,-10.000000000000002,-6.999999999999999
WQS0056,2023,-0.4824676327758857,-1.37133585966851,-7.142857142857142,0.0
WQS1080,2023,0.6665047538763971,,-11.428571428571425,-7.333333333333334
WQS1079,2023,0.6665047538763971,,-8.571428571428566,-6.666666666666667
WQS0074,2023,-0.7367868227820025,-1.6338929041243797,-4.285714285714283,-3.3333333333333335
WQS1658,2023,-2.4942303771939334,,-5.714285714285719,-0.6666666666666673
WQS1655,2023,-3.1941147027672385,,-1.4285714285714233,-0.6666666666666673
WQS1095,2023,0.6665047538763971,,-8.571428571428566,-7.333333333333334
WQS1111,2023,1.0779767820087993,,-7.142857142857142,-6.999999999999999
WQS0129,2023,-1.2749759216360468,-2.0562198021214675,-7.142857142857142,-0.6666666666666673
WQS1094,2023,2.9891189848037722,,-8.571428571428566,-1.3333333333333346
WQS1103,2023,0.8752667339440972,,-7.142857142857142,-6.999999999999999
WQS0039,2023,-2.835420336420731,,-5.714285714285719,-6.333333333333335
WQS0052,2023,-1.0007052002844297,,4.285714285714295,-4.000000000000001
WQS0040,2023,-1.0007052002844297,,2.8571428571428465,-3.3333333333333335
WQS0109,2023,-0.4824676327758857,-1.37133585966851,-1.4285714285714233,2.666666666666666
WQS0041,2023,-7.68260341725951,,1.4285714285714233,-4.666666666666668
WQS0144,2023,-1.560444414784685,-1.6338929041243797,-7.142857142857142,-4.000000000000001
WQS0054,2023,-7.68260341725951,,-7.142857142857142,-4.000000000000001
WQS0053,2023,-7.68260341725951,,11.428571428571438,-8.666666666666666
WQS0075,2023,-0.7367868227820025,-1.37133585966851,-8.571428571428566,-3.0000000000000013
WQS0094,2023,-1.0007052002844297,-1.6880716013497847,-7.142857142857142,-0.33333333333333215
WQS1259,2023,-3.9719163468946816,,0.0,-4.333333333333333
WQS1266,2023,-3.5722071592027325,,0.0,-4.333333333333333
WQS1268,2023,-3.1941147027672385,,2.8571428571428465,-6.0
WQS1270,2023,-3.1941147027672385,,0.0,-4.000000000000001
WQS1277,2023,-2.4942303771939334,,0.0,-3.6666666666666656
WQS0071,2023,-0.7367868227820025,-2.0562198021214675,-4.285714285714283,0.0
WQS1885,2023,-0.4824676327758857,4.150697100183173,-7.142857142857142,-4.333333333333333
WQS1884,2023,-0.7367868227820025,1.1578076756306972,-10.000000000000002,-7.666666666666666
WQS0080,2023,-0.7367868227820025,-2.0562198021214675,-4.285714285714283,-0.9999999999999994
WQS0044,2023,-7.68260341725951,,4.285714285714295,15.333333333333332
WQS0083,2023,-1.2749759216360468,-1.6880716013497847,-1.4285714285714233,-0.6666666666666673
WQS0082,2023,-0.4824676327758857,-2.0562198021214675,-1.4285714285714233,-3.3333333333333335
WQS0113,2023,-1.0007052002844297,-3.237067338095193,-1.4285714285714233,-1.6666666666666667
WQS0114,2023,-1.2749759216360468,-2.0562198021214675,-7.142857142857142,-6.0
WQS0141,2023,-1.2749759216360468,-1.6880716013497847,-5.714285714285719,-0.6666666666666673
WQS1280,2023,-2.835420336420731,,7.142857142857142,-4.333333333333333
WQS0084,2023,-1.560444414784685,-1.6517579235311624,-8.571428571428566,-1.6666666666666667
WQS1152,2023,-7.016098663383111,-11.911192357723293,-4.285714285714283,-7.666666666666666
WQS1145,2023,-1.8580640960350063,-6.602687581909424,-4.285714285714283,-5.333333333333332
WQS1144,2023,-4.8471830808387795,-10.076110608801514,-2.8571428571428594,-6.999999999999999
WQS1125,2023,-2.4942303771939334,-6.148459458532522,-5.714285714285719,-6.666666666666667
WQS1121,2023,-1.2749759216360468,-5.072149087016972,-1.4285714285714233,-5.333333333333332
WQS1122,2023,-1.8580640960350063,-5.217489705822356,-7.142857142857142,-6.666666666666667
WQS1221,2023,-5.8478882811232085,,-1.4285714285714233,-0.33333333333333215
WQS1216,2023,-4.8471830808387795,,-2.8571428571428465,-0.9999999999999994
WQS1238,2023,-6.407627495623464,,-1.4285714285714233,2.666666666666666
WQS1220,2023,-3.5722071592027325,,1.4285714285714233,-2.333333333333334
WQS1215,2023,-4.395864751205414,,-4.285714285714283,-1.6666666666666667
WQS1217,2023,-5.329650713614663,,-4.285714285714283,-1.3333333333333346
WQS1219,2023,-5.329650713614663,,5.714285714285719,-6.333333333333335
WQS1218,2023,-5.8478882811232085,,-7.142857142857142,-4.000000000000001
WQS1236,2023,-5.8478882811232085,,0.0,-2.333333333333334
WQS1257,2023,-5.8478882811232085,,-5.714285714285719,0.33333333333333215
WQS1247,2023,4.23871191307913,,-1.4285714285714233,3.666666666666667
WQS1245,2023,-0.23707378794182898,,12.857142857142861,3.0000000000000013
WQS1250,2023,-3.5722071592027325,,7.142857142857142,-5.333333333333332
WQS1230,2023,-5.329650713614663,,-1.4285714285714233,2.666666666666666
WQS1226,2023,-5.329650713614663,,-5.714285714285719,-0.9999999999999994
WQS1249,2023,-5.329650713614663,,0.0,3.0000000000000013
WQS1228,2023,-5.8478882811232085,,0.0,3.3333333333333335
WQS1193,2023,-4.395864751205414,,-1.4285714285714233,-0.33333333333333215
WQS1188,2023,15.864919869359195,,-4.285714285714295,11.666666666666668
WQS1251,2023,-4.8471830808387795,,-4.285714285714283,-8.333333333333334
WQS1252,2023,-5.329650713614663,,-1.4285714285714233,-6.0
WQS1199,2023,10.920610130054209,,12.857142857142861,15.666666666666668
WQS1186,2023,-4.395864751205414,,-2.8571428571428594,-3.0000000000000013
WQS1201,2023,-4.8471830808387795,,11.428571428571425,-3.3333333333333335
WQS1244,2023,-4.8471830808387795,,0.0,0.0
WQS1187,2023,-5.329650713614663,,-4.285714285714283,-3.3333333333333335
WQS1248,2023,-4.8471830808387795,,2.8571428571428594,-2.333333333333334
WQS1246,2023,-5.329650713614663,,-5.714285714285719,-5.666666666666668
WQS1208,2023,-4.395864751205414,,-4.285714285714295,-5.333333333333332
WQS1211,2023,-5.329650713614663,,-7.142857142857142,-3.3333333333333335
WQS1233,2023,-4.8471830808387795,,1.4285714285714233,-9.000000000000002
WQS1222,2023,-5.329650713614663,,7.142857142857142,-5.333333333333332
WQS1213,2023,-6.407627495623464,,-1.4285714285714233,-0.33333333333333215
WQS1224,2023,4.364715448062894,,1.4285714285714233,-0.33333333333333215
WQS1099,2023,1.0779767820087993,,-8.571428571428566,-6.999999999999999
WQS1098,2023,0.8752667339440972,,-7.142857142857142,-6.666666666666667
WQS1097,2023,1.0779767820087993,,-4.285714285714283,-6.0
WQS1151,2023,-2.835420336420731,-6.786429050355581,35.71428571428571,-6.333333333333335
WQS1126,2023,-2.4942303771939334,-6.568245879398169,-7.142857142857142,-6.666666666666667
WQS1205,2023,15.864919869359195,,-4.285714285714295,9.333333333333334
WQS1223,2023,15.888992206359001,,-5.714285714285719,15.666666666666668
WQS1210,2023,-5.329650713614663,,2.8571428571428594,-2.666666666666666
WQS1212,2023,-5.329650713614663,,1.4285714285714233,-1.3333333333333346
WQS1206,2023,-5.329650713614663,,-2.8571428571428594,-1.3333333333333346
WQS1237,2023,-5.329650713614663,,-4.285714285714283,-2.666666666666666
WQS1225,2023,-6.407627495623464,,1.4285714285714233,8.333333333333334
WQS1207,2023,-4.395864751205414,,2.8571428571428594,-0.33333333333333215
WQS1235,2023,-4.8471830808387795,,0.0,-0.33333333333333215
WQS0123,2023,-1.560444414784685,-1.37133585966851,-4.285714285714283,4.333333333333333
WQS1154,2023,-3.9719163468946816,-10.753384682092596,35.71428571428571,-5.333333333333332
WQS1138,2023,-3.5722071592027325,-10.753384682092596,,-5.666666666666668
WQS1182,2023,-4.395864751205414,-10.753384682092596,-5.714285714285719,-7.333333333333334
WQS1183,2023,-5.329650713614663,-11.911192357723293,-5.714285714285719,-8.666666666666666
WQS1171,2023,-5.329650713614663,-10.753384682092596,-4.285714285714283,-6.999999999999999
WQS1172,2023,-3.9719163468946816,-10.076110608801514,-7.142857142857142,-7.333333333333334
WQS1153,2023,-3.9719163468946816,-8.33650418189909,-2.8571428571428594,-6.333333333333335
WQS1129,2023,-0.7367868227820025,-11.911192357723293,,2.666666666666666
WQS1130,2023,-1.8580640960350063,-11.911192357723293,,-5.333333333333332
WQS1184,2023,-3.1941147027672385,-11.911192357723293,,-5.666666666666668
WQS1133,2023,-2.4942303771939334,-11.911192357723293,,-4.000000000000001
WQS1140,2023,-3.1941147027672385,-10.076110608801514,25.714285714285708,-6.0
WQS1147,2023,-2.4942303771939334,-4.814661434591535,-1.4285714285714233,-5.333333333333332
WQS1146,2023,-3.1941147027672385,-6.148459458532522,21.428571428571427,-6.666666666666667
WQS1148,2023,-1.560444414784685,-2.756533735755578,-2.8571428571428594,-5.666666666666668
WQS1137,2023,-0.7367868227820025,-11.911192357723293,,-5.333333333333332
WQS1139,2023,-3.5722071592027325,-7.831585279440171,-4.285714285714283,-5.333333333333332
WQS1143,2023,-2.835420336420731,-11.911192357723293,,-4.666666666666668
WQS1163,2023,-2.835420336420731,-11.911192357723293,,-6.0
WQS1132,2023,-3.1941147027672385,-11.911192357723293,,-5.333333333333332
WQS1131,2023,-3.1941147027672385,-11.911192357723293,,-5.333333333333332
WQS1158,2023,-2.835420336420731,-9.398836535510434,35.71428571428571,-5.666666666666668
WQS1157,2023,-2.835420336420731,-4.4903503357452434,-5.714285714285719,-6.0
WQS1529,2023,-1.8580640960350063,,-4.285714285714283,-6.666666666666667
WQS1530,2023,-1.560444414784685,,-1.4285714285714233,-8.000000000000002
WQS1531,2023,-1.8580640960350063,,-2.8571428571428594,-9.666666666666668
WQS1534,2023,-1.560444414784685,,-4.285714285714283,-10.0
WQS1883,2023,-2.4942303771939334,3.7779662809214187,2.8571428571428594,-6.999999999999999
WQS1882,2023,-0.4824676327758857,1.7198385820854594,-5.714285714285719,-3.3333333333333335
WQS1876,2023,-1.560444414784685,0.5136111860392978,-8.571428571428566,-3.3333333333333335
WQS0143,2023,-1.2749759216360468,-1.37133585966851,-10.000000000000002,0.0
WQS0140,2023,-1.0007052002844297,-2.0562198021214675,-5.714285714285719,-1.3333333333333346
WQS1511,2023,-1.560444414784685,,-5.714285714285719,-10.0
WQS1514,2023,-1.8580640960350063,,-5.714285714285719,-9.666666666666668
WQS1516,2023,-1.8580640960350063,,-2.8571428571428594,-10.0
WQS1512,2023,-1.560444414784685,,-1.4285714285714233,-10.0
WQS1517,2023,-1.2749759216360468,,-2.8571428571428594,-10.333333333333332
WQS1518,2023,-2.1689155825443325,,-5.714285714285719,-9.333333333333334
WQS1513,2023,-1.560444414784685,,-2.8571428571428594,-9.333333333333334
WQS1515,2023,-2.4942303771939334,,-1.4285714285714233,-9.333333333333334
WQS1533,2023,-1.8580640960350063,,-7.142857142857142,5.0
WQS1532,2023,-1.8580640960350063,,-4.285714285714283,-9.666666666666668
WQS1507,2023,-1.0007052002844297,,-2.8571428571428594,-9.333333333333334
WQS1526,2023,-1.2749759216360468,,-1.4285714285714233,-10.333333333333332
WQS1508,2023,-1.8580640960350063,,-1.4285714285714233,-9.333333333333334
WQS1525,2023,-1.560444414784685,,-2.8571428571428594,-10.333333333333332
WQS1524,2023,-1.8580640960350063,,-2.8571428571428594,-10.0
WQS1528,2023,-1.560444414784685,,-1.4285714285714233,-10.0
WQS1527,2023,-1.8580640960350063,,-1.4285714285714233,-10.0
WQS1522,2023,-2.4942303771939334,,-1.4285714285714233,-10.0
WQS1523,2023,-2.1689155825443325,,0.0,-8.333333333333334
WQS1521,2023,-1.560444414784685,,-2.8571428571428594,-9.666666666666668
WQS1519,2023,-1.8580640960350063,,-2.8571428571428594,-6.666666666666667
WQS1520,2023,-1.2749759216360468,,-2.8571428571428594,-7.666666666666666
WQS0119,2023,-1.2749759216360468,-1.6517579235311624,-4.285714285714283,0.0
WQS1870,2023,6.858945825256826,3.7779662809214187,-4.285714285714283,3.3333333333333335
WQS0120,2023,-1.560444414784685,-0.8532644216013697,-4.285714285714283,-0.9999999999999994
WQS0121,2023,-1.0007052002844297,-2.0562198021214675,-5.714285714285719,-0.33333333333333215
WQS0124,2023,-1.2749759216360468,-1.6517579235311624,-5.714285714285719,0.0
WQS0125,2023,-1.2749759216360468,-1.37133585966851,-4.285714285714283,0.0
WQS0128,2023,-1.0007052002844297,-1.6880716013497847,-7.142857142857142,0.0
WQS1659,2023,-2.1689155825443325,,-7.142857142857142,-1.3333333333333346
WQS1656,2023,-2.4942303771939334,,-7.142857142857142,-0.9999999999999994
WQS1657,2023,-3.1941147027672385,,-8.571428571428566,-0.9999999999999994
WQS1149,2023,-0.7367868227820025,-1.2259952408631263,-2.8571428571428594,-5.0
WQS1150,2023,-3.9719163468946816,-5.9724691102222325,-2.8571428571428594,-5.333333333333332
WQS1136,2023,-3.9719163468946816,-7.228561803054423,-2.8571428571428594,-5.333333333333332
WQS1134,2023,-4.8471830808387795,-11.911192357723293,-5.714285714285719,-6.0
WQS1135,2023,-4.395864751205414,-10.753384682092596,0.0,-6.666666666666667
WQS1180,2023,-3.5722071592027325,-8.33650418189909,-2.8571428571428594,-6.333333333333335
WQS1181,2023,-3.5722071592027325,-7.9835412074543,0.0,-6.0
WQS0046,2023,-7.68260341725951,,-5.714285714285719,14.333333333333334
WQS0132,2023,-0.7367868227820025,-1.6880716013497847,-4.285714285714283,-0.6666666666666673
WQS0133,2023,-0.7367868227820025,-2.0562198021214675,-5.714285714285719,-0.33333333333333215
WQS1510,2023,-1.2749759216360468,,-4.285714285714283,-7.666666666666666
WQS1509,2023,13.933078074756688,,-2.8571428571428594,-9.333333333333334
WQS1278,2023,-5.329650713614663,,-4.285714285714295,-6.333333333333335
WQS1279,2023,-4.8471830808387795,,-1.4285714285714233,-6.666666666666667
WQS0047,2023,-7.68260341725951,,-5.714285714285719,-8.000000000000002
WQS0048,2023,-2.1689155825443325,,-1.4285714285714233,-5.333333333333332
WQS0049,2023,-0.4824676327758857,,-8.571428571428566,-3.3333333333333335
WQS0136,2023,-0.4824676327758857,-0.8532644216013697,-7.142857142857142,-2.666666666666666
WQS0138,2023,-0.7367868227820025,-1.6338929041243797,-4.285714285714283,0.0
WQS0134,2023,0.6665047538763971,-1.6338929041243797,-5.714285714285719,4.000000000000001
WQS1258,2023,-3.5722071592027325,,5.714285714285719,-5.333333333333332
WQS1276,2023,-2.835420336420731,,1.4285714285714233,-3.6666666666666656
WQS1501,2023,-0.4824676327758857,-5.072149087016972,-8.571428571428566,0.6666666666666673
WQS1502,2023,-1.2749759216360468,-9.222846187200144,-4.285714285714295,-10.333333333333332
WQS0317,2023,-7.68260341725951,-3.914341411386275,0.0,-8.333333333333334
WQS0320,2023,-7.68260341725951,-8.660815280745382,0.0,-8.333333333333334
WQS0332,2023,-7.68260341725951,-9.0636435519762,0.0,-8.333333333333334
WQS0328,2023,-7.68260341725951,-9.818622956376078,0.0,-8.000000000000002
WQS0331,2023,-7.68260341725951,-9.0636435519762,0.0,-8.333333333333334
WQS0319,2023,-7.68260341725951,-8.33650418189909,0.0,-8.333333333333334
WQS0316,2023,-6.407627495623464,-5.749423160308053,2.8571428571428465,-5.666666666666668
WQS0318,2023,-7.68260341725951,-7.387764438278365,1.4285714285714233,-8.000000000000002
WQS0329,2023,-7.68260341725951,-7.387764438278365,0.0,-8.333333333333334
WQS0327,2023,-5.8478882811232085,-4.4903503357452434,-8.571428571428566,0.33333333333333215
WQS0867,2023,-5.329650713614663,-11.911192357723293,-1.4285714285714233,-6.666666666666667
WQS0802,2023,-2.835420336420731,-11.911192357723293,-8.571428571428566,-6.666666666666667
WQS0869,2023,-2.835420336420731,-11.911192357723293,0.0,-7.333333333333334
WQS0868,2023,-1.8580640960350063,-8.918302933170816,-4.285714285714295,-11.333333333333336
WQS0781,2023,-3.5722071592027325,-11.911192357723293,0.0,-6.333333333333335
WQS0322,2023,-7.68260341725951,-8.660815280745382,0.0,-8.000000000000002
WQS0870,2023,-2.4942303771939334,-11.911192357723293,-4.285714285714295,-6.999999999999999
WQS0942,2023,-2.835420336420731,-11.911192357723293,-5.714285714285719,-8.000000000000002
WQS0339,2023,-7.68260341725951,-9.398836535510434,0.0,-8.000000000000002
WQS0841,2023,-2.835420336420731,-11.911192357723293,-8.571428571428566,-5.666666666666668
WQS0848,2023,-2.835420336420731,-11.911192357723293,-11.428571428571425,-6.666666666666667
WQS1503,2023,-1.0007052002844297,-5.217489705822356,-12.857142857142861,3.3333333333333335
WQS0820,2023,-6.407627495623464,-11.911192357723293,-2.8571428571428465,-6.333333333333335
WQS0346,2023,-5.8478882811232085,-8.918302933170816,-4.285714285714295,0.0
WQS0340,2023,15.365206834519016,,-1.4285714285714233,15.666666666666668
WQS0349,2023,2.184438356938128,-4.4903503357452434,-2.8571428571428465,7.666666666666666
WQS0345,2023,-3.5722071592027325,-7.228561803054423,-4.285714285714295,2.666666666666666
WQS0356,2023,3.572207159202731,,-8.571428571428566,7.333333333333334
WQS0355,2023,24.862573856569323,,-7.142857142857142,15.666666666666668
WQS0350,2023,16.331293117601653,,-7.142857142857142,15.666666666666668
WQS0343,2023,-3.9719163468946816,-10.076110608801514,-2.8571428571428465,-1.3333333333333346
WQS0342,2023,-3.5722071592027325,-7.228561803054423,-4.285714285714295,2.666666666666666
WQS0341,2023,16.331293117601653,,-7.142857142857142,15.666666666666668
WQS0347,2023,-1.2749759216360468,-5.217489705822356,-7.142857142857142,-15.333333333333332
WQS0348,2023,-2.835420336420731,-8.918302933170816,-1.4285714285714233,3.0000000000000013
WQS0344,2023,-3.5722071592027325,-10.753384682092596,0.0,-0.33333333333333215
WQS0351,2023,-0.7367868227820025,,0.0,1.6666666666666667
WQS0326,2023,21.824443472083896,,-10.000000000000002,15.666666666666668
WQS1497,2023,1.4665771397347491,-4.938448678327695,-8.571428571428566,5.333333333333334
WQS0333,2023,-6.407627495623464,-9.0636435519762,-4.285714285714295,0.0
WQS0803,2023,-3.5722071592027325,-11.911192357723293,-2.8571428571428465,-5.333333333333332
WQS0813,2023,-3.1941147027672385,-11.911192357723293,-1.4285714285714233,-5.0
WQS0893,2023,-1.8580640960350063,-11.911192357723293,-5.714285714285719,-5.333333333333332
WQS0888,2023,-2.835420336420731,-10.076110608801514,-8.571428571428566,-6.666666666666667
WQS0810,2023,-2.835420336420731,-11.23391828443221,-8.571428571428566,-6.666666666666667
WQS0891,2023,-2.835420336420731,-11.911192357723293,-10.000000000000002,-5.333333333333332
WQS0873,2023,-2.835420336420731,-11.911192357723293,-10.000000000000002,-5.0
WQS0889,2023,-7.016098663383111,-11.911192357723293,0.0,-7.333333333333334
WQS0874,2023,-6.407627495623464,-11.911192357723293,0.0,-7.333333333333334
WQS0887,2023,-6.407627495623464,-11.911192357723293,0.0,-6.666666666666667
WQS0904,2023,-1.560444414784685,-7.178696506268394,0.0,-2.666666666666666
WQS0900,2023,-5.329650713614663,-11.911192357723293,0.0,-7.333333333333334
WQS0811,2023,-2.4942303771939334,-4.4903503357452434,-4.285714285714295,-7.333333333333334
WQS0805,2023,-3.1941147027672385,-5.480046750278227,-5.714285714285719,-8.000000000000002
WQS0901,2023,-7.016098663383111,-11.911192357723293,0.0,-6.999999999999999
WQS0804,2023,-7.016098663383111,-11.911192357723293,-1.4285714285714233,-6.666666666666667
WQS0809,2023,-2.835420336420731,-10.076110608801514,-8.571428571428566,-3.3333333333333335
WQS0812,2023,-4.395864751205414,-11.911192357723293,-8.571428571428566,-7.333333333333334
WQS0808,2023,-3.1941147027672385,-8.660815280745382,-7.142857142857142,-6.666666666666667
WQS0892,2023,-2.835420336420731,-9.398836535510434,-5.714285714285719,-7.333333333333334
WQS0894,2023,-2.835420336420731,-10.753384682092596,-5.714285714285719,-5.666666666666668
WQS0814,2023,-2.1689155825443325,-11.911192357723293,-7.142857142857142,-5.0
WQS0807,2023,-3.5722071592027325,-6.673777603809475,-5.714285714285719,-6.999999999999999
WQS0815,2023,-7.016098663383111,-11.911192357723293,-1.4285714285714233,-7.666666666666666
WQS0877,2023,-3.5722071592027325,-9.595577006461898,-5.714285714285719,-5.666666666666668
WQS0879,2023,-1.560444414784685,-10.753384682092596,-4.285714285714295,-5.666666666666668
WQS0899,2023,-3.1941147027672385,-10.076110608801514,-8.571428571428566,-6.0
WQS0902,2023,-3.5722071592027325,-10.076110608801514,-8.571428571428566,-6.999999999999999
WQS0883,2023,-3.1941147027672385,-9.222846187200144,-5.714285714285719,-7.333333333333334
WQS0903,2023,-3.1941147027672385,-8.78460252448154,-5.714285714285719,-6.0
WQS0898,2023,-2.835420336420731,-10.753384682092596,-8.571428571428566,-4.666666666666668
WQS0910,2023,-1.560444414784685,-10.753384682092596,-5.714285714285719,-5.0
WQS0909,2023,-3.1941147027672385,-8.918302933170816,-5.714285714285719,-5.666666666666668
WQS0890,2023,-3.9719163468946816,-9.222846187200144,-4.285714285714295,-9.333333333333334
WQS0896,2023,-3.9719163468946816,-7.626794848850844,-1.4285714285714233,-3.3333333333333335
WQS0878,2023,-2.835420336420731,-4.73316413047639,-1.4285714285714233,-4.000000000000001
WQS0897,2023,-2.4942303771939334,-6.602687581909424,0.0,-2.666666666666666
WQS0880,2023,-3.1941147027672385,-6.949520775559763,0.0,-3.3333333333333335
WQS0876,2023,-5.329650713614663,-4.41353848601209,-2.8571428571428465,-4.000000000000001
WQS0881,2023,-2.835420336420731,-6.949520775559763,0.0,-3.3333333333333335
WQS0875,2023,-2.835420336420731,-11.911192357723293,-8.571428571428566,-5.666666666666668
WQS0882,2023,6.313760220573529,-11.911192357723293,1.4285714285714233,-7.666666666666666
WQS0895,2023,-7.016098663383111,-11.911192357723293,0.0,-7.333333333333334
WQS0906,2023,-7.016098663383111,-11.911192357723293,1.4285714285714233,-7.333333333333334
WQS0905,2023,-7.016098663383111,-11.911192357723293,-1.4285714285714233,-7.666666666666666
WQS0908,2023,-6.407627495623464,-11.911192357723293,1.4285714285714233,-7.333333333333334
WQS0885,2023,-6.407627495623464,-11.911192357723293,1.4285714285714233,-8.000000000000002
WQS0907,2023,-7.016098663383111,-11.911192357723293,-1.4285714285714233,-7.333333333333334
WQS0886,2023,-7.016098663383111,-11.911192357723293,0.0,-6.333333333333335
WQS0884,2023,-6.407627495623464,-11.911192357723293,0.0,-7.333333333333334
WQS0337,2023,-1.2749759216360468,-2.1263152640683867,-2.8571428571428465,-9.000000000000002
WQS0336,2023,-7.68260341725951,-7.831585279440171,-1.4285714285714233,-7.666666666666666
WQS0338,2023,-7.68260341725951,-7.9835412074543,-1.4285714285714233,-6.999999999999999
WQS0335,2023,-7.68260341725951,-6.534500016676995,2.8571428571428465,-7.666666666666666
WQS0321,2023,-7.68260341725951,-5.791713099929066,0.0,-6.666666666666667
WQS0334,2023,-7.68260341725951,-4.4903503357452434,0.0,-4.333333333333333
WQS0791,2023,-6.407627495623464,-11.911192357723293,1.4285714285714233,-7.666666666666666
WQS0795,2023,-4.395864751205414,-7.831585279440171,-10.000000000000002,-8.333333333333334
WQS0865,2023,8.419390240041512,-6.90723083593875,1.4285714285714233,10.333333333333334
WQS0782,2023,-2.835420336420731,-9.222846187200144,-5.714285714285719,-6.666666666666667
WQS0796,2023,-2.1689155825443325,-9.398836535510434,-7.142857142857142,-4.333333333333333
WQS0847,2023,-2.835420336420731,-10.076110608801514,-5.714285714285719,-4.333333333333333
WQS0846,2023,9.694366161677557,-8.660815280745382,1.4285714285714233,-2.333333333333334
WQS0821,2023,-3.1941147027672385,-8.918302933170816,-5.714285714285719,-6.999999999999999
WQS0938,2023,-3.1941147027672385,-9.222846187200144,-10.000000000000002,-7.333333333333334
WQS0946,2023,-4.395864751205414,-11.911192357723293,0.0,-6.333333333333335
WQS0944,2023,0.0,-10.753384682092596,5.714285714285719,-5.333333333333332
WQS0945,2023,0.0,-11.911192357723293,1.4285714285714233,1.3333333333333346
WQS0929,2023,-2.835420336420731,-9.818622956376078,-5.714285714285719,-6.999999999999999
WQS0359,2023,-3.1941147027672385,-10.076110608801514,0.0,-5.333333333333332
WQS0353,2023,-2.835420336420731,-10.753384682092596,0.0,-6.666666666666667
WQS0361,2023,-3.1941147027672385,-11.911192357723293,0.0,-6.666666666666667
WQS0357,2023,-3.1941147027672385,-7.9835412074543,0.0,-6.999999999999999
WQS0354,2023,-1.560444414784685,-8.660815280745382,0.0,-6.666666666666667
WQS0358,2023,-1.0007052002844297,-8.33650418189909,0.0,-6.333333333333335
WQS0360,2023,-1.2749759216360468,-8.660815280745382,-2.8571428571428465,-1.6666666666666667
WQS0352,2023,-7.68260341725951,-1.2259952408631263,-7.142857142857142,-10.666666666666664
WQS1052,2023,8.133921746892874,,-5.714285714285719,0.6666666666666673
WQS1051,2023,5.0764825411394146,,-4.285714285714295,0.0
WQS1053,2023,2.0117627444180477,,-7.142857142857142,-0.33333333333333215
WQS1050,2023,1.65306837807154,,-8.571428571428566,-1.999999999999999
WQS1054,2023,1.65306837807154,,-8.571428571428566,-1.6666666666666667
WQS0314,2023,-0.23707378794182898,-5.770434297621524,-2.8571428571428465,1.3333333333333346
WQS0973,2023,2.0117627444180477,,-8.571428571428566,-2.333333333333334
WQS1011,2023,0.4513183296333642,,-12.857142857142861,-3.0000000000000013
WQS0315,2023,-0.4824676327758857,-7.178696506268394,0.0,0.0
WQS0792,2023,-2.835420336420731,-10.753384682092596,-5.714285714285719,-6.999999999999999
WQS0966,2023,0.0,,-8.571428571428566,-4.000000000000001
WQS1012,2023,0.8752667339440972,,-11.428571428571425,-3.0000000000000013
WQS1005,2023,2.0117627444180477,,-8.571428571428566,-0.6666666666666673
WQS0986,2023,1.65306837807154,,-11.428571428571425,-2.333333333333334
WQS1073,2023,0.8752667339440972,,-8.571428571428566,-2.666666666666666
WQS0999,2023,0.4513183296333642,,-10.000000000000002,-3.0000000000000013
WQS1004,2023,2.83542033642073,,-2.8571428571428465,-1.3333333333333346
WQS1048,2023,3.2867386660540943,,-2.8571428571428465,-0.9999999999999994
WQS1045,2023,5.925159862847577,,-1.4285714285714233,6.666666666666667
WQS1049,2023,1.65306837807154,,0.0,-0.33333333333333215
WQS0288,2023,-1.560444414784685,,-7.142857142857142,-0.9999999999999994
WQS0286,2023,-1.0007052002844297,,-8.571428571428566,-5.0
WQS0289,2023,-0.23707378794182898,,-7.142857142857142,-5.0
WQS0283,2023,-0.7367868227820025,,-7.142857142857142,-4.666666666666668
WQS0285,2023,-1.560444414784685,,-7.142857142857142,-6.666666666666667
WQS0287,2023,2.0117627444180477,,0.0,-3.3333333333333335
WQS0297,2023,1.65306837807154,,-7.142857142857142,-5.333333333333332
WQS0284,2023,-1.0007052002844297,,-4.285714285714295,-5.666666666666668
WQS1316,2023,-4.8471830808387795,-0.6441964895913976,0.0,-6.0
WQS1389,2023,-7.68260341725951,-1.9455592537752198,-11.428571428571425,-15.333333333333332
WQS1395,2023,-4.395864751205414,-0.6441964895913976,-7.142857142857142,-4.000000000000001
WQS1393,2023,-1.560444414784685,-0.13927758713247856,0.0,-4.000000000000001
WQS1394,2023,-3.1941147027672385,-0.13927758713247856,-2.8571428571428465,-4.666666666666668
WQS1384,2023,-4.395864751205414,-1.0922948321738482,0.0,-7.666666666666666
WQS1385,2023,-2.4942303771939334,-0.21352818403781276,0.0,-4.000000000000001
WQS1323,2023,-3.1941147027672385,1.9218733946861688,-5.714285714285719,-3.3333333333333335
WQS1390,2023,-2.835420336420731,-0.13927758713247856,-4.285714285714295,-5.333333333333332
WQS1420,2023,-2.1689155825443325,-0.6441964895913976,-2.8571428571428465,-2.666666666666666
WQS1318,2023,-3.5722071592027325,-4.938448678327695,-1.4285714285714233,-2.666666666666666
WQS1317,2023,-4.8471830808387795,-0.13927758713247856,0.0,-6.0
WQS1388,2023,-3.9719163468946816,-0.21352818403781276,-5.714285714285719,-4.666666666666668
WQS1386,2023,-1.0007052002844297,6.022491610282762,-5.714285714285719,-5.333333333333332
WQS1324,2023,-2.835420336420731,-1.0922948321738482,-7.142857142857142,-3.3333333333333335
WQS1387,2023,-2.835420336420731,2.753859013979998,-1.4285714285714233,-4.666666666666668
WQS1392,2023,-5.329650713614663,-1.0922948321738482,-4.285714285714295,-3.3333333333333335
WQS1391,2023,-2.1689155825443325,-0.6441964895913976,-1.4285714285714233,-1.3333333333333346
WQS1321,2023,-7.68260341725951,-7.831585279440171,-7.142857142857142,-3.0000000000000013
WQS1322,2023,-7.68260341725951,-5.770434297621524,-2.8571428571428465,-5.333333333333332
WQS1320,2023,-7.68260341725951,-8.660815280745382,-5.714285714285719,-4.000000000000001
WQS1319,2023,-7.68260341725951,-4.4903503357452434,-7.142857142857142,-2.666666666666666
WQS0300,2023,-0.4824676327758857,,-11.428571428571425,-6.0
WQS0299,2023,-1.0007052002844297,,-8.571428571428566,-5.0
WQS0301,2023,-1.560444414784685,,-12.857142857142861,-4.666666666666668
WQS0298,2023,15.619526024525136,,-8.571428571428566,9.333333333333334
WQS0303,2023,-0.4824676327758857,,-11.428571428571425,-6.0
WQS1333,2023,-3.9719163468946816,-1.0922948321738482,0.0,-8.666666666666666
WQS0279,2023,-1.2749759216360468,,-4.285714285714295,-4.666666666666668
WQS0281,2023,8.419390240041512,,-7.142857142857142,9.333333333333334
WQS0280,2023,9.694366161677557,,-8.571428571428566,3.3333333333333335
WQS0282,2023,-0.23707378794182898,,-8.571428571428566,-4.000000000000001
WQS0275,2023,-6.407627495623464,,-10.000000000000002,15.666666666666668
WQS0276,2023,0.22929946030063506,,-7.142857142857142,-3.3333333333333335
WQS0290,2023,-3.5722071592027325,,-10.000000000000002,-7.333333333333334
WQS0291,2023,-4.395864751205414,,-8.571428571428566,-7.333333333333334
WQS0293,2023,-7.68260341725951,,-10.000000000000002,-8.666666666666666
WQS1307,2023,-3.1941147027672385,-0.6441964895913976,0.0,-1.3333333333333346
WQS1306,2023,-4.8471830808387795,-0.6441964895913976,-2.8571428571428465,-9.333333333333334
WQS1365,2023,-3.5722071592027325,-0.6441964895913976,0.0,-8.666666666666666
WQS1366,2023,-3.1941147027672385,-1.9242804514676772,-4.285714285714283,-8.666666666666666
WQS1410,2023,1.8347151361362997,6.946846053784182,0.0,-4.333333333333333
WQS1380,2023,-3.9719163468946816,1.1240618129095243,-4.285714285714283,-4.333333333333333
WQS1355,2023,4.488488714492272,6.022491610282762,-2.8571428571428594,7.333333333333334
WQS1379,2023,-3.5722071592027325,-0.21352818403781276,-4.285714285714283,-3.6666666666666656
WQS1335,2023,-2.4942303771939334,1.1240618129095243,-1.4285714285714233,-6.0
WQS0273,2023,3.1395120283070157,,7.142857142857142,-2.666666666666666
WQS0278,2023,-0.23707378794182898,,-8.571428571428566,-6.0
WQS0296,2023,1.65306837807154,,2.8571428571428465,-3.3333333333333335
WQS1356,2023,3.2867386660540943,5.13251442750358,-5.714285714285719,6.666666666666667
WQS1357,2023,-3.9719163468946816,-0.21352818403781276,-1.4285714285714233,-4.000000000000001
WQS1358,2023,-1.560444414784685,6.946846053784182,-1.4285714285714233,5.333333333333334
WQS1373,2023,-4.395864751205414,-1.0922948321738482,0.0,-4.333333333333333
WQS1370,2023,2.352952703644846,6.946846053784182,-1.4285714285714233,-3.3333333333333335
WQS1372,2023,1.8347151361362997,6.022491610282762,-2.8571428571428465,-6.666666666666667
WQS1371,2023,-1.2749759216360468,1.9218733946861688,0.0,-5.333333333333332
WQS1363,2023,-2.1689155825443325,1.1240618129095243,-4.285714285714295,8.666666666666668
WQS1362,2023,-1.0007052002844297,3.7779662809214187,-4.285714285714295,10.0
WQS1359,2023,-2.835420336420731,-0.21352818403781276,-2.8571428571428465,-0.6666666666666673
WQS1303,2023,11.25481057646224,6.946846053784182,-2.8571428571428594,15.666666666666668
WQS1300,2023,12.529786498098286,6.946846053784182,25.714285714285708,15.666666666666668
WQS1301,2023,12.529786498098286,6.946846053784182,-1.4285714285714233,15.666666666666668
WQS1302,2023,12.529786498098286,6.946846053784182,-4.285714285714283,13.666666666666666
WQS1312,2023,-3.9719163468946816,5.13251442750358,-8.571428571428566,-0.33333333333333215
WQS1314,2023,-4.395864751205414,0.4637458892532693,-4.285714285714283,0.33333333333333215
WQS1313,2023,-3.9719163468946816,5.13251442750358,-5.714285714285719,2.333333333333334
WQS1397,2023,-2.4942303771939334,-0.6441964895913976,-4.285714285714295,0.6666666666666673
WQS1396,2023,1.2749759216360452,-0.21352818403781276,0.0,1.999999999999999
WQS1291,2023,-1.0007052002844297,-0.21352818403781276,-2.8571428571428465,1.3333333333333346
WQS1308,2023,-2.1689155825443325,-0.13927758713247856,-1.4285714285714233,-1.6666666666666667
WQS1282,2023,-1.560444414784685,-0.06818756523242914,-4.285714285714283,0.0
WQS1403,2023,-3.1941147027672385,-0.13927758713247856,-5.714285714285719,-0.33333333333333215
WQS1326,2023,-3.5722071592027325,4.408184752608609,-5.714285714285719,0.6666666666666673
WQS1315,2023,-1.560444414784685,-0.13927758713247856,-1.4285714285714233,-0.9999999999999994
WQS1419,2023,-3.1941147027672385,-0.06818756523242914,-8.571428571428566,-0.6666666666666673
WQS1414,2023,-3.9719163468946816,-1.37133585966851,-1.4285714285714233,-5.666666666666668
WQS1284,2023,-3.1941147027672385,-1.0922948321738482,-1.4285714285714233,-3.3333333333333335
WQS0292,2023,-1.560444414784685,,-10.000000000000002,-6.666666666666667
WQS1400,2023,-4.395864751205414,-1.9242804514676772,0.0,-1.999999999999999
WQS1305,2023,-7.68260341725951,-11.911192357723293,-2.8571428571428465,0.9999999999999994
WQS1361,2023,-5.329650713614663,-0.13927758713247856,-8.571428571428566,3.0000000000000013
WQS1364,2023,-5.329650713614663,-1.0922948321738482,-1.4285714285714233,-0.33333333333333215
WQS1401,2023,-2.1689155825443325,-1.0922948321738482,-4.285714285714283,0.33333333333333215
WQS1360,2023,-3.1941147027672385,-1.0922948321738482,-7.142857142857142,1.6666666666666667
WQS1334,2023,-1.2749759216360468,0.4637458892532693,-5.714285714285719,0.6666666666666673
WQS1286,2023,-3.5722071592027325,-1.0922948321738482,-4.285714285714283,-4.000000000000001
WQS1283,2023,-3.1941147027672385,-1.9242804514676772,-4.285714285714283,-4.000000000000001
WQS1285,2023,-1.0007052002844297,1.1240618129095243,-4.285714285714295,-4.000000000000001
WQS1288,2023,-4.8471830808387795,-2.1263152640683867,-4.285714285714283,-3.3333333333333335
WQS1289,2023,-5.329650713614663,-1.9242804514676772,-2.8571428571428594,-4.666666666666668
WQS1331,2023,-3.5722071592027325,-1.0922948321738482,-4.285714285714283,-4.000000000000001
WQS1287,2023,-3.9719163468946816,-0.6441964895913976,-2.8571428571428594,-4.333333333333333
WQS1330,2023,-2.835420336420731,-0.21352818403781276,-1.4285714285714233,0.6666666666666673
WQS1329,2023,-2.4942303771939334,1.1240618129095243,0.0,1.999999999999999
WQS1408,2023,-4.395864751205414,3.7779662809214187,-1.4285714285714233,0.6666666666666673
WQS1407,2023,-3.1941147027672385,1.9218733946861688,-1.4285714285714233,1.999999999999999
WQS1381,2023,-2.835420336420731,0.4637458892532693,0.0,-6.0
WQS1350,2023,-3.9719163468946816,-0.13927758713247856,-4.285714285714295,0.0
WQS1337,2023,4.488488714492272,5.13251442750358,-1.4285714285714233,8.666666666666668
WQS1344,2023,3.9796820411885756,3.2019573565624486,-2.8571428571428594,7.333333333333334
WQS1346,2023,-0.4824676327758857,-0.13927758713247856,-1.4285714285714233,-1.3333333333333346
WQS1294,2023,-2.4942303771939334,3.7779662809214187,-2.8571428571428594,-3.6666666666666656
WQS1297,2023,-2.835420336420731,-2.7220920332443215,0.0,-3.3333333333333335
WQS1298,2023,-3.1941147027672385,-0.6441964895913976,-1.4285714285714233,-4.000000000000001
WQS1348,2023,-4.8471830808387795,-1.9242804514676772,-2.8571428571428465,-4.666666666666668
WQS1347,2023,-3.9719163468946816,-3.3824079569005767,-5.714285714285719,-1.999999999999999
WQS1342,2023,-2.4942303771939334,-0.6441964895913976,-5.714285714285719,-4.000000000000001
WQS1292,2023,-3.5722071592027325,-0.06818756523242914,-5.714285714285719,-6.0
WQS1349,2023,-1.560444414784685,-1.0922948321738482,-4.285714285714295,-6.0
WQS1293,2023,-4.395864751205414,-0.13927758713247856,0.0,-3.3333333333333335
WQS1295,2023,-4.395864751205414,-0.6441964895913976,-1.4285714285714233,-3.3333333333333335
WQS1339,2023,-4.395864751205414,3.7779662809214187,-4.285714285714295,-4.000000000000001
WQS1340,2023,-3.1941147027672385,-0.21352818403781276,0.0,-4.666666666666668
WQS1296,2023,-5.329650713614663,-0.6441964895913976,-4.285714285714295,-2.666666666666666
WQS1345,2023,3.2867386660540943,-0.13927758713247856,0.0,6.0
WQS1343,2023,-3.1941147027672385,3.2019573565624486,0.0,-4.666666666666668
WQS1341,2023,-4.395864751205414,-0.9685075884376897,-4.285714285714283,-4.666666666666668
WQS1376,2023,-4.395864751205414,-0.13927758713247856,-4.285714285714295,-4.000000000000001
WQS1374,2023,-4.8471830808387795,-0.13927758713247856,-1.4285714285714233,-1.6666666666666667
WQS1375,2023,-3.1941147027672385,-0.13927758713247856,0.0,-4.333333333333333
WQS1377,2023,-3.1941147027672385,-0.13927758713247856,-5.714285714285719,4.000000000000001
WQS1332,2023,-3.5722071592027325,-0.6441964895913976,-8.571428571428566,1.3333333333333346
WQS0636,2023,-1.560444414784685,,-10.000000000000002,-9.333333333333334
WQS1409,2023,-4.8471830808387795,-1.0922948321738482,-2.8571428571428594,-1.3333333333333346
WQS0626,2023,-1.0007052002844297,,-1.4285714285714233,-9.000000000000002
WQS1369,2023,-4.395864751205414,-1.0922948321738482,-2.8571428571428594,-4.000000000000001
WQS1327,2023,-3.1941147027672385,1.1240618129095243,-5.714285714285719,-3.3333333333333335
WQS1354,2023,-2.835420336420731,-0.21352818403781276,-4.285714285714283,-3.3333333333333335
WQS1416,2023,-5.329650713614663,-0.2912335151466093,-4.285714285714295,-4.000000000000001
WQS1415,2023,-2.835420336420731,-0.21352818403781276,-1.4285714285714233,-6.0
WQS1402,2023,-3.1941147027672385,-1.9242804514676772,-5.714285714285719,-0.6666666666666673
WQS0629,2023,-1.8580640960350063,,0.0,-8.666666666666666
WQS0630,2023,0.4513183296333642,,-2.8571428571428465,-5.666666666666668
WQS0635,2023,-1.0007052002844297,,-4.285714285714283,-7.333333333333334
WQS0634,2023,-1.0007052002844297,,-4.285714285714283,-6.666666666666667
WQS1378,2023,-3.5722071592027325,-0.13927758713247856,0.0,0.0
WQS1399,2023,-4.395864751205414,-0.13927758713247856,-1.4285714285714233,0.6666666666666673
WQS1398,2023,-2.835420336420731,-0.2912335151466093,-2.8571428571428465,-4.000000000000001
WQS1383,2023,-4.395864751205414,-1.9242804514676772,-1.4285714285714233,-4.000000000000001
WQS1382,2023,-3.5722071592027325,-1.0922948321738482,-2.8571428571428465,0.6666666666666673
WQS1411,2023,-4.395864751205414,-0.13927758713247856,-4.285714285714295,-5.333333333333332
WQS1290,2023,-1.2749759216360468,-1.37133585966851,-8.571428571428566,-2.666666666666666
WQS1024,2023,0.4513183296333642,,-7.142857142857142,-3.0000000000000013
WQS1026,2023,1.2749759216360452,,-8.571428571428566,-1.6666666666666667
WQS1016,2023,2.352952703644846,,-8.571428571428566,0.6666666666666673
WQS1021,2023,2.352952703644846,,-5.714285714285719,5.0
WQS1014,2023,2.352952703644846,,-4.285714285714283,4.000000000000001
WQS0972,2023,6.858945825256826,,-8.571428571428566,9.000000000000002
WQS1018,2023,1.65306837807154,,-8.571428571428566,-1.3333333333333346
WQS1022,2023,1.65306837807154,,-7.142857142857142,-1.6666666666666667
WQS0970,2023,1.65306837807154,,-7.142857142857142,-1.3333333333333346
WQS1023,2023,6.858945825256826,,7.142857142857142,1.999999999999999
WQS1025,2023,6.407627495623461,,7.142857142857142,-3.3333333333333335
WQS0968,2023,4.847183080838778,,5.714285714285719,-2.666666666666666
WQS1015,2023,7.28289422956756,,7.142857142857142,-3.3333333333333335
WQS1017,2023,9.694366161677557,,2.8571428571428465,6.666666666666667
WQS1019,2023,4.847183080838778,,-7.142857142857142,3.0000000000000013
WQS0967,2023,9.08589499391791,,4.285714285714295,7.000000000000001
WQS1020,2023,5.406922295339032,,2.8571428571428465,-1.6666666666666667
WQS0969,2023,3.572207159202731,,2.8571428571428465,-4.666666666666668
WQS1013,2023,3.2867386660540943,,-2.8571428571428465,-0.9999999999999994
WQS1593,2023,2.352952703644846,,-2.8571428571428465,-5.0
WQS1618,2023,2.352952703644846,,-1.4285714285714233,-4.000000000000001
WQS1617,2023,2.352952703644846,,-2.8571428571428465,-3.6666666666666656
WQS1599,2023,6.858945825256826,,-4.285714285714295,15.666666666666668
WQS1600,2023,-1.560444414784685,,-4.285714285714295,-1.3333333333333346
WQS1601,2023,0.8752667339440972,,-1.4285714285714233,-0.6666666666666673
WQS1597,2023,2.0117627444180477,,-4.285714285714295,0.6666666666666673
WQS1602,2023,2.0117627444180477,,-4.285714285714295,0.0
WQS1615,2023,-1.0007052002844297,,-2.8571428571428594,7.333333333333334
WQS1616,2023,-1.560444414784685,,-5.714285714285719,0.0
WQS1614,2023,2.0117627444180477,,-1.4285714285714233,-1.999999999999999
WQS1613,2023,-2.835420336420731,,-1.4285714285714233,-1.3333333333333346
WQS1598,2023,-2.1689155825443325,,-1.4285714285714233,-1.3333333333333346
WQS1595,2023,-1.2749759216360468,,-1.4285714285714233,0.0
WQS1594,2023,-2.1689155825443325,,-4.285714285714295,-0.33333333333333215
WQS1596,2023,0.4513183296333642,,-4.285714285714295,0.6666666666666673
WQS0011,2023,-2.1689155825443325,,-1.4285714285714233,-4.000000000000001
WQS0004,2023,-1.8580640960350063,,0.0,-4.000000000000001
WQS0005,2023,-1.0007052002844297,,-1.4285714285714233,-3.3333333333333335
WQS0007,2023,-2.1689155825443325,,-1.4285714285714233,-6.333333333333335
WQS0009,2023,-1.560444414784685,,2.8571428571428594,-5.666666666666668
WQS0008,2023,-1.560444414784685,,1.4285714285714233,-3.6666666666666656
WQS0010,2023,-1.560444414784685,,0.0,-4.666666666666668
WQS0006,2023,-1.560444414784685,,0.0,-4.666666666666668
WQS1367,2023,-3.5722071592027325,2.753859013979998,-2.8571428571428594,1.6666666666666667
WQS1368,2023,-7.68260341725951,-1.0922948321738482,-7.142857142857142,-8.333333333333334
WQS0294,2023,-2.835420336420731,,-12.857142857142861,-8.666666666666666
WQS0295,2023,-1.8580640960350063,,-12.857142857142861,-8.333333333333334
WQS0853,2023,-2.1689155825443325,-10.753384682092596,-4.285714285714295,-6.999999999999999
WQS0854,2023,-2.1689155825443325,-9.818622956376078,-5.714285714285719,-6.999999999999999
WQS1030,2023,1.0779767820087993,,1.4285714285714233,-1.3333333333333346
WQS1029,2023,2.0117627444180477,,1.4285714285714233,-0.33333333333333215
WQS0976,2023,8.278112566492425,,-1.4285714285714233,10.0
WQS1620,2023,-2.1689155825443325,,-2.8571428571428465,0.0
WQS1619,2023,-1.560444414784685,,-4.285714285714295,1.3333333333333346
WQS1603,2023,-0.4824676327758857,,-4.285714285714295,0.6666666666666673
WQS1031,2023,2.0117627444180477,,2.8571428571428465,-0.33333333333333215
WQS1629,2023,10.254105376177812,,-1.4285714285714233,15.666666666666668
WQS1630,2023,1.65306837807154,,-5.714285714285719,3.3333333333333335
WQS1605,2023,-0.23707378794182898,,-1.4285714285714233,-0.6666666666666673
WQS0742,2023,0.0,-2.559793264804111,-2.8571428571428465,-6.333333333333335
WQS1632,2023,0.6665047538763971,,-1.4285714285714233,-3.6666666666666656
WQS1631,2023,0.4513183296333642,,-2.8571428571428465,-2.666666666666666
WQS1608,2023,0.4513183296333642,,-8.571428571428566,-3.0000000000000013
WQS1607,2023,1.8347151361362997,,-10.000000000000002,-3.0000000000000013
WQS1634,2023,2.0117627444180477,,-2.8571428571428465,-4.000000000000001
WQS0985,2023,3.846477880554349,,0.0,-3.3333333333333335
WQS0743,2023,5.925159862847577,-0.9685075884376897,0.0,-9.000000000000002
WQS1035,2023,4.610109292896951,,-2.8571428571428465,6.333333333333333
WQS1633,2023,3.2867386660540943,,-4.285714285714283,2.666666666666666
WQS0913,2023,-2.835420336420731,-9.222846187200144,-5.714285714285719,-6.999999999999999
WQS0914,2023,-2.835420336420731,-9.818622956376078,-5.714285714285719,-6.999999999999999
WQS1046,2023,2.0117627444180477,,-1.4285714285714233,-0.6666666666666673
WQS1047,2023,1.65306837807154,,2.8571428571428465,-1.999999999999999
WQS1003,2023,1.2749759216360452,,2.8571428571428465,-2.333333333333334
WQS0036,2023,-0.23707378794182898,,0.0,-3.3333333333333335
WQS0302,2023,-1.560444414784685,,-14.285714285714285,-8.000000000000002
WQS0948,2023,-4.395864751205414,-9.818622956376078,-8.571428571428566,-6.333333333333335
WQS0937,2023,-1.560444414784685,-9.222846187200144,-8.571428571428566,-1.3333333333333346
WQS0936,2023,-3.1941147027672385,-8.33650418189909,-10.000000000000002,-7.333333333333334
WQS1057,2023,0.0,,1.4285714285714233,-3.3333333333333335
WQS1059,2023,0.4513183296333642,,2.8571428571428465,-3.3333333333333335
WQS1058,2023,1.0779767820087993,,4.285714285714295,-1.6666666666666667
WQS1075,2023,0.8752667339440972,,4.285714285714295,-2.333333333333334
WQS1074,2023,2.83542033642073,,4.285714285714295,-1.6666666666666667
WQS1055,2023,3.572207159202731,,7.142857142857142,3.666666666666667
WQS1056,2023,7.200135784483624,,4.285714285714295,8.333333333333334
WQS0939,2023,-2.4942303771939334,-11.911192357723293,-2.8571428571428465,-10.0
WQS1063,2023,1.2749759216360452,,4.285714285714295,-2.666666666666666
WQS1064,2023,0.4513183296333642,,2.8571428571428465,-2.666666666666666
WQS1061,2023,2.9891189848037722,,4.285714285714295,-0.6666666666666673
WQS1060,2023,2.0117627444180477,,2.8571428571428465,-0.9999999999999994
WQS1065,2023,1.8347151361362997,,4.285714285714295,-1.999999999999999
WQS1062,2023,2.352952703644846,,4.285714285714295,-1.3333333333333346
WQS1076,2023,1.65306837807154,,2.8571428571428465,-0.6666666666666673
WQS1078,2023,0.8752667339440972,,4.285714285714295,-2.666666666666666
WQS1077,2023,1.65306837807154,,4.285714285714295,-0.33333333333333215
WQS0981,2023,0.0,,,15.666666666666668
WQS1006,2023,4.610109292896951,,-4.285714285714295,-0.33333333333333215
WQS0979,2023,4.1103962580567766,,0.0,-0.33333333333333215
WQS0978,2023,7.200135784483624,,-4.285714285714295,0.9999999999999994
WQS0977,2023,3.846477880554349,,-5.714285714285719,-0.9999999999999994
WQS1034,2023,0.0,,2.8571428571428465,-2.666666666666666
WQS0982,2023,2.0117627444180477,,2.8571428571428465,-0.6666666666666673
WQS0980,2023,4.610109292896951,,-5.714285714285719,-0.33333333333333215
WQS0983,2023,0.0,,1.4285714285714233,-0.9999999999999994
WQS1033,2023,0.0,,1.4285714285714233,-0.9999999999999994
WQS0676,2023,1.8347151361362997,-1.6698160820249321,7.142857142857142,-4.333333333333333
WQS0680,2023,1.0779767820087993,-1.6698160820249321,5.714285714285719,-5.0
WQS0736,2023,12.130077310406339,-1.6698160820249321,4.285714285714295,-3.0000000000000013
WQS0735,2023,-0.23707378794182898,-1.6698160820249321,0.0,-4.666666666666668
WQS0677,2023,3.2867386660540943,-1.6698160820249321,4.285714285714295,-1.999999999999999
WQS0678,2023,2.5175016365832654,-0.5120084063942351,4.285714285714295,-4.333333333333333
WQS0679,2023,0.4513183296333642,-2.8276237576556293,2.8571428571428465,-5.666666666666668
WQS0738,2023,-7.68260341725951,0.18930008719300745,2.8571428571428465,-4.666666666666668
WQS1627,2023,-0.4824676327758857,,-2.8571428571428465,-0.6666666666666673
WQS0737,2023,1.0779767820087993,-2.4404308273426927,1.4285714285714233,-5.0
WQS1604,2023,1.2749759216360452,,-1.4285714285714233,-0.33333333333333215
WQS1624,2023,0.4513183296333642,,-2.8571428571428465,1.999999999999999
WQS0017,2023,-2.835420336420731,,-4.285714285714295,-0.9999999999999994
WQS0002,2023,-3.9719163468946816,,-5.714285714285719,-0.9999999999999994
WQS1628,2023,0.8752667339440972,,-1.4285714285714233,-4.000000000000001
WQS1621,2023,2.184438356938128,,1.4285714285714233,-1.3333333333333346
WQS0018,2023,-0.23707378794182898,,-5.714285714285719,-6.333333333333335
WQS1623,2023,11.706128906095605,,-1.4285714285714233,-3.3333333333333335
WQS1625,2023,1.8347151361362997,,0.0,-3.0000000000000013
WQS1626,2023,0.0,,1.4285714285714233,-2.666666666666666
WQS0021,2023,-0.4824676327758857,,-4.285714285714295,-6.999999999999999
WQS0019,2023,-0.23707378794182898,,-5.714285714285719,-6.333333333333335
WQS0024,2023,-0.4824676327758857,,-5.714285714285719,-6.999999999999999
WQS0022,2023,-0.4824676327758857,,-5.714285714285719,-6.999999999999999
WQS0023,2023,-0.4824676327758857,,-10.000000000000002,-7.333333333333334
WQS0020,2023,-0.4824676327758857,,-4.285714285714295,-3.6666666666666656
WQS1041,2023,6.122159002474825,,0.0,0.33333333333333215
WQS0993,2023,2.83542033642073,,1.4285714285714233,-1.3333333333333346
WQS0994,2023,5.0764825411394146,,0.0,-0.9999999999999994
WQS0991,2023,6.407627495623461,,-1.4285714285714233,0.33333333333333215
WQS0992,2023,10.772342943686354,,-1.4285714285714233,2.333333333333334
WQS1070,2023,1.2749759216360452,,-1.4285714285714233,-2.333333333333334
WQS1072,2023,3.572207159202731,,-2.8571428571428465,-0.9999999999999994
WQS1071,2023,5.298501410472143,,-4.285714285714295,0.6666666666666673
WQS1637,2023,10.772342943686354,,-4.285714285714283,15.666666666666668
WQS1639,2023,10.772342943686354,,-4.285714285714283,15.666666666666668
WQS1640,2023,11.25481057646224,,-5.714285714285719,15.666666666666668
WQS1636,2023,11.706128906095605,,-7.142857142857142,15.666666666666668
WQS1641,2023,10.772342943686354,,-7.142857142857142,15.666666666666668
WQS1635,2023,11.706128906095605,,-4.285714285714283,15.666666666666668
WQS1642,2023,4.847183080838778,,-7.142857142857142,15.666666666666668
WQS1643,2023,4.962772604973117,,-4.285714285714283,-3.0000000000000013
WQS1644,2023,4.610109292896951,,-2.8571428571428465,-3.0000000000000013
WQS1609,2023,3.1395120283070157,,0.0,-4.333333333333333
WQS1638,2023,1.2749759216360452,,0.0,-1.3333333333333346
WQS1645,2023,0.22929946030063506,,1.4285714285714233,-3.3333333333333335
WQS1009,2023,15.365206834519016,,-8.571428571428566,7.000000000000001
WQS0952,2023,14.243929561266013,,-5.714285714285719,5.666666666666668
WQS0954,2023,4.1103962580567766,,-2.8571428571428465,0.0
WQS1007,2023,9.022031472496423,,-7.142857142857142,2.666666666666666
WQS0951,2023,7.28289422956756,,-5.714285714285719,1.6666666666666667
WQS0955,2023,6.407627495623461,,-2.8571428571428465,0.33333333333333215
WQS1008,2023,6.500251458910318,,-1.4285714285714233,-0.9999999999999994
WQS1010,2023,6.681898216975081,,-2.8571428571428465,0.33333333333333215
WQS0953,2023,8.693660961393128,,-1.4285714285714233,1.999999999999999
WQS0695,2023,-0.23707378794182898,-1.6698160820249321,0.0,-3.3333333333333335
WQS0663,2023,6.858945825256826,7.757820535764541,0.0,-3.3333333333333335
WQS0664,2023,2.0117627444180477,3.7068762590213673,4.285714285714295,-5.0
WQS0665,2023,0.6665047538763971,-2.1263152640683867,1.4285714285714233,-1.999999999999999
WQS0694,2023,5.61884781628539,-0.21352818403781276,1.4285714285714233,-6.999999999999999
WQS0662,2023,0.0,-2.7220920332443215,0.0,-6.666666666666667
WQS0014,2023,-1.2749759216360468,,-5.714285714285719,-1.6666666666666667
WQS0016,2023,-0.4824676327758857,,-5.714285714285719,-1.3333333333333346
WQS0690,2023,-2.835420336420731,-6.90723083593875,-4.285714285714295,-5.333333333333332
WQS0691,2023,-2.835420336420731,-6.90723083593875,-4.285714285714295,-5.333333333333332
WQS0692,2023,-1.560444414784685,-5.497911769685009,-5.714285714285719,-5.333333333333332
WQS0688,2023,-0.23707378794182898,-3.103366929405917,0.0,0.33333333333333215
WQS0693,2023,0.6665047538763971,-3.4868396724529416,-1.4285714285714233,-5.666666666666668
WQS0689,2023,-0.4824676327758857,-3.7176009404348083,-7.142857142857142,-3.3333333333333335
WQS0959,2023,7.1163861967443545,,-1.4285714285714233,0.9999999999999994
WQS0958,2023,7.68260341725951,,-1.4285714285714233,1.6666666666666667
WQS0673,2023,0.0,-2.559793264804111,2.8571428571428465,-3.6666666666666656
WQS0724,2023,3.846477880554349,-1.6698160820249321,9.99999999999999,-1.999999999999999
WQS0723,2023,2.352952703644846,-1.6698160820249321,8.571428571428566,-1.999999999999999
WQS0965,2023,8.206388789099492,,-1.4285714285714233,1.3333333333333346
WQS1028,2023,7.1163861967443545,,-7.142857142857142,0.6666666666666673
WQS0975,2023,7.200135784483624,,-7.142857142857142,-0.6666666666666673
WQS1027,2023,7.60446844804185,,-7.142857142857142,0.6666666666666673
WQS0675,2023,2.0117627444180477,5.390002079929018,0.0,-5.666666666666668
WQS0734,2023,1.2749759216360452,1.7198385820854594,1.4285714285714233,-7.333333333333334
WQS0733,2023,4.847183080838778,1.9218733946861688,0.0,-5.666666666666668
WQS1032,2023,3.572207159202731,,-5.714285714285719,-1.3333333333333346
WQS0683,2023,-0.23707378794182898,-1.6698160820249321,4.285714285714295,-1.999999999999999
WQS0684,2023,0.0,-1.6698160820249321,2.8571428571428465,-1.999999999999999
WQS0681,2023,1.65306837807154,-1.6698160820249321,4.285714285714295,0.0
WQS0682,2023,2.9891189848037722,-1.6698160820249321,2.8571428571428465,0.0
WQS0744,2023,-0.4824676327758857,-1.6698160820249321,7.142857142857142,-0.33333333333333215
WQS0987,2023,11.706128906095605,,-7.142857142857142,2.333333333333334
WQS1036,2023,14.827017735664974,,-5.714285714285719,5.333333333333334
WQS1038,2023,13.607763280107086,,-8.571428571428566,4.666666666666667
WQS1037,2023,10.518023753680238,,-7.142857142857142,2.333333333333334
WQS0003,2023,-0.23707378794182898,,-5.714285714285719,-6.333333333333335
WQS1622,2023,0.4513183296333642,,-2.8571428571428465,1.3333333333333346
WQS0988,2023,0.4513183296333642,,-7.142857142857142,-2.666666666666666
WQS1039,2023,15.864919869359195,,-4.285714285714283,8.333333333333334
WQS0989,2023,15.864919869359195,,-5.714285714285719,7.666666666666666
WQS1040,2023,16.101993657301023,,-5.714285714285719,7.333333333333334
WQS0026,2023,-0.23707378794182898,,-5.714285714285719,-6.999999999999999
WQS0998,2023,0.0,,-5.714285714285719,-0.9999999999999994
WQS0996,2023,0.0,,0.0,-1.999999999999999
WQS0995,2023,1.65306837807154,,1.4285714285714233,-1.999999999999999
WQS0997,2023,0.0,,0.0,-1.3333333333333346
WQS1044,2023,15.365206834519016,,-7.142857142857142,6.333333333333333
WQS1043,2023,3.2867386660540943,,-7.142857142857142,-0.9999999999999994
WQS1000,2023,10.254105376177812,,-5.714285714285719,2.666666666666666
WQS1002,2023,16.331293117601653,,-7.142857142857142,6.0
WQS1001,2023,14.541549242516338,,-7.142857142857142,4.333333333333333
WQS1042,2023,15.619526024525136,,-7.142857142857142,7.000000000000001
WQS1066,2023,9.022031472496423,,1.4285714285714233,1.999999999999999
WQS0750,2023,6.858945825256826,-1.6338929041243797,0.0,15.0
WQS0751,2023,-1.2749759216360468,-6.673777603809475,0.0,0.0
WQS0754,2023,0.0,-6.786429050355581,-4.285714285714283,-4.333333333333333
WQS0761,2023,-0.4824676327758857,-4.4903503357452434,0.0,-6.666666666666667
WQS0772,2023,0.0,-4.137387361300456,0.0,-6.666666666666667
WQS0767,2023,0.0,-4.218884665415601,0.0,-6.666666666666667
WQS0756,2023,5.0764825411394146,-5.480046750278227,-4.285714285714295,-3.6666666666666656
WQS0769,2023,0.0,-4.938448678327695,0.0,-6.333333333333335
WQS0758,2023,3.846477880554349,1.0544532663987694,-2.8571428571428465,-5.666666666666668
WQS0762,2023,2.9891189848037722,-4.218884665415601,0.0,-3.6666666666666656
WQS0766,2023,2.352952703644846,-3.6568537589608385,-4.285714285714295,-5.666666666666668
WQS0752,2023,0.8752667339440972,-5.217489705822356,-1.4285714285714233,-6.0
WQS0753,2023,-0.4824676327758857,-5.53422544750363,0.0,-6.333333333333335
WQS0759,2023,1.0779767820087993,-4.814661434591535,-2.8571428571428465,-6.666666666666667
WQS0763,2023,1.2749759216360452,-4.814661434591535,-1.4285714285714233,-6.666666666666667
WQS0768,2023,5.513687834715175,-5.072149087016972,0.0,-6.666666666666667
WQS0764,2023,0.0,-1.6338929041243797,0.0,-6.999999999999999
WQS0765,2023,0.0,-2.3023056123786763,0.0,-7.333333333333334
WQS0755,2023,0.0,-2.7220920332443215,0.0,-6.999999999999999
WQS0773,2023,22.783891874276097,12.628081648859808,0.0,15.666666666666668
WQS0757,2023,1.0779767820087993,-2.1263152640683867,1.4285714285714233,-6.0
WQS0760,2023,-7.68260341725951,-1.9242804514676772,2.8571428571428465,-7.333333333333334
WQS0032,2023,-0.7367868227820025,,-7.142857142857142,-0.9999999999999994
WQS0031,2023,-1.2749759216360468,,-5.714285714285719,-0.6666666666666673
WQS0034,2023,-0.4824676327758857,,-4.285714285714283,0.0
WQS0033,2023,-0.4824676327758857,,-7.142857142857142,-0.33333333333333215
WQS0035,2023,-0.23707378794182898,,-7.142857142857142,-2.666666666666666
WQS1068,2023,3.846477880554349,,-2.8571428571428465,0.33333333333333215
WQS1069,2023,7.200135784483624,,-7.142857142857142,0.0
WQS0030,2023,-0.4824676327758857,,-7.142857142857142,-0.9999999999999994
WQS0028,2023,-1.2749759216360468,,-5.714285714285719,-1.6666666666666667
WQS0027,2023,-0.4824676327758857,,-4.285714285714295,-6.0
WQS0029,2023,-0.7367868227820025,,-1.4285714285714233,0.0
WQS0025,2023,1.2749759216360452,,-5.714285714285719,5.333333333333334
WQS1425,2023,7.68260341725951,,12.857142857142861,-4.333333333333333
WQS0704,2023,-1.2749759216360468,-6.786429050355581,2.8571428571428465,-4.333333333333333
WQS0667,2023,0.0,-5.791713099929066,1.4285714285714233,-4.000000000000001
WQS0666,2023,2.0117627444180477,-4.4903503357452434,1.4285714285714233,-3.6666666666666656
WQS0706,2023,2.83542033642073,-3.7176009404348083,0.0,-2.333333333333334
WQS0699,2023,2.0117627444180477,-4.137387361300456,2.8571428571428465,-1.6666666666666667
WQS0668,2023,1.0779767820087993,-4.137387361300456,1.4285714285714233,-1.3333333333333346
WQS0698,2023,1.0779767820087993,-4.4903503357452434,0.0,-2.333333333333334
WQS0705,2023,0.0,-4.137387361300456,0.0,-4.000000000000001
WQS0702,2023,0.0,-4.4903503357452434,2.8571428571428465,-3.6666666666666656
WQS0709,2023,2.0117627444180477,-3.7806410026969988,1.4285714285714233,-2.333333333333334
WQS0708,2023,2.83542033642073,-3.43380780904666,1.4285714285714233,-2.666666666666666
WQS0719,2023,1.0779767820087993,-4.0596820301916585,1.4285714285714233,-3.0000000000000013
WQS0722,2023,0.0,-5.497911769685009,1.4285714285714233,-4.333333333333333
WQS0720,2023,0.0,-6.020888830637697,1.4285714285714233,-4.000000000000001
WQS0671,2023,0.0,-5.072149087016972,1.4285714285714233,-4.000000000000001
WQS0721,2023,0.0,-5.217489705822356,2.8571428571428465,-5.0
WQS0707,2023,2.0117627444180477,-3.7806410026969988,2.8571428571428465,-0.6666666666666673
WQS0669,2023,0.0,-5.217489705822356,2.8571428571428465,-4.333333333333333
WQS0711,2023,9.694366161677557,2.2122609420294665,-5.714285714285719,4.666666666666667
WQS0715,2023,0.0,-4.4903503357452434,2.8571428571428465,-4.000000000000001
WQS0712,2023,-1.2749759216360468,-6.865985199816546,5.714285714285719,-5.0
WQS0713,2023,0.0,-5.5159699281787775,4.285714285714295,-5.333333333333332
WQS0696,2023,-7.68260341725951,-5.770434297621524,4.285714285714295,-6.666666666666667
WQS1542,2023,-0.7367868227820025,-8.33650418189909,5.714285714285719,-0.6666666666666673
WQS1545,2023,-0.7367868227820025,-7.228561803054423,-2.8571428571428465,-3.0000000000000013
WQS1538,2023,0.22929946030063506,-7.626794848850844,-2.8571428571428465,-0.6666666666666673
WQS1548,2023,-0.4824676327758857,-7.9835412074543,-2.8571428571428465,-1.999999999999999
WQS1543,2023,-0.7367868227820025,-7.760495257540121,1.4285714285714233,-1.6666666666666667
WQS1575,2023,-1.2749759216360468,-7.563754786588654,-1.4285714285714233,-1.999999999999999
WQS1544,2023,0.0,-5.791713099929066,-1.4285714285714233,-4.666666666666668
WQS1546,2023,2.0117627444180477,-4.4903503357452434,0.0,1.6666666666666667
WQS1551,2023,0.0,-6.710490364987283,-2.8571428571428465,2.666666666666666
WQS1550,2023,0.0,-5.497911769685009,0.0,-2.333333333333334
WQS1552,2023,-0.23707378794182898,-6.020888830637697,-5.714285714285719,1.6666666666666667
WQS1549,2023,-0.4824676327758857,-8.065038511569448,-1.4285714285714233,-1.999999999999999
WQS1541,2023,-7.68260341725951,-8.660815280745382,-7.142857142857142,-3.0000000000000013
WQS1539,2023,-1.560444414784685,-7.563754786588654,-2.8571428571428465,-2.666666666666666
WQS1553,2023,0.0,-7.563754786588654,2.8571428571428465,0.33333333333333215
WQS1554,2023,-2.4942303771939334,-7.760495257540121,-1.4285714285714233,-3.0000000000000013
WQS1585,2023,-1.560444414784685,-6.90723083593875,-2.8571428571428465,-3.6666666666666656
WQS1540,2023,-0.4824676327758857,-9.0636435519762,-8.571428571428566,-1.999999999999999
WQS1537,2023,11.706128906095605,-7.626794848850844,1.4285714285714233,-0.6666666666666673
WQS1547,2023,6.858945825256826,-7.9835412074543,-1.4285714285714233,-0.6666666666666673
WQS1536,2023,0.0,-7.626794848850844,2.8571428571428465,-0.6666666666666673
WQS1569,2023,-0.7367868227820025,-7.760495257540121,0.0,-1.999999999999999
WQS1570,2023,-0.4824676327758857,-7.626794848850844,1.4285714285714233,-2.333333333333334
WQS1572,2023,-2.4942303771939334,-7.9835412074543,0.0,-2.333333333333334
WQS1574,2023,-0.7367868227820025,-6.637854425908923,-1.4285714285714233,-2.333333333333334
WQS1571,2023,-1.0007052002844297,-7.760495257540121,4.285714285714295,-1.999999999999999
WQS1573,2023,-7.68260341725951,-8.065038511569448,-4.285714285714295,-1.999999999999999
WQS0770,2023,0.0,-5.072149087016972,1.4285714285714233,-3.6666666666666656
WQS0697,2023,-2.835420336420731,-6.865985199816546,-7.142857142857142,-5.666666666666668
WQS0714,2023,-2.835420336420731,-6.637854425908923,-5.714285714285719,-5.666666666666668
WQS0716,2023,-1.2749759216360468,-7.228561803054423,-7.142857142857142,-5.333333333333332
WQS0718,2023,-2.835420336420731,-7.2799616552005055,-4.285714285714283,-6.0
WQS0717,2023,-2.835420336420731,-6.637854425908923,-10.000000000000002,-6.0
WQS0700,2023,0.0,-4.4903503357452434,-2.8571428571428465,-3.3333333333333335
WQS0710,2023,1.0779767820087993,-4.137387361300456,-1.4285714285714233,-3.3333333333333335
WQS0701,2023,2.352952703644846,-3.3824079569005767,-1.4285714285714233,-1.3333333333333346
WQS0703,2023,2.83542033642073,-3.103366929405917,-1.4285714285714233,-0.6666666666666673
WQS1555,2023,-0.7367868227820025,-7.905835876345505,0.0,-2.333333333333334
WQS1564,2023,-1.560444414784685,-7.760495257540121,0.0,-0.9999999999999994
WQS1562,2023,-0.7367868227820025,-4.814661434591535,-5.714285714285719,-1.999999999999999
WQS1567,2023,-1.560444414784685,-6.020888830637697,-1.4285714285714233,-1.999999999999999
WQS1563,2023,-0.23707378794182898,-8.33650418189909,1.4285714285714233,-0.6666666666666673
WQS1565,2023,-0.7367868227820025,-6.020888830637697,-5.714285714285719,-2.666666666666666
WQS1568,2023,0.0,-7.9835412074543,1.4285714285714233,-0.6666666666666673
WQS1566,2023,-0.7367868227820025,-7.905835876345505,4.285714285714295,-2.333333333333334
WQS0774,2023,0.0,-2.791700579755077,-2.8571428571428465,0.0
WQS0726,2023,-2.1689155825443325,-5.072149087016972,-4.285714285714295,-4.666666666666668
WQS0745,2023,2.83542033642073,-3.103366929405917,1.4285714285714233,-0.9999999999999994
WQS0746,2023,12.529786498098286,3.2019573565624486,-2.8571428571428594,9.666666666666666
WQS0747,2023,3.572207159202731,-3.0610769897849037,1.4285714285714233,1.3333333333333346
WQS1587,2023,15.365206834519016,3.5549203310072386,-7.142857142857142,15.666666666666668
WQS1592,2023,25.796359818978573,8.435094609055623,-5.714285714285719,15.666666666666668
WQS1535,2023,-1.560444414784685,-8.33650418189909,-5.714285714285719,-0.6666666666666673
WQS1584,2023,0.0,-8.33650418189909,-4.285714285714295,-0.6666666666666673
WQS1583,2023,-0.4824676327758857,-6.90723083593875,-8.571428571428566,-1.6666666666666667
WQS0658,2023,12.529786498098286,2.992889424552476,-2.8571428571428594,6.0
WQS0660,2023,13.607763280107086,5.870535682268633,-1.4285714285714233,10.666666666666668
WQS0659,2023,22.224152659775843,1.1240618129095243,7.142857142857142,15.666666666666668
WQS0686,2023,13.266573320880289,2.4748179864853377,-2.8571428571428594,6.333333333333333
WQS0728,2023,2.0117627444180477,-4.0596820301916585,-2.8571428571428465,-0.33333333333333215
WQS0729,2023,2.0117627444180477,-3.43380780904666,-1.4285714285714233,-1.999999999999999
WQS0775,2023,-6.407627495623464,,0.0,-3.6666666666666656
WQS0730,2023,0.0,-5.072149087016972,-1.4285714285714233,-4.333333333333333
WQS0727,2023,2.83542033642073,-3.103366929405917,1.4285714285714233,0.0
WQS0732,2023,1.0779767820087993,-3.43380780904666,-1.4285714285714233,-2.666666666666666
WQS0731,2023,4.847183080838778,-3.3325426601145485,0.0,1.999999999999999
WQS0739,2023,6.858945825256826,-2.1747349844838513,-1.4285714285714233,8.333333333333334
WQS0740,2023,6.858945825256826,-2.756533735755578,0.0,6.666666666666667
WQS0741,2023,4.847183080838778,-3.0198313536627,0.0,1.999999999999999
WQS1586,2023,17.376969578937064,3.911666689610695,-4.285714285714283,15.666666666666668
WQS1556,2023,14.827017735664974,-2.791700579755077,-4.285714285714283,15.666666666666668
WQS1557,2023,14.827017735664974,-3.3824079569005767,-2.8571428571428594,15.666666666666668
WQS1559,2023,13.266573320880289,-3.7176009404348083,-5.714285714285719,15.666666666666668
WQS1558,2023,18.11375640171907,-3.43380780904666,-1.4285714285714233,15.666666666666668
WQS1561,2023,17.755062035372557,-3.43380780904666,0.0,15.666666666666668
WQS1577,2023,16.76849841117742,-2.6228333270663016,0.0,15.666666666666668
WQS1578,2023,23.218379854045374,-3.103366929405917,-1.4285714285714233,15.666666666666668
WQS1576,2023,26.409685556175116,-3.3325426601145485,-1.4285714285714233,15.666666666666668
WQS1581,2023,15.365206834519016,-3.3824079569005767,-2.8571428571428594,15.666666666666668
WQS1579,2023,19.091112642104793,-3.1467554309816435,-4.285714285714283,15.666666666666668
WQS1582,2023,17.376969578937064,-1.9455592537752198,-1.4285714285714233,15.666666666666668
WQS1580,2023,19.948471537855372,-2.791700579755077,-2.8571428571428594,15.666666666666668
WQS1589,2023,0.0,-8.33650418189909,-11.428571428571425,-0.9999999999999994
WQS1588,2023,4.847183080838778,-7.760495257540121,-10.000000000000002,-1.3333333333333346
WQS1591,2023,-0.4824676327758857,-8.241028859879735,2.8571428571428465,-1.999999999999999
WQS1590,2023,0.0,-8.241028859879735,7.142857142857142,-0.9999999999999994
WQS0748,2023,4.847183080838778,-1.9455592537752198,-4.285714285714295,-0.6666666666666673
WQS0687,2023,6.858945825256826,1.9218733946861688,-5.714285714285719,8.333333333333334
WQS0776,2023,-1.560444414784685,,-5.714285714285719,-6.999999999999999
WQS0778,2023,-2.835420336420731,,0.0,-4.000000000000001
WQS0777,2023,-4.395864751205414,,0.0,-1.999999999999999
WQS0779,2023,-3.5722071592027325,,0.0,-4.000000000000001
WQS0780,2023,-4.8471830808387795,,0.0,-5.333333333333332
WQS0749,2023,23.706462105342865,13.258300120546997,-8.571428571428566,15.666666666666668
WQS0640,2023,1.0779767820087993,,0.0,3.3333333333333335
WQS0655,2023,-0.4824676327758857,,-2.8571428571428465,-6.0
WQS0651,2023,-0.7367868227820025,,-8.571428571428566,-6.0
WQS0639,2023,3.572207159202731,,2.8571428571428594,-3.3333333333333335
WQS1413,2023,-3.5722071592027325,-0.13927758713247856,-1.4285714285714233,-3.3333333333333335
WQS0657,2023,0.8752667339440972,,0.0,1.3333333333333346
WQS0656,2023,0.0,,0.0,-5.666666666666668
WQS0650,2023,32.06270964105295,,1.4285714285714233,-5.0
WQS0654,2023,-1.2749759216360468,,0.0,-6.333333333333335
WQS0653,2023,-0.4824676327758857,,-10.000000000000002,-5.333333333333332
WQS0652,2023,-1.560444414784685,,-7.142857142857142,-6.999999999999999
WQS0645,2023,-0.4824676327758857,,-5.714285714285719,-5.333333333333332
WQS0642,2023,0.6665047538763971,,-7.142857142857142,-5.333333333333332
WQS0637,2023,2.184438356938128,,-2.8571428571428465,-5.0
WQS0649,2023,-1.560444414784685,,-2.8571428571428465,-7.333333333333334
WQS0647,2023,-0.23707378794182898,,0.0,-0.6666666666666673
WQS0648,2023,1.2749759216360452,,0.0,7.333333333333334
WQS0643,2023,-0.4824676327758857,,0.0,5.666666666666668
WQS0644,2023,-0.23707378794182898,,,6.0
WQS0638,2023,-2.835420336420731,7.478779508269881,14.285714285714285,-6.666666666666667
WQS1880,2023,-7.68260341725951,11.324933354423727,-4.285714285714295,-6.0
WQS1412,2023,-7.68260341725951,10.16712567879303,0.0,-7.333333333333334
WQS0646,2023,-0.4824676327758857,,-2.8571428571428594,-8.000000000000002
WQS0641,2023,0.22929946030063506,,-10.000000000000002,-8.666666666666666
WQS1353,2023,-2.1689155825443325,1.1240618129095243,-1.4285714285714233,-0.6666666666666673
WQS1352,2023,-1.560444414784685,-0.13927758713247856,0.0,-1.999999999999999
WQS1421,2023,-3.5722071592027325,2.753859013979998,0.0,6.0
WQS0930,2023,-3.5722071592027325,-11.911192357723293,1.4285714285714233,-5.333333333333332
WQS0623,2023,9.517318553395809,,0.0,7.000000000000001
WQS0622,2023,9.149180556994256,,0.0,6.333333333333333
WQS0433,2024,-7.68260341725951,-5.770434297621524,0.0,-9.000000000000002
WQS0441,2024,-7.68260341725951,-5.480046750278227,-1.4285714285714233,-8.666666666666666
WQS0434,2024,-7.68260341725951,-5.217489705822356,0.0,-8.666666666666666
WQS0391,2024,-1.0007052002844297,,-1.4285714285714233,-8.666666666666666
WQS0439,2024,-0.4824676327758857,,-5.714285714285719,-8.666666666666666
WQS0431,2024,-7.68260341725951,-5.217489705822356,-1.4285714285714233,-8.666666666666666
WQS0395,2024,-7.016098663383111,-4.938448678327695,-4.285714285714295,-8.666666666666666
WQS0390,2024,-1.560444414784685,-1.6698160820249321,-1.4285714285714233,-8.333333333333334
WQS0438,2024,-7.68260341725951,-5.480046750278227,-2.8571428571428465,-8.666666666666666
WQS0437,2024,-3.5722071592027325,-4.814661434591535,0.0,-8.333333333333334
WQS0388,2024,-7.68260341725951,-4.814661434591535,0.0,-8.666666666666666
WQS0396,2024,-7.68260341725951,-6.286584673496539,-2.8571428571428465,-10.0
WQS0393,2024,-7.68260341725951,-4.4903503357452434,-1.4285714285714233,-5.0
WQS0397,2024,-7.68260341725951,-6.786429050355581,0.0,-1.6666666666666667
WQS0392,2024,-4.8471830808387795,-4.814661434591535,-1.4285714285714233,-6.666666666666667
WQS0394,2024,-7.68260341725951,-5.770434297621524,-1.4285714285714233,-6.0
WQS0389,2024,-1.0007052002844297,-1.9242804514676772,-4.285714285714295,-11.666666666666668
WQS0443,2024,-1.0007052002844297,-2.940275204201734,-5.714285714285719,-6.666666666666667
WQS0427,2024,-1.8580640960350063,-2.1263152640683867,-7.142857142857142,-11.666666666666668
WQS0440,2024,-2.1689155825443325,-4.0596820301916585,-5.714285714285719,-6.333333333333335
WQS0442,2024,-1.0007052002844297,-1.9242804514676772,-2.8571428571428465,-7.666666666666666
WQS0435,2024,-4.395864751205414,-0.9685075884376897,-1.4285714285714233,-6.0
WQS0436,2024,-1.0007052002844297,-1.37133585966851,-4.285714285714295,-4.333333333333333
WQS0428,2024,-4.8471830808387795,-2.7220920332443215,-7.142857142857142,-5.666666666666668
WQS0432,2024,-2.835420336420731,6.3209718326391835,-1.4285714285714233,-8.000000000000002
WQS0430,2024,-4.395864751205414,-1.0922948321738482,-4.285714285714295,-6.0
WQS0429,2024,-1.2749759216360468,-1.6338929041243797,0.0,2.666666666666666
WQS1430,2024,-5.8478882811232085,-7.228561803054423,-10.000000000000002,-9.333333333333334
WQS1435,2024,0.0,2.4748179864853377,-4.285714285714295,-6.666666666666667
WQS1439,2024,-5.329650713614663,-5.9724691102222325,-7.142857142857142,-8.333333333333334
WQS1440,2024,-5.329650713614663,-5.480046750278227,-5.714285714285719,-8.666666666666666
WQS1441,2024,-5.8478882811232085,-5.217489705822356,-5.714285714285719,-8.000000000000002
WQS1433,2024,-4.395864751205414,-4.137387361300456,-7.142857142857142,-8.666666666666666
WQS1442,2024,-5.329650713614663,-4.137387361300456,-7.142857142857142,-8.333333333333334
WQS1436,2024,-4.395864751205414,-4.4903503357452434,21.428571428571427,-8.000000000000002
WQS1443,2024,-5.8478882811232085,-5.072149087016972,-7.142857142857142,-10.333333333333332
WQS1432,2024,-5.329650713614663,-4.814661434591535,-7.142857142857142,-9.000000000000002
WQS1438,2024,-5.329650713614663,-4.814661434591535,-11.428571428571425,-11.666666666666668
WQS1434,2024,-5.8478882811232085,-5.217489705822356,-11.428571428571425,-12.0
WQS1437,2024,-5.329650713614663,-5.497911769685009,-10.000000000000002,-11.333333333333336
WQS1429,2024,-5.329650713614663,-4.218884665415601,-5.714285714285719,-9.666666666666668
WQS0531,2024,-7.68260341725951,-5.9724691102222325,-2.8571428571428465,-13.666666666666666
WQS0503,2024,-7.68260341725951,-5.480046750278227,-1.4285714285714233,-13.333333333333334
WQS0497,2024,-7.68260341725951,-4.0596820301916585,-1.4285714285714233,-13.000000000000002
WQS0493,2024,-7.68260341725951,-4.0596820301916585,-1.4285714285714233,-13.000000000000002
WQS0496,2024,-7.68260341725951,-4.814661434591535,-1.4285714285714233,-13.000000000000002
WQS0502,2024,-7.68260341725951,-7.228561803054423,-1.4285714285714233,-12.333333333333332
WQS0482,2024,-7.68260341725951,-4.814661434591535,-1.4285714285714233,-13.333333333333334
WQS0483,2024,-7.68260341725951,-4.0596820301916585,-1.4285714285714233,-13.000000000000002
WQS0501,2024,-7.68260341725951,-3.6568537589608385,-2.8571428571428465,-12.333333333333332
WQS0492,2024,-7.68260341725951,-3.284122939699084,-1.4285714285714233,-12.66666666666667
WQS0504,2024,-7.68260341725951,-5.9724691102222325,-2.8571428571428465,-12.0
WQS0481,2024,-7.68260341725951,-3.284122939699084,-2.8571428571428465,-11.333333333333336
WQS0486,2024,-7.68260341725951,-7.760495257540121,-1.4285714285714233,-11.666666666666668
WQS0484,2024,-7.68260341725951,-2.559793264804111,-1.4285714285714233,-11.333333333333336
WQS0498,2024,-7.68260341725951,-1.6698160820249321,-2.8571428571428465,-12.0
WQS0488,2024,-7.68260341725951,-5.480046750278227,-2.8571428571428465,-12.66666666666667
WQS0487,2024,-7.68260341725951,-6.949520775559763,-2.8571428571428465,-11.666666666666668
WQS0505,2024,-7.68260341725951,-6.286584673496539,2.8571428571428465,-5.0
WQS0494,2024,-7.68260341725951,-5.217489705822356,-2.8571428571428465,-5.0
WQS0490,2024,-7.68260341725951,-5.480046750278227,-2.8571428571428465,-8.666666666666666
WQS0499,2024,-2.4942303771939334,-2.559793264804111,0.0,-7.333333333333334
WQS0491,2024,-0.4824676327758857,-3.6568537589608385,-5.714285714285719,-13.333333333333334
WQS0500,2024,-2.835420336420731,-0.6441964895913976,-4.285714285714295,-8.333333333333334
WQS0485,2024,0.0,1.6714188616699948,-5.714285714285719,-6.0
WQS0495,2024,4.847183080838778,-0.2912335151466093,-2.8571428571428465,-7.333333333333334
WQS1451,2024,-7.68260341725951,-6.673777603809475,-2.8571428571428465,-6.999999999999999
WQS1459,2024,-7.68260341725951,-6.020888830637697,-1.4285714285714233,-8.000000000000002
WQS1449,2024,-7.68260341725951,-5.5159699281787775,-1.4285714285714233,-7.666666666666666
WQS0579,2024,-7.68260341725951,,-8.571428571428566,-6.0
WQS0576,2024,-7.68260341725951,,-5.714285714285719,-4.666666666666668
WQS0577,2024,-2.1689155825443325,,-8.571428571428566,-0.33333333333333215
WQS0422,2024,-3.1941147027672385,-3.43380780904666,-5.714285714285719,-8.333333333333334
WQS0472,2024,-5.8478882811232085,-2.7220920332443215,-2.8571428571428465,-10.333333333333332
WQS0420,2024,-5.329650713614663,-2.1263152640683867,-5.714285714285719,-10.666666666666664
WQS0473,2024,-3.9719163468946816,-2.3023056123786763,-4.285714285714295,-10.0
WQS0421,2024,-1.8580640960350063,-2.1263152640683867,-5.714285714285719,-6.999999999999999
WQS0475,2024,-1.2749759216360468,-3.1467554309816435,-4.285714285714295,-8.000000000000002
WQS0474,2024,-3.1941147027672385,-2.8276237576556293,-5.714285714285719,-7.333333333333334
WQS0578,2024,-7.68260341725951,-0.6441964895913976,2.8571428571428465,-10.0
WQS1446,2024,4.847183080838778,2.176337764128914,-2.8571428571428465,-10.0
WQS1447,2024,-6.407627495623464,-7.563754786588654,-10.000000000000002,-10.333333333333332
WQS0476,2024,-7.68260341725951,-5.770434297621524,-1.4285714285714233,-9.333333333333334
WQS0419,2024,-7.68260341725951,-4.814661434591535,-1.4285714285714233,-8.333333333333334
WQS0418,2024,-7.68260341725951,-6.90723083593875,-1.4285714285714233,-8.333333333333334
WQS0417,2024,-7.68260341725951,-5.667925856192907,1.4285714285714233,-8.333333333333334
WQS0523,2024,8.419390240041512,,-4.285714285714295,-1.6666666666666667
WQS0479,2024,7.836302065642552,,-2.8571428571428465,-1.3333333333333346
WQS0524,2024,1.2749759216360452,-3.284122939699084,-2.8571428571428465,-0.9999999999999994
WQS0480,2024,9.694366161677557,,-7.142857142857142,-0.33333333333333215
WQS0478,2024,22.027153520148598,,-2.8571428571428594,7.000000000000001
WQS0477,2024,10.254105376177812,,-7.142857142857142,-0.9999999999999994
WQS1448,2024,11.25481057646224,7.048111202716294,-7.142857142857142,11.666666666666668
WQS1444,2024,-4.395864751205414,-3.0610769897849037,0.0,-1.999999999999999
WQS0525,2024,-3.9719163468946816,-2.7220920332443215,-7.142857142857142,-9.666666666666668
WQS0527,2024,-0.4824676327758857,-2.559793264804111,-1.4285714285714233,-5.0
WQS0398,2024,-4.395864751205414,-1.9242804514676772,-8.571428571428566,-8.333333333333334
WQS0415,2024,-2.1689155825443325,-1.9242804514676772,-8.571428571428566,-12.333333333333332
WQS0526,2024,-7.68260341725951,-7.563754786588654,-1.4285714285714233,-14.666666666666668
WQS0385,2024,-7.68260341725951,-5.9724691102222325,0.0,-15.0
WQS0383,2024,-3.1941147027672385,-3.43380780904666,-2.8571428571428465,-13.333333333333334
WQS0542,2024,1.4665771397347491,,4.285714285714295,3.0000000000000013
WQS0543,2024,1.4665771397347491,,0.0,5.333333333333334
WQS0545,2024,-2.835420336420731,,0.0,-0.33333333333333215
WQS0544,2024,2.83542033642073,4.150697100183173,0.0,8.0
WQS0591,2024,-1.560444414784685,5.30850477581387,1.4285714285714233,1.999999999999999
WQS0550,2024,-7.68260341725951,,-11.428571428571425,-6.666666666666667
WQS0546,2024,-7.68260341725951,,-11.428571428571425,-6.666666666666667
WQS0547,2024,-7.68260341725951,,-10.000000000000002,-6.999999999999999
WQS0548,2024,-3.1941147027672385,,-11.428571428571425,-4.666666666666668
WQS0556,2024,5.513687834715175,-1.5305384948924519,2.8571428571428465,9.000000000000002
WQS0555,2024,-6.407627495623464,,-7.142857142857142,0.0
WQS0554,2024,-5.8478882811232085,,1.4285714285714233,-0.6666666666666673
WQS0552,2024,-0.4824676327758857,0.7850768563689423,1.4285714285714233,1.6666666666666667
WQS0553,2024,-1.8580640960350063,-1.5305384948924519,0.0,-4.000000000000001
WQS0594,2024,-7.68260341725951,,-11.428571428571425,-6.666666666666667
WQS0561,2024,1.8347151361362997,,-4.285714285714295,-8.000000000000002
WQS0559,2024,5.188373040065574,9.831932695258798,-4.285714285714295,-0.6666666666666673
WQS0558,2024,3.7106870703648274,9.676437860429536,-7.142857142857142,1.6666666666666667
WQS0567,2024,-7.68260341725951,,-5.714285714285719,-13.333333333333334
WQS0565,2024,3.846477880554349,1.9428845319996395,-7.142857142857142,-5.0
WQS0560,2024,1.4665771397347491,4.150697100183173,-4.285714285714295,-6.666666666666667
WQS0563,2024,2.352952703644846,1.0544532663987694,-2.8571428571428465,-6.333333333333335
WQS0566,2024,0.6665047538763971,3.2974326785818038,-4.285714285714295,-0.9999999999999994
WQS0562,2024,2.678267498294446,3.632625662116035,-8.571428571428566,-0.6666666666666673
WQS0564,2024,2.678267498294446,1.1240618129095243,-1.4285714285714233,-3.0000000000000013
WQS0590,2024,-7.68260341725951,,-5.714285714285719,-6.666666666666667
WQS0586,2024,-6.407627495623464,,-1.4285714285714233,-6.666666666666667
WQS0592,2024,4.729650784920029,,1.4285714285714233,-1.6666666666666667
WQS0588,2024,0.8752667339440972,5.30850477581387,1.4285714285714233,0.0
WQS0587,2024,5.722449814782877,,2.8571428571428465,9.000000000000002
WQS0551,2024,10.969342083313602,9.922244602372347,-5.714285714285719,11.333333333333334
WQS0507,2024,4.364715448062894,-1.6698160820249321,-4.285714285714295,-5.333333333333332
WQS0506,2024,4.1103962580567766,-1.6698160820249321,-2.8571428571428465,-4.666666666666668
WQS0508,2024,4.847183080838778,-1.37133585966851,-4.285714285714295,-3.3333333333333335
WQS0535,2024,1.8347151361362997,-2.940275204201734,-2.8571428571428465,-4.000000000000001
WQS0534,2024,2.352952703644846,-1.6698160820249321,-2.8571428571428465,-4.333333333333333
WQS0510,2024,3.572207159202731,-1.6338929041243797,-4.285714285714295,-2.666666666666666
WQS0536,2024,5.298501410472143,-1.6698160820249321,-4.285714285714295,-3.6666666666666656
WQS1471,2024,11.25481057646224,-1.9455592537752198,-1.4285714285714233,-4.000000000000001
WQS0509,2024,4.847183080838778,-2.559793264804111,-2.8571428571428465,-3.6666666666666656
WQS0593,2024,-7.68260341725951,,-8.571428571428566,-5.0
WQS1445,2024,0.0,-0.9685075884376897,-10.000000000000002,8.333333333333334
WQS0570,2024,-2.1689155825443325,2.1020871672235812,0.0,-10.666666666666664
WQS0569,2024,-2.4942303771939334,3.9747067518728825,-1.4285714285714233,-12.0
WQS0568,2024,0.4513183296333642,5.746748438532474,-2.8571428571428465,-10.333333333333332
WQS0572,2024,-0.4824676327758857,2.753859013979998,-2.8571428571428465,-13.333333333333334
WQS0574,2024,-1.2749759216360468,2.8168990762421884,-2.8571428571428465,-13.666666666666666
WQS0571,2024,0.8752667339440972,-0.21352818403781276,0.0,-12.0
WQS0573,2024,-2.4942303771939334,2.4748179864853377,-2.8571428571428465,-10.666666666666664
WQS0583,2024,-2.1689155825443325,-2.559793264804111,1.4285714285714233,-10.666666666666664
WQS0582,2024,-2.1689155825443325,-0.9685075884376897,0.0,-10.666666666666664
WQS0584,2024,-2.4942303771939334,2.8536118374199977,0.0,-13.000000000000002
WQS0580,2024,-0.4824676327758857,-2.250102507804545,-2.8571428571428465,-9.333333333333334
WQS0581,2024,-1.2749759216360468,-3.5416105921245187,0.0,-12.0
WQS0412,2024,-7.68260341725951,-2.7220920332443215,-5.714285714285719,-11.666666666666668
WQS0411,2024,-7.68260341725951,-2.7220920332443215,-4.285714285714283,-11.333333333333336
WQS0414,2024,-5.8478882811232085,-5.5159699281787775,-7.142857142857142,-8.000000000000002
WQS0413,2024,-6.407627495623464,-2.8276237576556293,-2.8571428571428594,-7.333333333333334
WQS0511,2024,-7.68260341725951,-6.568245879398169,-1.4285714285714233,-8.666666666666666
WQS0402,2024,0.8752667339440972,-3.284122939699084,-1.4285714285714233,0.33333333333333215
WQS0382,2024,-4.395864751205414,-2.8276237576556293,-2.8571428571428594,-8.333333333333334
WQS0381,2024,-5.8478882811232085,-3.284122939699084,-4.285714285714283,-8.333333333333334
WQS0400,2024,-2.835420336420731,-3.43380780904666,-7.142857142857142,-13.000000000000002
WQS0403,2024,-3.1941147027672385,-3.6568537589608385,0.0,-13.333333333333334
WQS0386,2024,-6.407627495623464,-3.7806410026969988,-4.285714285714295,-13.000000000000002
WQS0416,2024,-3.9719163468946816,-6.202346821774117,-5.714285714285719,-10.0
WQS0471,2024,11.706128906095605,,-5.714285714285719,-0.33333333333333215
WQS0425,2024,13.266573320880289,,-4.285714285714295,3.3333333333333335
WQS0399,2024,-5.8478882811232085,-2.3023056123786763,-5.714285714285719,-11.666666666666668
WQS0557,2024,2.9891189848037722,7.048111202716294,-5.714285714285719,-1.3333333333333346
WQS0513,2024,-7.68260341725951,-5.480046750278227,0.0,-6.666666666666667
WQS0528,2024,-3.5722071592027325,-1.6698160820249321,-4.285714285714295,-1.6666666666666667
WQS0521,2024,-7.68260341725951,-4.4903503357452434,9.99999999999999,-8.000000000000002
WQS0444,2024,-7.68260341725951,-6.568245879398169,-2.8571428571428465,-9.333333333333334
WQS0446,2024,-7.68260341725951,-6.148459458532522,-2.8571428571428465,-8.333333333333334
WQS0447,2024,-7.68260341725951,-5.667925856192907,-1.4285714285714233,-8.666666666666666
WQS1797,2024,-7.68260341725951,-11.911192357723293,-5.714285714285719,-20.666666666666664
WQS1813,2024,-7.68260341725951,-11.911192357723293,-10.000000000000002,-22.0
WQS1795,2024,-7.68260341725951,-11.911192357723293,-11.428571428571425,-21.333333333333336
WQS1781,2024,-7.68260341725951,-11.911192357723293,-2.8571428571428465,-16.333333333333336
WQS1814,2024,-7.68260341725951,-11.911192357723293,-4.285714285714295,-17.0
WQS1779,2024,-7.68260341725951,-11.911192357723293,-4.285714285714295,-16.666666666666668
WQS1782,2024,-7.68260341725951,-11.911192357723293,-7.142857142857142,-16.666666666666668
WQS1783,2024,-7.68260341725951,-11.911192357723293,-2.8571428571428465,-16.666666666666668
WQS1780,2024,-7.68260341725951,-11.911192357723293,-5.714285714285719,-17.333333333333332
WQS1802,2024,-7.68260341725951,-6.865985199816546,-2.8571428571428465,-13.333333333333334
WQS1788,2024,-7.68260341725951,-6.90723083593875,-2.8571428571428465,-13.333333333333334
WQS1806,2024,-4.8471830808387795,-6.865985199816546,-2.8571428571428465,-10.333333333333332
WQS1804,2024,-6.407627495623464,-6.949520775559763,-4.285714285714295,-10.0
WQS1799,2024,-3.5722071592027325,-5.480046750278227,-2.8571428571428465,-9.666666666666668
WQS1800,2024,-1.560444414784685,-5.480046750278227,-4.285714285714295,-7.333333333333334
WQS1807,2024,-1.0007052002844297,-5.217489705822356,-4.285714285714295,-8.000000000000002
WQS1803,2024,-1.0007052002844297,-4.814661434591535,-2.8571428571428465,-7.333333333333334
WQS1805,2024,-1.0007052002844297,-4.938448678327695,-7.142857142857142,-8.000000000000002
WQS1821,2024,-1.0007052002844297,-4.814661434591535,-1.4285714285714233,-6.999999999999999
WQS1801,2024,5.188373040065574,12.1004924449163,-10.000000000000002,-9.666666666666668
WQS1701,2024,-2.835420336420731,0.06551284345684714,7.142857142857142,-11.666666666666668
WQS1707,2024,-4.8471830808387795,-2.1263152640683867,-8.571428571428566,-12.66666666666667
WQS1714,2024,-4.8471830808387795,-1.9242804514676772,-5.714285714285719,-12.0
WQS1705,2024,-0.7367868227820025,-2.1263152640683867,-10.000000000000002,-14.666666666666668
WQS1664,2024,-0.23707378794182898,-1.6338929041243797,-7.142857142857142,-13.999999999999998
WQS1676,2024,-1.2749759216360468,-1.6698160820249321,-8.571428571428566,-6.666666666666667
WQS1674,2024,-1.2749759216360468,-1.9242804514676772,-8.571428571428566,-8.000000000000002
WQS1672,2024,-1.0007052002844297,-1.6517579235311624,-8.571428571428566,-7.333333333333334
WQS1665,2024,-4.8471830808387795,-3.0610769897849037,-7.142857142857142,-13.999999999999998
WQS1706,2024,2.9891189848037722,1.1240618129095243,0.0,-6.333333333333335
WQS1669,2024,3.1395120283070157,1.3170103108546392,-1.4285714285714233,-5.666666666666668
WQS1668,2024,3.430929485653645,1.4057230188111531,-1.4285714285714233,-5.0
WQS1716,2024,2.352952703644846,1.54384823377517,0.0,-5.333333333333332
WQS1662,2024,5.824539321224504,1.4899608705335756,0.0,-4.000000000000001
WQS1698,2024,2.9891189848037722,1.54384823377517,0.0,-3.3333333333333335
WQS1671,2024,2.678267498294446,2.004377245015524,0.0,-4.666666666666668
WQS1703,2024,3.2867386660540943,2.2122609420294665,0.0,-3.3333333333333335
WQS1699,2024,3.2867386660540943,2.3156153512613944,0.0,-2.666666666666666
WQS1700,2024,3.572207159202731,3.2019573565624486,-1.4285714285714233,-3.0000000000000013
WQS1670,2024,4.1103962580567766,5.565992428239305,-1.4285714285714233,-1.999999999999999
WQS1713,2024,3.430929485653645,3.2019573565624486,4.285714285714295,-2.666666666666666
WQS1696,2024,0.4513183296333642,-0.21352818403781276,-4.285714285714295,-9.333333333333334
WQS1663,2024,0.6665047538763971,-0.6441964895913976,-4.285714285714295,-7.666666666666666
WQS1667,2024,0.4513183296333642,-1.0922948321738482,-2.8571428571428465,-8.333333333333334
WQS1666,2024,0.6665047538763971,0.12855290571903796,-1.4285714285714233,-9.000000000000002
WQS1704,2024,0.0,-0.9685075884376897,-4.285714285714295,-9.666666666666668
WQS1660,2024,0.8752667339440972,0.12855290571903796,0.0,-8.666666666666666
WQS1661,2024,0.8752667339440972,0.41234603710718587,-1.4285714285714233,-8.333333333333334
WQS1712,2024,0.0,-0.2912335151466093,-2.8571428571428465,-10.0
WQS1697,2024,0.0,-0.21352818403781276,-1.4285714285714233,-9.333333333333334
WQS1677,2024,-0.4824676327758857,-1.6338929041243797,-2.8571428571428465,-6.0
WQS1675,2024,1.65306837807154,2.8776462577161563,-7.142857142857142,-4.666666666666668
WQS1702,2024,1.0779767820087993,2.024381836114785,-4.285714285714295,-5.333333333333332
WQS1711,2024,-1.0007052002844297,-1.9242804514676772,-1.4285714285714233,-6.0
WQS1710,2024,1.4665771397347491,2.024381836114785,-7.142857142857142,-4.666666666666668
WQS1715,2024,0.8752667339440972,1.7198385820854594,-5.714285714285719,-6.666666666666667
WQS1695,2024,0.6665047538763971,1.7198385820854594,-4.285714285714295,-6.0
WQS1717,2024,0.4513183296333642,1.54384823377517,-2.8571428571428465,-7.333333333333334
WQS1709,2024,1.65306837807154,2.8776462577161563,-8.571428571428566,-4.666666666666668
WQS0228,2024,-1.8580640960350063,5.13251442750358,-4.285714285714295,-7.333333333333334
WQS0179,2024,-1.560444414784685,3.7779662809214187,-4.285714285714295,-5.333333333333332
WQS0180,2024,-1.2749759216360468,4.408184752608609,-4.285714285714295,-6.666666666666667
WQS0181,2024,1.0779767820087993,6.058414788183311,-5.714285714285719,-8.000000000000002
WQS0209,2024,-0.4824676327758857,3.7779662809214187,-7.142857142857142,-7.333333333333334
WQS0188,2024,-1.0007052002844297,5.13251442750358,-5.714285714285719,-6.0
WQS0221,2024,-0.23707378794182898,5.13251442750358,-7.142857142857142,-6.999999999999999
WQS0232,2024,-2.1689155825443325,15.316427819382957,-8.571428571428566,-2.333333333333334
WQS0217,2024,-1.2749759216360468,5.13251442750358,-10.000000000000002,-3.3333333333333335
WQS0218,2024,-0.4824676327758857,5.13251442750358,-8.571428571428566,-4.000000000000001
WQS0219,2024,-0.23707378794182898,19.162581665536802,-1.4285714285714233,-2.666666666666666
WQS0224,2024,-0.7367868227820025,6.022491610282762,-5.714285714285719,-2.333333333333334
WQS0183,2024,-1.560444414784685,15.946646291070147,-4.285714285714295,-3.3333333333333335
WQS0192,2024,-2.1689155825443325,3.7779662809214187,-4.285714285714295,-2.666666666666666
WQS0225,2024,-0.23707378794182898,15.316427819382957,-5.714285714285719,-1.999999999999999
WQS0220,2024,-0.7367868227820025,12.1004924449163,-4.285714285714295,-3.6666666666666656
WQS0210,2024,-1.2749759216360468,5.13251442750358,-4.285714285714295,-6.666666666666667
WQS0191,2024,-1.0007052002844297,3.7779662809214187,-7.142857142857142,-5.0
WQS0233,2024,-0.4824676327758857,4.408184752608609,-4.285714285714295,-4.666666666666668
WQS0231,2024,-1.560444414784685,4.408184752608609,5.714285714285719,-4.666666666666668
WQS0223,2024,0.0,5.13251442750358,-7.142857142857142,-6.333333333333335
WQS0184,2024,-2.4942303771939334,4.408184752608609,-4.285714285714295,-0.6666666666666673
WQS0211,2024,-2.835420336420731,3.7779662809214187,2.8571428571428465,-5.0
WQS0190,2024,-3.1941147027672385,4.408184752608609,-8.571428571428566,-7.333333333333334
WQS0185,2024,-0.7367868227820025,3.7779662809214187,-7.142857142857142,-6.333333333333335
WQS0226,2024,-0.4824676327758857,4.0354539333468535,-10.000000000000002,-5.333333333333332
WQS0187,2024,-2.1689155825443325,3.7779662809214187,-8.571428571428566,-4.000000000000001
WQS0213,2024,-0.4824676327758857,4.408184752608609,-4.285714285714295,-4.666666666666668
WQS0178,2024,-2.835420336420731,4.408184752608609,-8.571428571428566,-6.333333333333335
WQS0229,2024,-1.0007052002844297,5.13251442750358,-5.714285714285719,-3.0000000000000013
WQS0214,2024,-2.1689155825443325,5.13251442750358,-7.142857142857142,-0.6666666666666673
WQS0182,2024,-1.8580640960350063,3.632625662116035,-8.571428571428566,-4.000000000000001
WQS0230,2024,-1.8580640960350063,3.632625662116035,-10.000000000000002,-3.3333333333333335
WQS0222,2024,4.23871191307913,1.9005945923786263,-2.8571428571428465,-9.666666666666668
WQS0620,2024,-5.329650713614663,-7.563754786588654,-11.428571428571425,-6.666666666666667
WQS0619,2024,-5.329650713614663,-7.905835876345505,-10.000000000000002,-6.666666666666667
WQS0600,2024,-5.8478882811232085,-7.563754786588654,-11.428571428571425,-6.999999999999999
WQS0618,2024,-5.8478882811232085,-7.563754786588654,-10.000000000000002,-6.666666666666667
WQS1859,2024,-0.23707378794182898,-1.37133585966851,-4.285714285714283,-0.9999999999999994
WQS1856,2024,-0.23707378794182898,0.5620309064547622,-7.142857142857142,-1.999999999999999
WQS1854,2024,-0.23707378794182898,1.286360581349735,-7.142857142857142,-2.333333333333334
WQS1855,2024,-0.23707378794182898,-0.6441964895913976,-7.142857142857142,-1.6666666666666667
WQS1875,2024,-0.23707378794182898,-0.06818756523242914,0.0,-0.33333333333333215
WQS1886,2024,-0.23707378794182898,-0.06818756523242914,-7.142857142857142,-0.9999999999999994
WQS1829,2024,-0.4824676327758857,2.176337764128914,-4.285714285714283,-0.9999999999999994
WQS1862,2024,-0.23707378794182898,2.176337764128914,-5.714285714285719,-0.33333333333333215
WQS1864,2024,-0.4824676327758857,3.2019573565624486,-5.714285714285719,-0.6666666666666673
WQS1857,2024,-0.4824676327758857,5.768027240840016,-5.714285714285719,-0.6666666666666673
WQS1861,2024,-0.23707378794182898,6.600012860133844,-5.714285714285719,0.0
WQS1860,2024,-0.23707378794182898,7.6241201270752645,-5.714285714285719,0.0
WQS1865,2024,-0.4824676327758857,3.9747067518728825,-5.714285714285719,0.0
WQS1858,2024,-0.7367868227820025,2.753859013979998,-7.142857142857142,0.0
WQS1863,2024,-0.23707378794182898,3.2019573565624486,-1.4285714285714233,0.0
WQS1825,2024,-7.68260341725951,-11.911192357723293,-11.428571428571425,-21.333333333333336
WQS1822,2024,-7.68260341725951,-11.911192357723293,-12.857142857142861,-20.0
WQS1824,2024,-7.68260341725951,-11.911192357723293,-2.8571428571428465,-16.666666666666668
WQS1819,2024,2.0117627444180477,4.309899735407114,-5.714285714285719,-10.333333333333332
WQS1823,2024,-7.68260341725951,-6.148459458532522,-5.714285714285719,-15.333333333333332
WQS0514,2024,-1.0007052002844297,7.478779508269881,-4.285714285714295,-7.333333333333334
WQS0517,2024,-4.8471830808387795,-6.568245879398169,-4.285714285714295,-8.333333333333334
WQS0515,2024,-0.4824676327758857,-4.4903503357452434,-2.8571428571428465,-7.666666666666666
WQS0518,2024,-2.1689155825443325,-5.480046750278227,-1.4285714285714233,-7.333333333333334
WQS0516,2024,-0.7367868227820025,-4.814661434591535,-1.4285714285714233,-6.999999999999999
WQS0364,2024,2.0117627444180477,2.2122609420294665,-2.8571428571428465,-5.333333333333332
WQS0366,2024,-6.407627495623464,1.9218733946861688,-2.8571428571428465,-9.333333333333334
WQS0367,2024,0.8752667339440972,-4.218884665415601,-7.142857142857142,-3.3333333333333335
WQS0368,2024,-0.4824676327758857,-4.218884665415601,-7.142857142857142,-1.999999999999999
WQS0370,2024,-2.1689155825443325,-5.376692341046298,-8.571428571428566,-6.333333333333335
WQS0373,2024,7.68260341725951,3.2019573565624486,4.285714285714295,-2.333333333333334
WQS0369,2024,4.847183080838778,-2.688346170523149,-2.8571428571428594,3.3333333333333335
WQS0375,2024,9.694366161677557,9.236155926082864,7.142857142857142,5.0
WQS0374,2024,-0.4824676327758857,-5.376692341046298,-8.571428571428566,-2.666666666666666
WQS0372,2024,2.352952703644846,-3.0610769897849037,-8.571428571428566,-1.999999999999999
WQS0309,2024,10.254105376177812,4.8646839346520645,-1.4285714285714233,7.666666666666666
WQS0310,2024,2.0117627444180477,,-2.8571428571428465,-3.6666666666666656
WQS0311,2024,7.68260341725951,0.5620309064547622,-8.571428571428566,3.3333333333333335
WQS0305,2024,19.81268072766585,9.262461405045578,-5.714285714285719,15.666666666666668
WQS0306,2024,21.615681492016193,11.47027397322911,-4.285714285714283,15.666666666666668
WQS0312,2024,20.081675698489597,10.16712567879303,-7.142857142857142,15.666666666666668
WQS0313,2024,20.949176738139794,12.1004924449163,-8.571428571428566,15.666666666666668
WQS0307,2024,23.38488788686858,13.562843374576325,-4.285714285714283,15.666666666666668
WQS1770,2024,25.55928603103675,16.43906865101415,-7.142857142857142,15.666666666666668
WQS0365,2024,15.101288457016592,10.16712567879303,-2.8571428571428465,12.666666666666666
WQS0371,2024,15.864919869359195,10.44616670628769,-5.714285714285719,15.666666666666668
WQS1763,2024,11.347434539749097,4.970215659063371,-5.714285714285719,3.3333333333333335
WQS1774,2024,10.035556120904353,3.9747067518728825,-4.285714285714295,1.999999999999999
WQS1776,2024,9.923665621978193,4.205468019854752,-4.285714285714295,0.6666666666666673
WQS1778,2024,10.360870915553955,4.309899735407114,-4.285714285714295,1.999999999999999
WQS1775,2024,11.065798881441827,4.359765032193145,-4.285714285714295,2.666666666666666
WQS1768,2024,8.419390240041512,1.6714188616699948,-7.142857142857142,-5.0
WQS1759,2024,9.211898528901672,2.753859013979998,-10.000000000000002,-2.666666666666666
WQS1771,2024,8.419390240041512,1.9005945923786263,-7.142857142857142,-5.666666666666668
WQS1761,2024,12.981104827731654,4.0354539333468535,-7.142857142857142,-5.0
WQS1764,2024,11.160943301412305,3.2019573565624486,-8.571428571428566,-5.666666666666668
WQS1772,2024,12.047318865322403,3.7779662809214187,-5.714285714285719,-4.666666666666668
WQS1773,2024,11.529081297813857,3.2019573565624486,-11.428571428571425,-7.333333333333334
WQS1760,2024,13.901219217862556,8.254338598762454,2.8571428571428465,-1.999999999999999
WQS1758,2024,7.68260341725951,8.254338598762454,-5.714285714285719,-1.6666666666666667
WQS1762,2024,3.2867386660540943,1.9005945923786263,0.0,0.6666666666666673
WQS1769,2024,0.6665047538763971,0.06551284345684714,-2.8571428571428465,-8.666666666666666
WQS0512,2024,-7.68260341725951,-7.905835876345505,1.4285714285714233,-6.999999999999999
WQS1818,2024,0.0,-2.864336518833438,-4.285714285714295,-8.000000000000002
WQS0456,2024,-4.8471830808387795,-6.602687581909424,-2.8571428571428465,-8.666666666666666
WQS0452,2024,-4.8471830808387795,-6.90723083593875,-1.4285714285714233,-8.333333333333334
WQS0404,2024,-7.68260341725951,-10.38065386283084,-5.714285714285719,-8.000000000000002
WQS0448,2024,-7.68260341725951,-10.38065386283084,-2.8571428571428465,-7.666666666666666
WQS0405,2024,-5.8478882811232085,-6.949520775559763,-2.8571428571428465,-8.000000000000002
WQS0406,2024,-3.1941147027672385,-5.480046750278227,-1.4285714285714233,-8.666666666666666
WQS0458,2024,-7.68260341725951,-8.065038511569448,-2.8571428571428465,-8.000000000000002
WQS0453,2024,-7.68260341725951,-4.0596820301916585,-2.8571428571428465,-7.666666666666666
WQS0451,2024,-4.395864751205414,-5.9724691102222325,-2.8571428571428465,-8.333333333333334
WQS0457,2024,-7.68260341725951,-7.626794848850844,-4.285714285714295,-7.333333333333334
WQS0459,2024,-4.8471830808387795,-6.637854425908923,-1.4285714285714233,-8.000000000000002
WQS0455,2024,-3.5722071592027325,-6.568245879398169,-1.4285714285714233,-7.666666666666666
WQS0454,2024,-3.5722071592027325,-6.568245879398169,-1.4285714285714233,-7.666666666666666
WQS0449,2024,-7.68260341725951,-5.9724691102222325,-4.285714285714295,-8.333333333333334
WQS0450,2024,-7.68260341725951,-10.38065386283084,-10.000000000000002,-15.0
WQS0467,2024,-7.68260341725951,-4.4903503357452434,2.8571428571428465,-10.0
WQS0468,2024,-7.68260341725951,-6.637854425908923,-4.285714285714295,-9.666666666666668
WQS0469,2024,-7.68260341725951,-3.284122939699084,-1.4285714285714233,-8.666666666666666
WQS0470,2024,-7.68260341725951,-5.9724691102222325,-4.285714285714295,-9.333333333333334
WQS0466,2024,-7.68260341725951,-9.398836535510434,0.0,-8.000000000000002
WQS0424,2024,-7.68260341725951,-6.637854425908923,-4.285714285714295,-8.000000000000002
WQS0377,2024,-5.8478882811232085,-10.38065386283084,2.8571428571428465,-5.0
WQS0387,2024,-4.8471830808387795,-5.9724691102222325,-4.285714285714295,-8.666666666666666
WQS0426,2024,-4.8471830808387795,-4.938448678327695,-2.8571428571428465,-8.000000000000002
WQS0537,2024,3.2867386660540943,-3.284122939699084,-1.4285714285714233,-4.000000000000001
WQS0378,2024,9.809955685811897,-1.6698160820249321,5.714285714285719,-1.999999999999999
WQS0379,2024,0.4513183296333642,-6.949520775559763,1.4285714285714233,-6.0
WQS0380,2024,-1.0007052002844297,-8.660815280745382,1.4285714285714233,-5.666666666666668
WQS0522,2024,-7.68260341725951,-5.770434297621524,-2.8571428571428465,-7.666666666666666
WQS1796,2024,8.693660961393128,8.15605358156096,-10.000000000000002,3.666666666666667
WQS1739,2024,18.45494636094587,,-10.000000000000002,
WQS1742,2024,19.091112642104793,8.15605358156096,-10.000000000000002,15.0
WQS1741,2024,18.780261155595465,8.477384548676634,-11.428571428571425,15.333333333333332
WQS1738,2024,19.674200816503753,7.881607779500699,-11.428571428571425,15.666666666666668
WQS1737,2024,20.212389915357797,6.600012860133844,-11.428571428571425,15.666666666666668
WQS1736,2024,19.388732323355118,6.3209718326391835,-12.857142857142861,15.666666666666668
WQS1735,2024,20.34070557038015,6.723800103870002,-11.428571428571425,15.666666666666668
WQS1746,2024,20.712102950197966,7.048111202716294,-11.428571428571425,15.666666666666668
WQS1745,2024,19.388732323355118,,-11.428571428571425,
WQS1684,2024,21.40049506777316,11.603974381918388,-10.000000000000002,15.666666666666668
WQS1744,2024,14.827017735664974,11.324933354423727,1.4285714285714233,13.666666666666666
WQS1743,2024,15.365206834519016,11.603974381918388,-7.142857142857142,15.666666666666668
WQS1750,2024,12.529786498098286,,-10.000000000000002,6.0
WQS1748,2024,17.755062035372557,,-5.714285714285719,15.666666666666668
WQS0857,2024,-3.5722071592027325,-11.911192357723293,-1.4285714285714233,-7.333333333333334
WQS1692,2024,1.8347151361362997,1.286360581349735,0.0,-3.0000000000000013
WQS1693,2024,-0.4824676327758857,-0.3727308192617548,0.0,-5.0
WQS0824,2024,3.1395120283070157,8.254338598762454,1.4285714285714233,-8.666666666666666
WQS0831,2024,-0.23707378794182898,-5.667925856192907,-2.8571428571428465,2.333333333333334
WQS0827,2024,-4.8471830808387795,-11.911192357723293,-2.8571428571428465,-7.333333333333334
WQS0825,2024,-4.8471830808387795,-11.911192357723293,-5.714285714285719,-6.999999999999999
WQS0826,2024,-0.23707378794182898,-4.4903503357452434,-4.285714285714283,-3.3333333333333335
WQS0829,2024,-1.0007052002844297,-6.405947110957957,-4.285714285714283,-7.333333333333334
WQS0830,2024,-3.5722071592027325,-6.786429050355581,-4.285714285714295,-7.666666666666666
WQS0784,2024,2.352952703644846,-5.072149087016972,-5.714285714285719,0.0
WQS0785,2024,0.4513183296333642,-5.480046750278227,-4.285714285714295,0.6666666666666673
WQS0828,2024,-3.9719163468946816,-11.911192357723293,-4.285714285714295,-5.0
WQS1494,2024,-3.5722071592027325,-4.0596820301916585,4.285714285714295,0.33333333333333215
WQS1495,2024,-1.8580640960350063,-4.0596820301916585,1.4285714285714233,-0.33333333333333215
WQS0790,2024,-2.835420336420731,-11.911192357723293,-8.571428571428566,-6.666666666666667
WQS0855,2024,-5.329650713614663,-11.911192357723293,-7.142857142857142,-5.666666666666668
WQS0856,2024,-4.395864751205414,-11.911192357723293,-5.714285714285719,-5.666666666666668
WQS0911,2024,-2.835420336420731,-10.753384682092596,-8.571428571428566,-4.000000000000001
WQS0816,2024,1.0779767820087993,-5.667925856192907,-4.285714285714295,-1.3333333333333346
WQS0822,2024,-4.395864751205414,-11.911192357723293,-4.285714285714295,-4.000000000000001
WQS0851,2024,-1.0007052002844297,-7.692307692307692,1.4285714285714233,3.3333333333333335
WQS0861,2024,13.266573320880289,,-8.571428571428566,5.666666666666668
WQS0871,2024,-1.560444414784685,-11.911192357723293,-8.571428571428566,1.3333333333333346
WQS0840,2024,-3.5722071592027325,-11.911192357723293,-8.571428571428566,-7.666666666666666
WQS1487,2024,1.2749759216360452,-5.667925856192907,-1.4285714285714233,-3.6666666666666656
WQS1484,2024,-4.8471830808387795,-4.4903503357452434,0.0,-2.666666666666666
WQS1486,2024,-0.4824676327758857,-3.284122939699084,5.714285714285719,1.6666666666666667
WQS1482,2024,-0.23707378794182898,-3.284122939699084,4.285714285714295,0.6666666666666673
WQS1483,2024,0.4513183296333642,-3.284122939699084,4.285714285714295,2.333333333333334
WQS1488,2024,8.826865122027355,-7.178696506268394,-2.8571428571428594,-2.666666666666666
WQS1485,2024,-2.4942303771939334,-4.0596820301916585,0.0,-1.3333333333333346
WQS1694,2024,6.122159002474825,5.768027240840016,-2.8571428571428594,-8.666666666666666
WQS0834,2024,0.0,-10.38065386283084,-2.8571428571428465,-6.999999999999999
WQS0835,2024,-2.835420336420731,-11.911192357723293,-10.000000000000002,-4.000000000000001
WQS0789,2024,4.847183080838778,,-8.571428571428566,-4.666666666666668
WQS0839,2024,-2.835420336420731,-11.911192357723293,0.0,-6.333333333333335
WQS0838,2024,18.11375640171907,,4.285714285714283,15.666666666666668
WQS0833,2024,-3.5722071592027325,-10.076110608801514,-10.000000000000002,-6.999999999999999
WQS0837,2024,-7.016098663383111,-11.911192357723293,-2.8571428571428465,-4.333333333333333
WQS0836,2024,-3.5722071592027325,-10.076110608801514,-10.000000000000002,-7.333333333333334
WQS0832,2024,-2.835420336420731,-11.911192357723293,-8.571428571428566,-4.000000000000001
WQS1504,2024,-1.2749759216360468,-3.914341411386275,1.4285714285714233,-1.999999999999999
WQS0819,2024,-3.5722071592027325,-10.076110608801514,-10.000000000000002,-6.666666666666667
WQS0817,2024,4.488488714492272,-5.9724691102222325,5.714285714285719,-5.0
WQS0818,2024,-3.5722071592027325,-10.076110608801514,-11.428571428571425,-6.666666666666667
WQS0858,2024,17.376969578937064,-0.6441964895913976,-10.000000000000002,15.666666666666668
WQS0859,2024,16.553311986934386,,-7.142857142857142,15.666666666666668
WQS0860,2024,10.772342943686354,-2.8276237576556293,-7.142857142857142,15.666666666666668
WQS0872,2024,-1.2749759216360468,-11.911192357723293,-10.000000000000002,-3.6666666666666656
WQS0862,2024,6.858945825256826,,-7.142857142857142,-3.3333333333333335
WQS0864,2024,10.772342943686354,,-7.142857142857142,0.33333333333333215
WQS0863,2024,10.254105376177812,,-7.142857142857142,1.6666666666666667
WQS0799,2024,6.858945825256826,,-4.285714285714295,-3.6666666666666656
WQS0800,2024,2.0117627444180477,,-8.571428571428566,-3.3333333333333335
WQS0801,2024,-2.835420336420731,-10.753384682092596,-8.571428571428566,-4.000000000000001
WQS1817,2024,16.101993657301023,0.18930008719300745,-5.714285714285719,10.0
WQS1785,2024,-0.4824676327758857,-3.284122939699084,-7.142857142857142,-3.3333333333333335
WQS1784,2024,15.619526024525136,-1.6698160820249321,2.8571428571428594,12.666666666666666
WQS1787,2024,0.0,-3.284122939699084,-8.571428571428566,-3.6666666666666656
WQS1786,2024,17.755062035372557,-1.6698160820249321,-1.4285714285714233,14.333333333333334
WQS1798,2024,15.181515038570693,10.44616670628769,-10.000000000000002,0.6666666666666673
WQS1791,2024,-0.4824676327758857,-3.284122939699084,-8.571428571428566,-8.000000000000002
WQS1812,2024,5.298501410472143,10.44616670628769,-4.285714285714295,-9.333333333333334
WQS1789,2024,-1.560444414784685,-4.814661434591535,-7.142857142857142,-6.666666666666667
WQS1811,2024,5.0764825411394146,,-4.285714285714283,4.666666666666667
WQS1810,2024,13.01743221848063,4.309899735407114,-11.428571428571425,4.000000000000001
WQS1793,2024,-0.23707378794182898,-3.284122939699084,-8.571428571428566,-4.000000000000001
WQS1751,2024,5.0764825411394146,5.768027240840016,-7.142857142857142,-8.666666666666666
WQS1690,2024,27.356804233763256,8.816369505217217,15.714285714285708,15.666666666666668
WQS1816,2024,-2.835420336420731,-2.559793264804111,-5.714285714285719,-8.666666666666666
WQS1815,2024,0.0,-0.21352818403781276,-7.142857142857142,-5.333333333333332
WQS1809,2024,0.0,-2.940275204201734,-4.285714285714283,-0.6666666666666673
WQS1808,2024,18.45494636094587,-1.0922948321738482,2.8571428571428594,15.666666666666668
WQS1752,2024,7.0316214377769075,1.9005945923786263,-8.571428571428566,-0.33333333333333215
WQS1794,2024,4.847183080838778,8.816369505217217,-8.571428571428566,-6.0
WQS1686,2024,2.9891189848037722,3.2019573565624486,-2.8571428571428465,-4.000000000000001
WQS1685,2024,4.364715448062894,2.8776462577161563,-4.285714285714295,-1.6666666666666667
WQS1749,2024,21.178476198440432,12.32353839483048,-10.000000000000002,15.666666666666668
WQS1747,2024,18.45494636094587,6.466312451444567,-12.857142857142861,15.666666666666668
WQS1756,2024,0.6665047538763971,-1.0922948321738482,-2.8571428571428465,-6.666666666666667
WQS1757,2024,11.963569277583133,3.911666689610695,-10.000000000000002,7.666666666666666
WQS1767,2024,-2.835420336420731,-1.37133585966851,-10.000000000000002,-3.3333333333333335
WQS1765,2024,1.65306837807154,1.1240618129095243,-5.714285714285719,-1.999999999999999
WQS1754,2024,0.6665047538763971,0.3593141737009044,-2.8571428571428465,-6.666666666666667
WQS1682,2024,0.4513183296333642,1.018530088498217,-2.8571428571428465,-6.0
WQS1681,2024,-0.7367868227820025,-1.0922948321738482,-1.4285714285714233,-5.0
WQS1680,2024,2.0117627444180477,1.018530088498217,-2.8571428571428465,1.999999999999999
WQS1679,2024,10.569632895621655,6.600012860133844,-11.428571428571425,12.333333333333334
WQS1725,2024,1.0779767820087993,1.7198385820854594,-4.285714285714295,-5.666666666666668
WQS1730,2024,-0.4824676327758857,-0.6441964895913976,-1.4285714285714233,-4.333333333333333
WQS1729,2024,0.0,-0.21352818403781276,-2.8571428571428465,-3.0000000000000013
WQS1720,2024,0.4513183296333642,-0.06818756523242914,-2.8571428571428465,-2.333333333333334
WQS1719,2024,1.2749759216360452,0.4637458892532693,-2.8571428571428465,-0.33333333333333215
WQS1724,2024,2.0117627444180477,1.1240618129095243,-4.285714285714295,1.6666666666666667
WQS1723,2024,2.184438356938128,1.1240618129095243,-4.285714285714295,2.666666666666666
WQS1728,2024,8.278112566492425,5.565992428239305,-8.571428571428566,8.333333333333334
WQS1727,2024,8.826865122027355,5.768027240840016,-10.000000000000002,9.333333333333334
WQS1732,2024,10.254105376177812,6.3209718326391835,-11.428571428571425,11.666666666666668
WQS1731,2024,10.569632895621655,6.600012860133844,-11.428571428571425,12.666666666666666
WQS1722,2024,7.986695109145795,5.517572707823843,-8.571428571428566,7.666666666666666
WQS1721,2024,7.68260341725951,4.970215659063371,-7.142857142857142,6.666666666666667
WQS1734,2024,2.352952703644846,0.18930008719300745,-4.285714285714295,-6.666666666666667
WQS1733,2024,2.5175016365832654,0.18930008719300745,-4.285714285714295,-5.666666666666668
WQS1726,2024,-0.23707378794182898,-1.37133585966851,-2.8571428571428465,-6.999999999999999
WQS1687,2024,0.4513183296333642,2.6201586052907215,-1.4285714285714233,-9.333333333333334
WQS0235,2024,-1.0007052002844297,3.632625662116035,-4.285714285714295,-6.999999999999999
WQS1678,2024,1.2749759216360452,2.6201586052907215,-1.4285714285714233,-8.333333333333334
WQS1718,2024,2.0117627444180477,2.8776462577161563,-1.4285714285714233,-7.333333333333334
WQS1689,2024,-2.1689155825443325,-3.3824079569005767,-1.4285714285714233,-10.0
WQS1688,2024,0.6665047538763971,-0.9685075884376897,-4.285714285714295,-8.666666666666666
WQS0932,2024,-2.835420336420731,-11.911192357723293,-1.4285714285714233,-6.999999999999999
WQS0934,2024,-0.4824676327758857,-10.753384682092596,-8.571428571428566,-4.666666666666668
WQS0935,2024,-1.8580640960350063,-10.753384682092596,0.0,-0.6666666666666673
WQS0931,2024,-3.5722071592027325,-11.911192357723293,-5.714285714285719,-7.333333333333334
WQS0933,2024,-2.835420336420731,-11.911192357723293,-10.000000000000002,-6.0
WQS0940,2024,-3.5722071592027325,-11.911192357723293,-5.714285714285719,-6.666666666666667
WQS0844,2024,-2.835420336420731,-11.911192357723293,-8.571428571428566,-6.999999999999999
WQS0793,2024,-2.4942303771939334,-10.076110608801514,-10.000000000000002,-6.666666666666667
WQS0852,2024,-0.23707378794182898,-6.096256353958392,-4.285714285714283,-6.333333333333335
WQS0941,2024,2.0117627444180477,-6.148459458532522,5.714285714285719,-2.666666666666666
WQS0845,2024,-6.407627495623464,-11.911192357723293,-5.714285714285719,-7.333333333333334
WQS0208,2024,-1.2749759216360468,2.753859013979998,-4.285714285714295,-7.666666666666666
WQS0176,2024,-3.1941147027672385,3.2019573565624486,-5.714285714285719,-8.000000000000002
WQS0177,2024,-1.0007052002844297,4.0354539333468535,-7.142857142857142,-5.333333333333332
WQS0206,2024,5.0764825411394146,5.13251442750358,-7.142857142857142,-3.3333333333333335
WQS0207,2024,-2.835420336420731,4.408184752608609,-7.142857142857142,-4.666666666666668
WQS0257,2024,4.847183080838778,11.324933354423727,-4.285714285714295,15.0
WQS0258,2024,-0.23707378794182898,6.022491610282762,-5.714285714285719,5.333333333333334
WQS0271,2024,0.0,5.13251442750358,-5.714285714285719,-0.33333333333333215
WQS0259,2024,4.847183080838778,6.022491610282762,-7.142857142857142,11.666666666666668
WQS0172,2024,-1.560444414784685,3.7779662809214187,-7.142857142857142,-4.333333333333333
WQS0199,2024,-1.2749759216360468,5.13251442750358,-7.142857142857142,-7.666666666666666
WQS0173,2024,-2.835420336420731,3.632625662116035,-7.142857142857142,-5.666666666666668
WQS0197,2024,-2.1689155825443325,5.13251442750358,-4.285714285714295,-6.666666666666667
WQS0198,2024,-1.2749759216360468,5.13251442750358,-5.714285714285719,-3.6666666666666656
WQS0196,2024,-0.4824676327758857,5.13251442750358,-5.714285714285719,-4.666666666666668
WQS0260,2024,7.68260341725951,6.022491610282762,-7.142857142857142,15.666666666666668
WQS0261,2024,8.419390240041512,6.022491610282762,-8.571428571428566,15.666666666666668
WQS0236,2024,2.0117627444180477,6.022491610282762,-2.8571428571428465,15.0
WQS0237,2024,-2.4942303771939334,4.408184752608609,-2.8571428571428465,-5.666666666666668
WQS0247,2024,-3.1941147027672385,3.632625662116035,-7.142857142857142,-3.3333333333333335
WQS0245,2024,-0.7367868227820025,2.753859013979998,-8.571428571428566,-8.333333333333334
WQS0246,2024,-0.7367868227820025,4.408184752608609,-10.000000000000002,-6.666666666666667
WQS0174,2024,-0.4824676327758857,6.022491610282762,-8.571428571428566,8.333333333333334
WQS0202,2024,0.0,2.753859013979998,-8.571428571428566,3.666666666666667
WQS0200,2024,-0.7367868227820025,6.723800103870002,-10.000000000000002,-1.999999999999999
WQS0175,2024,-1.2749759216360468,5.13251442750358,-8.571428571428566,-3.0000000000000013
WQS0203,2024,-0.4824676327758857,3.7779662809214187,-11.428571428571425,5.0
WQS0201,2024,-0.4824676327758857,6.022491610282762,-8.571428571428566,6.333333333333333
WQS0205,2024,-0.7367868227820025,3.7779662809214187,-10.000000000000002,-1.6666666666666667
WQS0204,2024,-0.23707378794182898,3.7779662809214187,-7.142857142857142,-2.666666666666666
WQS0255,2024,3.846477880554349,6.022491610282762,-4.285714285714283,15.666666666666668
WQS0256,2024,3.572207159202731,6.022491610282762,-7.142857142857142,15.666666666666668
WQS0171,2024,-0.4824676327758857,3.632625662116035,12.857142857142861,-7.333333333333334
WQS0170,2024,-2.4942303771939334,4.408184752608609,-5.714285714285719,-6.333333333333335
WQS0193,2024,-1.2749759216360468,2.4748179864853377,-4.285714285714295,-7.333333333333334
WQS0252,2024,-0.7367868227820025,2.753859013979998,-4.285714285714295,-8.000000000000002
WQS0251,2024,-4.395864751205414,3.7779662809214187,-5.714285714285719,-6.999999999999999
WQS0186,2024,-1.2749759216360468,6.022491610282762,-5.714285714285719,15.666666666666668
WQS0270,2024,-0.4824676327758857,6.022491610282762,-5.714285714285719,-6.333333333333335
WQS0195,2024,-0.4824676327758857,4.408184752608609,-8.571428571428566,-4.000000000000001
WQS0254,2024,-1.0007052002844297,3.7779662809214187,-8.571428571428566,-5.0
WQS0244,2024,-0.7367868227820025,4.0354539333468535,-5.714285714285719,0.9999999999999994
WQS0243,2024,3.572207159202731,5.13251442750358,-7.142857142857142,6.666666666666667
WQS0238,2024,-0.4824676327758857,4.408184752608609,-7.142857142857142,-5.0
WQS0249,2024,-3.5722071592027325,5.13251442750358,-7.142857142857142,-5.666666666666668
WQS0248,2024,-0.7367868227820025,6.022491610282762,-7.142857142857142,9.666666666666666
WQS0234,2024,-0.4824676327758857,6.022491610282762,-5.714285714285719,6.0
WQS0253,2024,-1.2749759216360468,3.7779662809214187,-10.000000000000002,-7.333333333333334
WQS0788,2024,-1.8580640960350063,-9.398836535510434,-4.285714285714295,-4.000000000000001
WQS0916,2024,-3.5722071592027325,-9.818622956376078,-7.142857142857142,-6.666666666666667
WQS0266,2024,-1.560444414784685,3.632625662116035,-11.428571428571425,-7.666666666666666
WQS0263,2024,-0.23707378794182898,3.632625662116035,-10.000000000000002,-9.333333333333334
WQS0262,2024,0.6665047538763971,5.13251442750358,-7.142857142857142,-5.0
WQS0267,2024,-2.1689155825443325,2.753859013979998,-10.000000000000002,-6.0
WQS0268,2024,-1.560444414784685,5.13251442750358,-8.571428571428566,-7.333333333333334
WQS0265,2024,2.352952703644846,5.13251442750358,-7.142857142857142,-7.333333333333334
WQS0269,2024,-2.835420336420731,6.022491610282762,-7.142857142857142,-6.999999999999999
WQS0264,2024,-1.0007052002844297,5.13251442750358,-8.571428571428566,-7.333333333333334
WQS1755,2024,-0.7367868227820025,8.15605358156096,-2.8571428571428465,-6.666666666666667
WQS0928,2024,-2.1689155825443325,8.816369505217217,-2.8571428571428465,-8.333333333333334
WQS0915,2024,-5.329650713614663,-11.911192357723293,-5.714285714285719,-6.666666666666667
WQS0921,2024,-1.8580640960350063,-11.911192357723293,-1.4285714285714233,-8.333333333333334
WQS0927,2024,-0.4824676327758857,-11.911192357723293,1.4285714285714233,-5.0
WQS0926,2024,-5.329650713614663,-11.911192357723293,-8.571428571428566,-7.333333333333334
WQS0922,2024,-4.395864751205414,-11.911192357723293,-10.000000000000002,-6.666666666666667
WQS0783,2024,-5.8478882811232085,-11.911192357723293,-4.285714285714295,-7.333333333333334
WQS0923,2024,-3.9719163468946816,-11.911192357723293,-8.571428571428566,-6.333333333333335
WQS0918,2024,-3.5722071592027325,-11.911192357723293,-5.714285714285719,-6.333333333333335
WQS0924,2024,-1.8580640960350063,-11.911192357723293,-2.8571428571428465,-6.0
WQS0919,2024,-3.5722071592027325,-11.911192357723293,-5.714285714285719,-5.666666666666668
WQS0920,2024,-3.9719163468946816,-11.911192357723293,-8.571428571428566,-6.0
WQS0925,2024,-7.016098663383111,-11.911192357723293,0.0,-5.666666666666668
WQS0850,2024,-3.9719163468946816,-11.911192357723293,-4.285714285714295,12.0
WQS0823,2024,-3.5722071592027325,-10.753384682092596,-1.4285714285714233,-6.0
WQS0917,2024,-3.9719163468946816,-10.076110608801514,-1.4285714285714233,-7.333333333333334
WQS0843,2024,-3.5722071592027325,-10.076110608801514,-10.000000000000002,-6.666666666666667
WQS0842,2024,-3.1941147027672385,-10.076110608801514,-10.000000000000002,-6.999999999999999
WQS0849,2024,-3.1941147027672385,-11.911192357723293,-4.285714285714295,-6.333333333333335
WQS0601,2024,-0.4824676327758857,,0.0,-1.3333333333333346
WQS0625,2024,-1.0007052002844297,,0.0,5.333333333333334
WQS0606,2024,-5.8478882811232085,,0.0,-4.000000000000001
WQS0603,2024,-4.395864751205414,,-12.857142857142861,-8.666666666666666
WQS0632,2024,-2.1689155825443325,,-11.428571428571425,-7.333333333333334
WQS0621,2024,0.0,,-10.000000000000002,-4.000000000000001
WQS0608,2024,-1.0007052002844297,,-11.428571428571425,-7.333333333333334
WQS0633,2024,-5.8478882811232085,,-10.000000000000002,-5.0
WQS0628,2024,2.352952703644846,,-1.4285714285714233,1.999999999999999
WQS0631,2024,-1.0007052002844297,,-10.000000000000002,-5.333333333333332
WQS0240,2024,-1.8580640960350063,5.13251442750358,-8.571428571428566,-6.999999999999999
WQS0241,2024,-1.0007052002844297,4.408184752608609,-8.571428571428566,-4.666666666666668
WQS0242,2024,-2.4942303771939334,3.2019573565624486,-5.714285714285719,-6.0
WQS0239,2024,-0.23707378794182898,3.2019573565624486,-11.428571428571425,-4.000000000000001
WQS0250,2024,-1.560444414784685,4.408184752608609,-8.571428571428566,-7.666666666666666
WQS1834,2024,-1.0007052002844297,0.41234603710718587,1.4285714285714233,-8.000000000000002
WQS0607,2024,-3.1941147027672385,,-11.428571428571425,-8.000000000000002
WQS1848,2024,-1.2749759216360468,0.5136111860392978,-2.8571428571428594,-8.000000000000002
WQS1846,2024,-1.2749759216360468,0.06551284345684714,-7.142857142857142,-7.666666666666666
WQS1850,2024,-0.7367868227820025,0.12855290571903796,-2.8571428571428465,-7.666666666666666
WQS1852,2024,0.0,0.06551284345684714,-8.571428571428566,-5.333333333333332
WQS0597,2024,-0.23707378794182898,,-12.857142857142861,-8.000000000000002
WQS0616,2024,-1.560444414784685,,-11.428571428571425,-8.333333333333334
WQS0610,2024,-1.560444414784685,,-12.857142857142861,-7.666666666666666
WQS0596,2024,-2.4942303771939334,,-11.428571428571425,-7.333333333333334
WQS1888,2024,-1.2749759216360468,-0.21352818403781276,-1.4285714285714233,-7.666666666666666
WQS0614,2024,-0.4824676327758857,,-12.857142857142861,-7.333333333333334
WQS0615,2024,-0.23707378794182898,,-12.857142857142861,-8.000000000000002
WQS0609,2024,-0.7367868227820025,,-10.000000000000002,-8.000000000000002
WQS0612,2024,-0.4824676327758857,,-11.428571428571425,-8.000000000000002
WQS0613,2024,0.0,,-1.4285714285714233,-6.666666666666667
WQS0611,2024,-2.835420336420731,0.18930008719300745,4.285714285714295,-7.666666666666666
WQS1847,2024,-2.835420336420731,1.286360581349735,-2.8571428571428465,-6.999999999999999
WQS1844,2024,-0.23707378794182898,0.06551284345684714,-7.142857142857142,-7.333333333333334
WQS1843,2024,-0.7367868227820025,0.06551284345684714,-2.8571428571428465,-6.999999999999999
WQS1845,2024,-2.4942303771939334,0.06551284345684714,-8.571428571428566,-8.000000000000002
WQS1849,2024,-0.7367868227820025,0.0,2.8571428571428465,-7.333333333333334
WQS1851,2024,-0.4824676327758857,0.06551284345684714,-4.285714285714295,-6.999999999999999
WQS0624,2024,-0.23707378794182898,,-11.428571428571425,-6.666666666666667
WQS0627,2024,-1.560444414784685,,-10.000000000000002,-3.3333333333333335
WQS0617,2024,-2.1689155825443325,,-7.142857142857142,-6.666666666666667
WQS1832,2024,2.184438356938128,6.3209718326391835,-1.4285714285714233,12.666666666666666
WQS1873,2024,15.101288457016592,6.946846053784182,-8.571428571428566,15.666666666666668
WQS1837,2024,0.22929946030063506,4.0354539333468535,-4.285714285714283,11.333333333333334
WQS1838,2024,1.0779767820087993,3.2019573565624486,-2.8571428571428594,12.333333333333334
WQS1853,2024,-1.0007052002844297,0.4637458892532693,-2.8571428571428465,-7.666666666666666
WQS1867,2024,-0.23707378794182898,1.286360581349735,-7.142857142857142,10.333333333333334
WQS1878,2024,-0.23707378794182898,2.8776462577161563,-1.4285714285714233,0.0
WQS1841,2024,-1.0007052002844297,1.9218733946861688,1.4285714285714233,-0.6666666666666673
WQS1890,2024,6.313760220573529,0.4637458892532693,1.4285714285714233,12.666666666666666
WQS1827,2024,7.911902877560145,0.7427869167479292,-5.714285714285719,5.0
WQS1887,2024,11.573765200602466,7.048111202716294,-10.000000000000002,15.666666666666668
WQS1839,2024,12.047318865322403,6.058414788183311,-8.571428571428566,14.666666666666668
WQS1840,2024,-0.7367868227820025,3.2019573565624486,-1.4285714285714233,-0.9999999999999994
WQS1872,2024,15.864919869359195,10.44616670628769,-2.8571428571428594,9.000000000000002
WQS1871,2024,0.0,7.6241201270752645,0.0,-1.3333333333333346
WQS1874,2024,-0.4824676327758857,2.753859013979998,1.4285714285714233,-3.3333333333333335
WQS1833,2024,-0.23707378794182898,3.7779662809214187,0.0,-3.6666666666666656
WQS1842,2024,-0.7367868227820025,2.753859013979998,-7.142857142857142,-0.6666666666666673
WQS1889,2024,-3.1941147027672385,-0.13927758713247856,-1.4285714285714233,-7.333333333333334
WQS1866,2024,-0.7367868227820025,3.2019573565624486,-1.4285714285714233,-0.33333333333333215
WQS1877,2024,-0.7367868227820025,1.7198385820854594,0.0,-0.33333333333333215
WQS1475,2024,-2.835420336420731,-11.911192357723293,1.4285714285714233,0.0
WQS1474,2024,-4.395864751205414,-3.6568537589608385,1.4285714285714233,-0.9999999999999994
WQS1477,2024,-0.23707378794182898,-3.6568537589608385,-5.714285714285719,-0.9999999999999994
WQS1476,2024,17.47342637706529,-2.940275204201734,17.14285714285713,13.333333333333334
WQS1505,2024,0.22929946030063506,-3.284122939699084,8.571428571428566,3.3333333333333335
WQS1500,2024,-0.23707378794182898,-3.284122939699084,1.4285714285714233,-0.9999999999999994
WQS1499,2024,2.352952703644846,-3.284122939699084,4.285714285714295,-0.33333333333333215
WQS1478,2024,2.184438356938128,-5.072149087016972,-1.4285714285714233,0.6666666666666673
WQS1480,2024,1.4665771397347491,-5.480046750278227,-4.285714285714295,3.666666666666667
WQS1479,2024,1.0779767820087993,-5.667925856192907,-2.8571428571428465,4.666666666666667
WQS1490,2024,-0.23707378794182898,-5.480046750278227,-7.142857142857142,0.0
WQS1491,2024,0.8752667339440972,-5.217489705822356,-1.4285714285714233,10.666666666666668
WQS1489,2024,-3.5722071592027325,-3.284122939699084,-1.4285714285714233,0.33333333333333215
WQS1506,2024,-3.5722071592027325,-4.0596820301916585,-1.4285714285714233,-1.999999999999999
WQS1497,2024,0.8752667339440972,-5.480046750278227,-8.571428571428566,1.999999999999999
WQS0059,2024,-1.0007052002844297,-2.0562198021214675,-8.571428571428566,-4.000000000000001
WQS0062,2024,-1.2749759216360468,-1.37133585966851,-7.142857142857142,-5.0
WQS0057,2024,-1.2749759216360468,-1.37133585966851,-5.714285714285719,-0.9999999999999994
WQS0060,2024,-0.4824676327758857,-1.37133585966851,-7.142857142857142,-4.333333333333333
WQS0070,2024,-1.2749759216360468,-1.6162169360891918,-10.000000000000002,-0.6666666666666673
WQS0093,2024,-1.2749759216360468,-1.37133585966851,0.0,-4.000000000000001
WQS0088,2024,-1.0007052002844297,-1.37133585966851,-8.571428571428566,-0.9999999999999994
WQS0063,2024,-1.8580640960350063,-1.37133585966851,-7.142857142857142,-7.666666666666666
WQS0089,2024,-1.2749759216360468,-1.37133585966851,-4.285714285714283,-1.6666666666666667
WQS0087,2024,-1.0007052002844297,-1.37133585966851,-7.142857142857142,-2.666666666666666
WQS0061,2024,-1.8580640960350063,-1.37133585966851,-5.714285714285719,-1.3333333333333346
WQS0091,2024,-1.0007052002844297,-1.6880716013497847,-7.142857142857142,-1.3333333333333346
WQS0092,2024,-1.2749759216360468,-1.37133585966851,-10.000000000000002,-1.999999999999999
WQS1868,2024,-0.23707378794182898,1.7198385820854594,-7.142857142857142,-3.3333333333333335
WQS1879,2024,-1.560444414784685,1.1578076756306972,-7.142857142857142,-1.999999999999999
WQS0064,2024,-1.0007052002844297,-1.6880716013497847,-7.142857142857142,0.0
WQS0096,2024,-1.8580640960350063,-1.37133585966851,-5.714285714285719,-0.6666666666666673
WQS0095,2024,-1.0007052002844297,-1.37133585966851,-4.285714285714283,0.0
WQS1261,2024,-3.5722071592027325,,0.0,-6.0
WQS1260,2024,-3.5722071592027325,,0.0,-5.666666666666668
WQS1264,2024,3.430929485653645,,-4.285714285714283,-0.9999999999999994
WQS1273,2024,-3.5722071592027325,,-4.285714285714295,-5.333333333333332
WQS1275,2024,-1.0007052002844297,,-4.285714285714283,-4.333333333333333
WQS1262,2024,-3.5722071592027325,,-4.285714285714283,-4.333333333333333
WQS0066,2024,-1.0007052002844297,-1.6338929041243797,-7.142857142857142,-2.333333333333334
WQS0100,2024,-1.560444414784685,-2.0562198021214675,-7.142857142857142,-3.3333333333333335
WQS0067,2024,-1.2749759216360468,-1.6880716013497847,-5.714285714285719,-2.333333333333334
WQS1271,2024,-6.407627495623464,6.466312451444567,-4.285714285714295,-6.0
WQS1274,2024,-1.2749759216360468,7.99685094633702,-11.428571428571425,-4.333333333333333
WQS1272,2024,1.0779767820087993,9.039415455131397,-8.571428571428566,-4.000000000000001
WQS0098,2024,2.184438356938128,10.007923043569086,-10.000000000000002,0.9999999999999994
WQS0099,2024,-2.835420336420731,6.946846053784182,-10.000000000000002,-5.0
WQS0081,2024,17.376969578937064,0.5620309064547622,-7.142857142857142,15.666666666666668
WQS0106,2024,-0.7367868227820025,-1.6880716013497847,-4.285714285714283,0.0
WQS0111,2024,-0.7367868227820025,-1.6880716013497847,-7.142857142857142,-0.33333333333333215
WQS0102,2024,-1.0007052002844297,-1.6338929041243797,-4.285714285714283,-0.9999999999999994
WQS0103,2024,0.8752667339440972,-2.0562198021214675,-2.8571428571428594,11.666666666666668
WQS0104,2024,-1.8580640960350063,-1.6880716013497847,-4.285714285714283,-1.6666666666666667
WQS0068,2024,-1.560444414784685,-1.6880716013497847,-4.285714285714283,-1.999999999999999
WQS0105,2024,-1.560444414784685,-1.6880716013497847,-5.714285714285719,-4.000000000000001
WQS1869,2024,-0.4824676327758857,1.9428845319996395,-5.714285714285719,-5.0
WQS0107,2024,-1.0007052002844297,-1.6880716013497847,-4.285714285714283,-0.9999999999999994
WQS0108,2024,-1.2749759216360468,-2.0562198021214675,-2.8571428571428594,-1.3333333333333346
WQS0110,2024,-1.0007052002844297,-2.0562198021214675,-7.142857142857142,0.0
WQS0147,2024,-0.23707378794182898,-1.37133585966851,-4.285714285714283,0.0
WQS0149,2024,-1.0007052002844297,-1.37133585966851,-4.285714285714283,-0.6666666666666673
WQS0130,2024,-1.2749759216360468,-0.8532644216013697,-10.000000000000002,-0.33333333333333215
WQS0101,2024,-0.7367868227820025,-2.0562198021214675,-2.8571428571428594,-0.6666666666666673
WQS0097,2024,-1.2749759216360468,-1.6880716013497847,-5.714285714285719,-1.6666666666666667
WQS0086,2024,-1.0007052002844297,-1.6880716013497847,-4.285714285714283,-2.666666666666666
WQS0076,2024,-1.0007052002844297,-1.6880716013497847,-4.285714285714283,0.0
WQS0056,2024,-1.560444414784685,-0.9685075884376897,-7.142857142857142,-0.6666666666666673
WQS0074,2024,-1.0007052002844297,-1.37133585966851,-10.000000000000002,-3.3333333333333335
WQS1658,2024,-3.5722071592027325,,-4.285714285714283,-0.6666666666666673
WQS1655,2024,-4.395864751205414,,-2.8571428571428594,-0.6666666666666673
WQS1111,2024,1.0779767820087993,,-10.000000000000002,-6.999999999999999
WQS0129,2024,-1.560444414784685,-1.6880716013497847,-4.285714285714283,-1.6666666666666667
WQS1103,2024,0.8752667339440972,,-5.714285714285719,-6.999999999999999
WQS0039,2024,-1.560444414784685,,-4.285714285714295,-4.666666666666668
WQS0052,2024,1.2749759216360452,,-4.285714285714295,0.0
WQS0040,2024,5.406922295339032,,4.285714285714295,2.333333333333334
WQS0109,2024,-1.0007052002844297,-1.37133585966851,-2.8571428571428594,0.0
WQS0041,2024,-0.23707378794182898,,,-6.666666666666667
WQS0144,2024,-1.2749759216360468,-1.37133585966851,-4.285714285714283,-6.999999999999999
WQS0054,2024,-2.835420336420731,,4.285714285714295,-6.0
WQS0053,2024,1.0779767820087993,,-5.714285714285719,-2.333333333333334
WQS0075,2024,-0.7367868227820025,-1.6338929041243797,-4.285714285714283,-0.9999999999999994
WQS0094,2024,-1.2749759216360468,-1.6698160820249321,-7.142857142857142,-1.6666666666666667
WQS1259,2024,-3.5722071592027325,,-2.8571428571428465,-6.333333333333335
WQS1266,2024,-3.5722071592027325,,-7.142857142857142,-5.333333333333332
WQS1268,2024,-3.5722071592027325,,-5.714285714285719,-6.999999999999999
WQS1270,2024,-3.5722071592027325,,-4.285714285714295,-5.0
WQS1277,2024,-3.1941147027672385,,-5.714285714285719,-5.666666666666668
WQS0071,2024,-0.7367868227820025,-1.37133585966851,-4.285714285714283,0.0
WQS1885,2024,-1.2749759216360468,4.150697100183173,-4.285714285714283,-5.666666666666668
WQS1884,2024,-1.0007052002844297,1.7198385820854594,2.8571428571428594,-7.333333333333334
WQS0080,2024,-1.0007052002844297,-1.37133585966851,-5.714285714285719,-0.9999999999999994
WQS0044,2024,1.0779767820087993,,-8.571428571428566,-5.333333333333332
WQS0083,2024,-1.2749759216360468,-1.37133585966851,-2.8571428571428594,-4.333333333333333
WQS0082,2024,-0.23707378794182898,-2.0562198021214675,-2.8571428571428594,-5.333333333333332
WQS0113,2024,-1.2749759216360468,-1.6880716013497847,-5.714285714285719,-3.3333333333333335
WQS0114,2024,-0.7367868227820025,-2.079259662464496,-4.285714285714283,-5.333333333333332
WQS0141,2024,-1.2749759216360468,-1.37133585966851,-4.285714285714283,-0.6666666666666673
WQS1280,2024,-3.5722071592027325,,-1.4285714285714233,-6.333333333333335
WQS0084,2024,-1.0007052002844297,-1.37133585966851,-4.285714285714283,-1.6666666666666667
WQS1145,2024,-1.560444414784685,-7.332993518606788,-4.285714285714283,-6.666666666666667
WQS1144,2024,-4.395864751205414,-10.753384682092596,-2.8571428571428594,-6.999999999999999
WQS1125,2024,-3.5722071592027325,-6.710490364987283,-2.8571428571428594,-6.333333333333335
WQS1121,2024,-2.4942303771939334,-6.710490364987283,-2.8571428571428594,-5.666666666666668
WQS1122,2024,-1.8580640960350063,-6.202346821774117,-4.285714285714283,-6.0
WQS1184,2024,-4.8471830808387795,-11.911192357723293,,-5.666666666666668
WQS0123,2024,-0.7367868227820025,-1.37133585966851,-7.142857142857142,-5.0
WQS1133,2024,-4.8471830808387795,-11.911192357723293,,-5.666666666666668
WQS1126,2024,-3.1941147027672385,-7.831585279440171,-4.285714285714283,-7.333333333333334
WQS1163,2024,-4.395864751205414,-11.911192357723293,,-6.666666666666667
WQS1132,2024,-4.395864751205414,-11.911192357723293,,-5.333333333333332
WQS1131,2024,-3.9719163468946816,-11.911192357723293,,-5.666666666666668
WQS1258,2024,-3.9719163468946816,,-4.285714285714283,-6.333333333333335
WQS1276,2024,-3.5722071592027325,,-4.285714285714295,-6.333333333333335
WQS1278,2024,-6.407627495623464,,-5.714285714285719,-6.666666666666667
WQS1279,2024,-6.407627495623464,,-2.8571428571428594,-6.666666666666667
WQS1508,2024,-2.1689155825443325,,-7.142857142857142,-8.666666666666666
WQS1510,2024,-1.8580640960350063,,-7.142857142857142,-8.333333333333334
WQS1509,2024,-0.23707378794182898,,-2.8571428571428594,-5.0
WQS1507,2024,-1.560444414784685,,-8.571428571428566,-6.666666666666667
WQS1526,2024,-1.8580640960350063,,-7.142857142857142,-8.000000000000002
WQS1529,2024,-1.8580640960350063,,-7.142857142857142,-7.333333333333334
WQS1530,2024,-1.8580640960350063,,-7.142857142857142,-8.000000000000002
WQS1531,2024,-1.560444414784685,,-7.142857142857142,-8.666666666666666
WQS1534,2024,-1.560444414784685,,-8.571428571428566,-8.000000000000002
WQS1533,2024,-1.560444414784685,,-7.142857142857142,-8.000000000000002
WQS1532,2024,-1.8580640960350063,,-5.714285714285719,-8.000000000000002
WQS1511,2024,-1.8580640960350063,,-7.142857142857142,-9.666666666666668
WQS1514,2024,-1.8580640960350063,,-7.142857142857142,-8.000000000000002
WQS1516,2024,-1.8580640960350063,,-5.714285714285719,-7.666666666666666
WQS1512,2024,-1.2749759216360468,,-7.142857142857142,-8.333333333333334
WQS1517,2024,-0.7367868227820025,,-8.571428571428566,-8.000000000000002
WQS1518,2024,-1.560444414784685,,-5.714285714285719,-8.000000000000002
WQS1513,2024,-1.2749759216360468,,-7.142857142857142,-8.666666666666666
WQS1515,2024,-1.560444414784685,,-7.142857142857142,-7.333333333333334
WQS1525,2024,-1.0007052002844297,,-8.571428571428566,-8.666666666666666
WQS1524,2024,-1.2749759216360468,,-8.571428571428566,-8.333333333333334
WQS1528,2024,-1.2749759216360468,,-7.142857142857142,-9.666666666666668
WQS1527,2024,-1.560444414784685,,-7.142857142857142,-8.000000000000002
WQS1522,2024,-1.8580640960350063,,-7.142857142857142,-8.000000000000002
WQS1523,2024,-1.8580640960350063,,-8.571428571428566,-8.000000000000002
WQS1521,2024,-1.8580640960350063,,-7.142857142857142,-7.333333333333334
WQS1519,2024,-1.0007052002844297,,-4.285714285714283,-8.333333333333334
WQS1520,2024,-1.8580640960350063,,-7.142857142857142,-7.333333333333334
WQS0046,2024,0.8752667339440972,,-8.571428571428566,-1.6666666666666667
WQS0047,2024,0.0,,-2.8571428571428465,-3.3333333333333335
WQS0043,2024,-1.560444414784685,,-4.285714285714295,1.6666666666666667
WQS0049,2024,0.0,,-2.8571428571428465,1.6666666666666667
WQS0050,2024,-0.23707378794182898,,-1.4285714285714233,-6.666666666666667
WQS0038,2024,1.8347151361362997,,-2.8571428571428465,-6.666666666666667
WQS0048,2024,0.0,,-2.8571428571428465,0.0
WQS0055,2024,-5.329650713614663,,-5.714285714285719,-6.666666666666667
WQS0051,2024,-3.5722071592027325,,-2.8571428571428465,1.999999999999999
WQS0090,2024,-0.7367868227820025,-1.37133585966851,-7.142857142857142,-2.333333333333334
WQS0134,2024,0.8752667339440972,-1.37133585966851,-4.285714285714283,4.333333333333333
WQS0124,2024,-1.0007052002844297,-1.37133585966851,-4.285714285714283,0.0
WQS0133,2024,-1.560444414784685,-2.0562198021214675,-4.285714285714283,-0.33333333333333215
WQS0121,2024,-1.0007052002844297,-0.8532644216013697,-7.142857142857142,-1.6666666666666667
WQS0136,2024,-0.7367868227820025,-1.37133585966851,-5.714285714285719,-5.666666666666668
WQS0120,2024,-1.2749759216360468,-1.37133585966851,-10.000000000000002,0.0
WQS0128,2024,-1.0007052002844297,-1.37133585966851,-5.714285714285719,-3.3333333333333335
WQS0140,2024,-1.560444414784685,-2.0562198021214675,-7.142857142857142,0.0
WQS0138,2024,-1.2749759216360468,-1.6517579235311624,-7.142857142857142,0.0
WQS0119,2024,-1.0007052002844297,-1.6880716013497847,-7.142857142857142,0.0
WQS0125,2024,-0.4824676327758857,-1.37133585966851,-1.4285714285714233,0.9999999999999994
WQS0143,2024,-1.0007052002844297,-1.6880716013497847,-8.571428571428566,-0.6666666666666673
WQS0077,2024,-1.560444414784685,-1.6880716013497847,-4.285714285714283,-1.999999999999999
WQS0079,2024,0.8752667339440972,-1.37133585966851,-7.142857142857142,10.666666666666668
WQS0135,2024,-0.7367868227820025,-2.0562198021214675,-7.142857142857142,-0.9999999999999994
WQS0116,2024,-1.2749759216360468,-1.6880716013497847,-2.8571428571428594,-1.3333333333333346
WQS0148,2024,-1.8580640960350063,-1.6880716013497847,-5.714285714285719,-3.3333333333333335
WQS0145,2024,-1.0007052002844297,-2.0562198021214675,-1.4285714285714233,-2.333333333333334
WQS0142,2024,-0.7367868227820025,-2.0562198021214675,-4.285714285714283,-0.6666666666666673
WQS0146,2024,-1.560444414784685,-1.37133585966851,-4.285714285714283,-1.999999999999999
WQS0115,2024,-1.2749759216360468,-2.0562198021214675,-4.285714285714283,-3.0000000000000013
WQS0118,2024,-1.2749759216360468,-1.37133585966851,-5.714285714285719,-4.333333333333333
WQS0126,2024,-0.7367868227820025,-2.0562198021214675,-2.8571428571428594,-0.6666666666666673
WQS0132,2024,-1.0007052002844297,-2.0562198021214675,-4.285714285714283,0.0
WQS0122,2024,-1.0007052002844297,-2.0562198021214675,-7.142857142857142,-0.33333333333333215
WQS0131,2024,-0.4824676327758857,-1.6880716013497847,-7.142857142857142,-0.9999999999999994
WQS0127,2024,-0.7367868227820025,-0.9685075884376897,-5.714285714285719,-6.999999999999999
WQS0139,2024,-1.560444414784685,-1.37133585966851,-5.714285714285719,-6.0
WQS0168,2024,-1.0007052002844297,-1.6338929041243797,-7.142857142857142,-2.333333333333334
WQS0167,2024,-1.0007052002844297,-0.9685075884376897,-4.285714285714283,-6.999999999999999
WQS0073,2024,-1.0007052002844297,-1.6338929041243797,-2.8571428571428594,-0.33333333333333215
WQS0150,2024,-1.2749759216360468,-0.9685075884376897,-7.142857142857142,0.0
WQS0112,2024,-1.2749759216360468,-1.37133585966851,-5.714285714285719,0.0
WQS0085,2024,0.8752667339440972,-0.3727308192617548,-7.142857142857142,15.666666666666668
WQS0078,2024,0.0,,-4.285714285714283,3.666666666666667
WQS0137,2024,0.8752667339440972,-0.8532644216013697,-4.285714285714283,9.333333333333334
WQS1659,2024,-3.5722071592027325,,-5.714285714285719,-1.6666666666666667
WQS1656,2024,-3.5722071592027325,,-7.142857142857142,-0.9999999999999994
WQS1657,2024,-4.395864751205414,,-7.142857142857142,-1.3333333333333346
WQS1883,2024,0.4513183296333642,2.4748179864853377,0.0,-7.333333333333334
WQS1882,2024,-1.560444414784685,3.7779662809214187,0.0,-4.666666666666668
WQS1870,2024,-0.4824676327758857,3.7068762590213673,1.4285714285714233,5.333333333333334
WQS1876,2024,-1.0007052002844297,1.7198385820854594,-7.142857142857142,-6.333333333333335
WQS1236,2024,-3.9719163468946816,,9.99999999999999,2.333333333333334
WQS1257,2024,-5.8478882811232085,,-4.285714285714283,0.0
WQS1245,2024,-5.329650713614663,,7.142857142857142,-0.9999999999999994
WQS1193,2024,-4.8471830808387795,,4.285714285714295,3.3333333333333335
WQS1188,2024,15.619526024525136,,1.4285714285714233,10.666666666666668
WQS1251,2024,-5.329650713614663,,1.4285714285714233,-8.000000000000002
WQS1252,2024,-4.8471830808387795,,2.8571428571428465,-8.000000000000002
WQS1199,2024,12.130077310406339,,0.0,5.0
WQS1186,2024,-4.395864751205414,,0.0,-0.6666666666666673
WQS1201,2024,-5.329650713614663,,7.142857142857142,-4.333333333333333
WQS1244,2024,-4.8471830808387795,,7.142857142857142,0.0
WQS1187,2024,-4.8471830808387795,,-1.4285714285714233,-3.3333333333333335
WQS1248,2024,-4.8471830808387795,,-1.4285714285714233,-2.333333333333334
WQS1246,2024,-4.8471830808387795,,0.0,-4.666666666666668
WQS1208,2024,-5.329650713614663,,0.0,-6.333333333333335
WQS1211,2024,-5.329650713614663,,0.0,-9.333333333333334
WQS1233,2024,-5.8478882811232085,,-4.285714285714295,-9.666666666666668
WQS1222,2024,-5.329650713614663,,2.8571428571428594,-5.0
WQS1213,2024,-7.68260341725951,,-1.4285714285714233,0.0
WQS1224,2024,-7.68260341725951,,5.714285714285719,0.0
WQS1099,2024,0.8752667339440972,,-8.571428571428566,-7.333333333333334
WQS1098,2024,1.2749759216360452,,-8.571428571428566,-6.999999999999999
WQS1097,2024,1.2749759216360452,,-5.714285714285719,-6.666666666666667
WQS1127,2024,-2.4942303771939334,-4.137387361300456,-4.285714285714283,-5.666666666666668
WQS1205,2024,15.101288457016592,,1.4285714285714233,10.0
WQS1223,2024,16.101993657301023,,0.0,15.666666666666668
WQS1210,2024,-5.8478882811232085,,-4.285714285714283,-4.666666666666668
WQS1212,2024,-4.395864751205414,,-4.285714285714283,-1.3333333333333346
WQS1206,2024,-5.329650713614663,,-7.142857142857142,-9.666666666666668
WQS1237,2024,-4.8471830808387795,,-2.8571428571428594,-6.666666666666667
WQS1225,2024,-7.68260341725951,,2.8571428571428594,0.0
WQS1207,2024,-5.8478882811232085,,5.714285714285719,-0.33333333333333215
WQS1235,2024,-5.329650713614663,,2.8571428571428594,-0.33333333333333215
WQS1152,2024,-3.9719163468946816,-7.9835412074543,-2.8571428571428594,-6.666666666666667
WQS1151,2024,-3.5722071592027325,-10.38065386283084,34.285714285714285,-6.999999999999999
WQS1156,2024,-2.835420336420731,-6.710490364987283,-4.285714285714283,-6.666666666666667
WQS1154,2024,-4.395864751205414,-11.911192357723293,31.428571428571427,-4.666666666666668
WQS1138,2024,-3.9719163468946816,-11.911192357723293,34.285714285714285,-5.333333333333332
WQS1182,2024,-3.5722071592027325,-8.918302933170816,22.85714285714285,-6.333333333333335
WQS1183,2024,-5.8478882811232085,-10.753384682092596,-4.285714285714283,-8.000000000000002
WQS1171,2024,-5.329650713614663,-10.076110608801514,-4.285714285714283,-6.333333333333335
WQS1172,2024,-4.395864751205414,-7.9835412074543,-5.714285714285719,-7.333333333333334
WQS1153,2024,-3.5722071592027325,-7.9835412074543,-2.8571428571428594,-6.666666666666667
WQS1129,2024,-4.8471830808387795,-11.911192357723293,,-6.0
WQS1130,2024,-2.4942303771939334,-11.911192357723293,,-5.333333333333332
WQS1140,2024,-3.5722071592027325,-10.076110608801514,1.4285714285714233,-6.666666666666667
WQS1139,2024,-5.329650713614663,-7.083221184249039,-2.8571428571428594,-5.666666666666668
WQS1143,2024,-4.395864751205414,-8.918302933170816,,-6.0
WQS1149,2024,6.313760220573529,-1.2259952408631263,-2.8571428571428594,-4.333333333333333
WQS1150,2024,-2.4942303771939334,-6.99290927713549,-2.8571428571428594,-5.666666666666668
WQS1136,2024,-4.395864751205414,-7.9835412074543,-2.8571428571428594,-6.333333333333335
WQS1134,2024,-6.407627495623464,-10.753384682092596,-4.285714285714283,-6.999999999999999
WQS1135,2024,-5.8478882811232085,-10.076110608801514,1.4285714285714233,-6.333333333333335
WQS1180,2024,-3.9719163468946816,-7.831585279440171,-4.285714285714283,-6.333333333333335
WQS1181,2024,-3.5722071592027325,-7.563754786588654,0.0,-7.333333333333334
WQS1142,2024,-1.0007052002844297,-11.911192357723293,,-4.000000000000001
WQS1141,2024,-3.1941147027672385,-9.595577006461898,-5.714285714285719,-6.666666666666667
WQS1137,2024,-1.0007052002844297,-11.911192357723293,,-2.666666666666666
WQS1157,2024,-1.8580640960350063,-5.9724691102222325,-4.285714285714283,-6.333333333333335
WQS1174,2024,-3.5722071592027325,-7.228561803054423,-4.285714285714283,-6.0
WQS1173,2024,-7.68260341725951,-9.0636435519762,-4.285714285714283,-8.000000000000002
WQS1158,2024,-4.395864751205414,-11.911192357723293,35.71428571428571,-6.0
WQS1155,2024,2.83542033642073,-7.228561803054423,-4.285714285714283,-6.999999999999999
WQS1501,2024,-0.23707378794182898,-4.699418267755216,-7.142857142857142,-0.9999999999999994
WQS1503,2024,-0.23707378794182898,-5.552682689356587,-10.000000000000002,-0.33333333333333215
WQS1502,2024,-1.0007052002844297,-9.595577006461898,-4.285714285714295,-6.0
WQS0317,2024,-7.68260341725951,-8.33650418189909,-1.4285714285714233,-7.333333333333334
WQS0320,2024,-7.68260341725951,-9.595577006461898,-1.4285714285714233,-6.999999999999999
WQS0332,2024,-7.68260341725951,-9.398836535510434,-1.4285714285714233,-7.333333333333334
WQS0328,2024,-7.68260341725951,-9.818622956376078,-2.8571428571428465,-6.666666666666667
WQS0331,2024,-7.68260341725951,-9.818622956376078,-1.4285714285714233,-6.666666666666667
WQS0319,2024,-7.68260341725951,-9.398836535510434,0.0,-6.0
WQS0316,2024,-4.395864751205414,-7.228561803054423,0.0,-6.0
WQS0318,2024,-7.68260341725951,-9.0636435519762,1.4285714285714233,-7.666666666666666
WQS0329,2024,-7.68260341725951,-7.387764438278365,0.0,-7.666666666666666
WQS0327,2024,-5.329650713614663,-6.568245879398169,-5.714285714285719,-10.333333333333332
WQS0867,2024,-5.8478882811232085,-11.911192357723293,-4.285714285714295,-7.666666666666666
WQS0802,2024,-2.835420336420731,-11.911192357723293,-8.571428571428566,-6.999999999999999
WQS0869,2024,-2.835420336420731,-11.911192357723293,-8.571428571428566,-7.333333333333334
WQS0868,2024,0.0,-5.770434297621524,-5.714285714285719,-5.0
WQS0781,2024,-5.329650713614663,-11.911192357723293,-2.8571428571428465,-3.3333333333333335
WQS0322,2024,-7.68260341725951,-8.78460252448154,0.0,-6.333333333333335
WQS0339,2024,-7.68260341725951,-9.818622956376078,-2.8571428571428465,-6.0
WQS0942,2024,-2.835420336420731,-11.911192357723293,-8.571428571428566,-0.33333333333333215
WQS0848,2024,-3.5722071592027325,-11.911192357723293,-10.000000000000002,-6.0
WQS0870,2024,-2.835420336420731,-11.911192357723293,-7.142857142857142,-6.0
WQS0841,2024,-2.835420336420731,-11.911192357723293,-8.571428571428566,-6.0
WQS0820,2024,-6.407627495623464,-11.911192357723293,-2.8571428571428465,-6.333333333333335
WQS0346,2024,-7.68260341725951,-9.818622956376078,-8.571428571428566,-4.666666666666668
WQS0340,2024,14.243929561266013,,-5.714285714285719,15.666666666666668
WQS0349,2024,-3.5722071592027325,-5.072149087016972,0.0,5.333333333333334
WQS0345,2024,-6.407627495623464,-8.660815280745382,0.0,-1.3333333333333346
WQS0356,2024,-7.68260341725951,-11.911192357723293,-10.000000000000002,-6.999999999999999
WQS0355,2024,23.13361509507793,,0.0,15.666666666666668
WQS0344,2024,-7.68260341725951,-10.076110608801514,-7.142857142857142,0.0
WQS0350,2024,15.864919869359195,,-7.142857142857142,15.666666666666668
WQS0343,2024,-7.68260341725951,-11.911192357723293,2.8571428571428465,0.0
WQS0342,2024,-6.407627495623464,-8.660815280745382,0.0,-1.3333333333333346
WQS0341,2024,15.864919869359195,,-7.142857142857142,15.666666666666668
WQS0347,2024,-3.9719163468946816,-1.9242804514676772,-4.285714285714295,-15.0
WQS0348,2024,-7.68260341725951,-11.911192357723293,0.0,-2.666666666666666
WQS0351,2024,-1.0007052002844297,,-1.4285714285714233,0.0
WQS0333,2024,-7.68260341725951,-11.911192357723293,-5.714285714285719,-0.33333333333333215
WQS0326,2024,19.091112642104793,,-4.285714285714283,15.666666666666668
WQS0803,2024,-3.1941147027672385,-11.911192357723293,-4.285714285714295,-6.0
WQS0813,2024,-2.835420336420731,-11.911192357723293,-1.4285714285714233,-5.333333333333332
WQS0893,2024,-1.560444414784685,-11.911192357723293,-4.285714285714295,11.0
WQS0888,2024,-3.1941147027672385,-8.33650418189909,-7.142857142857142,-8.000000000000002
WQS0810,2024,-3.5722071592027325,-8.660815280745382,-5.714285714285719,-6.0
WQS0891,2024,-2.835420336420731,-10.753384682092596,-7.142857142857142,-4.666666666666668
WQS0873,2024,-2.835420336420731,-10.753384682092596,-10.000000000000002,-4.666666666666668
WQS0889,2024,-6.407627495623464,-11.911192357723293,-2.8571428571428465,-7.666666666666666
WQS0874,2024,-6.407627495623464,-11.911192357723293,-1.4285714285714233,-7.333333333333334
WQS0887,2024,-5.8478882811232085,-11.911192357723293,-1.4285714285714233,-8.000000000000002
WQS0904,2024,-0.23707378794182898,-7.2799616552005055,0.0,-3.3333333333333335
WQS0900,2024,-6.407627495623464,-11.911192357723293,-1.4285714285714233,-8.000000000000002
WQS0811,2024,-3.1941147027672385,-7.905835876345505,-5.714285714285719,12.666666666666666
WQS0805,2024,-1.8580640960350063,-7.563754786588654,-5.714285714285719,-8.000000000000002
WQS0901,2024,-7.68260341725951,-11.911192357723293,-1.4285714285714233,-6.666666666666667
WQS0804,2024,-5.8478882811232085,-11.911192357723293,1.4285714285714233,-8.000000000000002
WQS0809,2024,-3.1941147027672385,-7.178696506268394,-5.714285714285719,-7.333333333333334
WQS0812,2024,-4.8471830808387795,-9.595577006461898,-7.142857142857142,-5.666666666666668
WQS0808,2024,-3.9719163468946816,-8.33650418189909,-7.142857142857142,-4.000000000000001
WQS0892,2024,-2.1689155825443325,-8.918302933170816,-7.142857142857142,-6.0
WQS0894,2024,-2.835420336420731,-8.918302933170816,-7.142857142857142,-4.000000000000001
WQS0814,2024,-1.0007052002844297,-11.911192357723293,-5.714285714285719,-5.666666666666668
WQS0807,2024,-2.1689155825443325,-7.905835876345505,-4.285714285714295,-8.666666666666666
WQS0815,2024,-6.407627495623464,-11.911192357723293,0.0,-8.333333333333334
WQS0877,2024,-3.5722071592027325,-11.911192357723293,0.0,-6.0
WQS0879,2024,-2.835420336420731,-10.753384682092596,-1.4285714285714233,-7.333333333333334
WQS0899,2024,-3.1941147027672385,-7.9835412074543,-5.714285714285719,15.333333333333332
WQS0902,2024,-3.1941147027672385,-9.222846187200144,-8.571428571428566,-8.000000000000002
WQS0883,2024,-3.1941147027672385,-9.222846187200144,-7.142857142857142,8.0
WQS0903,2024,-3.5722071592027325,-9.222846187200144,-2.8571428571428465,-6.666666666666667
WQS0898,2024,-3.5722071592027325,-8.918302933170816,-5.714285714285719,-5.0
WQS0910,2024,-2.835420336420731,-8.660815280745382,-5.714285714285719,-6.0
WQS0909,2024,-2.835420336420731,-9.222846187200144,-5.714285714285719,-4.000000000000001
WQS0890,2024,-4.395864751205414,-8.33650418189909,-5.714285714285719,-9.333333333333334
WQS0896,2024,-1.560444414784685,-6.637854425908923,0.0,-4.000000000000001
WQS0878,2024,-1.2749759216360468,-6.602687581909424,0.0,-3.6666666666666656
WQS0897,2024,-0.4824676327758857,-6.786429050355581,-1.4285714285714233,-5.0
WQS0880,2024,-1.2749759216360468,-6.673777603809475,0.0,-4.333333333333333
WQS0876,2024,-2.4942303771939334,-6.637854425908923,0.0,-4.000000000000001
WQS0881,2024,-0.7367868227820025,-6.786429050355581,0.0,-4.333333333333333
WQS0875,2024,-2.835420336420731,-10.753384682092596,-10.000000000000002,-4.666666666666668
WQS0882,2024,-7.68260341725951,-11.911192357723293,0.0,-7.666666666666666
WQS0895,2024,-6.407627495623464,-11.911192357723293,0.0,-8.333333333333334
WQS0906,2024,-6.407627495623464,-11.911192357723293,-5.714285714285719,-8.000000000000002
WQS0905,2024,-7.68260341725951,-11.911192357723293,-4.285714285714283,-7.666666666666666
WQS0908,2024,-7.68260341725951,-11.911192357723293,-5.714285714285719,-8.333333333333334
WQS0885,2024,-6.407627495623464,-11.911192357723293,-1.4285714285714233,-6.333333333333335
WQS0907,2024,-6.407627495623464,-11.911192357723293,-5.714285714285719,-6.999999999999999
WQS0886,2024,-7.016098663383111,-11.911192357723293,-1.4285714285714233,-8.333333333333334
WQS0884,2024,-5.329650713614663,-11.911192357723293,-5.714285714285719,-7.333333333333334
WQS0337,2024,-7.68260341725951,-5.217489705822356,-8.571428571428566,-5.0
WQS0336,2024,-7.68260341725951,-6.202346821774117,0.0,-5.666666666666668
WQS0338,2024,-7.68260341725951,-6.90723083593875,-1.4285714285714233,-5.333333333333332
WQS0335,2024,-7.68260341725951,-8.33650418189909,0.0,-7.666666666666666
WQS0334,2024,-7.016098663383111,-5.072149087016972,0.0,-5.666666666666668
WQS0321,2024,-7.68260341725951,-6.710490364987283,-1.4285714285714233,-6.333333333333335
WQS0791,2024,-6.407627495623464,-11.911192357723293,-8.571428571428566,-6.333333333333335
WQS0795,2024,-3.1941147027672385,-9.818622956376078,-7.142857142857142,-5.333333333333332
WQS0865,2024,0.8752667339440972,-7.2799616552005055,-4.285714285714295,6.666666666666667
WQS0782,2024,-3.1941147027672385,-7.626794848850844,-4.285714285714283,-6.0
WQS0853,2024,-2.835420336420731,-11.23391828443221,-12.857142857142861,-6.999999999999999
WQS0796,2024,-0.4824676327758857,-8.78460252448154,-8.571428571428566,-4.000000000000001
WQS0847,2024,-2.835420336420731,-9.818622956376078,-4.285714285714295,-6.0
WQS0846,2024,9.694366161677557,-6.949520775559763,4.285714285714283,0.0
WQS0821,2024,-3.1941147027672385,-8.918302933170816,-5.714285714285719,-6.0
WQS0938,2024,-3.1941147027672385,-9.0636435519762,-7.142857142857142,-6.666666666666667
WQS0946,2024,-4.8471830808387795,-11.911192357723293,0.0,-6.0
WQS0944,2024,-2.1689155825443325,-11.911192357723293,0.0,-5.666666666666668
WQS0945,2024,-1.560444414784685,-10.753384682092596,1.4285714285714233,-5.666666666666668
WQS0929,2024,-2.835420336420731,-11.23391828443221,-8.571428571428566,-6.999999999999999
WQS0930,2024,-5.329650713614663,-11.911192357723293,1.4285714285714233,-5.0
WQS0359,2024,-3.1941147027672385,-7.9835412074543,0.0,-7.333333333333334
WQS0353,2024,-1.2749759216360468,-8.33650418189909,0.0,-4.000000000000001
WQS0361,2024,-5.8478882811232085,-11.911192357723293,0.0,-6.333333333333335
WQS0357,2024,-3.9719163468946816,-6.949520775559763,0.0,-6.0
WQS0354,2024,-2.835420336420731,-7.228561803054423,0.0,-6.0
WQS0358,2024,-2.835420336420731,-8.33650418189909,0.0,-5.0
WQS0360,2024,-0.4824676327758857,-8.33650418189909,0.0,-4.000000000000001
WQS0352,2024,-3.1941147027672385,-4.4903503357452434,0.0,-8.666666666666666
WQS1053,2024,6.858945825256826,,9.99999999999999,3.3333333333333335
WQS1050,2024,9.694366161677557,,8.571428571428566,3.666666666666667
WQS1054,2024,6.407627495623461,,8.571428571428566,0.0
WQS0314,2024,-0.4824676327758857,-5.217489705822356,0.0,-0.6666666666666673
WQS0315,2024,-0.23707378794182898,-8.33650418189909,0.0,-0.9999999999999994
WQS0966,2024,2.0117627444180477,,2.8571428571428465,-0.33333333333333215
WQS1012,2024,6.500251458910318,,4.285714285714295,2.666666666666666
WQS1005,2024,7.28289422956756,,0.0,4.000000000000001
WQS1004,2024,13.266573320880289,,0.0,-1.999999999999999
WQS1048,2024,8.060695873695005,,4.285714285714295,0.6666666666666673
WQS1049,2024,1.65306837807154,,1.4285714285714233,-1.999999999999999
WQS0950,2024,3.846477880554349,,0.0,-0.9999999999999994
WQS0957,2024,0.4513183296333642,,2.8571428571428465,-0.33333333333333215
WQS1011,2024,12.529786498098286,,8.571428571428566,9.000000000000002
WQS0973,2024,9.08589499391791,,8.571428571428566,1.999999999999999
WQS0974,2024,0.0,,2.8571428571428465,0.33333333333333215
WQS0986,2024,9.694366161677557,,8.571428571428566,5.333333333333334
WQS0999,2024,2.678267498294446,,0.0,4.000000000000001
WQS1045,2024,5.406922295339032,,0.0,0.0
WQS1067,2024,1.65306837807154,,2.8571428571428465,0.33333333333333215
WQS1073,2024,3.2867386660540943,,8.571428571428566,0.33333333333333215
WQS0288,2024,-0.4824676327758857,,-8.571428571428566,-0.9999999999999994
WQS0286,2024,-0.7367868227820025,,-1.4285714285714233,-4.666666666666668
WQS0289,2024,-0.23707378794182898,,-5.714285714285719,-1.6666666666666667
WQS0283,2024,-0.23707378794182898,,-7.142857142857142,-4.000000000000001
WQS0285,2024,-1.2749759216360468,,-7.142857142857142,-5.0
WQS0287,2024,2.352952703644846,,0.0,-3.3333333333333335
WQS0297,2024,1.2749759216360452,,-7.142857142857142,-4.666666666666668
WQS0284,2024,-0.7367868227820025,,-8.571428571428566,-6.0
WQS1316,2024,-5.329650713614663,-1.0922948321738482,-2.8571428571428465,-0.9999999999999994
WQS1389,2024,-7.68260341725951,0.18930008719300745,-2.8571428571428465,-8.333333333333334
WQS1395,2024,-3.9719163468946816,-1.9242804514676772,-8.571428571428566,-4.000000000000001
WQS1393,2024,-1.560444414784685,-1.0922948321738482,-1.4285714285714233,-1.3333333333333346
WQS1394,2024,-3.9719163468946816,-0.6441964895913976,-7.142857142857142,-2.333333333333334
WQS1384,2024,-3.5722071592027325,-1.9242804514676772,0.0,-1.999999999999999
WQS1385,2024,-2.835420336420731,-0.6441964895913976,0.0,-4.333333333333333
WQS1323,2024,-1.560444414784685,-0.6441964895913976,-5.714285714285719,-2.666666666666666
WQS1390,2024,-3.9719163468946816,-0.13927758713247856,0.0,-6.666666666666667
WQS1420,2024,-2.1689155825443325,-1.37133585966851,-10.000000000000002,-1.999999999999999
WQS1318,2024,-5.329650713614663,-0.6441964895913976,0.0,-3.6666666666666656
WQS1317,2024,-4.8471830808387795,-0.6441964895913976,-1.4285714285714233,-3.6666666666666656
WQS1388,2024,-3.1941147027672385,-0.6441964895913976,0.0,-8.333333333333334
WQS1386,2024,-1.8580640960350063,1.1240618129095243,-4.285714285714283,-3.6666666666666656
WQS1324,2024,-3.1941147027672385,-1.9242804514676772,-8.571428571428566,-1.3333333333333346
WQS1387,2024,-1.560444414784685,-0.21352818403781276,-2.8571428571428465,-7.333333333333334
WQS1392,2024,-5.8478882811232085,-3.3824079569005767,-1.4285714285714233,-1.6666666666666667
WQS1391,2024,-3.5722071592027325,-1.9242804514676772,-4.285714285714295,-2.666666666666666
WQS1321,2024,-3.5722071592027325,-7.563754786588654,-2.8571428571428465,-2.333333333333334
WQS1322,2024,-7.68260341725951,-7.228561803054423,-8.571428571428566,-3.6666666666666656
WQS1320,2024,-7.68260341725951,-4.0596820301916585,-8.571428571428566,-3.6666666666666656
WQS1319,2024,-7.68260341725951,-2.559793264804111,-8.571428571428566,0.0
WQS0300,2024,-1.560444414784685,,-8.571428571428566,-6.0
WQS0299,2024,-1.560444414784685,,-7.142857142857142,-4.000000000000001
WQS0301,2024,0.4513183296333642,,-8.571428571428566,-5.666666666666668
WQS0298,2024,6.858945825256826,,-8.571428571428566,8.666666666666668
WQS0303,2024,-0.4824676327758857,,-7.142857142857142,-5.666666666666668
WQS0275,2024,-2.1689155825443325,,-11.428571428571425,-6.0
WQS0290,2024,-0.4824676327758857,,-8.571428571428566,-6.0
WQS0292,2024,0.0,,-10.000000000000002,-3.3333333333333335
WQS0291,2024,-1.560444414784685,,-10.000000000000002,-6.666666666666667
WQS0293,2024,-7.68260341725951,,-11.428571428571425,-8.666666666666666
WQS0276,2024,-0.4824676327758857,,-7.142857142857142,-4.333333333333333
WQS0279,2024,-0.7367868227820025,,-5.714285714285719,-4.666666666666668
WQS0281,2024,6.858945825256826,,0.0,8.666666666666668
WQS0280,2024,6.858945825256826,,-7.142857142857142,9.333333333333334
WQS0282,2024,-0.23707378794182898,,-8.571428571428566,-3.3333333333333335
WQS0273,2024,12.529786498098286,,0.0,0.0
WQS0278,2024,-0.4824676327758857,,-5.714285714285719,-5.666666666666668
WQS0296,2024,-0.23707378794182898,,-2.8571428571428465,-5.333333333333332
WQS1307,2024,-4.395864751205414,-0.21352818403781276,-7.142857142857142,-1.6666666666666667
WQS1306,2024,-4.8471830808387795,-1.0922948321738482,-2.8571428571428594,-5.0
WQS1365,2024,-2.835420336420731,-1.0922948321738482,-8.571428571428566,-6.333333333333335
WQS1366,2024,-4.395864751205414,-2.1263152640683867,-5.714285714285719,-6.0
WQS1410,2024,1.4665771397347491,6.022491610282762,-1.4285714285714233,-1.999999999999999
WQS1355,2024,2.678267498294446,6.946846053784182,-5.714285714285719,3.3333333333333335
WQS1356,2024,2.0117627444180477,6.946846053784182,-4.285714285714283,4.666666666666667
WQS1357,2024,-3.1941147027672385,-0.13927758713247856,-2.8571428571428465,-1.999999999999999
WQS1358,2024,-0.4824676327758857,2.753859013979998,0.0,-0.6666666666666673
WQS1380,2024,-2.835420336420731,-0.13927758713247856,-7.142857142857142,-1.3333333333333346
WQS1379,2024,-3.9719163468946816,-1.37133585966851,-4.285714285714283,-1.999999999999999
WQS1373,2024,-5.329650713614663,-1.0922948321738482,-4.285714285714295,-6.333333333333335
WQS1372,2024,1.0779767820087993,4.408184752608609,-2.8571428571428465,-1.3333333333333346
WQS1371,2024,-2.835420336420731,-0.13927758713247856,-4.285714285714295,-6.0
WQS1370,2024,1.8347151361362997,6.946846053784182,0.0,-1.999999999999999
WQS1303,2024,5.188373040065574,6.946846053784182,-4.285714285714283,15.666666666666668
WQS1300,2024,11.706128906095605,6.946846053784182,-2.8571428571428594,15.666666666666668
WQS1301,2024,11.706128906095605,6.946846053784182,0.0,15.666666666666668
WQS1302,2024,5.925159862847577,6.946846053784182,0.0,15.333333333333332
WQS1335,2024,-2.4942303771939334,-0.6441964895913976,-7.142857142857142,-6.0
WQS1333,2024,-5.8478882811232085,-2.7220920332443215,-5.714285714285719,-7.666666666666666
WQS1363,2024,-5.329650713614663,-1.0922948321738482,-1.4285714285714233,0.0
WQS1362,2024,-1.8580640960350063,-0.13927758713247856,-4.285714285714295,-0.33333333333333215
WQS1359,2024,-3.9719163468946816,-1.0922948321738482,-2.8571428571428465,-1.999999999999999
WQS1312,2024,-3.5722071592027325,3.2019573565624486,-1.4285714285714233,-0.6666666666666673
WQS1314,2024,-5.8478882811232085,-0.6441964895913976,-2.8571428571428594,-1.3333333333333346
WQS1313,2024,-4.395864751205414,-0.13927758713247856,0.0,-1.999999999999999
WQS1397,2024,-5.329650713614663,-1.0922948321738482,-1.4285714285714233,-0.33333333333333215
WQS1396,2024,-0.4824676327758857,-0.6441964895913976,-4.285714285714283,-3.0000000000000013
WQS1291,2024,-2.1689155825443325,-0.13927758713247856,-4.285714285714295,-4.000000000000001
WQS1308,2024,-4.395864751205414,-0.21352818403781276,-4.285714285714283,-0.33333333333333215
WQS1282,2024,-3.1941147027672385,-0.21352818403781276,-1.4285714285714233,-1.3333333333333346
WQS1403,2024,-5.329650713614663,-1.0922948321738482,-2.8571428571428594,-1.6666666666666667
WQS1326,2024,-3.1941147027672385,-0.13927758713247856,-4.285714285714283,-0.6666666666666673
WQS1315,2024,-3.5722071592027325,-0.13927758713247856,-4.285714285714295,-1.999999999999999
WQS1419,2024,-2.1689155825443325,-0.13927758713247856,-5.714285714285719,-0.33333333333333215
WQS1305,2024,-5.329650713614663,-8.33650418189909,-4.285714285714295,-3.3333333333333335
WQS1361,2024,-3.1941147027672385,-2.7220920332443215,-8.571428571428566,-0.6666666666666673
WQS1364,2024,-4.8471830808387795,-1.0922948321738482,-1.4285714285714233,-0.9999999999999994
WQS1401,2024,-1.8580640960350063,-1.9242804514676772,-2.8571428571428465,-3.6666666666666656
WQS1360,2024,-3.9719163468946816,-1.0922948321738482,-5.714285714285719,-4.000000000000001
WQS1334,2024,-1.2749759216360468,-0.21352818403781276,-5.714285714285719,-0.9999999999999994
WQS1414,2024,-4.395864751205414,-1.0922948321738482,0.0,-4.000000000000001
WQS1400,2024,4.847183080838778,6.946846053784182,0.0,15.333333333333332
WQS1286,2024,-2.835420336420731,-1.0922948321738482,-4.285714285714283,-1.3333333333333346
WQS1283,2024,-1.560444414784685,-0.13927758713247856,-8.571428571428566,-4.333333333333333
WQS1285,2024,-1.0007052002844297,-0.21352818403781276,-4.285714285714295,0.0
WQS1288,2024,-5.329650713614663,-0.6441964895913976,0.0,-4.666666666666668
WQS1289,2024,2.5175016365832654,-0.21352818403781276,-2.8571428571428465,-1.3333333333333346
WQS1331,2024,-2.1689155825443325,-1.0922948321738482,-7.142857142857142,-0.9999999999999994
WQS1287,2024,-2.835420336420731,-0.6441964895913976,-5.714285714285719,-3.3333333333333335
WQS1330,2024,-3.5722071592027325,-0.21352818403781276,-5.714285714285719,-4.666666666666668
WQS1329,2024,-1.8580640960350063,-0.13927758713247856,-5.714285714285719,-1.999999999999999
WQS1408,2024,-3.9719163468946816,-0.6441964895913976,-1.4285714285714233,-1.999999999999999
WQS1407,2024,-3.1941147027672385,-0.13927758713247856,-2.8571428571428594,0.6666666666666673
WQS1284,2024,-2.1689155825443325,-1.0922948321738482,-2.8571428571428465,-0.6666666666666673
WQS1381,2024,-3.1941147027672385,-0.6441964895913976,-4.285714285714295,-3.6666666666666656
WQS1350,2024,-3.1941147027672385,-0.6441964895913976,-2.8571428571428594,-3.0000000000000013
WQS1337,2024,2.5175016365832654,6.022491610282762,-1.4285714285714233,3.0000000000000013
WQS1344,2024,2.5175016365832654,5.13251442750358,-2.8571428571428594,0.6666666666666673
WQS1346,2024,-1.2749759216360468,-0.6441964895913976,-4.285714285714283,-3.0000000000000013
WQS1294,2024,-3.1941147027672385,-1.6338929041243797,-4.285714285714295,-3.0000000000000013
WQS1297,2024,-3.5722071592027325,-1.9242804514676772,-1.4285714285714233,-3.3333333333333335
WQS1298,2024,-3.9719163468946816,-0.13927758713247856,-1.4285714285714233,-0.9999999999999994
WQS1348,2024,-3.1941147027672385,-3.3824079569005767,-2.8571428571428465,-0.33333333333333215
WQS1347,2024,-3.9719163468946816,-2.7220920332443215,-2.8571428571428594,-3.3333333333333335
WQS1342,2024,-1.8580640960350063,-0.6441964895913976,-4.285714285714283,-3.6666666666666656
WQS1292,2024,-2.4942303771939334,-0.6441964895913976,-4.285714285714283,-5.0
WQS1349,2024,-2.835420336420731,-0.6441964895913976,-2.8571428571428594,-1.999999999999999
WQS1293,2024,-5.329650713614663,-1.9242804514676772,-1.4285714285714233,-7.666666666666666
WQS1295,2024,-4.8471830808387795,-1.0922948321738482,0.0,-3.3333333333333335
WQS1339,2024,-2.1689155825443325,-0.13927758713247856,-1.4285714285714233,-4.000000000000001
WQS1340,2024,-1.560444414784685,-0.6441964895913976,0.0,-6.0
WQS1296,2024,-2.1689155825443325,-0.6441964895913976,-1.4285714285714233,-2.666666666666666
WQS1345,2024,-0.4824676327758857,-0.13927758713247856,-4.285714285714283,-3.6666666666666656
WQS1343,2024,-4.395864751205414,-0.13927758713247856,-2.8571428571428594,-4.666666666666668
WQS1341,2024,-3.5722071592027325,-2.7220920332443215,-1.4285714285714233,-6.333333333333335
WQS0629,2024,-1.0007052002844297,,0.0,-8.333333333333334
WQS0630,2024,9.809955685811897,,-10.000000000000002,-7.333333333333334
WQS0635,2024,-1.0007052002844297,,0.0,-7.333333333333334
WQS0634,2024,0.0,,-10.000000000000002,-8.666666666666666
WQS1378,2024,-5.329650713614663,-0.13927758713247856,-5.714285714285719,-3.0000000000000013
WQS1411,2024,-3.5722071592027325,-0.21352818403781276,-5.714285714285719,-1.999999999999999
WQS1290,2024,-2.4942303771939334,-1.37133585966851,-4.285714285714283,-0.9999999999999994
WQS1332,2024,-4.8471830808387795,-1.9242804514676772,-8.571428571428566,-0.33333333333333215
WQS1402,2024,-2.835420336420731,-0.6441964895913976,-5.714285714285719,-5.333333333333332
WQS1354,2024,-4.395864751205414,-0.06818756523242914,-2.8571428571428465,-2.666666666666666
WQS1376,2024,-2.835420336420731,-0.13927758713247856,-2.8571428571428465,-3.0000000000000013
WQS1374,2024,-3.9719163468946816,-0.6441964895913976,0.0,-1.999999999999999
WQS1409,2024,-4.8471830808387795,-0.6441964895913976,-4.285714285714283,-0.9999999999999994
WQS0636,2024,0.0,,0.0,-9.333333333333334
WQS1399,2024,-4.8471830808387795,-1.9242804514676772,-5.714285714285719,-2.666666666666666
WQS1398,2024,-0.7367868227820025,-1.37133585966851,-5.714285714285719,0.0
WQS1377,2024,-3.9719163468946816,-1.9242804514676772,-5.714285714285719,-1.3333333333333346
WQS1375,2024,-4.395864751205414,-0.13927758713247856,-2.8571428571428465,-0.6666666666666673
WQS1383,2024,-2.835420336420731,-0.6441964895913976,-5.714285714285719,-3.3333333333333335
WQS1382,2024,-1.8580640960350063,-0.13927758713247856,-2.8571428571428465,-3.6666666666666656
WQS1416,2024,-4.8471830808387795,-1.0922948321738482,-4.285714285714295,-2.666666666666666
WQS1415,2024,-3.5722071592027325,-0.13927758713247856,-5.714285714285719,-0.6666666666666673
WQS1327,2024,-4.395864751205414,-0.13927758713247856,0.0,-5.333333333333332
WQS0626,2024,1.2749759216360452,,0.0,-8.000000000000002
WQS1369,2024,-4.395864751205414,-0.13927758713247856,-4.285714285714295,-3.6666666666666656
WQS1024,2024,2.0117627444180477,,4.285714285714295,-0.6666666666666673
WQS1026,2024,13.266573320880289,,5.714285714285719,0.6666666666666673
WQS1016,2024,9.694366161677557,,5.714285714285719,6.666666666666667
WQS1021,2024,8.060695873695005,,5.714285714285719,6.666666666666667
WQS1014,2024,11.25481057646224,,7.142857142857142,15.666666666666668
WQS0972,2024,12.529786498098286,,7.142857142857142,15.666666666666668
WQS1018,2024,9.694366161677557,,5.714285714285719,10.0
WQS1022,2024,7.68260341725951,,2.8571428571428465,9.333333333333334
WQS0970,2024,5.0764825411394146,,1.4285714285714233,0.9999999999999994
WQS1023,2024,2.9891189848037722,,2.8571428571428465,-0.6666666666666673
WQS1025,2024,3.2867386660540943,,4.285714285714295,0.0
WQS0968,2024,2.352952703644846,,4.285714285714295,-0.33333333333333215
WQS1015,2024,3.846477880554349,,4.285714285714295,1.3333333333333346
WQS1017,2024,5.925159862847577,,2.8571428571428465,-1.3333333333333346
WQS1019,2024,5.925159862847577,,-5.714285714285719,-1.999999999999999
WQS0967,2024,3.846477880554349,,4.285714285714295,-2.333333333333334
WQS1020,2024,4.847183080838778,,2.8571428571428465,-1.6666666666666667
WQS0969,2024,3.572207159202731,,1.4285714285714233,-1.3333333333333346
WQS1593,2024,1.2749759216360452,,-4.285714285714283,-6.0
WQS1618,2024,1.4665771397347491,,4.285714285714295,-3.3333333333333335
WQS1617,2024,1.4665771397347491,,-5.714285714285719,-4.666666666666668
WQS1599,2024,-2.835420336420731,,-2.8571428571428465,-3.3333333333333335
WQS1600,2024,-2.835420336420731,,0.0,-3.3333333333333335
WQS1601,2024,-2.835420336420731,,0.0,-3.0000000000000013
WQS1597,2024,-2.835420336420731,,-2.8571428571428465,-2.666666666666666
WQS1602,2024,-2.835420336420731,,1.4285714285714233,-3.0000000000000013
WQS1615,2024,0.4513183296333642,,2.8571428571428594,12.333333333333334
WQS1616,2024,-1.560444414784685,,1.4285714285714233,-3.0000000000000013
WQS1614,2024,-3.5722071592027325,,-4.285714285714295,-3.6666666666666656
WQS1613,2024,-3.5722071592027325,,0.0,0.0
WQS1598,2024,-3.5722071592027325,,1.4285714285714233,-3.6666666666666656
WQS1595,2024,-3.5722071592027325,,-1.4285714285714233,-3.6666666666666656
WQS1594,2024,-2.835420336420731,,-1.4285714285714233,-3.0000000000000013
WQS1596,2024,-3.5722071592027325,,5.714285714285719,-3.3333333333333335
WQS0011,2024,-1.2749759216360468,,-2.8571428571428465,-1.3333333333333346
WQS0004,2024,-0.4824676327758857,,-2.8571428571428465,-3.3333333333333335
WQS0005,2024,-0.4824676327758857,,-7.142857142857142,-2.666666666666666
WQS0007,2024,-1.560444414784685,,-5.714285714285719,0.0
WQS0009,2024,-1.560444414784685,,2.8571428571428594,-4.666666666666668
WQS0008,2024,-1.8580640960350063,,2.8571428571428594,-3.3333333333333335
WQS0010,2024,-1.0007052002844297,,5.714285714285719,-3.3333333333333335
WQS0006,2024,-0.4824676327758857,,2.8571428571428594,-5.0
WQS1367,2024,-3.9719163468946816,-0.9685075884376897,-2.8571428571428465,-4.666666666666668
WQS1368,2024,-2.835420336420731,0.18930008719300745,-11.428571428571425,-2.333333333333334
WQS0294,2024,-2.835420336420731,,-11.428571428571425,-8.666666666666666
WQS0295,2024,-3.1941147027672385,,-12.857142857142861,-8.000000000000002
WQS0854,2024,-2.835420336420731,-9.0636435519762,-5.714285714285719,-6.666666666666667
WQS1030,2024,1.0779767820087993,,2.8571428571428465,-1.999999999999999
WQS1029,2024,2.0117627444180477,,1.4285714285714233,-1.3333333333333346
WQS0976,2024,6.313760220573529,,0.0,0.33333333333333215
WQS1620,2024,-3.5722071592027325,,0.0,0.9999999999999994
WQS1619,2024,-2.835420336420731,,0.0,0.9999999999999994
WQS1603,2024,-0.4824676327758857,,2.8571428571428465,-2.666666666666666
WQS1031,2024,6.024353114539581,,1.4285714285714233,-0.33333333333333215
WQS1629,2024,-3.5722071592027325,,-12.857142857142861,-3.3333333333333335
WQS1630,2024,-0.4824676327758857,,-4.285714285714295,0.0
WQS1605,2024,-1.560444414784685,,-1.4285714285714233,-3.3333333333333335
WQS0742,2024,2.0117627444180477,3.2019573565624486,0.0,3.3333333333333335
WQS1632,2024,0.4513183296333642,,-7.142857142857142,-6.0
WQS1631,2024,1.2749759216360452,,-2.8571428571428465,-3.0000000000000013
WQS1608,2024,1.2749759216360452,,-2.8571428571428594,-3.3333333333333335
WQS1607,2024,2.0117627444180477,,-5.714285714285719,-4.000000000000001
WQS1634,2024,2.184438356938128,,0.0,-3.6666666666666656
WQS0985,2024,4.1103962580567766,,-1.4285714285714233,-2.333333333333334
WQS0743,2024,6.500251458910318,-1.37133585966851,-2.8571428571428465,0.33333333333333215
WQS1035,2024,7.759874998983879,,-2.8571428571428465,5.0
WQS1633,2024,19.241505685608033,,-7.142857142857142,1.3333333333333346
WQS0914,2024,-2.835420336420731,-8.660815280745382,-4.285714285714295,-6.666666666666667
WQS1046,2024,6.024353114539581,,-1.4285714285714233,-0.33333333333333215
WQS1047,2024,2.83542033642073,,2.8571428571428465,-0.33333333333333215
WQS1003,2024,0.8752667339440972,,0.0,-2.333333333333334
WQS0036,2024,-1.2749759216360468,,0.0,-3.3333333333333335
WQS0302,2024,-2.4942303771939334,,-12.857142857142861,-8.000000000000002
WQS0948,2024,-3.5722071592027325,-9.222846187200144,-5.714285714285719,-5.333333333333332
WQS0937,2024,-1.0007052002844297,-9.0636435519762,-4.285714285714295,-5.666666666666668
WQS0936,2024,-1.0007052002844297,-9.222846187200144,-5.714285714285719,-5.666666666666668
WQS1059,2024,3.1395120283070157,,2.8571428571428465,-1.999999999999999
WQS1058,2024,4.364715448062894,,2.8571428571428465,-0.9999999999999994
WQS1075,2024,0.8752667339440972,,4.285714285714295,-0.9999999999999994
WQS1074,2024,4.610109292896951,,4.285714285714295,-0.6666666666666673
WQS1055,2024,2.352952703644846,,2.8571428571428465,-0.6666666666666673
WQS1056,2024,5.298501410472143,,4.285714285714295,0.0
WQS0939,2024,-1.560444414784685,,-10.000000000000002,-5.333333333333332
WQS1063,2024,0.8752667339440972,,2.8571428571428465,-2.333333333333334
WQS1064,2024,1.0779767820087993,,2.8571428571428465,-1.6666666666666667
WQS1061,2024,4.23871191307913,,2.8571428571428465,-0.33333333333333215
WQS1060,2024,6.313760220573529,,2.8571428571428465,0.0
WQS1062,2024,2.0117627444180477,,4.285714285714295,-0.6666666666666673
WQS1065,2024,2.0117627444180477,,2.8571428571428465,-1.3333333333333346
WQS1076,2024,2.352952703644846,,2.8571428571428465,-0.33333333333333215
WQS1078,2024,1.65306837807154,,2.8571428571428465,-0.6666666666666673
WQS1077,2024,2.0117627444180477,,4.285714285714295,0.0
WQS0013,2024,2.352952703644846,,-10.000000000000002,15.666666666666668
WQS0012,2024,2.678267498294446,,-7.142857142857142,15.666666666666668
WQS0956,2024,5.722449814782877,,2.8571428571428465,-0.6666666666666673
WQS0961,2024,7.68260341725951,,1.4285714285714233,5.333333333333334
WQS0964,2024,1.0779767820087993,,-1.4285714285714233,-1.3333333333333346
WQS0962,2024,3.846477880554349,,2.8571428571428465,0.0
WQS0960,2024,1.2749759216360452,,4.285714285714295,-0.6666666666666673
WQS0963,2024,2.83542033642073,,2.8571428571428465,-0.33333333333333215
WQS0981,2024,2.5175016365832654,,4.285714285714295,-3.0000000000000013
WQS1006,2024,4.962772604973117,,-4.285714285714295,0.33333333333333215
WQS0979,2024,4.23871191307913,,1.4285714285714233,-0.9999999999999994
WQS0978,2024,6.858945825256826,,-1.4285714285714233,0.33333333333333215
WQS0977,2024,4.962772604973117,,1.4285714285714233,-1.6666666666666667
WQS1034,2024,0.4513183296333642,,2.8571428571428465,0.6666666666666673
WQS0982,2024,1.2749759216360452,,1.4285714285714233,0.9999999999999994
WQS0983,2024,1.65306837807154,,4.285714285714295,-1.999999999999999
WQS1033,2024,0.8752667339440972,,1.4285714285714233,-1.6666666666666667
WQS0676,2024,5.513687834715175,-1.6698160820249321,1.4285714285714233,-1.6666666666666667
WQS0680,2024,3.2867386660540943,-1.6698160820249321,1.4285714285714233,-1.3333333333333346
WQS0736,2024,0.0,-1.6698160820249321,5.714285714285719,-1.999999999999999
WQS0735,2024,4.847183080838778,-1.6698160820249321,5.714285714285719,-0.33333333333333215
WQS0677,2024,0.0,-1.6698160820249321,0.0,-1.6666666666666667
WQS0678,2024,-0.4824676327758857,-1.6698160820249321,1.4285714285714233,2.666666666666666
WQS0679,2024,0.0,-2.8276237576556293,5.714285714285719,-6.0
WQS0738,2024,-0.23707378794182898,-1.9242804514676772,-4.285714285714295,-6.0
WQS1627,2024,0.0,,-2.8571428571428465,-3.3333333333333335
WQS0737,2024,0.0,-2.4404308273426927,4.285714285714295,-6.0
WQS1604,2024,0.4513183296333642,,-5.714285714285719,-3.0000000000000013
WQS1624,2024,3.2867386660540943,,-1.4285714285714233,-0.6666666666666673
WQS0017,2024,-1.2749759216360468,,-2.8571428571428465,0.0
WQS0002,2024,-2.1689155825443325,,-4.285714285714295,-1.3333333333333346
WQS1628,2024,1.65306837807154,,-8.571428571428566,-4.000000000000001
WQS1621,2024,1.8347151361362997,,-2.8571428571428594,-1.3333333333333346
WQS0018,2024,-0.23707378794182898,,-4.285714285714295,-6.0
WQS1623,2024,2.83542033642073,,-2.8571428571428594,-4.000000000000001
WQS1625,2024,2.83542033642073,,-4.285714285714295,-2.333333333333334
WQS1626,2024,3.2867386660540943,,-5.714285714285719,-3.3333333333333335
WQS0021,2024,-0.23707378794182898,,-7.142857142857142,-6.333333333333335
WQS0019,2024,-0.4824676327758857,,-5.714285714285719,-5.666666666666668
WQS0024,2024,-0.4824676327758857,,-8.571428571428566,-6.999999999999999
WQS0022,2024,-0.4824676327758857,,-5.714285714285719,-6.333333333333335
WQS0020,2024,-0.23707378794182898,,-7.142857142857142,-4.333333333333333
WQS1041,2024,5.0764825411394146,,5.714285714285719,2.333333333333334
WQS0993,2024,5.925159862847577,,7.142857142857142,-0.6666666666666673
WQS0994,2024,7.1163861967443545,,2.8571428571428465,6.666666666666667
WQS0991,2024,9.396746480427234,,1.4285714285714233,5.0
WQS0992,2024,13.266573320880289,,5.714285714285719,7.333333333333334
WQS1070,2024,4.729650784920029,,-8.571428571428566,-1.999999999999999
WQS1072,2024,3.7106870703648274,,-1.4285714285714233,-0.9999999999999994
WQS1071,2024,6.500251458910318,,-2.8571428571428465,1.3333333333333346
WQS1637,2024,9.694366161677557,,-4.285714285714295,15.666666666666668
WQS1639,2024,11.706128906095605,,0.0,15.666666666666668
WQS1640,2024,12.529786498098286,,-4.285714285714295,15.666666666666668
WQS1636,2024,9.694366161677557,,1.4285714285714233,15.666666666666668
WQS1641,2024,10.772342943686354,,-5.714285714285719,15.666666666666668
WQS1635,2024,9.694366161677557,,-2.8571428571428594,15.666666666666668
WQS1642,2024,6.858945825256826,,-1.4285714285714233,15.666666666666668
WQS1643,2024,2.5175016365832654,,-1.4285714285714233,-1.999999999999999
WQS1644,2024,2.9891189848037722,,-2.8571428571428594,-0.33333333333333215
WQS1609,2024,1.8347151361362997,,4.285714285714295,-3.3333333333333335
WQS1638,2024,2.184438356938128,,-2.8571428571428465,-4.000000000000001
WQS1645,2024,1.8347151361362997,,-2.8571428571428594,-4.000000000000001
WQS1009,2024,16.553311986934386,,-8.571428571428566,15.666666666666668
WQS0952,2024,16.977260391245117,,-7.142857142857142,11.666666666666668
WQS0954,2024,7.911902877560145,,2.8571428571428465,2.666666666666666
WQS1007,2024,12.90787895453378,,-2.8571428571428465,13.333333333333334
WQS0951,2024,12.90787895453378,,-2.8571428571428465,7.333333333333334
WQS0955,2024,8.278112566492425,,5.714285714285719,8.0
WQS1008,2024,12.721387716196988,,5.714285714285719,9.666666666666666
WQS0953,2024,9.08589499391791,,2.8571428571428465,1.3333333333333346
WQS0695,2024,2.0117627444180477,-1.6698160820249321,0.0,0.6666666666666673
WQS0663,2024,2.83542033642073,7.881607779500699,1.4285714285714233,-4.666666666666668
WQS0664,2024,2.0117627444180477,4.408184752608609,2.8571428571428465,0.0
WQS0665,2024,3.572207159202731,2.8776462577161563,2.8571428571428465,-0.33333333333333215
WQS0694,2024,6.122159002474825,-1.37133585966851,-2.8571428571428465,-3.0000000000000013
WQS0662,2024,2.0117627444180477,4.359765032193145,-1.4285714285714233,0.6666666666666673
WQS0014,2024,-1.2749759216360468,,-2.8571428571428465,-0.6666666666666673
WQS0016,2024,-1.560444414784685,,-1.4285714285714233,-1.999999999999999
WQS0690,2024,-2.4942303771939334,-6.90723083593875,-2.8571428571428594,-5.666666666666668
WQS0691,2024,-2.4942303771939334,-6.949520775559763,-2.8571428571428594,-6.333333333333335
WQS0692,2024,-2.1689155825443325,-3.7176009404348083,-7.142857142857142,-0.9999999999999994
WQS0688,2024,2.0117627444180477,0.41234603710718587,-7.142857142857142,1.6666666666666667
WQS0693,2024,0.0,-3.103366929405917,-7.142857142857142,3.0000000000000013
WQS0689,2024,0.0,-3.7806410026969988,-5.714285714285719,0.0
WQS0959,2024,8.892527641956299,,5.714285714285719,-0.33333333333333215
WQS0958,2024,9.809955685811897,,1.4285714285714233,0.9999999999999994
WQS0673,2024,1.65306837807154,-1.6698160820249321,-2.8571428571428465,0.0
WQS0724,2024,2.5175016365832654,-1.6698160820249321,7.142857142857142,-0.9999999999999994
WQS0723,2024,2.5175016365832654,-1.6698160820249321,8.571428571428566,-1.6666666666666667
WQS0965,2024,10.969342083313602,,2.8571428571428465,9.000000000000002
WQS1028,2024,10.360870915553955,,0.0,6.333333333333333
WQS0975,2024,10.360870915553955,,-2.8571428571428465,8.333333333333334
WQS1027,2024,11.749699184072082,,-5.714285714285719,9.666666666666666
WQS0675,2024,2.0117627444180477,6.022491610282762,4.285714285714295,0.0
WQS0734,2024,2.0117627444180477,3.2019573565624486,4.285714285714295,-2.333333333333334
WQS0733,2024,0.0,1.7198385820854594,0.0,0.0
WQS1032,2024,5.0764825411394146,,-1.4285714285714233,-1.6666666666666667
WQS0683,2024,3.9796820411885756,-1.6698160820249321,-1.4285714285714233,-3.6666666666666656
WQS0684,2024,2.352952703644846,-1.6698160820249321,-1.4285714285714233,-1.3333333333333346
WQS0681,2024,1.0779767820087993,-0.5120084063942351,-5.714285714285719,-5.0
WQS0682,2024,4.488488714492272,-0.5120084063942351,-5.714285714285719,-5.666666666666668
WQS0744,2024,-2.1689155825443325,-1.6698160820249321,4.285714285714295,-2.333333333333334
WQS0987,2024,14.992867572149702,,-8.571428571428566,13.333333333333334
WQS1036,2024,24.694059509862612,,-4.285714285714295,15.666666666666668
WQS1038,2024,13.933078074756688,,-8.571428571428566,10.666666666666668
WQS1037,2024,12.683485146481331,,-8.571428571428566,8.0
WQS0003,2024,-0.23707378794182898,,-5.714285714285719,-6.0
WQS1622,2024,0.4513183296333642,,0.0,1.3333333333333346
WQS0988,2024,2.184438356938128,,-2.8571428571428465,-0.6666666666666673
WQS1039,2024,16.661732871801277,,-8.571428571428566,15.666666666666668
WQS0989,2024,19.70211704915786,,-10.000000000000002,15.666666666666668
WQS1040,2024,17.17997043930982,,-8.571428571428566,13.666666666666666
WQS0026,2024,-0.23707378794182898,,-7.142857142857142,-5.666666666666668
WQS0998,2024,0.22929946030063506,,2.8571428571428465,1.6666666666666667
WQS0996,2024,3.846477880554349,,4.285714285714295,0.0
WQS0995,2024,6.407627495623461,,2.8571428571428465,0.33333333333333215
WQS0997,2024,0.8752667339440972,,4.285714285714295,-1.3333333333333346
WQS1044,2024,16.101993657301023,,-7.142857142857142,15.666666666666668
WQS1043,2024,6.313760220573529,,-5.714285714285719,-0.6666666666666673
WQS1000,2024,12.372633659972005,,-4.285714285714295,9.000000000000002
WQS1002,2024,15.694052559308266,,-7.142857142857142,15.666666666666668
WQS1001,2024,17.376969578937064,,-8.571428571428566,15.666666666666668
WQS1042,2024,16.76849841117742,,-7.142857142857142,15.666666666666668
WQS1066,2024,11.963569277583133,,1.4285714285714233,0.9999999999999994
WQS0750,2024,4.847183080838778,0.4637458892532693,-5.714285714285719,13.333333333333334
WQS0751,2024,4.1103962580567766,-3.3325426601145485,-7.142857142857142,13.333333333333334
WQS0754,2024,-1.0007052002844297,-3.4868396724529416,-4.285714285714295,0.0
WQS0761,2024,-1.560444414784685,-4.4903503357452434,-2.8571428571428465,-6.333333333333335
WQS0772,2024,0.0,-3.3824079569005767,5.714285714285719,-5.666666666666668
WQS0767,2024,0.0,-3.43380780904666,0.0,-6.333333333333335
WQS0756,2024,11.113532902913153,-3.7806410026969988,0.0,-3.6666666666666656
WQS0769,2024,-1.0007052002844297,-2.7220920332443215,4.285714285714295,-5.666666666666668
WQS0758,2024,3.572207159202731,-0.9685075884376897,-1.4285714285714233,-4.000000000000001
WQS0762,2024,4.847183080838778,-2.8276237576556293,-1.4285714285714233,-4.333333333333333
WQS0766,2024,1.2749759216360452,-3.7806410026969988,0.0,-5.0
WQS0752,2024,0.0,-4.0596820301916585,1.4285714285714233,-6.333333333333335
WQS0753,2024,2.0117627444180477,-3.3824079569005767,7.142857142857142,-4.000000000000001
WQS0759,2024,0.0,-3.3824079569005767,5.714285714285719,-6.333333333333335
WQS0763,2024,0.4513183296333642,-3.7176009404348083,5.714285714285719,-6.333333333333335
WQS0768,2024,-1.560444414784685,-3.3824079569005767,4.285714285714295,-6.0
WQS0764,2024,2.0117627444180477,-2.1263152640683867,7.142857142857142,-5.333333333333332
WQS0765,2024,8.419390240041512,-1.6338929041243797,5.714285714285719,-5.666666666666668
WQS0755,2024,-1.0007052002844297,-2.3023056123786763,-2.8571428571428465,-5.0
WQS0773,2024,18.45494636094587,2.8776462577161563,-4.285714285714295,15.666666666666668
WQS0757,2024,0.0,-2.8276237576556293,0.0,-5.0
WQS0760,2024,-0.23707378794182898,-5.770434297621524,9.99999999999999,-4.333333333333333
WQS0032,2024,-1.560444414784685,,-1.4285714285714233,-1.6666666666666667
WQS0031,2024,-0.4824676327758857,,-4.285714285714295,-0.33333333333333215
WQS0034,2024,-0.4824676327758857,,-2.8571428571428465,0.0
WQS0033,2024,-0.4824676327758857,,-1.4285714285714233,-0.33333333333333215
WQS0035,2024,-0.23707378794182898,,-10.000000000000002,8.333333333333334
WQS1068,2024,7.200135784483624,,-1.4285714285714233,0.6666666666666673
WQS1069,2024,7.525450579133226,,0.0,-3.3333333333333335
WQS0030,2024,-1.2749759216360468,,-2.8571428571428465,0.33333333333333215
WQS0028,2024,-1.0007052002844297,,-4.285714285714295,-0.6666666666666673
WQS0027,2024,-0.23707378794182898,,-4.285714285714295,-4.000000000000001
WQS0029,2024,-0.7367868227820025,,-4.285714285714295,-0.9999999999999994
WQS0025,2024,-0.4824676327758857,,-5.714285714285719,-0.9999999999999994
WQS1425,2024,8.060695873695005,,11.428571428571438,-3.0000000000000013
WQS0704,2024,-2.835420336420731,-6.90723083593875,-4.285714285714295,-6.333333333333335
WQS0667,2024,0.0,-5.217489705822356,-4.285714285714295,-4.333333333333333
WQS0666,2024,-1.2749759216360468,-5.072149087016972,1.4285714285714233,-5.0
WQS0706,2024,4.847183080838778,-3.103366929405917,0.0,-0.33333333333333215
WQS0699,2024,2.0117627444180477,-4.4903503357452434,1.4285714285714233,-3.3333333333333335
WQS0668,2024,1.0779767820087993,-4.4903503357452434,0.0,-4.000000000000001
WQS0698,2024,0.22929946030063506,-3.914341411386275,1.4285714285714233,-4.000000000000001
WQS0705,2024,2.0117627444180477,-4.137387361300456,0.0,-3.3333333333333335
WQS0702,2024,-1.8580640960350063,-5.072149087016972,1.4285714285714233,-5.0
WQS0709,2024,3.572207159202731,-3.7806410026969988,0.0,-0.33333333333333215
WQS0708,2024,3.572207159202731,-3.7176009404348083,0.0,-1.3333333333333346
WQS0719,2024,-1.2749759216360468,-4.4903503357452434,-1.4285714285714233,-5.666666666666668
WQS0722,2024,-2.1689155825443325,-5.072149087016972,1.4285714285714233,-6.0
WQS0720,2024,0.0,-6.148459458532522,5.714285714285719,-4.666666666666668
WQS0671,2024,-2.4942303771939334,-5.497911769685009,1.4285714285714233,-5.666666666666668
WQS0721,2024,1.0779767820087993,-4.814661434591535,0.0,-3.0000000000000013
WQS0707,2024,2.0117627444180477,-4.137387361300456,0.0,-3.6666666666666656
WQS0669,2024,0.0,-4.4903503357452434,1.4285714285714233,-4.666666666666668
WQS0711,2024,6.858945825256826,-0.21352818403781276,0.0,0.33333333333333215
WQS0715,2024,-1.2749759216360468,-5.497911769685009,0.0,-5.0
WQS0712,2024,-2.4942303771939334,-6.90723083593875,-5.714285714285719,-5.666666666666668
WQS0713,2024,0.0,-6.020888830637697,-1.4285714285714233,-5.0
WQS0696,2024,-3.9719163468946816,-5.770434297621524,2.8571428571428465,-7.333333333333334
WQS1542,2024,-0.7367868227820025,-6.258030757807282,-1.4285714285714233,-1.3333333333333346
WQS1545,2024,1.2749759216360452,-4.721839589527231,-1.4285714285714233,1.999999999999999
WQS1538,2024,0.4513183296333642,-5.857225943385913,-2.8571428571428465,1.3333333333333346
WQS1548,2024,0.0,-1.870191730454524,-4.285714285714295,-3.3333333333333335
WQS1543,2024,1.2749759216360452,-5.072149087016972,5.714285714285719,-1.3333333333333346
WQS1575,2024,-0.23707378794182898,-8.660815280745382,-8.571428571428566,-1.999999999999999
WQS1544,2024,-1.560444414784685,-7.9835412074543,2.8571428571428465,-2.666666666666666
WQS1546,2024,-1.0007052002844297,-7.9835412074543,-5.714285714285719,-4.666666666666668
WQS1551,2024,-0.4824676327758857,-8.33650418189909,-2.8571428571428465,-6.333333333333335
WQS1550,2024,-0.7367868227820025,-5.444879906278727,-4.285714285714295,-5.0
WQS1552,2024,-1.560444414784685,-8.150716952766187,-5.714285714285719,-4.666666666666668
WQS1549,2024,-3.5722071592027325,-7.9835412074543,-10.000000000000002,-6.0
WQS1541,2024,8.419390240041512,-5.590220525084111,1.4285714285714233,3.3333333333333335
WQS1539,2024,1.2749759216360452,-6.020888830637697,-4.285714285714295,-1.999999999999999
WQS1553,2024,-0.23707378794182898,-6.90723083593875,1.4285714285714233,-2.666666666666666
WQS1554,2024,-0.7367868227820025,-6.070754127423726,-2.8571428571428465,-1.6666666666666667
WQS1585,2024,1.2749759216360452,-4.422949008885502,-5.714285714285719,-0.6666666666666673
WQS1540,2024,-1.2749759216360468,-5.444879906278727,-7.142857142857142,-3.6666666666666656
WQS1537,2024,6.858945825256826,-5.462370782243037,-2.8571428571428465,-1.999999999999999
WQS1547,2024,4.847183080838778,-6.99290927713549,-4.285714285714295,-1.3333333333333346
WQS1536,2024,0.0,-6.949520775559763,-7.142857142857142,0.0
WQS1569,2024,-0.4824676327758857,-6.637854425908923,1.4285714285714233,0.9999999999999994
WQS1570,2024,-0.23707378794182898,-7.037454940788625,-8.571428571428566,0.33333333333333215
WQS1572,2024,0.4513183296333642,-6.070754127423726,0.0,-0.6666666666666673
WQS1574,2024,0.0,-7.083221184249039,-4.285714285714295,-1.6666666666666667
WQS1571,2024,-1.0007052002844297,-8.065038511569448,5.714285714285719,-3.3333333333333335
WQS1573,2024,7.68260341725951,-2.9209644296823076,8.571428571428566,3.3333333333333335
WQS0770,2024,0.0,-4.814661434591535,1.4285714285714233,-4.666666666666668
WQS0697,2024,-4.395864751205414,-6.90723083593875,-5.714285714285719,-6.999999999999999
WQS0714,2024,-2.835420336420731,-6.020888830637697,-1.4285714285714233,-5.333333333333332
WQS0716,2024,-1.2749759216360468,-5.7286730376668755,-5.714285714285719,-5.0
WQS0718,2024,0.0,-5.791713099929066,-7.142857142857142,-4.666666666666668
WQS0717,2024,-2.4942303771939334,-5.667925856192907,-5.714285714285719,-6.0
WQS0700,2024,-1.2749759216360468,-4.814661434591535,0.0,-5.0
WQS0710,2024,0.0,-4.814661434591535,-1.4285714285714233,-5.0
WQS0701,2024,2.83542033642073,-0.9685075884376897,1.4285714285714233,-3.3333333333333335
WQS0703,2024,3.572207159202731,-2.864336518833438,2.8571428571428465,-1.3333333333333346
WQS1555,2024,1.8347151361362997,-6.258030757807282,-2.8571428571428465,-1.3333333333333346
WQS1562,2024,-1.0007052002844297,-7.178696506268394,-7.142857142857142,-1.999999999999999
WQS1567,2024,-0.23707378794182898,-7.503007605114686,-4.285714285714295,-2.333333333333334
WQS1563,2024,-0.23707378794182898,-6.949520775559763,1.4285714285714233,0.6666666666666673
WQS1565,2024,-0.7367868227820025,-5.232744272043899,1.4285714285714233,-1.3333333333333346
WQS1568,2024,-0.23707378794182898,-7.228561803054423,-5.714285714285719,-0.33333333333333215
WQS1566,2024,-0.4824676327758857,-5.8351016015047925,-4.285714285714295,-1.3333333333333346
WQS0774,2024,0.8752667339440972,-2.7220920332443215,-8.571428571428566,1.6666666666666667
WQS0726,2024,-2.4942303771939334,-5.217489705822356,-5.714285714285719,-3.3333333333333335
WQS0745,2024,1.8347151361362997,-2.1747349844838513,-7.142857142857142,-1.3333333333333346
WQS0746,2024,6.858945825256826,-3.7806410026969988,-1.4285714285714233,1.6666666666666667
WQS0747,2024,1.2749759216360452,-4.137387361300456,-7.142857142857142,-4.000000000000001
WQS1587,2024,25.796359818978573,2.4748179864853377,-4.285714285714295,15.666666666666668
WQS1592,2024,27.808122563396623,2.4748179864853377,-4.285714285714295,15.666666666666668
WQS1535,2024,-1.8580640960350063,-1.6680014556738014,-5.714285714285719,-4.666666666666668
WQS1584,2024,-0.23707378794182898,-6.710490364987283,-7.142857142857142,-3.0000000000000013
WQS1583,2024,-1.8580640960350063,-6.602687581909424,-5.714285714285719,-4.000000000000001
WQS0658,2024,19.948471537855372,4.631230702522789,1.4285714285714233,12.666666666666666
WQS0660,2024,20.081675698489597,4.8646839346520645,1.4285714285714233,15.666666666666668
WQS1564,2024,-0.23707378794182898,-6.90723083593875,1.4285714285714233,1.6666666666666667
WQS0686,2024,6.858945825256826,-2.3023056123786763,0.0,1.3333333333333346
WQS0728,2024,1.0779767820087993,-4.137387361300456,-2.8571428571428465,-4.000000000000001
WQS0729,2024,2.0117627444180477,-4.4903503357452434,0.0,-3.0000000000000013
WQS0775,2024,-2.835420336420731,,5.714285714285719,-1.6666666666666667
WQS0730,2024,-1.2749759216360468,-5.497911769685009,-4.285714285714295,-5.333333333333332
WQS0727,2024,3.572207159202731,-2.864336518833438,-4.285714285714295,-2.666666666666666
WQS0732,2024,1.65306837807154,-4.4903503357452434,-4.285714285714295,-0.9999999999999994
WQS0731,2024,4.847183080838778,-2.3023056123786763,-4.285714285714295,-0.6666666666666673
WQS0739,2024,3.2867386660540943,-3.237067338095193,-4.285714285714295,-0.6666666666666673
WQS0740,2024,3.2867386660540943,-3.237067338095193,-4.285714285714295,-0.9999999999999994
WQS0741,2024,6.858945825256826,-1.6517579235311624,0.0,1.3333333333333346
WQS1586,2024,22.960939482557844,-1.9671126288444447,-8.571428571428566,15.666666666666668
WQS0749,2024,20.002058060551658,13.460334933147708,-5.714285714285719,15.666666666666668
WQS1556,2024,13.266573320880289,-1.8928620319391105,0.0,15.666666666666668
WQS1557,2024,19.091112642104793,-1.3472146695018368,-2.8571428571428594,15.666666666666668
WQS1559,2024,19.948471537855372,-1.607448604185735,-1.4285714285714233,15.666666666666668
WQS1558,2024,19.674200816503753,-1.5762583400141754,-2.8571428571428594,12.666666666666666
WQS1561,2024,18.780261155595465,-1.497460911192769,-5.714285714285719,15.666666666666668
WQS1577,2024,16.76849841117742,-0.834440107251181,-2.8571428571428594,15.666666666666668
WQS1578,2024,17.93670879343732,-0.8300415177655357,-2.8571428571428594,15.666666666666668
WQS1576,2024,15.101288457016592,-1.0416738857970376,-2.8571428571428594,
WQS1581,2024,14.541549242516338,-0.4760852284936825,-4.285714285714283,15.666666666666668
WQS1579,2024,18.45494636094587,-0.8961255232699843,-4.285714285714283,15.666666666666668
WQS1582,2024,20.212389915357797,-0.46987734041194706,-4.285714285714283,15.666666666666668
WQS1580,2024,17.755062035372557,0.5282850437335878,-1.4285714285714233,15.666666666666668
WQS1591,2024,-1.8580640960350063,-7.083221184249039,4.285714285714295,-6.0
WQS1590,2024,-2.1689155825443325,-6.602687581909424,-4.285714285714295,-6.0
WQS0748,2024,2.0117627444180477,-3.0610769897849037,-7.142857142857142,-0.33333333333333215
WQS0687,2024,6.858945825256826,0.9058786419521121,2.8571428571428465,2.333333333333334
WQS0776,2024,0.8752667339440972,,-4.285714285714295,3.0000000000000013
WQS0778,2024,3.846477880554349,,7.142857142857142,2.666666666666666
WQS0777,2024,-1.2749759216360468,,7.142857142857142,-3.6666666666666656
WQS0779,2024,-3.5722071592027325,,5.714285714285719,4.666666666666667
WQS0780,2024,0.0,,10.000000000000002,-1.6666666666666667
WQS1589,2024,3.572207159202731,-7.563754786588654,7.142857142857142,-0.6666666666666673
WQS1588,2024,5.925159862847577,-7.178696506268394,8.571428571428566,3.3333333333333335
WQS0640,2024,-1.560444414784685,,0.0,0.0
WQS0655,2024,2.0117627444180477,,-4.285714285714283,-3.3333333333333335
WQS0651,2024,-3.5722071592027325,,-10.000000000000002,-8.000000000000002
WQS0639,2024,0.0,,0.0,-0.33333333333333215
WQS1413,2024,-5.329650713614663,-0.6441964895913976,0.0,-3.3333333333333335
WQS0657,2024,-1.560444414784685,,-1.4285714285714233,-1.3333333333333346
WQS0656,2024,0.4513183296333642,,0.0,-5.333333333333332
WQS0650,2024,-3.5722071592027325,,-10.000000000000002,-7.333333333333334
WQS0654,2024,-0.4824676327758857,,-10.000000000000002,-9.333333333333334
WQS0653,2024,-1.0007052002844297,,-1.4285714285714233,-9.333333333333334
WQS0652,2024,-3.5722071592027325,,-10.000000000000002,-7.333333333333334
WQS0645,2024,-1.560444414784685,,-10.000000000000002,-7.333333333333334
WQS0642,2024,-2.1689155825443325,,-8.571428571428566,-6.0
WQS0637,2024,0.0,,-8.571428571428566,-4.000000000000001
WQS0649,2024,-5.329650713614663,,-10.000000000000002,-8.000000000000002
WQS0647,2024,0.4513183296333642,,-1.4285714285714233,2.666666666666666
WQS0643,2024,-1.0007052002844297,,2.8571428571428594,5.0
WQS0644,2024,-0.4824676327758857,,0.0,6.666666666666667
WQS0648,2024,-0.4824676327758857,,0.0,7.000000000000001
WQS0646,2024,-1.0007052002844297,,0.0,-9.000000000000002
WQS0638,2024,-7.68260341725951,-0.21352818403781276,2.8571428571428465,-4.666666666666668
WQS1880,2024,0.0,1.1240618129095243,-8.571428571428566,-4.666666666666668
WQS1412,2024,-7.68260341725951,9.868645456436608,-7.142857142857142,-4.333333333333333
WQS0623,2024,7.200135784483624,,0.0,6.0
WQS0622,2024,8.133921746892874,,0.0,3.3333333333333335
WQS0641,2024,-0.4824676327758857,,-11.428571428571425,-9.333333333333334
