station_uid,state,coord,lat,lon,basin_sub,basin_main,n_obs,first,freq,bod_med,cond_med,temp_med,spatial_main,spatial_rule,located,pop_density_5km_per_km2,pop_density_1km_per_km2,lpop5,lpop1,HYRIV_ID,snap_dist_m,UPLAND_SKM,DIS_AV_CMS,pop_upstream,pop_upstream_50km,pop_per_cms,share_units_without_india_pop
WQS0001,ANDHRA PRADESH,Ambiguous / unresolved,,,,,2,2016,not reported,4.5,36060.0,29.0,False,High or Medium confidence and within 2 km of a HydroRIVERS reach,False,,,,,,,,,,,,
WQS0002,ANDHRA PRADESH,Ambiguous / unresolved,,,,,9,2016,not reported,2.0,778.0,28.0,False,High or Medium confidence and within 2 km of a HydroRIVERS reach,False,,,,,,,,,,,,
WQS0003,ANDHRA PRADESH,Ambiguous / unresolved,,,,,8,2016,not reported,2.7,1016.0,26.0,False,High or Medium confidence and within 2 km of a HydroRIVERS reach,False,,,,,,,,,,,,
WQS0004,ANDHRA PRADESH,Ambiguous / unresolved,,,,,4,2021,not reported,2.25,436.5,27.0,False,High or Medium confidence and within 2 km of a HydroRIVERS reach,False,,,,,,,,,,,,
WQS0005,ANDHRA PRADESH,Ambiguous / unresolved,,,,,9,2016,not reported,2.4,315.0,30.0,False,High or Medium confidence and within 2 km of a HydroRIVERS reach,False,,,,,,,,,,,,
WQS0006,ANDHRA PRADESH,Ambiguous / unresolved,,,,,9,2016,not reported,2.5,332.0,31.0,False,High or Medium confidence and within 2 km of a HydroRIVERS reach,False,,,,,,,,,,,,
WQS0007,ANDHRA PRADESH,Ambiguous / unresolved,,,,,9,2016,not reported,2.3,372.0,30.0,False,High or Medium confidence and within 2 km of a HydroRIVERS reach,False,,,,,,,,,,,,
WQS0008,ANDHRA PRADESH,Ambiguous / unresolved,,,,,9,2016,not reported,2.6,365.0,31.0,False,High or Medium confidence and within 2 km of a HydroRIVERS reach,False,,,,,,,,,,,,
WQS0009,ANDHRA PRADESH,Ambiguous / unresolved,,,,,9,2016,not reported,2.4,403.0,30.0,False,High or Medium confidence and within 2 km of a HydroRIVERS reach,False,,,,,,,,,,,,
WQS0010,ANDHRA PRADESH,Ambiguous / unresolved,,,,,3,2022,not reported,2.6,297.0,28.0,False,High or Medium confidence and within 2 km of a HydroRIVERS reach,False,,,,,,,,,,,,
WQS0011,ANDHRA PRADESH,Ambiguous / unresolved,,,,,5,2020,not reported,2.4,760.0,31.0,False,High or Medium confidence and within 2 km of a HydroRIVERS reach,False,,,,,,,,,,,,
WQS0012,ANDHRA PRADESH,Ambiguous / unresolved,,,,,2,2022,not reported,7.2,11965.0,30.0,False,High or Medium confidence and within 2 km of a HydroRIVERS reach,False,,,,,,,,,,,,
WQS0013,ANDHRA PRADESH,Ambiguous / unresolved,,,,,2,2022,not reported,6.300000000000001,11930.0,30.0,False,High or Medium confidence and within 2 km of a HydroRIVERS reach,False,,,,,,,,,,,,
WQS0014,ANDHRA PRADESH,Ambiguous / unresolved,,,,,2,2023,not reported,2.5,862.5,27.5,False,High or Medium confidence and within 2 km of a HydroRIVERS reach,False,,,,,,,,,,,,
WQS0015,ANDHRA PRADESH,Ambiguous / unresolved,,,,,6,2016,not reported,2.8,2190.0,27.0,False,High or Medium confidence and within 2 km of a HydroRIVERS reach,False,,,,,,,,,,,,
WQS0016,ANDHRA PRADESH,Ambiguous / unresolved,,,,,3,2022,not reported,2.8,1498.0,28.0,False,High or Medium confidence and within 2 km of a HydroRIVERS reach,False,,,,,,,,,,,,
WQS0017,ANDHRA PRADESH,Ambiguous / unresolved,,,,,9,2016,not reported,2.6,1408.0,28.0,False,High or Medium confidence and within 2 km of a HydroRIVERS reach,False,,,,,,,,,,,,
WQS0018,ANDHRA PRADESH,Ambiguous / unresolved,,,,,5,2020,not reported,2.9,964.0,25.0,False,High or Medium confidence and within 2 km of a HydroRIVERS reach,False,,,,,,,,,,,,
WQS0019,ANDHRA PRADESH,Ambiguous / unresolved,,,,,9,2016,not reported,2.2,882.0,24.0,False,High or Medium confidence and within 2 km of a HydroRIVERS reach,False,,,,,,,,,,,,
WQS0020,ANDHRA PRADESH,Ambiguous / unresolved,,,,,7,2017,not reported,2.8,34100.0,27.0,False,High or Medium confidence and within 2 km of a HydroRIVERS reach,False,,,,,,,,,,,,
WQS0021,ANDHRA PRADESH,Ambiguous / unresolved,,,,,7,2017,not reported,2.8,980.0,27.0,False,High or Medium confidence and within 2 km of a HydroRIVERS reach,False,,,,,,,,,,,,
WQS0022,ANDHRA PRADESH,Ambiguous / unresolved,,,,,9,2016,not reported,2.1,920.0,26.0,False,High or Medium confidence and within 2 km of a HydroRIVERS reach,False,,,,,,,,,,,,
WQS0023,ANDHRA PRADESH,Ambiguous / unresolved,,,,,5,2019,not reported,2.4,698.0,26.0,False,High or Medium confidence and within 2 km of a HydroRIVERS reach,False,,,,,,,,,,,,
WQS0024,ANDHRA PRADESH,Ambiguous / unresolved,,,,,5,2020,not reported,2.8,840.0,26.0,False,High or Medium confidence and within 2 km of a HydroRIVERS reach,False,,,,,,,,,,,,
WQS0025,ANDHRA PRADESH,Ambiguous / unresolved,,,,,9,2016,not reported,3.2,1436.0,28.0,False,High or Medium confidence and within 2 km of a HydroRIVERS reach,False,,,,,,,,,,,,
WQS0026,ANDHRA PRADESH,Ambiguous / unresolved,,,,,8,2016,not reported,2.7,1215.0,27.0,False,High or Medium confidence and within 2 km of a HydroRIVERS reach,False,,,,,,,,,,,,
WQS0027,ANDHRA PRADESH,Ambiguous / unresolved,,,,,9,2016,not reported,2.8,1066.0,27.0,False,High or Medium confidence and within 2 km of a HydroRIVERS reach,False,,,,,,,,,,,,
WQS0028,ANDHRA PRADESH,Ambiguous / unresolved,,,,,9,2016,not reported,2.3,1486.0,30.0,False,High or Medium confidence and within 2 km of a HydroRIVERS reach,False,,,,,,,,,,,,
WQS0029,ANDHRA PRADESH,Ambiguous / unresolved,,,,,9,2016,not reported,2.7,1380.0,30.0,False,High or Medium confidence and within 2 km of a HydroRIVERS reach,False,,,,,,,,,,,,
WQS0030,ANDHRA PRADESH,Ambiguous / unresolved,,,,,8,2016,not reported,2.5,1638.5,26.0,False,High or Medium confidence and within 2 km of a HydroRIVERS reach,False,,,,,,,,,,,,
WQS0031,ANDHRA PRADESH,Ambiguous / unresolved,,,,,9,2016,not reported,3.0,1698.0,28.0,False,High or Medium confidence and within 2 km of a HydroRIVERS reach,False,,,,,,,,,,,,
WQS0032,ANDHRA PRADESH,Ambiguous / unresolved,,,,,9,2016,not reported,3.0,1611.0,28.0,False,High or Medium confidence and within 2 km of a HydroRIVERS reach,False,,,,,,,,,,,,
WQS0033,ANDHRA PRADESH,Ambiguous / unresolved,,,,,4,2021,not reported,2.9,1819.0,28.0,False,High or Medium confidence and within 2 km of a HydroRIVERS reach,False,,,,,,,,,,,,
WQS0034,ANDHRA PRADESH,Ambiguous / unresolved,,,,,4,2021,not reported,2.9,2013.0,28.0,False,High or Medium confidence and within 2 km of a HydroRIVERS reach,False,,,,,,,,,,,,
WQS0035,ANDHRA PRADESH,Ambiguous / unresolved,,,,,3,2022,not reported,2.9,53450.0,26.0,False,High or Medium confidence and within 2 km of a HydroRIVERS reach,False,,,,,,,,,,,,
WQS0036,ANDHRA PRADESH,Medium,17.616333,81.286295,4061081260.0,4040027780.0,9,2016,not reported,2.0,144.0,30.0,True,High or Medium confidence and within 2 km of a HydroRIVERS reach,True,147.0111111111111,49.166666666666664,2.167350159999082,1.6916707655945193,41253173.0,92.0,21342.5,495.726,2420926.0,118292.0,4883.6,0.0
WQS0037,ANDHRA PRADESH,Ambiguous / unresolved,,,,,2,2016,not reported,1.4,1690.0,29.0,False,High or Medium confidence and within 2 km of a HydroRIVERS reach,False,,,,,,,,,,,,
WQS0038,ARUNACHAL PRADESH,Ambiguous / unresolved,,,,,6,2017,not reported,3.75,142.5,27.0,False,High or Medium confidence and within 2 km of a HydroRIVERS reach,False,,,,,,,,,,,,
WQS0039,ARUNACHAL PRADESH,Medium,27.495543,96.215343,4060836400.0,4040025450.0,7,2017,monthly,2.3,207.0,26.1,True,High or Medium confidence and within 2 km of a HydroRIVERS reach,True,112.65555555555555,542.9777777777778,2.0517526136153665,2.7347820557656886,40822737.0,517.0,2459.4,275.455,13764.0,10488.0,50.0,0.056
WQS0040,ARUNACHAL PRADESH,Medium,27.137292,93.750572,4060865800.0,4040025450.0,7,2017,monthly,2.45,183.5,30.0,True,High or Medium confidence and within 2 km of a HydroRIVERS reach,True,890.0999999999999,3781.1222222222223,2.949438801036504,3.577620715865253,40846692.0,26.0,1220.4,132.49,345232.0,335084.0,2605.7,0.0
WQS0041,ARUNACHAL PRADESH,Ambiguous / unresolved,,,,,7,2017,monthly,2.2,224.0,28.45,False,High or Medium confidence and within 2 km of a HydroRIVERS reach,False,,,,,,,,,,,,
WQS0042,ARUNACHAL PRADESH,Ambiguous / unresolved,,,,,3,2017,not reported,1.9,55.0,25.8,False,High or Medium confidence and within 2 km of a HydroRIVERS reach,False,,,,,,,,,,,,
WQS0043,ARUNACHAL PRADESH,Ambiguous / unresolved,,,,,3,2018,not reported,2.4,462.5,26.5,False,High or Medium confidence and within 2 km of a HydroRIVERS reach,False,,,,,,,,,,,,
WQS0044,ARUNACHAL PRADESH,Medium,27.805825,96.017611,4060836060.0,4040025450.0,5,2018,monthly,2.4,319.5,29.0,True,High or Medium confidence and within 2 km of a HydroRIVERS reach,True,294.43333333333334,226.33333333333334,2.4689869757172436,2.354748519560839,40802770.0,698.0,633.3,68.299,41064.0,41064.0,601.2,0.0
WQS0045,ARUNACHAL PRADESH,Ambiguous / unresolved,,,,,1,2021,not reported,,,,False,High or Medium confidence and within 2 km of a HydroRIVERS reach,False,,,,,,,,,,,,
WQS0046,ARUNACHAL PRADESH,Medium,27.853501,96.038366,4060836060.0,4040025450.0,6,2017,monthly,1.6,251.0,28.5,True,High or Medium confidence and within 2 km of a HydroRIVERS reach,True,201.15555555555557,6.555555555555555,2.3035320315073475,0.8166095022028192,40799853.0,919.0,21172.2,1224.957,24182.0,9292.0,19.7,0.603
WQS0047,ARUNACHAL PRADESH,Medium,27.414903,95.999133,4060865930.0,4040025450.0,6,2017,monthly,3.0,167.0,31.0,True,High or Medium confidence and within 2 km of a HydroRIVERS reach,True,319.0222222222222,294.5,2.5038209358858583,2.4690852991231202,40828198.0,35.0,851.3,89.756,34659.0,34659.0,386.1,0.0
WQS0048,ARUNACHAL PRADESH,Medium,27.63316,95.85058,4060836400.0,4040025450.0,5,2018,monthly,2.3,275.5,28.75,True,High or Medium confidence and within 2 km of a HydroRIVERS reach,True,444.15555555555557,116.44444444444444,2.647535098690916,2.066118773208383,40813240.0,746.0,2732.1,302.383,58310.0,51047.0,192.8,0.05
WQS0049,ARUNACHAL PRADESH,Medium,27.099005,93.695348,4060865800.0,4040025450.0,6,2017,monthly,2.8,152.5,30.5,True,High or Medium confidence and within 2 km of a HydroRIVERS reach,True,858.4555555555556,6115.688888888889,2.933717815540475,3.786445384314605,40848869.0,497.0,212.7,22.546,172788.0,172788.0,7663.8,0.0
WQS0050,ARUNACHAL PRADESH,Ambiguous / unresolved,,,,,2,2021,not reported,2.9,80.0,29.0,False,High or Medium confidence and within 2 km of a HydroRIVERS reach,False,,,,,,,,,,,,
WQS0051,ARUNACHAL PRADESH,Ambiguous / unresolved,,,,,2,2021,not reported,1.8,156.0,30.0,False,High or Medium confidence and within 2 km of a HydroRIVERS reach,False,,,,,,,,,,,,
WQS0052,ARUNACHAL PRADESH,Medium,27.074892,93.611622,4060865800.0,4040025450.0,3,2022,monthly,3.2,948.0,31.0,True,High or Medium confidence and within 2 km of a HydroRIVERS reach,True,1152.0666666666666,2984.8999999999996,3.061477611142517,3.4749297859928023,40850339.0,358.0,137.8,14.514,85727.0,85727.0,5906.5,0.0
WQS0053,ARUNACHAL PRADESH,Medium,28.11784,95.283974,4060838850.0,4040025450.0,5,2018,monthly,2.9,224.5,27.55,True,High or Medium confidence and within 2 km of a HydroRIVERS reach,True,95.3111111111111,54.62222222222223,1.9791435324637294,1.7373693647750916,40782902.0,850.0,255327.7,4961.851,190648.0,44970.0,38.4,0.946
WQS0054,ARUNACHAL PRADESH,Medium,27.529796,94.264206,4060860710.0,4040025450.0,5,2018,monthly,2.0,250.0,28.0,True,High or Medium confidence and within 2 km of a HydroRIVERS reach,True,200.53333333333333,1043.0,2.3021865728639233,3.018284308426531,40821379.0,133.0,26250.1,2092.579,155902.0,21586.0,74.5,0.375
WQS0055,ARUNACHAL PRADESH,Ambiguous / unresolved,,,,,3,2018,not reported,1.4,555.0,29.0,False,High or Medium confidence and within 2 km of a HydroRIVERS reach,False,,,,,,,,,,,,
WQS0056,ASSAM,Medium,24.786736,92.813553,4060929440.0,4040025450.0,6,2016,monthly,2.8,125.0,26.5,True,High or Medium confidence and within 2 km of a HydroRIVERS reach,True,2496.8999999999996,2286.8222222222225,3.3974011493526106,3.3592324038245485,40984380.0,769.0,18750.4,779.44,1313333.0,647407.0,1685.0,0.022
WQS0057,ASSAM,Ambiguous / unresolved,,,,,9,2016,monthly,2.5,216.0,25.0,False,High or Medium confidence and within 2 km of a HydroRIVERS reach,False,,,,,,,,,,,,
WQS0058,ASSAM,Ambiguous / unresolved,,,,,2,2016,not reported,2.65,255.0,26.0,False,High or Medium confidence and within 2 km of a HydroRIVERS reach,False,,,,,,,,,,,,
WQS0059,ASSAM,Medium,26.830744,94.172775,4060865930.0,4040025450.0,9,2016,monthly,2.7,196.0,28.0,True,High or Medium confidence and within 2 km of a HydroRIVERS reach,True,289.18888888888887,279.2888888888889,2.46118160263721,2.4460536582565733,40864794.0,553.0,3.6,0.351,7259592.0,40990.0,20682598.3,0.799
WQS0060,ASSAM,Medium,26.176,91.68375,4060886350.0,4040025450.0,9,2016,monthly,2.7,165.0,30.0,True,High or Medium confidence and within 2 km of a HydroRIVERS reach,True,2969.933333333333,2697.0444444444447,3.4727467007345814,3.430888103226319,40903509.0,118.0,413526.4,18850.434,26233408.0,1907154.0,1391.7,0.642
WQS0061,ASSAM,Medium,26.660261,93.174272,4060872360.0,4040025450.0,6,2019,monthly,2.4,192.0,28.0,True,High or Medium confidence and within 2 km of a HydroRIVERS reach,True,247.73333333333332,642.5444444444444,2.393984446265923,2.807903172951822,40875907.0,275.0,2.5,0.208,14971233.0,7925.0,71977081.7,0.715
WQS0062,ASSAM,Medium,26.616375,92.82735,4060876190.0,4040025450.0,9,2016,monthly,2.5,175.0,28.0,True,High or Medium confidence and within 2 km of a HydroRIVERS reach,True,1670.6333333333334,531.5,3.2228811424225916,2.7255032688593155,40877869.0,192.0,113.7,9.409,245755.0,245755.0,26119.1,0.0
WQS0063,ASSAM,Medium,26.160268,91.56994,4060886350.0,4040025450.0,9,2016,monthly,2.8,186.0,30.0,True,High or Medium confidence and within 2 km of a HydroRIVERS reach,True,756.588888888889,1134.3111111111111,2.8788599590427992,3.0547321862218517,40904718.0,206.0,413674.2,18861.158,26233408.0,1382070.0,1390.9,0.642
WQS0064,ASSAM,Medium,27.284622,95.662347,4060865930.0,4040025450.0,9,2016,monthly,2.8,215.0,26.0,True,High or Medium confidence and within 2 km of a HydroRIVERS reach,True,864.6777777777778,2952.5444444444447,2.9368542977491847,3.470196443739133,40836443.0,207.0,3039.8,312.789,371955.0,298382.0,1189.2,0.0
WQS0065,ASSAM,Ambiguous / unresolved,,,,,3,2016,not reported,11.0,301.0,33.0,False,High or Medium confidence and within 2 km of a HydroRIVERS reach,False,,,,,,,,,,,,
WQS0066,ASSAM,Medium,26.503075,93.952372,4060870190.0,4040025450.0,9,2016,monthly,2.7,171.0,32.0,True,High or Medium confidence and within 2 km of a HydroRIVERS reach,True,1517.8666666666666,2356.411111111111,3.181233623684528,3.372251061883879,40884444.0,28.0,8326.8,631.067,2750763.0,744569.0,4358.9,0.0
WQS0067,ASSAM,Medium,25.234537,92.847473,4060884570.0,4040025450.0,8,2017,monthly,2.6500000000000004,149.0,32.0,True,High or Medium confidence and within 2 km of a HydroRIVERS reach,True,10.0,0.0,1.0,-0.3010299956639812,40957880.0,946.0,15.7,1.533,1372.0,1372.0,895.0,0.0
WQS0068,ASSAM,Medium,26.814742,94.805697,4060865930.0,4040025450.0,8,2017,monthly,2.5,227.5,30.0,True,High or Medium confidence and within 2 km of a HydroRIVERS reach,True,445.0,2646.3777777777777,2.6483600109809315,3.4226518410205,40865818.0,439.0,3017.6,330.649,374937.0,196613.0,1133.9,0.0
WQS0069,ASSAM,Ambiguous / unresolved,,,,,2,2019,not reported,2.65,50.0,35.0,False,High or Medium confidence and within 2 km of a HydroRIVERS reach,False,,,,,,,,,,,,
WQS0070,ASSAM,Medium,27.311023,95.101786,4060865930.0,4040025450.0,9,2016,monthly,2.4,218.0,29.0,True,High or Medium confidence and within 2 km of a HydroRIVERS reach,True,531.6777777777778,437.6222222222222,2.7256485087434204,2.641099367126669,40834725.0,22.0,4986.7,523.021,1314709.0,908610.0,2513.7,0.0
WQS0071,ASSAM,Medium,26.3354,92.58357,4060883720.0,4040025450.0,3,2022,not reported,2.7,150.0,30.0,True,High or Medium confidence and within 2 km of a HydroRIVERS reach,True,838.2111111111111,633.0,2.9233534134320425,2.801403710017355,40894184.0,227.0,2.5,0.191,417904.0,210622.0,2187979.1,0.0
WQS0072,ASSAM,Ambiguous / unresolved,,,,,1,2019,not reported,2.3,132.0,22.0,False,High or Medium confidence and within 2 km of a HydroRIVERS reach,False,,,,,,,,,,,,
WQS0073,ASSAM,Ambiguous / unresolved,,,,,2,2022,not reported,2.6500000000000004,171.0,32.5,False,High or Medium confidence and within 2 km of a HydroRIVERS reach,False,,,,,,,,,,,,
WQS0074,ASSAM,Medium,24.8674,92.600817,4060949690.0,4040025450.0,6,2016,monthly,2.6500000000000004,129.0,24.5,True,High or Medium confidence and within 2 km of a HydroRIVERS reach,True,1022.7333333333333,1793.8,3.0097624108784604,3.2537740196788794,40980185.0,497.0,25303.8,1191.968,2848889.0,814338.0,2390.1,0.016
WQS0075,ASSAM,Medium,26.437483,91.624267,4060886350.0,4040025450.0,6,2019,monthly,2.55,180.5,33.0,True,High or Medium confidence and within 2 km of a HydroRIVERS reach,True,1782.8555555555556,6261.1,3.2511161586737836,3.796650640233187,40889499.0,1152.0,9.2,0.6,545811.0,215327.0,909685.0,0.0
WQS0076,ASSAM,Medium,26.348056,91.816389,4060886350.0,4040025450.0,6,2019,monthly,2.55,149.0,33.0,True,High or Medium confidence and within 2 km of a HydroRIVERS reach,True,944.6999999999999,1959.6555555555558,2.975293915356206,3.292179743056803,40894442.0,950.0,1030.4,79.203,615149.0,615149.0,7766.7,0.0
WQS0077,ASSAM,Ambiguous / unresolved,,,,,2,2022,not reported,2.5999999999999996,158.0,29.0,False,High or Medium confidence and within 2 km of a HydroRIVERS reach,False,,,,,,,,,,,,
WQS0078,ASSAM,Ambiguous / unresolved,,,,,2,2022,not reported,2.9,193.0,30.0,False,High or Medium confidence and within 2 km of a HydroRIVERS reach,False,,,,,,,,,,,,
WQS0079,ASSAM,Ambiguous / unresolved,,,,,2,2022,not reported,3.5999999999999996,162.5,31.0,False,High or Medium confidence and within 2 km of a HydroRIVERS reach,False,,,,,,,,,,,,
WQS0080,ASSAM,Medium,26.493169,90.917841,4060883850.0,4040025450.0,7,2016,monthly,2.7,168.0,30.0,True,High or Medium confidence and within 2 km of a HydroRIVERS reach,True,1326.0666666666666,886.2888888888889,3.1225653583354642,2.947575304731953,40885597.0,89.0,28978.3,346.228,293563.0,259243.0,847.9,0.873
WQS0081,ASSAM,Medium,26.167661,91.765289,4060886350.0,4040025450.0,7,2016,monthly,37.9,610.0,32.0,True,High or Medium confidence and within 2 km of a HydroRIVERS reach,True,6901.944444444444,11231.066666666668,3.838971459219693,4.050421005188286,40905619.0,335.0,36.6,2.969,576456.0,576456.0,194158.3,0.0
WQS0082,ASSAM,Medium,26.769318,94.214555,4060870190.0,4040025450.0,6,2017,monthly,2.8,234.0,31.0,True,High or Medium confidence and within 2 km of a HydroRIVERS reach,True,3066.8888888888887,6451.6,3.486698042100339,3.809667433239876,40868561.0,563.0,651.9,60.616,417925.0,402169.0,6894.6,0.0
WQS0083,ASSAM,Medium,26.781058,94.208548,4060870190.0,4040025450.0,7,2016,monthly,2.8,209.0,31.0,True,High or Medium confidence and within 2 km of a HydroRIVERS reach,True,2662.1000000000004,2066.8333333333335,3.4252243654258394,3.31530545711496,40868029.0,631.0,657.3,61.122,417925.0,402169.0,6837.6,0.0
WQS0084,ASSAM,Medium,27.358877,94.181102,4060860710.0,4040025450.0,7,2016,monthly,2.6,136.0,32.0,True,High or Medium confidence and within 2 km of a HydroRIVERS reach,True,402.0111111111111,1435.1222222222223,2.604238056635608,3.1568888893461886,40832051.0,391.0,2.7,0.37,29560.0,29560.0,79891.9,0.0
WQS0085,ASSAM,Ambiguous / unresolved,,,,,2,2022,not reported,3.0,236.0,33.0,False,High or Medium confidence and within 2 km of a HydroRIVERS reach,False,,,,,,,,,,,,
WQS0086,ASSAM,Medium,26.786797,94.627518,4060865930.0,4040025450.0,6,2019,monthly,2.5,97.0,31.0,True,High or Medium confidence and within 2 km of a HydroRIVERS reach,True,503.76666666666665,349.6,2.7022294276288252,2.5435714239623652,40867812.0,42.0,21.7,2.183,101382.0,101382.0,46441.6,0.0
WQS0087,ASSAM,Medium,27.412578,94.757007,4060865930.0,4040025450.0,7,2017,monthly,2.8,164.0,26.0,True,High or Medium confidence and within 2 km of a HydroRIVERS reach,True,94.1,0.0,1.973589623427257,-0.3010299956639812,40828999.0,331.0,302532.5,8939.618,2199142.0,512234.0,246.0,0.845
WQS0088,ASSAM,Medium,26.24776,91.918205,4060886350.0,4040025450.0,9,2016,monthly,2.6,188.0,30.0,True,High or Medium confidence and within 2 km of a HydroRIVERS reach,True,244.2444444444444,196.1888888888889,2.3878246940916847,2.2926744075756007,40899318.0,897.0,411497.3,18695.674,24613614.0,1245636.0,1316.5,0.645
WQS0089,ASSAM,Medium,26.015519,89.993294,4060900680.0,4040025450.0,9,2016,monthly,2.5,206.0,34.0,True,High or Medium confidence and within 2 km of a HydroRIVERS reach,True,918.3555555555556,2685.6555555555556,2.9630108575843512,3.429050312162232,40914009.0,952.0,468257.3,20335.914,37359686.0,988157.0,1837.1,0.624
WQS0090,ASSAM,Medium,26.214866,90.557934,4060900680.0,4040025450.0,9,2016,monthly,2.5,172.0,32.0,True,High or Medium confidence and within 2 km of a HydroRIVERS reach,True,508.3222222222222,188.3111111111111,2.7061390960838336,2.2748759458896273,40902706.0,937.0,458046.2,19926.254,33680697.0,1157646.0,1690.3,0.637
WQS0091,ASSAM,Medium,26.16994,91.66883,4060886350.0,4040025450.0,2,2023,not reported,2.45,148.0,34.5,True,High or Medium confidence and within 2 km of a HydroRIVERS reach,True,2680.9444444444443,2887.9777777777776,3.428287814459864,3.4605938471297284,40903509.0,777.0,413526.4,18850.434,26233408.0,1907154.0,1391.7,0.642
WQS0092,ASSAM,Medium,27.78433,95.67603,4060835750.0,4040025450.0,2,2023,not reported,2.4,149.0,26.5,True,High or Medium confidence and within 2 km of a HydroRIVERS reach,True,133.1888888888889,60.84444444444445,2.1244679958889514,1.7842209300226275,40803304.0,908.0,54.9,6.475,530560.0,13881.0,81939.8,0.451
WQS0093,ASSAM,Medium,26.190372,91.745589,4060886350.0,4040025450.0,9,2016,monthly,2.6,188.0,30.0,True,High or Medium confidence and within 2 km of a HydroRIVERS reach,True,4539.833333333333,5092.888888888889,3.6570399093015338,3.7069642013148356,40902720.0,432.0,3.9,0.306,26233408.0,340242.0,85730091.5,0.642
WQS0094,ASSAM,Medium,26.458611,91.395278,4060884090.0,4040025450.0,6,2019,monthly,2.55,156.5,32.0,True,High or Medium confidence and within 2 km of a HydroRIVERS reach,True,1332.9,1292.1888888888889,3.1247975679605333,3.1113260023634988,40887308.0,297.0,106.8,5.131,79638.0,79638.0,15521.0,0.0
WQS0095,ASSAM,Medium,27.320585,95.308605,4060865930.0,4040025450.0,9,2016,monthly,2.6,192.0,27.0,True,High or Medium confidence and within 2 km of a HydroRIVERS reach,True,1866.5888888888887,984.0555555555555,3.271048676306123,2.9930196175270094,40834731.0,692.0,4325.1,448.674,850557.0,528478.0,1895.7,0.0
WQS0096,ASSAM,Medium,27.321156,95.309064,4060865930.0,4040025450.0,9,2016,monthly,2.8,188.0,27.0,True,High or Medium confidence and within 2 km of a HydroRIVERS reach,True,1882.1888888888889,1039.888888888889,3.2746632053216995,3.0169869378369163,40834731.0,766.0,4325.1,448.674,850557.0,528478.0,1895.7,0.0
WQS0097,ASSAM,Medium,27.130021,94.738353,4060865930.0,4040025450.0,6,2019,monthly,2.6500000000000004,196.5,31.5,True,High or Medium confidence and within 2 km of a HydroRIVERS reach,True,974.4222222222221,3613.1777777777775,2.9887471797206944,3.557889330515835,40847021.0,762.0,296.5,33.722,211251.0,211251.0,6264.5,0.0
WQS0098,ASSAM,Medium,26.017997,93.791264,4060870190.0,4040025450.0,4,2021,quarterly,4.199999999999999,254.5,30.1,True,High or Medium confidence and within 2 km of a HydroRIVERS reach,True,1312.4888888888888,2130.788888888889,3.1180956354953895,3.328540423467201,40912891.0,126.0,2489.8,146.757,1339311.0,1297983.0,9126.0,0.0
WQS0099,ASSAM,Medium,26.583641,93.755006,4060870190.0,4040025450.0,4,2021,quarterly,2.3,244.0,30.1,True,High or Medium confidence and within 2 km of a HydroRIVERS reach,True,870.3777777777777,1076.7777777777778,2.939707794220271,3.0321260841309483,40879380.0,658.0,1269.8,96.048,115233.0,107244.0,1199.7,0.0
WQS0100,ASSAM,Medium,26.695365,92.256473,4060876180.0,4040025450.0,8,2017,monthly,2.7,132.0,29.0,True,High or Medium confidence and within 2 km of a HydroRIVERS reach,True,775.3222222222222,1303.0111111111112,2.889482231860875,3.1149481190691994,40874742.0,169.0,1529.7,98.514,145849.0,140392.0,1480.5,0.3
WQS0101,ASSAM,Medium,24.679936,92.560945,4060949690.0,4040025450.0,6,2019,monthly,2.7,159.5,24.5,True,High or Medium confidence and within 2 km of a HydroRIVERS reach,True,1109.0888888888887,6583.844444444444,3.0449663544511725,3.818479561311522,40992083.0,1164.0,178.2,11.621,226144.0,226144.0,19459.9,0.0
WQS0102,ASSAM,Medium,26.120322,91.977702,4060884570.0,4040025450.0,6,2019,monthly,2.6,124.0,30.0,True,High or Medium confidence and within 2 km of a HydroRIVERS reach,True,611.2888888888889,2281.4333333333334,2.786246501894641,3.3582077826031003,40906808.0,776.0,1457.3,151.166,247607.0,185594.0,1638.0,0.0
WQS0103,ASSAM,Medium,27.381964,95.622819,4060865930.0,4040025450.0,9,2016,monthly,4.4,309.0,26.0,True,High or Medium confidence and within 2 km of a HydroRIVERS reach,True,949.9111111111112,2592.7444444444445,2.977682967646645,3.4137597123585763,40829540.0,1149.0,4.0,0.44,118071.0,118071.0,268343.2,0.0
WQS0104,ASSAM,Medium,26.975605,94.630335,4060865930.0,4040025450.0,9,2016,monthly,2.5,208.0,30.0,True,High or Medium confidence and within 2 km of a HydroRIVERS reach,True,1882.3111111111111,5823.055555555556,3.2746914058459105,3.7651509335660576,40856374.0,174.0,3226.3,352.874,587495.0,323136.0,1664.9,0.0
WQS0105,ASSAM,Medium,26.999059,94.468503,4060865930.0,4040025450.0,6,2019,monthly,2.45,209.5,30.0,True,High or Medium confidence and within 2 km of a HydroRIVERS reach,True,239.63333333333333,559.7333333333333,2.3795472288918726,2.7479811708546817,40855880.0,65.0,3800.0,412.445,909150.0,636712.0,2204.3,0.0
WQS0106,ASSAM,Medium,27.101722,93.838085,4060865800.0,4040025450.0,6,2019,monthly,2.6,157.0,31.5,True,High or Medium confidence and within 2 km of a HydroRIVERS reach,True,841.8444444444444,1228.2555555555555,2.925231850216291,3.089288737180289,40852751.0,437.0,1315.0,143.139,345232.0,332636.0,2411.9,0.0
WQS0107,ASSAM,Medium,27.141901,95.36639,4060865930.0,4040025450.0,9,2016,monthly,2.8,169.0,26.0,True,High or Medium confidence and within 2 km of a HydroRIVERS reach,True,350.0111111111111,324.0777777777778,2.544081831257847,2.5106492522004715,40847312.0,3.0,1148.1,118.373,139556.0,139556.0,1179.0,0.0
WQS0108,ASSAM,Medium,27.053317,94.67365,4060865930.0,4040025450.0,6,2019,monthly,2.5,219.0,31.0,True,High or Medium confidence and within 2 km of a HydroRIVERS reach,True,674.8111111111111,618.2444444444444,2.82918222485739,2.7911602224729433,40851489.0,893.0,3586.7,383.418,1046298.0,765698.0,2728.9,0.0
WQS0109,ASSAM,Medium,26.996006,94.636585,4060865930.0,4040025450.0,4,2021,monthly,2.6,233.0,32.5,True,High or Medium confidence and within 2 km of a HydroRIVERS reach,True,1886.1777777777777,3979.8333333333335,3.2755826238569004,3.599864885156794,40854579.0,671.0,191.1,20.42,167781.0,167781.0,8216.5,0.0
WQS0110,ASSAM,Medium,26.779777,92.836601,4060872230.0,4040025450.0,6,2019,monthly,2.55,116.5,30.0,True,High or Medium confidence and within 2 km of a HydroRIVERS reach,True,833.088888888889,1306.4666666666667,2.920691342216382,3.1160983335678174,40869266.0,324.0,286.2,24.067,139307.0,139307.0,5788.3,0.0
WQS0111,ASSAM,Medium,27.467718,94.557012,4060860710.0,4040025450.0,6,2019,monthly,2.6500000000000004,194.5,26.0,True,High or Medium confidence and within 2 km of a HydroRIVERS reach,True,969.1999999999999,4281.711111111112,2.9864134054654685,3.6316173619115375,40825474.0,582.0,1.7,0.24,81911.0,81911.0,341295.8,0.0
WQS0112,ASSAM,Ambiguous / unresolved,,,,,2,2022,not reported,2.6,168.0,33.0,False,High or Medium confidence and within 2 km of a HydroRIVERS reach,False,,,,,,,,,,,,
WQS0113,ASSAM,Medium,26.846906,94.492244,4060865930.0,4040025450.0,7,2016,monthly,2.6,156.0,30.0,True,High or Medium confidence and within 2 km of a HydroRIVERS reach,True,831.2222222222222,1329.3777777777777,2.9197171453040283,3.123648414720091,40864053.0,184.0,953.8,95.011,191403.0,139506.0,2014.5,0.0
WQS0114,ASSAM,Medium,26.759281,92.858803,4060872230.0,4040025450.0,7,2016,monthly,2.6,126.0,28.0,True,High or Medium confidence and within 2 km of a HydroRIVERS reach,True,672.3777777777777,223.4888888888889,2.8276133514837203,2.349255936352989,40869539.0,971.0,10444.8,747.606,205265.0,108169.0,274.6,0.0
WQS0115,ASSAM,Ambiguous / unresolved,,,,,2,2022,not reported,2.5,211.0,27.0,False,High or Medium confidence and within 2 km of a HydroRIVERS reach,False,,,,,,,,,,,,
WQS0116,ASSAM,Ambiguous / unresolved,,,,,2,2022,not reported,2.55,181.0,31.0,False,High or Medium confidence and within 2 km of a HydroRIVERS reach,False,,,,,,,,,,,,
WQS0117,ASSAM,Ambiguous / unresolved,,,,,1,2022,not reported,1.9,202.0,22.0,False,High or Medium confidence and within 2 km of a HydroRIVERS reach,False,,,,,,,,,,,,
WQS0118,ASSAM,Ambiguous / unresolved,,,,,2,2022,not reported,2.65,151.0,31.5,False,High or Medium confidence and within 2 km of a HydroRIVERS reach,False,,,,,,,,,,,,
WQS0119,ASSAM,Medium,26.165759,92.353897,4060884570.0,4040025450.0,7,2016,monthly,2.8,146.0,33.0,True,High or Medium confidence and within 2 km of a HydroRIVERS reach,True,499.62222222222226,1006.3666666666668,2.698641746703409,3.002756243440546,40904730.0,1048.0,12.5,0.995,3564610.0,35601.0,3582522.6,0.0
WQS0120,ASSAM,Medium,24.648536,92.608089,4060929740.0,4040025450.0,7,2016,monthly,2.8,140.0,25.0,True,High or Medium confidence and within 2 km of a HydroRIVERS reach,True,585.1444444444445,973.5111111111112,2.7672630860511003,2.9883409126785523,40995208.0,828.0,4574.2,257.624,659167.0,334843.0,2558.6,0.0
WQS0121,ASSAM,Medium,27.411803,95.985028,4060865930.0,4040025450.0,7,2016,monthly,2.7,173.0,26.0,True,High or Medium confidence and within 2 km of a HydroRIVERS reach,True,261.4555555555555,320.6333333333333,2.4173978743985596,2.5060086700150377,40827653.0,841.0,1357.0,141.151,109134.0,109134.0,773.2,0.0
WQS0122,ASSAM,Ambiguous / unresolved,,,,,2,2022,not reported,2.7,109.5,29.0,False,High or Medium confidence and within 2 km of a HydroRIVERS reach,False,,,,,,,,,,,,
WQS0123,ASSAM,Medium,26.602234,93.403253,4060872360.0,4040025450.0,7,2016,monthly,2.8,176.0,32.0,True,High or Medium confidence and within 2 km of a HydroRIVERS reach,True,302.2444444444444,370.6,2.4803583268386955,2.5689054149828787,40878882.0,207.0,18.0,1.474,35092.0,35092.0,23807.3,0.0
WQS0124,ASSAM,Medium,26.265026,92.264751,4060883720.0,4040025450.0,7,2016,monthly,2.7,176.0,32.0,True,High or Medium confidence and within 2 km of a HydroRIVERS reach,True,521.6222222222223,248.5222222222222,2.717356084991708,2.395365228308749,40898810.0,348.0,5.2,0.409,1027864.0,67342.0,2513114.9,0.0
WQS0125,ASSAM,Medium,26.349206,92.68035,4060884570.0,4040025450.0,7,2016,monthly,2.8,188.0,31.0,True,High or Medium confidence and within 2 km of a HydroRIVERS reach,True,2890.8222222222225,10357.822222222221,3.461021384551362,4.015268452678161,40895784.0,1082.0,9.2,0.697,546639.0,240754.0,784274.0,0.0
WQS0126,ASSAM,Ambiguous / unresolved,,,,,2,2022,not reported,2.75,198.0,30.5,False,High or Medium confidence and within 2 km of a HydroRIVERS reach,False,,,,,,,,,,,,
WQS0127,ASSAM,Ambiguous / unresolved,,,,,2,2022,not reported,2.7,158.5,29.0,False,High or Medium confidence and within 2 km of a HydroRIVERS reach,False,,,,,,,,,,,,
WQS0128,ASSAM,Medium,27.832518,95.672347,4060835750.0,4040025450.0,5,2016,monthly,2.6,200.0,25.0,True,High or Medium confidence and within 2 km of a HydroRIVERS reach,True,265.4,354.44444444444446,2.4239009185284166,2.5495481736178562,40801250.0,479.0,195.1,24.619,68428.0,68428.0,2779.5,0.0
WQS0129,ASSAM,Medium,24.870906,92.376439,4060949690.0,4040025450.0,7,2016,monthly,2.5,131.0,24.0,True,High or Medium confidence and within 2 km of a HydroRIVERS reach,True,1106.6,2985.855555555556,3.0439906658781335,3.4750687943660683,40979742.0,412.0,28143.3,1387.84,3918854.0,1188583.0,2823.7,0.014
WQS0130,ASSAM,Medium,24.854133,92.82625,4060929440.0,4040025450.0,6,2019,monthly,2.4,122.0,24.0,True,High or Medium confidence and within 2 km of a HydroRIVERS reach,True,1592.5666666666666,1091.822222222222,3.2020976214528822,3.0381519294004895,40981448.0,752.0,217.1,17.043,59183.0,59183.0,3472.6,0.0
WQS0131,ASSAM,Ambiguous / unresolved,,,,,2,2022,not reported,2.7,131.0,23.5,False,High or Medium confidence and within 2 km of a HydroRIVERS reach,False,,,,,,,,,,,,
WQS0132,ASSAM,Medium,26.32217,90.73856,4060900680.0,4040025450.0,4,2021,monthly,2.7,160.0,33.5,True,High or Medium confidence and within 2 km of a HydroRIVERS reach,True,753.9444444444445,593.7222222222222,2.8773393453921483,2.773583304287138,40895755.0,781.0,6.9,0.209,756910.0,48054.0,3621578.9,0.208
WQS0133,ASSAM,Medium,26.496268,90.652663,4060900680.0,4040025450.0,6,2016,monthly,2.55,164.0,32.0,True,High or Medium confidence and within 2 km of a HydroRIVERS reach,True,978.0999999999999,803.588888888889,2.9903832589062334,2.9050339231887006,40886596.0,78.0,1948.2,54.687,172431.0,171299.0,3153.1,0.357
WQS0134,ASSAM,Medium,26.848745,92.840375,4060872230.0,4040025450.0,7,2016,monthly,3.6,317.0,30.0,True,High or Medium confidence and within 2 km of a HydroRIVERS reach,True,543.7111111111111,141.16666666666666,2.735368208199314,2.1497321599470633,40865276.0,549.0,9719.3,683.072,140203.0,47980.0,205.3,0.0
WQS0135,ASSAM,Ambiguous / unresolved,,,,,2,2022,not reported,2.6500000000000004,132.0,31.0,False,High or Medium confidence and within 2 km of a HydroRIVERS reach,False,,,,,,,,,,,,
WQS0136,ASSAM,Medium,26.447389,91.460667,4060884090.0,4040025450.0,7,2016,monthly,2.9,230.0,34.0,True,High or Medium confidence and within 2 km of a HydroRIVERS reach,True,1754.4333333333334,2306.6000000000004,3.2441368701202227,3.362972287692068,40889235.0,1159.0,5.6,0.287,351198.0,190918.0,1223686.4,0.2
WQS0137,ASSAM,Ambiguous / unresolved,,,,,2,2022,not reported,3.75,273.0,30.5,False,High or Medium confidence and within 2 km of a HydroRIVERS reach,False,,,,,,,,,,,,
WQS0138,ASSAM,Medium,26.699918,92.335305,4060876180.0,4040025450.0,7,2016,monthly,2.7,109.0,28.0,True,High or Medium confidence and within 2 km of a HydroRIVERS reach,True,806.7666666666667,1907.1888888888889,2.9067479460828825,3.2803937079068812,40873343.0,771.0,311.6,25.378,124114.0,124114.0,4890.6,0.0
WQS0139,ASSAM,Ambiguous / unresolved,,,,,2,2022,not reported,2.5999999999999996,257.0,29.5,False,High or Medium confidence and within 2 km of a HydroRIVERS reach,False,,,,,,,,,,,,
WQS0140,ASSAM,Ambiguous / unresolved,,,,,7,2016,monthly,2.6,162.0,30.0,False,High or Medium confidence and within 2 km of a HydroRIVERS reach,False,,,,,,,,,,,,
WQS0141,ASSAM,Medium,26.311379,89.831334,4060900670.0,4040025450.0,7,2016,monthly,2.7,125.0,34.0,True,High or Medium confidence and within 2 km of a HydroRIVERS reach,True,561.6444444444445,316.3777777777778,2.749461467378951,2.500205971262367,40896228.0,683.0,10699.4,196.06,540914.0,540914.0,2758.9,0.902
WQS0142,ASSAM,Ambiguous / unresolved,,,,,2,2022,not reported,2.6500000000000004,174.5,26.5,False,High or Medium confidence and within 2 km of a HydroRIVERS reach,False,,,,,,,,,,,,
WQS0143,ASSAM,Medium,24.735544,92.889269,4060929440.0,4040025450.0,7,2016,monthly,2.8,120.0,25.0,True,High or Medium confidence and within 2 km of a HydroRIVERS reach,True,610.7,1739.0,2.7858279199958655,3.2402995820027125,40987573.0,908.0,3235.9,162.767,464889.0,263120.0,2856.2,0.0
WQS0144,ASSAM,Ambiguous / unresolved,,,,,6,2016,monthly,2.5,150.5,26.5,False,High or Medium confidence and within 2 km of a HydroRIVERS reach,False,,,,,,,,,,,,
WQS0145,ASSAM,Ambiguous / unresolved,,,,,2,2022,not reported,2.6,278.5,32.0,False,High or Medium confidence and within 2 km of a HydroRIVERS reach,False,,,,,,,,,,,,
WQS0146,ASSAM,Ambiguous / unresolved,,,,,2,2022,not reported,2.5999999999999996,177.0,27.0,False,High or Medium confidence and within 2 km of a HydroRIVERS reach,False,,,,,,,,,,,,
WQS0147,ASSAM,Medium,26.732834,94.231503,4060870190.0,4040025450.0,6,2019,monthly,2.8499999999999996,210.0,32.0,True,High or Medium confidence and within 2 km of a HydroRIVERS reach,True,2868.4777777777776,2063.8444444444444,3.457651489733234,3.3146769606561017,40871061.0,382.0,4.4,0.407,417925.0,338829.0,1026842.8,0.0
WQS0148,ASSAM,Ambiguous / unresolved,,,,,2,2022,not reported,2.5,132.5,32.0,False,High or Medium confidence and within 2 km of a HydroRIVERS reach,False,,,,,,,,,,,,
WQS0149,ASSAM,Medium,26.4214,90.51945,4060900680.0,4040025450.0,6,2019,monthly,2.6,169.0,32.5,True,High or Medium confidence and within 2 km of a HydroRIVERS reach,True,308.6,351.96666666666664,2.4893959217271293,2.5465015351593445,40892719.0,339.0,56.7,1.863,505380.0,166256.0,271272.1,0.125
WQS0150,ASSAM,Ambiguous / unresolved,,,,,2,2022,not reported,2.6,158.5,31.0,False,High or Medium confidence and within 2 km of a HydroRIVERS reach,False,,,,,,,,,,,,
WQS0151,ASSAM,Ambiguous / unresolved,,,,,1,2024,not reported,3.3,174.0,32.0,False,High or Medium confidence and within 2 km of a HydroRIVERS reach,False,,,,,,,,,,,,
WQS0152,ASSAM,Ambiguous / unresolved,,,,,1,2024,not reported,2.6,136.0,24.0,False,High or Medium confidence and within 2 km of a HydroRIVERS reach,False,,,,,,,,,,,,
WQS0153,ASSAM,Ambiguous / unresolved,,,,,1,2024,not reported,2.4,188.0,33.0,False,High or Medium confidence and within 2 km of a HydroRIVERS reach,False,,,,,,,,,,,,
WQS0154,ASSAM,Ambiguous / unresolved,,,,,1,2024,not reported,2.5,166.0,30.0,False,High or Medium confidence and within 2 km of a HydroRIVERS reach,False,,,,,,,,,,,,
WQS0155,ASSAM,Ambiguous / unresolved,,,,,1,2024,not reported,2.8,150.0,32.0,False,High or Medium confidence and within 2 km of a HydroRIVERS reach,False,,,,,,,,,,,,
WQS0156,ASSAM,Ambiguous / unresolved,,,,,1,2024,not reported,2.5,174.0,28.0,False,High or Medium confidence and within 2 km of a HydroRIVERS reach,False,,,,,,,,,,,,
WQS0157,ASSAM,Ambiguous / unresolved,,,,,1,2024,not reported,2.5,138.0,29.0,False,High or Medium confidence and within 2 km of a HydroRIVERS reach,False,,,,,,,,,,,,
WQS0158,ASSAM,Ambiguous / unresolved,,,,,1,2024,not reported,2.4,142.0,22.0,False,High or Medium confidence and within 2 km of a HydroRIVERS reach,False,,,,,,,,,,,,
WQS0159,ASSAM,Ambiguous / unresolved,,,,,1,2024,not reported,2.6,148.0,29.0,False,High or Medium confidence and within 2 km of a HydroRIVERS reach,False,,,,,,,,,,,,
WQS0160,ASSAM,Ambiguous / unresolved,,,,,1,2024,not reported,2.5,140.0,32.0,False,High or Medium confidence and within 2 km of a HydroRIVERS reach,False,,,,,,,,,,,,
WQS0161,ASSAM,Ambiguous / unresolved,,,,,1,2024,not reported,2.5,138.0,32.0,False,High or Medium confidence and within 2 km of a HydroRIVERS reach,False,,,,,,,,,,,,
WQS0162,ASSAM,Ambiguous / unresolved,,,,,1,2024,not reported,2.4,167.0,32.0,False,High or Medium confidence and within 2 km of a HydroRIVERS reach,False,,,,,,,,,,,,
WQS0163,ASSAM,Ambiguous / unresolved,,,,,1,2024,not reported,2.3,194.0,32.0,False,High or Medium confidence and within 2 km of a HydroRIVERS reach,False,,,,,,,,,,,,
WQS0164,ASSAM,Ambiguous / unresolved,,,,,1,2024,not reported,2.6,212.0,31.0,False,High or Medium confidence and within 2 km of a HydroRIVERS reach,False,,,,,,,,,,,,
WQS0165,ASSAM,Ambiguous / unresolved,,,,,1,2024,not reported,2.7,160.0,32.0,False,High or Medium confidence and within 2 km of a HydroRIVERS reach,False,,,,,,,,,,,,
WQS0166,ASSAM,Ambiguous / unresolved,,,,,1,2024,not reported,2.8,160.0,32.0,False,High or Medium confidence and within 2 km of a HydroRIVERS reach,False,,,,,,,,,,,,
WQS0167,ASSAM,Ambiguous / unresolved,,,,,5,2019,not reported,2.5,92.0,31.0,False,High or Medium confidence and within 2 km of a HydroRIVERS reach,False,,,,,,,,,,,,
WQS0168,ASSAM,Ambiguous / unresolved,,,,,5,2019,not reported,2.6,178.0,30.0,False,High or Medium confidence and within 2 km of a HydroRIVERS reach,False,,,,,,,,,,,,
WQS0169,BIHAR,Ambiguous / unresolved,,,,,1,2016,not reported,,1400.0,35.0,False,High or Medium confidence and within 2 km of a HydroRIVERS reach,False,,,,,,,,,,,,
WQS0170,BIHAR,Medium,26.038984,85.891341,4060901970.0,4040025450.0,9,2016,monthly,2.7,391.0,32.0,True,High or Medium confidence and within 2 km of a HydroRIVERS reach,True,1813.0555555555557,2424.1777777777775,3.2584111119286896,3.3845644657734533,40912840.0,65.0,8821.3,213.363,5868170.0,2241944.0,27503.2,0.547
WQS0171,BIHAR,Medium,26.341991,85.481683,4060901970.0,4040025450.0,9,2016,monthly,2.8,414.0,32.0,True,High or Medium confidence and within 2 km of a HydroRIVERS reach,True,1255.5777777777778,2021.6999999999998,3.098843620604071,3.305716711091365,40894926.0,1097.0,17.5,0.306,1531642.0,171370.0,5005366.0,0.182
WQS0172,BIHAR,Medium,26.138571,85.388808,4060909770.0,4040025450.0,9,2016,monthly,2.6,455.0,32.0,True,High or Medium confidence and within 2 km of a HydroRIVERS reach,True,12687.444444444445,16612.42222222222,4.103374153580517,4.22043296063017,40906265.0,110.0,8466.4,191.139,7826884.0,1869976.0,40948.6,0.129
WQS0173,BIHAR,Medium,26.136076,85.381196,4060909770.0,4040025450.0,9,2016,monthly,2.6,452.0,32.0,True,High or Medium confidence and within 2 km of a HydroRIVERS reach,True,12869.133333333333,11900.155555555555,4.1095493004999915,4.075552638407477,40906265.0,381.0,8466.4,191.139,7826884.0,1869976.0,40948.6,0.129
WQS0174,BIHAR,Medium,26.222639,84.354122,4060901850.0,4040025450.0,9,2016,monthly,3.8,640.0,32.0,False,High or Medium confidence and within 2 km of a HydroRIVERS reach,True,5493.122222222222,25153.17777777778,3.7398192622010695,4.400592860333163,,,,,,,,
WQS0175,BIHAR,Medium,26.364956,84.360872,4060901850.0,4040025450.0,9,2016,monthly,2.9,521.0,30.0,True,High or Medium confidence and within 2 km of a HydroRIVERS reach,True,2553.1000000000004,3422.988888888889,3.407067825614143,3.5344054894089623,40895198.0,861.0,516.0,7.336,1089644.0,1089644.0,148533.8,0.0
WQS0176,BIHAR,Medium,25.988349,85.045545,4060905060.0,4040025450.0,9,2016,monthly,2.4,334.0,30.0,True,High or Medium confidence and within 2 km of a HydroRIVERS reach,True,1905.5555555555557,1428.177777777778,3.2800216149394643,3.1547822712373006,40914461.0,263.0,41774.9,1863.346,5051347.0,923647.0,2710.9,0.858
WQS0177,BIHAR,Medium,25.692357,85.195574,4060905060.0,4040025450.0,7,2017,monthly,2.6,316.0,32.0,True,High or Medium confidence and within 2 km of a HydroRIVERS reach,True,7298.166666666667,11886.166666666666,3.863213777031802,4.075041815599642,40932668.0,351.0,42520.2,1847.459,6992874.0,2388868.0,3785.1,0.845
WQS0178,BIHAR,Medium,25.254387,86.948424,4060911950.0,4040025450.0,9,2016,monthly,2.7,463.0,32.0,True,High or Medium confidence and within 2 km of a HydroRIVERS reach,True,7074.2555555555555,4179.711111111112,3.849680744532012,3.621146265701822,40958559.0,202.0,372.1,6.276,732686.0,732686.0,116744.1,0.0
WQS0179,BIHAR,Medium,25.573508,83.966669,4060903720.0,4040025450.0,9,2016,monthly,2.4,579.0,33.0,True,High or Medium confidence and within 2 km of a HydroRIVERS reach,True,4339.155555555556,9376.91111111111,3.637405219548078,3.9720597991116886,40937844.0,728.0,510368.1,3557.414,310439971.0,2067115.0,87265.6,0.006
WQS0180,BIHAR,Medium,25.576142,83.970428,4060903720.0,4040025450.0,9,2016,monthly,2.8,572.0,33.0,True,High or Medium confidence and within 2 km of a HydroRIVERS reach,True,4316.2555555555555,10767.544444444444,3.6351071503486647,4.03211667304547,40937844.0,266.0,510368.1,3557.414,310439971.0,2067115.0,87265.6,0.006
WQS0181,BIHAR,Ambiguous / unresolved,,,,,9,2016,monthly,2.6,598.0,33.0,False,High or Medium confidence and within 2 km of a HydroRIVERS reach,False,,,,,,,,,,,,
WQS0182,BIHAR,Medium,25.267334,87.227318,4060911950.0,4040025450.0,9,2016,monthly,2.6,439.0,32.0,True,High or Medium confidence and within 2 km of a HydroRIVERS reach,True,2017.3666666666666,8267.166666666666,3.3047848406211418,3.917356693123602,40956558.0,425.0,821017.1,10513.948,470938575.0,3848886.0,44791.8,0.127
WQS0183,BIHAR,Medium,25.557806,85.275648,4060914420.0,4040025450.0,9,2016,monthly,2.6,500.0,34.0,True,High or Medium confidence and within 2 km of a HydroRIVERS reach,True,2835.2,5473.177777777778,3.4525837002069566,3.7382395549676395,40939568.0,9.0,56.7,0.847,9377611.0,567799.0,11071559.6,0.013
WQS0184,BIHAR,Medium,25.381441,85.987169,4060914420.0,4040025450.0,9,2016,monthly,2.7,426.0,33.0,True,High or Medium confidence and within 2 km of a HydroRIVERS reach,True,2131.188888888889,1243.5666666666666,3.3286219432696633,3.0946690724281285,40951474.0,804.0,781332.1,10061.016,430955911.0,1539185.0,42834.2,0.132
WQS0185,BIHAR,Medium,25.384978,86.458978,4060909900.0,4040025450.0,9,2016,monthly,2.8,430.0,32.0,True,High or Medium confidence and within 2 km of a HydroRIVERS reach,True,4145.644444444445,4294.366666666667,3.6175920516320783,3.6328991231257475,40949255.0,73.0,799324.0,10269.032,446085098.0,1514096.0,43439.8,0.129
WQS0186,BIHAR,Medium,25.627333,85.155472,4060914420.0,4040025450.0,6,2016,monthly,4.0,910.5,34.0,True,High or Medium confidence and within 2 km of a HydroRIVERS reach,True,14299.244444444445,4851.966666666666,4.155313090452649,3.685917808572842,40935068.0,27.0,459.7,6.42,2364974.0,2364974.0,368376.0,0.0
WQS0187,BIHAR,Medium,25.257511,86.747053,4060911950.0,4040025450.0,9,2016,monthly,2.8,439.0,32.0,True,High or Medium confidence and within 2 km of a HydroRIVERS reach,True,1892.2444444444445,1285.711111111111,3.276977238839562,3.10914339709169,40957048.0,149.0,813815.0,10457.521,464629766.0,1993009.0,44430.2,0.128
WQS0188,BIHAR,Medium,25.708441,84.889727,4060902870.0,4040025450.0,9,2016,monthly,2.8,483.0,32.0,True,High or Medium confidence and within 2 km of a HydroRIVERS reach,True,680.9333333333333,0.0,2.83310459446384,-0.3010299956639812,40930243.0,668.0,655839.5,7023.048,378959954.0,2854805.0,53959.5,0.102
WQS0189,BIHAR,Ambiguous / unresolved,,,,,6,2016,not reported,2.8,519.0,32.0,False,High or Medium confidence and within 2 km of a HydroRIVERS reach,False,,,,,,,,,,,,
WQS0190,BIHAR,Medium,25.368174,86.464302,4060909900.0,4040025450.0,9,2016,monthly,2.8,431.0,32.0,True,High or Medium confidence and within 2 km of a HydroRIVERS reach,True,4775.677777777778,11550.688888888888,3.679035016602487,4.062607886541693,40951475.0,28.0,18.6,0.284,446085098.0,360103.0,1570722176.1,0.129
WQS0191,BIHAR,Medium,25.487275,85.705236,4060914420.0,4040025450.0,9,2016,monthly,2.5,445.0,33.0,True,High or Medium confidence and within 2 km of a HydroRIVERS reach,True,3006.711111111111,4984.922222222222,3.478091702501098,3.6976583865748123,40944710.0,704.0,94.8,1.244,426599607.0,335727.0,342925729.1,0.133
WQS0192,BIHAR,Medium,25.548238,85.279377,4060914420.0,4040025450.0,7,2018,monthly,2.4,453.0,32.0,True,High or Medium confidence and within 2 km of a HydroRIVERS reach,True,2695.6111111111113,5514.066666666667,3.4306572378333264,3.7414720125478533,40941243.0,188.0,82.5,1.223,9377611.0,567799.0,7667711.4,0.013
WQS0193,BIHAR,Medium,26.576389,85.317222,4060901970.0,4040025450.0,9,2016,monthly,2.9,491.0,32.0,True,High or Medium confidence and within 2 km of a HydroRIVERS reach,True,1285.5777777777778,615.7555555555556,3.10909835669874,2.7894083388809943,40885579.0,149.0,4824.8,143.922,514674.0,514674.0,3576.1,0.917
WQS0194,BIHAR,Ambiguous / unresolved,,,,,6,2016,not reported,2.9,446.5,30.5,False,High or Medium confidence and within 2 km of a HydroRIVERS reach,False,,,,,,,,,,,,
WQS0195,BIHAR,Medium,25.217822,84.826131,4060914420.0,4040025450.0,9,2016,monthly,2.8,472.0,32.0,True,High or Medium confidence and within 2 km of a HydroRIVERS reach,True,1058.711111111111,3150.688888888889,3.024777470998704,3.498405521387448,40959484.0,306.0,4447.4,64.621,4194101.0,1017713.0,64903.1,0.026
WQS0196,BIHAR,Medium,26.415383,85.066452,4060909770.0,4040025450.0,6,2019,monthly,2.65,420.5,33.0,True,High or Medium confidence and within 2 km of a HydroRIVERS reach,True,2252.1222222222223,3010.3888888888887,3.352591955893482,3.4786226023676314,40892416.0,225.0,7722.5,179.483,5993542.0,975887.0,33393.4,0.143
WQS0197,BIHAR,Medium,25.501374,86.479837,4060909770.0,4040025450.0,6,2019,monthly,2.5,495.5,31.0,True,High or Medium confidence and within 2 km of a HydroRIVERS reach,True,2845.8333333333335,10400.255555555555,3.4542094619699264,4.017044010933781,40943727.0,77.0,12873.8,248.223,17328100.0,2008156.0,69808.6,0.085
WQS0198,BIHAR,Medium,26.660087,85.01303,4060909770.0,4040025450.0,6,2019,monthly,2.9,453.0,30.5,True,High or Medium confidence and within 2 km of a HydroRIVERS reach,True,815.4555555555556,1076.0777777777778,2.9114002958447585,3.0318436628163723,40876574.0,156.0,6157.6,152.559,3284135.0,1383810.0,21527.0,0.178
WQS0199,BIHAR,Medium,25.867123,85.784927,4060909770.0,4040025450.0,9,2016,monthly,2.6,444.0,32.0,True,High or Medium confidence and within 2 km of a HydroRIVERS reach,True,5246.0,17646.133333333335,3.7198282862543346,4.246649556411293,40921633.0,154.0,8912.8,196.632,8864914.0,1038030.0,45083.8,0.123
WQS0200,BIHAR,Medium,26.223497,84.347097,4060901850.0,4040025450.0,9,2016,monthly,2.9,528.0,30.0,False,High or Medium confidence and within 2 km of a HydroRIVERS reach,True,5320.511111111111,18236.622222222224,3.725953354489226,4.260944401640671,,,,,,,,
WQS0201,BIHAR,Medium,26.222569,84.354022,4060901850.0,4040025450.0,6,2019,monthly,4.0,761.5,31.5,False,High or Medium confidence and within 2 km of a HydroRIVERS reach,True,5489.633333333333,25207.233333333334,3.7395433377783287,4.401525181495436,,,,,,,,
WQS0202,BIHAR,Medium,26.520035,84.357095,4060901850.0,4040025450.0,9,2016,monthly,2.9,570.0,30.0,False,High or Medium confidence and within 2 km of a HydroRIVERS reach,True,1833.9777777777776,4395.200000000001,3.2633940690401326,3.642978642076487,,,,,,,,
WQS0203,BIHAR,Medium,26.231264,84.354868,4060901850.0,4040025450.0,6,2019,monthly,2.8499999999999996,542.5,29.0,False,High or Medium confidence and within 2 km of a HydroRIVERS reach,True,5459.766666666666,18019.766666666666,3.7371740827149096,4.2557491631116795,,,,,,,,
WQS0204,BIHAR,Medium,26.411533,86.237133,4060900840.0,4040025450.0,6,2019,monthly,3.15,352.0,30.0,True,High or Medium confidence and within 2 km of a HydroRIVERS reach,True,1524.0222222222224,293.5888888888889,3.182991299627023,2.4677396153259314,40891146.0,240.0,3145.1,79.27,754534.0,754534.0,9518.5,0.68
WQS0205,BIHAR,Medium,26.410836,86.237178,4060900840.0,4040025450.0,9,2016,monthly,2.8,332.0,30.0,True,High or Medium confidence and within 2 km of a HydroRIVERS reach,True,1517.9777777777776,279.93333333333334,3.181265413813,2.4470546155822586,40891146.0,236.0,3145.1,79.27,754534.0,754534.0,9518.5,0.68
WQS0206,BIHAR,Medium,25.678586,85.194604,4060905060.0,4040025450.0,7,2017,monthly,2.6,320.0,30.0,True,High or Medium confidence and within 2 km of a HydroRIVERS reach,True,6598.200000000001,5444.044444444445,3.819425475437874,3.7359216620673337,40932668.0,84.0,42520.2,1847.459,6992874.0,2388868.0,3785.1,0.845
WQS0207,BIHAR,Medium,25.675279,85.189845,4060905060.0,4040025450.0,9,2016,monthly,2.5,323.0,31.0,True,High or Medium confidence and within 2 km of a HydroRIVERS reach,True,6081.555555555556,1279.6888888888889,3.7840146784153847,3.1071043991310248,40934572.0,807.0,42540.6,1845.029,6992874.0,2114934.0,3790.1,0.845
WQS0208,BIHAR,Medium,26.360672,84.749947,4060905060.0,4040025450.0,9,2016,monthly,2.5,332.0,31.0,True,High or Medium confidence and within 2 km of a HydroRIVERS reach,True,1309.4222222222222,538.3888888888889,3.1170797070660394,2.731096088466967,40893422.0,166.0,41101.7,1857.172,4127700.0,1099015.0,2222.6,0.872
WQS0209,BIHAR,Medium,25.68032,84.785773,4060903120.0,4040025450.0,8,2017,monthly,2.5,504.0,32.0,True,High or Medium confidence and within 2 km of a HydroRIVERS reach,True,1055.5888888888887,2482.188888888889,3.023494810195568,3.394834827235548,40931436.0,1412.0,21.9,0.298,22073242.0,136127.0,74071281.9,0.008
WQS0210,BIHAR,Medium,25.655635,85.096308,4060914420.0,4040025450.0,7,2018,monthly,2.4,481.0,32.0,True,High or Medium confidence and within 2 km of a HydroRIVERS reach,True,7409.644444444445,2943.355555555556,3.869797368637818,3.468842727777064,40934026.0,520.0,43.7,0.655,2364974.0,1469299.0,3610647.3,0.0
WQS0211,BIHAR,Medium,25.315313,86.029821,4060914420.0,4040025450.0,9,2016,monthly,2.6,457.0,34.0,True,High or Medium confidence and within 2 km of a HydroRIVERS reach,True,819.7555555555556,24.344444444444445,2.913684368603307,1.3863998681213805,40956064.0,462.0,33.8,0.449,430955911.0,137591.0,959812719.4,0.132
WQS0212,BIHAR,Ambiguous / unresolved,,,,,1,2018,not reported,2.7,462.0,33.0,False,High or Medium confidence and within 2 km of a HydroRIVERS reach,False,,,,,,,,,,,,
WQS0213,BIHAR,Medium,25.242256,86.925987,4060911950.0,4040025450.0,8,2017,monthly,2.8,469.0,31.0,True,High or Medium confidence and within 2 km of a HydroRIVERS reach,True,4744.811111111111,14524.555555555555,3.676218928030967,4.162102852062516,40958559.0,334.0,372.1,6.276,732686.0,732686.0,116744.1,0.0
WQS0214,BIHAR,Medium,25.271603,87.025665,4060911950.0,4040025450.0,3,2022,monthly,3.0,612.0,33.0,True,High or Medium confidence and within 2 km of a HydroRIVERS reach,True,4348.155555555556,4945.666666666667,3.6383050726062915,3.694224841967515,40955556.0,595.0,815762.8,10435.73,466748360.0,2044944.0,44726.0,0.128
WQS0215,BIHAR,Ambiguous / unresolved,,,,,5,2017,not reported,2.5,433.0,32.0,False,High or Medium confidence and within 2 km of a HydroRIVERS reach,False,,,,,,,,,,,,
WQS0216,BIHAR,Ambiguous / unresolved,,,,,1,2018,not reported,2.6,449.0,34.0,False,High or Medium confidence and within 2 km of a HydroRIVERS reach,False,,,,,,,,,,,,
WQS0217,BIHAR,Medium,25.650869,85.115085,4060914420.0,4040025450.0,9,2016,monthly,2.5,477.0,32.0,True,High or Medium confidence and within 2 km of a HydroRIVERS reach,True,8061.722222222223,1.5,3.9064278298584085,0.17609125905568124,40935068.0,783.0,459.7,6.42,2364974.0,2364974.0,368376.0,0.0
WQS0218,BIHAR,Medium,25.622179,85.172816,4060914420.0,4040025450.0,9,2016,monthly,2.9,495.0,33.0,True,High or Medium confidence and within 2 km of a HydroRIVERS reach,True,13773.177777777779,12553.044444444444,4.139034153193199,4.098749066460666,40935068.0,533.0,459.7,6.42,2364974.0,2364974.0,368376.0,0.0
WQS0219,BIHAR,Medium,25.620356,85.179995,4060914420.0,4040025450.0,7,2017,monthly,2.9,468.0,34.0,True,High or Medium confidence and within 2 km of a HydroRIVERS reach,True,13182.655555555555,14311.666666666666,4.1200029047158715,4.155690212515077,40935293.0,887.0,769196.1,10040.13,414277607.0,5495906.0,41262.2,0.134
WQS0220,BIHAR,Medium,25.511611,85.307417,4060914420.0,4040025450.0,9,2016,monthly,2.9,500.0,34.0,True,High or Medium confidence and within 2 km of a HydroRIVERS reach,True,2487.355555555556,10765.888888888889,3.395737870022152,4.032049893295809,40941750.0,438.0,9018.8,128.158,9377611.0,1284132.0,73172.3,0.013
WQS0221,BIHAR,Medium,25.740235,84.963161,4060905050.0,4040025450.0,7,2017,monthly,2.8,463.0,32.0,True,High or Medium confidence and within 2 km of a HydroRIVERS reach,True,1755.5222222222224,5155.555555555556,3.244406331339053,3.712275471115556,40930244.0,248.0,724323.6,8268.318,401182109.0,2919167.0,48520.4,0.093
WQS0222,BIHAR,Medium,25.73321,84.62247,4060901960.0,4040025450.0,5,2020,quarterly,5.5,614.0,28.9,True,High or Medium confidence and within 2 km of a HydroRIVERS reach,True,455.0777777777778,473.1555555555555,2.6580856286856505,2.6750039437253736,40929482.0,110.0,12.2,0.158,326728775.0,71752.0,2067903639.2,0.006
WQS0223,BIHAR,Medium,25.401104,85.923198,4060914420.0,4040025450.0,9,2016,monthly,2.7,452.0,34.0,True,High or Medium confidence and within 2 km of a HydroRIVERS reach,True,1681.611111111111,9152.077777777777,3.2257255682597505,3.9615197022614677,40948818.0,355.0,27.1,0.363,430818320.0,342615.0,1186827327.8,0.132
WQS0224,BIHAR,Medium,25.613753,85.204131,4060914420.0,4040025450.0,9,2016,monthly,2.8,469.0,33.0,True,High or Medium confidence and within 2 km of a HydroRIVERS reach,True,10973.87777777778,12980.344444444445,4.040360118906145,4.1132862169895255,40935734.0,582.0,769356.9,10002.825,416307592.0,7525891.0,41619.0,0.134
WQS0225,BIHAR,Medium,25.515132,85.301372,4060914420.0,4040025450.0,8,2017,monthly,2.6500000000000004,452.0,33.5,True,High or Medium confidence and within 2 km of a HydroRIVERS reach,True,2587.0444444444447,9474.077777777777,3.412803889795466,3.976536945762536,40941750.0,399.0,9018.8,128.158,9377611.0,1284132.0,73172.3,0.013
WQS0226,BIHAR,Medium,25.252575,86.725558,4060911950.0,4040025450.0,9,2016,monthly,2.6,434.0,32.0,True,High or Medium confidence and within 2 km of a HydroRIVERS reach,True,1789.6999999999998,1342.2444444444445,3.2527802380950837,3.127831615092258,40957048.0,53.0,813815.0,10457.521,464629766.0,1993009.0,44430.2,0.128
WQS0227,BIHAR,Ambiguous / unresolved,,,,,5,2017,not reported,2.6,411.0,32.0,False,High or Medium confidence and within 2 km of a HydroRIVERS reach,False,,,,,,,,,,,,
WQS0228,BIHAR,Medium,25.51994,83.900847,4060903720.0,4040025450.0,8,2017,monthly,2.4,519.0,33.5,True,High or Medium confidence and within 2 km of a HydroRIVERS reach,True,1184.788888888889,1965.9444444444443,3.0736409726596152,3.2935712409568887,40940991.0,434.0,509063.5,3540.293,309118126.0,2032096.0,87314.3,0.006
WQS0229,BIHAR,Medium,25.257757,86.978188,4060911950.0,4040025450.0,6,2019,monthly,2.9,799.5,32.5,True,High or Medium confidence and within 2 km of a HydroRIVERS reach,True,8159.166666666667,10525.122222222222,3.911645804519854,4.022227147750317,40956555.0,289.0,389.4,6.574,732686.0,732686.0,111452.1,0.0
WQS0230,BIHAR,Medium,25.281489,87.247598,4060911950.0,4040025450.0,8,2017,monthly,2.6,431.0,32.0,True,High or Medium confidence and within 2 km of a HydroRIVERS reach,True,2097.133333333333,2455.7444444444445,3.321626043288465,3.3901831702287955,40955276.0,880.0,20.8,0.404,470938575.0,162075.0,1165689542.1,0.127
WQS0231,BIHAR,Medium,25.586863,84.693046,4060902870.0,4040025450.0,3,2022,monthly,2.4,495.0,33.0,True,High or Medium confidence and within 2 km of a HydroRIVERS reach,True,4145.700000000001,1717.6333333333334,3.617597871549796,3.234930459666583,40938595.0,69.0,681.4,8.639,833098.0,833098.0,96434.5,0.0
WQS0232,BIHAR,Ambiguous / unresolved,,,,,9,2016,monthly,2.9,464.0,32.0,False,High or Medium confidence and within 2 km of a HydroRIVERS reach,False,,,,,,,,,,,,
WQS0233,BIHAR,Low,24.890805,85.56,4060914430.0,4040025450.0,3,2022,monthly,2.7,457.0,32.0,False,High or Medium confidence and within 2 km of a HydroRIVERS reach,True,3915.788888888889,7120.4,3.5928192697342514,3.852504391517928,40985245.0,1584.0,293.3,3.791,503441.0,503441.0,132799.0,0.0
WQS0234,BIHAR,Medium,25.724543,84.825249,4060902870.0,4040025450.0,6,2019,monthly,6.5,652.5,32.5,True,High or Medium confidence and within 2 km of a HydroRIVERS reach,True,1194.7444444444445,686.5999999999999,3.0772750197304073,2.8367037990897312,40929485.0,927.0,655802.5,7022.529,378959954.0,2854805.0,53963.5,0.102
WQS0235,BIHAR,Medium,25.771153,84.654639,4060901850.0,4040025450.0,9,2016,monthly,2.7,389.0,33.0,True,High or Medium confidence and within 2 km of a HydroRIVERS reach,True,1123.4888888888888,537.7222222222222,3.050568781678953,2.730557984755086,40926603.0,249.0,15.9,0.21,50383268.0,64816.0,239920323.8,0.494
WQS0236,BIHAR,Medium,27.105529,84.454541,4060909770.0,4040025450.0,9,2016,monthly,4.0,526.0,31.0,True,High or Medium confidence and within 2 km of a HydroRIVERS reach,True,2161.4555555555553,7382.422222222222,3.3347463098787298,3.8681988801359117,40848812.0,572.0,465.8,13.969,549098.0,549098.0,39308.3,0.0
WQS0237,BIHAR,Medium,27.094829,84.143868,4060905060.0,4040025450.0,8,2017,monthly,2.6,462.0,30.5,True,High or Medium confidence and within 2 km of a HydroRIVERS reach,True,714.2666666666667,135.76666666666665,2.8538603829811593,2.1327931553663353,40850290.0,87.0,121.5,3.075,69745.0,69745.0,22681.3,0.0
WQS0238,BIHAR,Medium,27.096767,84.121881,4060905060.0,4040025450.0,6,2019,monthly,2.6500000000000004,403.0,30.0,True,High or Medium confidence and within 2 km of a HydroRIVERS reach,True,1144.8777777777777,1998.6555555555558,3.0587591257415,3.3007379550931755,40849793.0,748.0,25.6,0.603,393893.0,127927.0,653222.2,0.0
WQS0239,BIHAR,Medium,26.195014,85.998259,4060901010.0,4040025450.0,6,2019,monthly,2.75,537.0,29.0,True,High or Medium confidence and within 2 km of a HydroRIVERS reach,True,1793.3777777777777,1768.0111111111112,3.253671783997542,3.2474849900204257,40903740.0,375.0,290.1,5.782,785598.0,785598.0,135869.6,0.0
WQS0240,BIHAR,Medium,26.269758,86.268875,4060900840.0,4040025450.0,9,2016,monthly,2.7,433.0,30.0,True,High or Medium confidence and within 2 km of a HydroRIVERS reach,True,2527.088888888889,2579.0222222222224,3.4026205182455986,3.4114550842654707,40899503.0,829.0,3332.6,81.389,956113.0,956113.0,11747.4,0.654
WQS0241,BIHAR,Medium,26.135844,86.333137,4060900840.0,4040025450.0,9,2016,monthly,3.1,769.0,30.0,True,High or Medium confidence and within 2 km of a HydroRIVERS reach,True,1342.9,1249.8444444444444,3.128043673826457,3.096855964109418,40907232.0,776.0,3667.2,85.868,1760947.0,1258223.0,20507.6,0.586
WQS0242,BIHAR,Medium,26.596857,86.144676,4060900840.0,4040025450.0,9,2016,monthly,2.4,402.0,30.0,True,High or Medium confidence and within 2 km of a HydroRIVERS reach,True,2033.6666666666667,7160.911111111111,3.308279770272725,3.8549682828321923,40880335.0,159.0,2094.5,57.416,113899.0,113899.0,1983.8,0.938
WQS0243,BIHAR,Medium,26.784669,84.655511,4060909770.0,4040025450.0,6,2019,monthly,5.0,706.0,31.5,True,High or Medium confidence and within 2 km of a HydroRIVERS reach,True,1426.6666666666667,216.8111111111111,3.1543225142935096,2.3360815351107824,40867523.0,606.0,16.5,0.307,195683.0,195683.0,637403.9,0.0
WQS0244,BIHAR,Medium,26.78378,84.65578,4060909770.0,4040025450.0,6,2019,monthly,2.95,594.5,31.5,True,High or Medium confidence and within 2 km of a HydroRIVERS reach,True,1442.788888888889,222.72222222222223,3.1592027890990395,2.3477635511472155,40867523.0,690.0,16.5,0.307,195683.0,195683.0,637403.9,0.0
WQS0245,BIHAR,Medium,25.386081,87.092419,4060911800.0,4040025450.0,9,2016,monthly,2.5,293.0,32.0,True,High or Medium confidence and within 2 km of a HydroRIVERS reach,True,2071.3777777777777,12675.78888888889,3.316259312723543,4.102974997546181,40950249.0,1662.0,9.7,0.182,176411.0,176411.0,969291.2,0.0
WQS0246,BIHAR,Medium,25.42082,87.236262,4060911800.0,4040025450.0,9,2016,monthly,2.6,291.0,31.0,True,High or Medium confidence and within 2 km of a HydroRIVERS reach,True,764.5333333333333,184.88888888888889,2.883396425218766,2.26691081251538,40947625.0,225.0,88185.1,2293.073,28706593.0,1549079.0,12518.8,0.738
WQS0247,BIHAR,Medium,25.930352,86.801274,4060911800.0,4040025450.0,9,2016,monthly,2.6,295.0,31.0,True,High or Medium confidence and within 2 km of a HydroRIVERS reach,True,3571.811111111111,11610.255555555555,3.55288848393118,4.064841779182684,40918285.0,80.0,260.3,5.421,696250.0,696250.0,128435.7,0.0
WQS0248,BIHAR,Medium,26.73899,85.541954,4060901970.0,4040025450.0,6,2019,monthly,3.75,717.5,30.5,True,High or Medium confidence and within 2 km of a HydroRIVERS reach,True,1068.2444444444445,1799.4222222222222,3.0286706428855408,3.2551330795581386,40871244.0,215.0,28.9,0.597,182700.0,140721.0,306030.2,0.5
WQS0249,BIHAR,Medium,26.588526,85.499289,4060901970.0,4040025450.0,6,2019,monthly,3.05,567.5,30.0,True,High or Medium confidence and within 2 km of a HydroRIVERS reach,True,4664.577777777778,19076.266666666666,3.6688123389549805,4.280493384796237,40884648.0,23.0,635.3,13.72,602857.0,602857.0,43940.0,0.4
WQS0250,BIHAR,Medium,26.392347,88.155896,4060921230.0,4040025450.0,6,2016,monthly,2.65,378.5,31.5,True,High or Medium confidence and within 2 km of a HydroRIVERS reach,True,1255.888888888889,1802.2333333333333,3.098951218161545,3.255811017952108,40892175.0,373.0,1555.8,77.246,2283496.0,1315822.0,29561.3,0.0
WQS0251,BIHAR,Medium,25.527166,85.396373,4060914420.0,4040025450.0,6,2019,monthly,2.8,500.5,31.0,True,High or Medium confidence and within 2 km of a HydroRIVERS reach,True,1164.8444444444444,2030.1444444444444,3.066267932718221,3.307526938993728,40941752.0,914.0,9076.0,128.569,9571851.0,1478371.0,74449.1,0.013
WQS0252,BIHAR,Medium,26.658543,85.400266,4060901970.0,4040025450.0,9,2016,monthly,2.6,469.0,32.0,True,High or Medium confidence and within 2 km of a HydroRIVERS reach,True,1378.9888888888888,2872.3,3.1395607668910896,3.4582297982235675,40876578.0,725.0,276.0,5.717,334254.0,334254.0,58466.7,0.0
WQS0253,BIHAR,Medium,26.399461,87.242477,4060921230.0,4040025450.0,7,2016,monthly,2.9,340.0,31.0,True,High or Medium confidence and within 2 km of a HydroRIVERS reach,True,1309.0666666666666,951.2666666666667,3.1169617643721503,2.978302278901316,40891644.0,205.0,415.7,13.503,35024.0,35024.0,2593.8,0.667
WQS0254,BIHAR,Medium,24.885016,84.213799,4060903120.0,4040025450.0,6,2019,monthly,2.8499999999999996,519.5,32.0,True,High or Medium confidence and within 2 km of a HydroRIVERS reach,True,2776.5444444444447,1597.2222222222222,3.443504629662534,3.2033653439223433,40979189.0,582.0,66986.5,1208.856,20478568.0,759724.0,16940.5,0.008
WQS0255,BIHAR,Medium,27.170083,84.322471,4060909770.0,4040025450.0,9,2016,monthly,7.0,687.0,32.0,True,High or Medium confidence and within 2 km of a HydroRIVERS reach,True,1606.711111111111,8577.599999999999,3.2059377970316403,3.9333657898812313,40850294.0,449.0,52.3,1.336,549098.0,341719.0,411001.5,0.0
WQS0256,BIHAR,Medium,27.17026,84.322348,4060909770.0,4040025450.0,9,2016,monthly,5.0,428.0,30.0,True,High or Medium confidence and within 2 km of a HydroRIVERS reach,True,1604.4777777777776,8354.922222222223,3.205333706439114,3.921942411306977,40850294.0,461.0,52.3,1.336,549098.0,341719.0,411001.5,0.0
WQS0257,BIHAR,Medium,26.960335,84.534192,4060909770.0,4040025450.0,9,2016,monthly,4.5,646.0,33.0,True,High or Medium confidence and within 2 km of a HydroRIVERS reach,True,1244.8777777777777,3227.3888888888887,3.0951267144499774,3.508851299498311,40857350.0,9.0,1434.5,40.496,1043652.0,1014058.0,25771.7,0.0
WQS0258,BIHAR,Medium,26.560646,85.052409,4060909770.0,4040025450.0,9,2016,monthly,3.0,499.0,31.0,True,High or Medium confidence and within 2 km of a HydroRIVERS reach,True,1412.611111111111,1604.5111111111112,3.1500226179389808,3.205342728896487,40881536.0,7.0,6681.5,162.941,3707534.0,1520367.0,22753.8,0.163
WQS0259,BIHAR,Medium,27.105633,84.454622,4060909770.0,4040025450.0,6,2019,monthly,7.0,568.5,30.5,True,High or Medium confidence and within 2 km of a HydroRIVERS reach,True,2161.0666666666666,7521.377777777777,3.3346681646245053,3.876297402623351,40848812.0,564.0,465.8,13.969,549098.0,549098.0,39308.3,0.0
WQS0260,BIHAR,Medium,26.98375,84.857739,4060909770.0,4040025450.0,9,2016,monthly,12.0,875.0,32.0,True,High or Medium confidence and within 2 km of a HydroRIVERS reach,True,2175.8999999999996,9799.222222222223,3.3376389321814086,3.991191606508628,40864736.0,1283.0,53.2,1.161,342477.0,269504.0,294984.5,0.4
WQS0261,BIHAR,Medium,26.988061,84.855244,4060909770.0,4040025450.0,9,2016,monthly,11.0,882.0,32.0,True,High or Medium confidence and within 2 km of a HydroRIVERS reach,True,2136.2666666666664,12082.099999999999,3.3296554640087836,4.082142425936443,40855584.0,1072.0,132.7,3.558,58225.0,58225.0,16364.5,0.0
WQS0262,BIHAR,Medium,25.240939,84.643099,4060903120.0,4040025450.0,3,2022,monthly,2.8,390.0,32.0,True,High or Medium confidence and within 2 km of a HydroRIVERS reach,True,1418.1888888888889,1462.2666666666667,3.1517340784767174,3.1650265800781807,40957297.0,834.0,67786.9,1236.027,21366900.0,596077.0,17286.8,0.008
WQS0263,BIHAR,Medium,25.297742,84.678992,4060903120.0,4040025450.0,9,2016,monthly,2.4,280.0,32.0,True,High or Medium confidence and within 2 km of a HydroRIVERS reach,True,701.1555555555556,100.80000000000001,2.8458143794857733,2.0034605321095067,40956061.0,189.0,67841.2,1236.706,21366900.0,596077.0,17277.3,0.008
WQS0264,BIHAR,Medium,24.671905,84.010068,4060903120.0,4040025450.0,9,2016,monthly,2.3,295.0,31.0,True,High or Medium confidence and within 2 km of a HydroRIVERS reach,True,884.1222222222223,4.1,2.946512306605328,0.6127838567197355,40992785.0,562.0,66259.9,1115.91,19905652.0,569637.0,17838.0,0.008
WQS0265,BIHAR,Medium,24.902403,84.2074,4060903120.0,4040025450.0,7,2017,monthly,2.5,268.0,31.0,True,High or Medium confidence and within 2 km of a HydroRIVERS reach,True,3489.6555555555556,215.97777777777776,3.542782562287571,2.33440906835014,40978724.0,671.0,23.8,0.333,292255.0,292255.0,877642.6,0.0
WQS0266,BIHAR,Medium,25.5753,84.798144,4060903120.0,4040025450.0,9,2016,monthly,2.4,311.0,32.0,True,High or Medium confidence and within 2 km of a HydroRIVERS reach,True,1516.7444444444445,6053.422222222222,3.1809124128782975,3.7820009667237486,40938090.0,157.0,68226.7,1241.671,21937114.0,718225.0,17667.4,0.008
WQS0267,BIHAR,Medium,25.045209,84.332819,4060903120.0,4040025450.0,9,2016,monthly,2.4,359.0,33.0,True,High or Medium confidence and within 2 km of a HydroRIVERS reach,True,997.3222222222222,4230.088888888889,2.9988354960491748,3.6263494935094025,40969751.0,602.0,67233.3,1228.901,20934377.0,806016.0,17035.0,0.008
WQS0268,BIHAR,Medium,24.902545,84.195807,4060903120.0,4040025450.0,6,2019,monthly,2.3,325.5,30.5,True,High or Medium confidence and within 2 km of a HydroRIVERS reach,True,3656.3111111111116,6893.5,3.5630431422287288,3.838439779925449,40978724.0,215.0,23.8,0.333,292255.0,292255.0,877642.6,0.0
WQS0269,BIHAR,Medium,24.887181,84.2106,4060903120.0,4040025450.0,6,2019,monthly,2.3,292.0,31.5,True,High or Medium confidence and within 2 km of a HydroRIVERS reach,True,3094.233333333333,218.6222222222222,3.490553060351781,2.3396943044479688,40979189.0,189.0,66986.5,1208.856,20478568.0,759724.0,16940.5,0.008
WQS0270,BIHAR,Medium,25.513517,85.292658,4060914420.0,4040025450.0,3,2022,monthly,2.8,462.0,31.0,True,High or Medium confidence and within 2 km of a HydroRIVERS reach,True,2537.5,7769.033333333334,3.4044060509212692,3.8903669848091327,40941749.0,2.0,8920.7,126.997,9377611.0,1814574.0,73841.2,0.013
WQS0271,BIHAR,Medium,26.148036,85.373764,4060909770.0,4040025450.0,9,2016,monthly,3.0,551.0,31.0,True,High or Medium confidence and within 2 km of a HydroRIVERS reach,True,10821.666666666666,9057.677777777779,4.034294152489112,3.95701686681921,40906265.0,326.0,8466.4,191.139,7826884.0,1869976.0,40948.6,0.129
WQS0272,BIHAR,Ambiguous / unresolved,,,,,1,2016,not reported,2.8,477.0,30.0,False,High or Medium confidence and within 2 km of a HydroRIVERS reach,False,,,,,,,,,,,,
WQS0273,CHHATTISGARH,Ambiguous / unresolved,,,,,9,2016,not reported,3.8,928.0,32.5,False,High or Medium confidence and within 2 km of a HydroRIVERS reach,False,,,,,,,,,,,,
WQS0274,CHHATTISGARH,Ambiguous / unresolved,,,,,1,2018,not reported,7.2,,26.0,False,High or Medium confidence and within 2 km of a HydroRIVERS reach,False,,,,,,,,,,,,
WQS0275,CHHATTISGARH,Ambiguous / unresolved,,,,,9,2016,not reported,1.2999999999999998,1326.0,26.05,False,High or Medium confidence and within 2 km of a HydroRIVERS reach,False,,,,,,,,,,,,
WQS0276,CHHATTISGARH,Ambiguous / unresolved,,,,,9,2016,not reported,3.0,388.0,34.0,False,High or Medium confidence and within 2 km of a HydroRIVERS reach,False,,,,,,,,,,,,
WQS0277,CHHATTISGARH,Ambiguous / unresolved,,,,,6,2016,not reported,3.7,221.0,27.0,False,High or Medium confidence and within 2 km of a HydroRIVERS reach,False,,,,,,,,,,,,
WQS0278,CHHATTISGARH,Ambiguous / unresolved,,,,,9,2016,not reported,2.8,220.0,28.0,False,High or Medium confidence and within 2 km of a HydroRIVERS reach,False,,,,,,,,,,,,
WQS0279,CHHATTISGARH,Ambiguous / unresolved,,,,,8,2016,not reported,2.7,491.0,29.0,False,High or Medium confidence and within 2 km of a HydroRIVERS reach,False,,,,,,,,,,,,
WQS0280,CHHATTISGARH,Ambiguous / unresolved,,,,,9,2016,not reported,4.2,616.5,29.5,False,High or Medium confidence and within 2 km of a HydroRIVERS reach,False,,,,,,,,,,,,
WQS0281,CHHATTISGARH,Ambiguous / unresolved,,,,,9,2016,not reported,7.2,648.0,31.0,False,High or Medium confidence and within 2 km of a HydroRIVERS reach,False,,,,,,,,,,,,
WQS0282,CHHATTISGARH,Ambiguous / unresolved,,,,,9,2016,not reported,2.9,482.0,30.0,False,High or Medium confidence and within 2 km of a HydroRIVERS reach,False,,,,,,,,,,,,
WQS0283,CHHATTISGARH,Ambiguous / unresolved,,,,,9,2016,not reported,2.8,484.0,30.0,False,High or Medium confidence and within 2 km of a HydroRIVERS reach,False,,,,,,,,,,,,
WQS0284,CHHATTISGARH,Ambiguous / unresolved,,,,,9,2016,not reported,2.7,221.0,28.0,False,High or Medium confidence and within 2 km of a HydroRIVERS reach,False,,,,,,,,,,,,
WQS0285,CHHATTISGARH,Ambiguous / unresolved,,,,,9,2016,not reported,2.7,402.0,36.0,False,High or Medium confidence and within 2 km of a HydroRIVERS reach,False,,,,,,,,,,,,
WQS0286,CHHATTISGARH,Ambiguous / unresolved,,,,,9,2016,not reported,2.6,378.0,28.0,False,High or Medium confidence and within 2 km of a HydroRIVERS reach,False,,,,,,,,,,,,
WQS0287,CHHATTISGARH,Ambiguous / unresolved,,,,,9,2016,not reported,3.25,393.0,33.0,False,High or Medium confidence and within 2 km of a HydroRIVERS reach,False,,,,,,,,,,,,
WQS0288,CHHATTISGARH,Ambiguous / unresolved,,,,,8,2016,not reported,2.8,358.0,29.0,False,High or Medium confidence and within 2 km of a HydroRIVERS reach,False,,,,,,,,,,,,
WQS0289,CHHATTISGARH,Ambiguous / unresolved,,,,,8,2016,not reported,2.9,500.0,31.0,False,High or Medium confidence and within 2 km of a HydroRIVERS reach,False,,,,,,,,,,,,
WQS0290,CHHATTISGARH,Ambiguous / unresolved,,,,,9,2016,not reported,1.8,1524.0,26.2,False,High or Medium confidence and within 2 km of a HydroRIVERS reach,False,,,,,,,,,,,,
WQS0291,CHHATTISGARH,Ambiguous / unresolved,,,,,8,2016,not reported,1.5,1442.0,26.299999999999997,False,High or Medium confidence and within 2 km of a HydroRIVERS reach,False,,,,,,,,,,,,
WQS0292,CHHATTISGARH,Ambiguous / unresolved,,,,,9,2016,not reported,2.4,1722.0,26.3,False,High or Medium confidence and within 2 km of a HydroRIVERS reach,False,,,,,,,,,,,,
WQS0293,CHHATTISGARH,Ambiguous / unresolved,,,,,9,2016,not reported,0.9,1565.0,26.3,False,High or Medium confidence and within 2 km of a HydroRIVERS reach,False,,,,,,,,,,,,
WQS0294,CHHATTISGARH,Ambiguous / unresolved,,,,,7,2016,not reported,2.0,,31.0,False,High or Medium confidence and within 2 km of a HydroRIVERS reach,False,,,,,,,,,,,,
WQS0295,CHHATTISGARH,Ambiguous / unresolved,,,,,8,2017,not reported,2.3499999999999996,,31.0,False,High or Medium confidence and within 2 km of a HydroRIVERS reach,False,,,,,,,,,,,,
WQS0296,CHHATTISGARH,Ambiguous / unresolved,,,,,3,2022,not reported,3.0,337.0,31.0,False,High or Medium confidence and within 2 km of a HydroRIVERS reach,False,,,,,,,,,,,,
WQS0297,CHHATTISGARH,Ambiguous / unresolved,,,,,9,2016,not reported,3.0,394.0,35.0,False,High or Medium confidence and within 2 km of a HydroRIVERS reach,False,,,,,,,,,,,,
WQS0298,CHHATTISGARH,Ambiguous / unresolved,,,,,9,2016,not reported,6.4,518.0,29.0,False,High or Medium confidence and within 2 km of a HydroRIVERS reach,False,,,,,,,,,,,,
WQS0299,CHHATTISGARH,Ambiguous / unresolved,,,,,8,2016,not reported,2.8,510.5,29.0,False,High or Medium confidence and within 2 km of a HydroRIVERS reach,False,,,,,,,,,,,,
WQS0300,CHHATTISGARH,Ambiguous / unresolved,,,,,8,2016,not reported,2.4,492.0,29.0,False,High or Medium confidence and within 2 km of a HydroRIVERS reach,False,,,,,,,,,,,,
WQS0301,CHHATTISGARH,Ambiguous / unresolved,,,,,9,2016,not reported,2.4,498.0,29.0,False,High or Medium confidence and within 2 km of a HydroRIVERS reach,False,,,,,,,,,,,,
WQS0302,CHHATTISGARH,Ambiguous / unresolved,,,,,9,2016,not reported,2.4,,31.0,False,High or Medium confidence and within 2 km of a HydroRIVERS reach,False,,,,,,,,,,,,
WQS0303,CHHATTISGARH,Ambiguous / unresolved,,,,,9,2016,not reported,2.8,2065.5,30.0,False,High or Medium confidence and within 2 km of a HydroRIVERS reach,False,,,,,,,,,,,,
WQS0304,DELHI,Ambiguous / unresolved,,,,,1,2016,not reported,49.0,1754.0,30.4,False,High or Medium confidence and within 2 km of a HydroRIVERS reach,False,,,,,,,,,,,,
WQS0305,DELHI,Ambiguous / unresolved,,,,,4,2021,not reported,48.5,,,False,High or Medium confidence and within 2 km of a HydroRIVERS reach,False,,,,,,,,,,,,
WQS0306,DELHI,Medium,28.62844,77.25616,4060816480.0,4040025450.0,4,2021,not reported,62.0,,,True,High or Medium confidence and within 2 km of a HydroRIVERS reach,True,21198.844444444447,7255.200000000001,4.326312188047662,3.8606493888894233,40751130.0,9.0,36950.3,277.248,37202487.0,18355363.0,134184.9,0.003
WQS0307,DELHI,Medium,28.533295,77.330724,4060816480.0,4040025450.0,9,2016,monthly,80.0,1793.0,33.0,True,High or Medium confidence and within 2 km of a HydroRIVERS reach,True,16988.655555555553,5056.511111111111,4.230159011128816,3.703850965890693,40756797.0,110.0,37225.2,276.628,41667687.0,16721180.0,150627.1,0.003
WQS0308,DELHI,Ambiguous / unresolved,,,,,1,2023,monthly,13.0,1172.0,16.0,False,High or Medium confidence and within 2 km of a HydroRIVERS reach,False,,,,,,,,,,,,
WQS0309,DELHI,Medium,28.862454,77.207282,4060806680.0,4040025450.0,4,2020,quarterly,13.5,1058.0,26.5,True,High or Medium confidence and within 2 km of a HydroRIVERS reach,True,918.2888888888889,80.30000000000001,2.9629793294727884,1.904715545278681,40738573.0,974.0,18043.4,239.281,8397232.0,2392551.0,35093.6,0.0
WQS0310,DELHI,Ambiguous / unresolved,,,,,6,2019,monthly,5.95,789.0,33.0,False,High or Medium confidence and within 2 km of a HydroRIVERS reach,False,,,,,,,,,,,,
WQS0311,DELHI,Medium,28.73409,77.23417,4060816480.0,4040025450.0,7,2016,not reported,9.0,1780.0,33.6,True,High or Medium confidence and within 2 km of a HydroRIVERS reach,True,15139.844444444445,752.088888888889,4.180121412993217,2.8762691726030374,40751130.0,606.0,36950.3,277.248,37202487.0,18355363.0,134184.9,0.003
WQS0312,DELHI,Medium,28.598582,77.263308,4060816480.0,4040025450.0,9,2016,monthly,48.0,2145.0,30.95,True,High or Medium confidence and within 2 km of a HydroRIVERS reach,True,19699.28888888889,4940.833333333333,4.294450549146077,3.693800204297339,40752122.0,345.0,36990.0,277.124,37202487.0,12570913.0,134244.9,0.003
WQS0313,DELHI,Medium,28.566967,77.294665,4060816480.0,4040025450.0,8,2017,monthly,49.0,1490.0,31.2,True,High or Medium confidence and within 2 km of a HydroRIVERS reach,True,19098.911111111112,12373.922222222223,4.281008607461533,4.092507381882312,40755559.0,63.0,37187.6,276.866,41667687.0,16844668.0,150497.7,0.003
WQS0314,GUJARAT,Medium,21.635384,73.064972,4060031610.0,4040029530.0,9,2016,not reported,2.8,1600.0,32.0,True,High or Medium confidence and within 2 km of a HydroRIVERS reach,True,1795.5777777777778,1946.988888888889,3.2542042218976888,3.289363473087565,41142404.0,4.0,319.5,4.929,191488.0,191488.0,38849.3,0.0
WQS0315,GUJARAT,Medium,21.461094,72.726327,4060031530.0,4040029530.0,9,2016,not reported,2.8,6115.0,31.0,True,High or Medium confidence and within 2 km of a HydroRIVERS reach,True,64.28888888888889,0.0,1.8081359198726392,-0.3010299956639812,41148373.0,74.0,1310.0,25.371,544235.0,342439.0,21451.1,0.0
WQS0316,GUJARAT,Medium,22.254744,72.982618,4060031730.0,4040029530.0,9,2016,monthly,1.65,9950.0,32.0,True,High or Medium confidence and within 2 km of a HydroRIVERS reach,True,928.1111111111111,374.7444444444444,2.967599971966533,2.57373520318808,41115894.0,164.0,33935.6,390.375,13055059.0,537365.0,33442.4,0.0
WQS0317,GUJARAT,Medium,22.81225,73.359778,4060031730.0,4040029530.0,9,2016,monthly,1.0,508.0,30.0,True,High or Medium confidence and within 2 km of a HydroRIVERS reach,True,638.9555555555556,944.6999999999999,2.8054706505711375,2.975293915356206,41089976.0,183.0,31407.9,363.207,11731426.0,667232.0,32299.6,0.0
WQS0318,GUJARAT,Medium,22.342339,73.054185,4060031730.0,4040029530.0,8,2016,monthly,2.6,1278.0,31.0,True,High or Medium confidence and within 2 km of a HydroRIVERS reach,True,874.8666666666667,1007.8888888888889,2.9419418697728856,3.003412657504166,41113342.0,212.0,33497.2,387.677,12733204.0,263386.0,32844.9,0.0
WQS0319,GUJARAT,Medium,22.342298,73.052575,4060031730.0,4040029530.0,9,2016,monthly,1.0,592.0,31.0,True,High or Medium confidence and within 2 km of a HydroRIVERS reach,True,876.7888888888889,989.4888888888888,2.942895037576404,2.9954109218154454,41113342.0,50.0,33497.2,387.677,12733204.0,263386.0,32844.9,0.0
WQS0320,GUJARAT,Medium,22.4405,73.073361,4060031730.0,4040029530.0,9,2016,monthly,1.0,569.0,30.0,True,High or Medium confidence and within 2 km of a HydroRIVERS reach,True,1132.4888888888888,979.4666666666667,3.054033949741898,2.9909896606175748,41107488.0,343.0,33386.5,386.62,12733204.0,469752.0,32934.7,0.0
WQS0321,GUJARAT,Medium,21.714997,73.042891,4060031610.0,4040029530.0,9,2016,not reported,1.0,589.0,30.0,True,High or Medium confidence and within 2 km of a HydroRIVERS reach,True,1945.5333333333333,2974.733333333333,3.289038676084873,3.4734480399628547,41140399.0,908.0,95728.1,1528.477,22881418.0,930760.0,14970.1,0.007
WQS0322,GUJARAT,Medium,22.846264,74.291789,4060971400.0,4040029530.0,9,2016,monthly,1.0,665.0,31.0,True,High or Medium confidence and within 2 km of a HydroRIVERS reach,True,1440.9666666666667,486.9555555555556,3.1586539345612703,2.687489324956333,41086811.0,267.0,542.9,6.737,390564.0,390564.0,57973.0,0.0
WQS0323,GUJARAT,Medium,21.832286,72.929571,4060031620.0,4040029530.0,1,2024,not reported,2.2,2511.0,34.0,True,High or Medium confidence and within 2 km of a HydroRIVERS reach,True,234.60000000000002,413.82222222222225,2.3703280077795106,2.61681380853695,41136568.0,201.0,304.8,2.597,135391.0,95540.0,52133.6,0.0
WQS0324,GUJARAT,Medium,21.784199,72.912815,4060031620.0,4040029530.0,1,2024,not reported,2.4,3091.0,36.0,True,High or Medium confidence and within 2 km of a HydroRIVERS reach,True,366.65555555555557,808.9888888888888,2.5642582698003125,2.907942556807104,41137172.0,577.0,374.9,3.184,135391.0,95540.0,42522.3,0.0
WQS0325,GUJARAT,Medium,21.795463,72.907146,4060031620.0,4040029530.0,1,2024,not reported,2.3,4739.0,34.0,True,High or Medium confidence and within 2 km of a HydroRIVERS reach,True,375.82222222222225,418.8333333333333,2.5749824561880073,2.6220412382089324,41137172.0,720.0,374.9,3.184,135391.0,95540.0,42522.3,0.0
WQS0326,GUJARAT,Medium,22.868749,72.627351,4060031820.0,4040031820.0,8,2016,not reported,131.5,2840.0,31.5,True,High or Medium confidence and within 2 km of a HydroRIVERS reach,True,938.7333333333333,919.5999999999999,2.9725422394336682,2.963598962597241,41089975.0,929.0,206.9,1.231,736146.0,736146.0,598006.5,0.0
WQS0327,GUJARAT,Medium,23.306304,73.824755,4060980000.0,4040029530.0,4,2021,yearly,1.9,375.0,25.75,True,High or Medium confidence and within 2 km of a HydroRIVERS reach,True,288.84444444444443,192.6222222222222,2.460664018855709,2.284706388872437,41064531.0,234.0,26056.1,300.477,9532727.0,998928.0,31725.3,0.0
WQS0328,GUJARAT,Medium,23.324822,73.9021,4060980000.0,4040029530.0,9,2016,monthly,1.0,469.0,31.0,True,High or Medium confidence and within 2 km of a HydroRIVERS reach,True,146.6,22.88888888888889,2.166133970305109,1.3596247109298285,41062818.0,420.0,754.6,9.617,428065.0,428065.0,44511.3,0.0
WQS0329,GUJARAT,Medium,22.460278,73.093889,4060031730.0,4040029530.0,4,2021,monthly,1.0,634.5,30.0,True,High or Medium confidence and within 2 km of a HydroRIVERS reach,True,1049.2444444444445,292.6666666666667,3.0208766783805405,2.46637326118644,41107488.0,435.0,33386.5,386.62,12733204.0,469752.0,32934.7,0.0
WQS0330,GUJARAT,Ambiguous / unresolved,,,,,1,2018,not reported,0.5,663.0,31.0,False,High or Medium confidence and within 2 km of a HydroRIVERS reach,False,,,,,,,,,,,,
WQS0331,GUJARAT,Medium,23.152072,73.551372,4060980000.0,4040029530.0,9,2016,monthly,1.0,465.0,30.0,True,High or Medium confidence and within 2 km of a HydroRIVERS reach,True,386.46666666666664,299.6,2.5871120413150903,2.4765418090274287,41071945.0,569.0,27253.8,314.791,9925636.0,384544.0,31530.9,0.0
WQS0332,GUJARAT,Medium,23.285842,73.831736,4060980000.0,4040029530.0,9,2016,monthly,1.0,476.0,31.0,True,High or Medium confidence and within 2 km of a HydroRIVERS reach,True,378.2888888888889,1119.1222222222223,2.577823585371227,3.0488775195382214,41064531.0,49.0,26056.1,300.477,9532727.0,998928.0,31725.3,0.0
WQS0333,GUJARAT,Ambiguous / unresolved,,,,,7,2016,not reported,1.6,824.0,27.0,False,High or Medium confidence and within 2 km of a HydroRIVERS reach,False,,,,,,,,,,,,
WQS0334,GUJARAT,Medium,21.665906,72.916681,4060031610.0,4040029530.0,9,2016,not reported,1.1,4320.0,30.0,True,High or Medium confidence and within 2 km of a HydroRIVERS reach,True,217.42222222222222,6.566666666666666,2.3373039302528853,0.8173449714419305,41141330.0,791.0,96002.1,1545.419,22993765.0,964351.0,14878.7,0.007
WQS0335,GUJARAT,Medium,21.983722,73.456331,4060031610.0,4040029530.0,9,2016,not reported,1.0,510.0,30.0,True,High or Medium confidence and within 2 km of a HydroRIVERS reach,True,293.93333333333334,1061.5777777777778,2.4682488397706415,3.025951818777348,41130640.0,894.0,92572.4,1479.737,21600009.0,504433.0,14597.2,0.007
WQS0336,GUJARAT,Medium,21.887833,73.645444,4060031610.0,4040029530.0,8,2016,not reported,1.0,404.5,31.5,True,High or Medium confidence and within 2 km of a HydroRIVERS reach,True,454.6666666666667,1164.5111111111112,2.657693115600798,3.0661436366845445,41132575.0,262.0,87647.6,1420.638,20202132.0,178567.0,14220.5,0.007
WQS0337,GUJARAT,Medium,21.862147,73.693991,4060031610.0,4040029530.0,4,2021,not reported,2.3,328.5,28.5,True,High or Medium confidence and within 2 km of a HydroRIVERS reach,True,468.03333333333336,806.4777777777778,2.6702767846279922,2.906592405052382,41133646.0,24.0,87464.9,1418.007,20112274.0,98656.0,14183.5,0.007
WQS0338,GUJARAT,Medium,21.950608,73.584697,4060031610.0,4040029530.0,9,2016,not reported,1.0,471.0,33.0,True,High or Medium confidence and within 2 km of a HydroRIVERS reach,True,209.75555555555556,831.6444444444445,2.3217134723144186,2.9199376906897343,41129859.0,146.0,88142.2,1427.759,20302809.0,250542.0,14220.1,0.007
WQS0339,GUJARAT,Medium,23.055164,73.716378,4060980270.0,4040029530.0,9,2016,monthly,1.0,477.0,30.0,True,High or Medium confidence and within 2 km of a HydroRIVERS reach,True,154.42222222222222,121.0,2.188709797904107,2.0827853703164503,41076132.0,52.0,2370.6,30.318,1022407.0,510132.0,33722.8,0.0
WQS0340,GUJARAT,Medium,22.721547,72.530103,4060031820.0,4040031820.0,9,2016,monthly,50.0,2788.0,30.0,True,High or Medium confidence and within 2 km of a HydroRIVERS reach,True,345.27777777777777,155.2,2.5381686278743576,2.1908917169221698,41094029.0,16.0,9057.5,25.009,4975333.0,2399403.0,198941.7,0.0
WQS0341,GUJARAT,Medium,22.915326,72.515828,4060031820.0,4040031820.0,4,2021,monthly,39.0,2712.0,32.0,True,High or Medium confidence and within 2 km of a HydroRIVERS reach,True,750.8777777777777,211.74444444444444,2.8755692515761266,2.325812024533922,41085331.0,270.0,8834.5,26.34,4836339.0,2625416.0,183612.0,0.0
WQS0342,GUJARAT,Medium,23.158286,72.673413,4060031820.0,4040031820.0,4,2021,monthly,1.7000000000000002,444.0,30.0,True,High or Medium confidence and within 2 km of a HydroRIVERS reach,True,1487.3666666666666,1937.3000000000002,3.1724180442988734,3.2871968784662298,41070994.0,121.0,8392.0,28.277,2575930.0,632891.0,91096.3,0.0
WQS0343,GUJARAT,Medium,24.004247,72.854736,4060031820.0,4040031820.0,6,2019,monthly,1.3,548.0,32.0,True,High or Medium confidence and within 2 km of a HydroRIVERS reach,True,162.02222222222224,289.0888888888889,2.2095745844600008,2.461031399913564,41028954.0,36.0,5295.4,28.344,889025.0,484144.0,31365.5,0.0
WQS0344,GUJARAT,Medium,23.245906,72.68218,4060031820.0,4040031820.0,8,2016,monthly,2.5,404.5,30.0,True,High or Medium confidence and within 2 km of a HydroRIVERS reach,True,2894.9333333333334,1889.611111111111,3.4616385669239618,3.276372433973957,41070994.0,80.0,8392.0,28.277,2575930.0,632891.0,91096.3,0.0
WQS0345,GUJARAT,Medium,23.090926,72.629239,4060031820.0,4040031820.0,9,2016,monthly,2.5,436.0,30.0,True,High or Medium confidence and within 2 km of a HydroRIVERS reach,True,6179.866666666667,5558.4,3.790979105096002,3.7449497967670045,41074175.0,307.0,8534.4,27.265,3362782.0,1346835.0,123337.0,0.0
WQS0346,GUJARAT,Medium,24.22986,73.005317,4060031820.0,4040031820.0,8,2016,monthly,1.85,921.5,27.0,True,High or Medium confidence and within 2 km of a HydroRIVERS reach,True,342.06666666666666,943.7666666666667,2.5341107555997033,2.9748646342292466,41016796.0,34.0,3423.4,13.076,426660.0,195969.0,32629.2,0.0
WQS0347,GUJARAT,Medium,24.229932,73.005797,4060031820.0,4040031820.0,3,2022,yearly,1.7,593.0,22.0,True,High or Medium confidence and within 2 km of a HydroRIVERS reach,True,339.44444444444446,936.2888888888889,2.530768705139248,2.9714098695637032,41016796.0,63.0,3423.4,13.076,426660.0,195969.0,32629.2,0.0
WQS0348,GUJARAT,Medium,23.496903,72.796265,4060031820.0,4040031820.0,8,2016,monthly,2.1,494.5,29.5,True,High or Medium confidence and within 2 km of a HydroRIVERS reach,True,376.7888888888889,332.2888888888889,2.5760980874186314,2.5215158195365497,41053312.0,199.0,7945.1,32.699,2015947.0,685458.0,61651.6,0.0
WQS0349,GUJARAT,Medium,23.06353,72.589064,4060031820.0,4040031820.0,9,2016,monthly,14.0,590.0,30.0,True,High or Medium confidence and within 2 km of a HydroRIVERS reach,True,9495.444444444445,8222.044444444446,3.9775152971670242,3.9149798200391746,41076127.0,39.0,8569.1,26.773,3362782.0,1346835.0,125603.5,0.0
WQS0350,GUJARAT,Medium,23.031314,72.575114,4060031820.0,4040031820.0,9,2016,monthly,66.0,3124.0,32.0,True,High or Medium confidence and within 2 km of a HydroRIVERS reach,True,10801.511111111111,10162.011111111111,4.033484516719327,4.006979665430762,41079551.0,221.0,8634.3,26.214,4469290.0,2366539.0,170492.5,0.0
WQS0351,GUJARAT,Medium,22.739321,72.679059,4060031820.0,4040031820.0,8,2016,not reported,6.3999999999999995,2815.5,34.0,True,High or Medium confidence and within 2 km of a HydroRIVERS reach,True,984.9222222222221,1376.1666666666667,2.99340193629113,3.1386710342122686,41093595.0,165.0,8194.5,55.288,4048479.0,1214903.0,73225.3,0.0
WQS0352,GUJARAT,Medium,21.479147,74.194227,4060031520.0,4040029530.0,4,2021,not reported,1.7,465.0,23.0,True,High or Medium confidence and within 2 km of a HydroRIVERS reach,True,283.5111111111111,2032.4666666666667,2.452570084039098,3.308023431706972,41153010.0,498.0,83.6,0.688,110015.0,110015.0,159905.5,0.0
WQS0353,GUJARAT,Medium,21.247908,73.301033,4060031520.0,4040029530.0,9,2016,not reported,1.4,600.0,30.0,True,High or Medium confidence and within 2 km of a HydroRIVERS reach,True,656.7777777777778,2815.1777777777775,2.8174184499095625,3.4495058256420763,41155524.0,231.0,63068.8,457.126,18528147.0,303095.0,40531.8,0.008
WQS0354,GUJARAT,Medium,21.2855,72.935483,4060031520.0,4040029530.0,9,2016,not reported,1.6,678.0,30.0,True,High or Medium confidence and within 2 km of a HydroRIVERS reach,True,1761.0666666666666,2300.011111111111,3.245775796863037,3.3617299340535003,41154349.0,9.0,64016.8,513.462,18900965.0,379606.0,36810.8,0.008
WQS0355,GUJARAT,Medium,22.982611,72.543139,4060031820.0,4040031820.0,9,2016,monthly,147.0,2671.0,30.0,True,High or Medium confidence and within 2 km of a HydroRIVERS reach,True,6194.977777777778,1577.9444444444443,3.792039752841897,3.1980917086985303,41080837.0,162.0,8679.0,26.449,4469290.0,2366539.0,168977.7,0.0
WQS0356,GUJARAT,Medium,24.004528,72.853278,4060031820.0,4040031820.0,9,2016,monthly,1.55,558.0,30.0,True,High or Medium confidence and within 2 km of a HydroRIVERS reach,True,159.7,276.4777777777778,2.203304916138483,2.4416602301205326,41028954.0,92.0,5295.4,28.344,889025.0,484144.0,31365.5,0.0
WQS0357,GUJARAT,Ambiguous / unresolved,,,,,9,2016,not reported,1.6,755.0,30.0,False,High or Medium confidence and within 2 km of a HydroRIVERS reach,False,,,,,,,,,,,,
WQS0358,GUJARAT,Medium,21.194545,72.811552,4060031520.0,4040029530.0,9,2016,not reported,1.6,933.0,31.0,True,High or Medium confidence and within 2 km of a HydroRIVERS reach,True,10113.3,8380.988888888889,4.004892890303239,3.923295264889194,41157586.0,25.0,64225.5,536.968,20014692.0,1335207.0,37273.5,0.008
WQS0359,GUJARAT,Medium,21.259844,73.565783,4060031520.0,4040029530.0,9,2016,not reported,1.75,985.0,32.0,True,High or Medium confidence and within 2 km of a HydroRIVERS reach,True,371.27777777777777,340.44444444444446,2.569698956020387,2.5320462515212414,41154998.0,550.0,62517.9,424.676,18385995.0,550212.0,43294.2,0.008
WQS0360,GUJARAT,Medium,21.148919,72.743684,4060031520.0,4040029530.0,9,2016,not reported,2.8,50380.0,32.0,True,High or Medium confidence and within 2 km of a HydroRIVERS reach,True,2551.4777777777776,1513.9,3.4067917901753972,3.180097188980094,41158619.0,230.0,64283.5,541.682,20014692.0,1242314.0,36949.2,0.008
WQS0361,GUJARAT,Medium,21.221618,73.170007,4060031520.0,4040029530.0,9,2016,not reported,1.25,535.0,30.0,True,High or Medium confidence and within 2 km of a HydroRIVERS reach,True,389.35555555555555,384.79999999999995,2.5903463758471363,2.5852350633657752,41156093.0,594.0,63609.9,482.049,18738146.0,479833.0,38871.9,0.008
WQS0362,GUJARAT,Ambiguous / unresolved,,,,,1,2016,not reported,20.0,1441.0,30.0,False,High or Medium confidence and within 2 km of a HydroRIVERS reach,False,,,,,,,,,,,,
WQS0363,GUJARAT,Medium,22.255227,73.165754,4060031620.0,4040029530.0,1,2016,not reported,6.0,555.0,30.0,True,High or Medium confidence and within 2 km of a HydroRIVERS reach,True,5059.811111111111,2394.4333333333334,3.704134304402384,3.3792027497651307,41118037.0,146.0,638.6,7.036,951540.0,951540.0,135238.8,0.0
WQS0364,HARYANA,Medium,30.120771,77.394978,4060806680.0,4040025450.0,4,2020,quarterly,2.95,360.0,27.0,True,High or Medium confidence and within 2 km of a HydroRIVERS reach,True,383.77777777777777,408.4,2.584079823792115,2.6110857334148725,40679730.0,279.0,569.0,7.344,166144.0,166144.0,22623.1,0.0
WQS0365,HARYANA,Medium,27.954647,77.537365,4060855310.0,4040025450.0,4,2020,quarterly,31.0,1603.0,31.0,True,High or Medium confidence and within 2 km of a HydroRIVERS reach,True,438.9,59.25555555555555,2.6423655808449733,1.7727290742435518,40795316.0,959.0,44534.0,304.253,58171844.0,415795.0,191195.6,0.003
WQS0366,HARYANA,Medium,30.315098,77.583348,4060806680.0,4040025450.0,7,2016,quarterly,2.3,379.0,21.0,True,High or Medium confidence and within 2 km of a HydroRIVERS reach,True,812.7666666666667,1217.7777777777778,2.9099658839413425,3.0855680447090257,40672207.0,196.0,11373.0,209.375,2007719.0,878898.0,9589.1,0.0
WQS0367,HARYANA,Medium,30.314987,77.583328,4060806680.0,4040025450.0,6,2019,monthly,4.4,516.0,29.0,True,High or Medium confidence and within 2 km of a HydroRIVERS reach,True,813.5555555555555,1206.0777777777778,2.9103872151061876,3.081375315574053,40672207.0,198.0,11373.0,209.375,2007719.0,878898.0,9589.1,0.0
WQS0368,HARYANA,Medium,30.069997,77.355057,4060806680.0,4040025450.0,9,2016,monthly,4.2,436.0,25.0,True,High or Medium confidence and within 2 km of a HydroRIVERS reach,True,602.5444444444444,291.7111111111111,2.7799890865416557,2.4649529714677803,40682612.0,124.0,12737.2,229.68,2596938.0,737819.0,11306.8,0.0
WQS0369,HARYANA,Medium,29.260009,77.130143,4060806680.0,4040025450.0,8,2017,monthly,15.0,908.0,26.0,True,High or Medium confidence and within 2 km of a HydroRIVERS reach,True,463.76666666666665,73.96666666666667,2.666299530410274,1.869036047512346,40718040.0,106.0,16511.1,238.858,6138453.0,1587188.0,25699.2,0.0
WQS0370,HARYANA,Medium,29.59746,77.105556,4060806680.0,4040025450.0,4,2021,monthly,6.550000000000001,452.0,32.0,True,High or Medium confidence and within 2 km of a HydroRIVERS reach,True,447.0444444444445,495.85555555555555,2.6503507021419046,2.6953551834232266,40702882.0,464.0,13681.1,228.359,3258019.0,480267.0,14267.1,0.0
WQS0371,HARYANA,Medium,28.21916,77.459387,4060855310.0,4040025450.0,4,2020,quarterly,42.5,1802.0,30.0,True,High or Medium confidence and within 2 km of a HydroRIVERS reach,True,404.7111111111111,254.34444444444443,2.6071451278608087,2.405422255930527,40779260.0,99.0,43952.5,304.201,57802948.0,6108548.0,190015.6,0.003
WQS0372,HARYANA,Medium,28.861862,77.207316,4060806680.0,4040025450.0,4,2020,monthly,5.199999999999999,958.5,35.0,True,High or Medium confidence and within 2 km of a HydroRIVERS reach,True,928.2444444444445,85.06666666666666,2.9676623586476265,1.9297594153294622,40738573.0,928.0,18043.4,239.281,8397232.0,2392551.0,35093.6,0.0
WQS0373,HARYANA,Medium,29.383776,77.154398,4060806680.0,4040025450.0,4,2020,quarterly,7.7,402.5,29.0,True,High or Medium confidence and within 2 km of a HydroRIVERS reach,True,965.0444444444444,1173.3666666666666,2.9845473149318726,3.069433746494635,40711978.0,645.0,15994.0,238.345,5356205.0,1287992.0,22472.5,0.0
WQS0374,HARYANA,Medium,29.002116,77.023752,4060806680.0,4040025450.0,9,2016,monthly,6.0,683.0,26.0,True,High or Medium confidence and within 2 km of a HydroRIVERS reach,True,3737.6111111111113,11280.177777777779,3.572594112161963,4.052315944266073,40730508.0,1156.0,139.0,0.032,276169.0,276169.0,8630281.2,0.0
WQS0375,HARYANA,Medium,28.943495,77.20329,4060806680.0,4040025450.0,4,2020,quarterly,10.0,772.0,26.5,True,High or Medium confidence and within 2 km of a HydroRIVERS reach,True,1397.1999999999998,1244.3777777777777,3.145258576965609,3.094952246831828,40734555.0,232.0,17736.2,239.424,7300169.0,1477870.0,30490.5,0.0
WQS0376,HIMACHAL PRADESH,Ambiguous / unresolved,,,,,3,2019,not reported,1.0,418.0,23.0,False,High or Medium confidence and within 2 km of a HydroRIVERS reach,False,,,,,,,,,,,,
WQS0377,HIMACHAL PRADESH,Medium,30.892361,77.210569,4060806680.0,4040025450.0,8,2016,monthly,1.9,658.5,19.0,True,High or Medium confidence and within 2 km of a HydroRIVERS reach,True,207.27777777777777,434.1111111111111,2.316552743937523,2.6376009017854596,40649928.0,509.0,1373.5,20.556,272103.0,272103.0,13237.2,0.0
WQS0378,HIMACHAL PRADESH,Medium,31.027695,77.176476,4060806680.0,4040025450.0,3,2022,monthly,7.0,708.0,25.0,True,High or Medium confidence and within 2 km of a HydroRIVERS reach,True,232.76666666666668,164.45555555555555,2.3669207873213542,2.2160485491860684,40645345.0,982.0,116.4,1.427,61569.0,61569.0,43145.8,0.0
WQS0379,HIMACHAL PRADESH,Medium,30.993175,77.158821,4060806680.0,4040025450.0,3,2022,monthly,2.2,786.0,18.0,True,High or Medium confidence and within 2 km of a HydroRIVERS reach,True,182.65555555555557,463.09999999999997,2.2616328860219506,2.665674780993893,40645921.0,73.0,143.3,1.76,92490.0,92490.0,52551.1,0.0
WQS0380,HIMACHAL PRADESH,Medium,30.993685,77.160996,4060806680.0,4040025450.0,6,2019,monthly,2.3,702.5,19.5,True,High or Medium confidence and within 2 km of a HydroRIVERS reach,True,181.34444444444443,406.7888888888889,2.2585042553447465,2.6093690820084627,40645921.0,46.0,143.3,1.76,92490.0,92490.0,52551.1,0.0
WQS0381,HIMACHAL PRADESH,Medium,32.005553,76.156208,4060729700.0,4040033640.0,6,2019,monthly,1.0,210.0,20.0,True,High or Medium confidence and within 2 km of a HydroRIVERS reach,True,275.5111111111111,929.1111111111111,2.4401391182402112,2.968067653775071,40611964.0,4.0,706.2,27.795,403569.0,403569.0,14519.5,0.0
WQS0382,HIMACHAL PRADESH,Medium,32.022035,76.228191,4060729700.0,4040033640.0,6,2019,monthly,1.0,203.5,20.0,True,High or Medium confidence and within 2 km of a HydroRIVERS reach,True,359.3888888888889,646.7777777777778,2.5555646460371824,2.8107550898455558,40611100.0,155.0,618.4,24.546,403569.0,403569.0,16441.3,0.0
WQS0383,HIMACHAL PRADESH,Medium,32.23446,76.31869,4060729700.0,4040033640.0,2,2023,not reported,1.45,246.5,18.5,True,High or Medium confidence and within 2 km of a HydroRIVERS reach,True,878.1222222222223,1391.788888888889,2.943554967776811,3.14357336505632,40605250.0,233.0,17.3,0.709,70312.0,70312.0,99170.7,0.0
WQS0384,HIMACHAL PRADESH,Ambiguous / unresolved,,,,,1,2020,not reported,,110.0,11.0,False,High or Medium confidence and within 2 km of a HydroRIVERS reach,False,,,,,,,,,,,,
WQS0385,HIMACHAL PRADESH,Medium,31.389297,78.353714,4060729890.0,4040033640.0,9,2016,monthly,1.0,478.0,12.5,True,High or Medium confidence and within 2 km of a HydroRIVERS reach,True,10.522222222222222,44.68888888888889,1.0221074695639485,1.6501995568213983,40631848.0,512.0,786.2,11.163,1397.0,1397.0,125.1,0.0
WQS0386,HIMACHAL PRADESH,Ambiguous / unresolved,,,,,3,2022,monthly,1.1,267.0,16.0,False,High or Medium confidence and within 2 km of a HydroRIVERS reach,False,,,,,,,,,,,,
WQS0387,HIMACHAL PRADESH,Medium,30.455225,77.584234,4060806680.0,4040025450.0,8,2016,monthly,1.65,583.5,24.5,True,High or Medium confidence and within 2 km of a HydroRIVERS reach,True,993.3888888888889,666.9777777777778,2.9971192980779384,2.824111364427404,40666743.0,362.0,255.6,4.103,86186.0,86186.0,21005.6,0.0
WQS0388,HIMACHAL PRADESH,Medium,31.740194,77.207533,4060729700.0,4040033640.0,9,2016,monthly,1.0,141.0,16.0,True,High or Medium confidence and within 2 km of a HydroRIVERS reach,True,265.2111111111111,223.84444444444443,2.4235917150312236,2.349946320175518,40620985.0,120.0,3532.4,126.083,310291.0,255397.0,2461.0,0.0
WQS0389,HIMACHAL PRADESH,Medium,31.880753,76.614514,4060729700.0,4040033640.0,9,2016,monthly,1.0,392.0,20.0,True,High or Medium confidence and within 2 km of a HydroRIVERS reach,True,372.1333333333333,156.63333333333333,2.570698573096931,2.194884190303289,40615421.0,340.0,4.0,0.124,1350424.0,33241.0,10890516.1,0.0
WQS0390,HIMACHAL PRADESH,Medium,31.963639,77.116392,4060729700.0,4040033640.0,9,2016,monthly,1.0,166.0,16.0,True,High or Medium confidence and within 2 km of a HydroRIVERS reach,True,665.7333333333333,3470.2444444444445,2.8233003026634096,3.5403600676249583,40613969.0,392.0,1346.8,47.808,199535.0,199535.0,4173.7,0.0
WQS0391,HIMACHAL PRADESH,Medium,32.263247,77.185664,4060729700.0,4040033640.0,9,2016,monthly,1.0,162.0,14.0,True,High or Medium confidence and within 2 km of a HydroRIVERS reach,True,411.1333333333334,833.0111111111112,2.6139826893706237,2.9206507942784095,40604025.0,312.0,351.2,13.023,30947.0,30947.0,2376.3,0.0
WQS0392,HIMACHAL PRADESH,Medium,31.712408,76.933089,4060729700.0,4040033640.0,9,2016,monthly,1.0,327.0,25.0,True,High or Medium confidence and within 2 km of a HydroRIVERS reach,True,646.6666666666666,3381.3222222222225,2.8106804752105634,3.5290865587175895,40621132.0,295.0,6918.9,218.034,920111.0,633198.0,4220.0,0.0
WQS0393,HIMACHAL PRADESH,Medium,31.686472,77.045619,4060729700.0,4040033640.0,9,2016,monthly,0.7,202.0,24.0,True,High or Medium confidence and within 2 km of a HydroRIVERS reach,True,332.15555555555557,1029.4666666666667,2.521341520745487,3.0126122890627474,40622414.0,89.0,5638.7,180.994,516618.0,361173.0,2854.3,0.0
WQS0394,HIMACHAL PRADESH,Low,31.422647,76.812947,4060729890.0,4040033640.0,9,2016,monthly,1.0,292.0,25.0,False,High or Medium confidence and within 2 km of a HydroRIVERS reach,True,634.6666666666666,801.2444444444444,2.802545689328793,2.9037650312875773,40631055.0,30.0,50076.0,719.692,657582.0,217190.0,913.7,0.728
WQS0395,HIMACHAL PRADESH,Medium,31.958136,77.115783,4060729700.0,4040033640.0,9,2016,monthly,0.7,152.0,16.0,True,High or Medium confidence and within 2 km of a HydroRIVERS reach,True,680.0111111111112,4002.0444444444447,2.8325160089633243,3.6022819073561134,40613969.0,112.0,1346.8,47.808,199535.0,199535.0,4173.7,0.0
WQS0396,HIMACHAL PRADESH,Medium,31.669367,77.064236,4060729700.0,4040033640.0,7,2017,monthly,1.0,188.0,23.0,True,High or Medium confidence and within 2 km of a HydroRIVERS reach,True,369.4555555555555,772.3888888888889,2.5675622014915667,2.8878360176592066,40622554.0,752.0,5583.0,179.543,516618.0,408090.0,2877.4,0.0
WQS0397,HIMACHAL PRADESH,Medium,31.705853,76.934903,4060729700.0,4040033640.0,9,2016,monthly,0.6,190.0,24.0,True,High or Medium confidence and within 2 km of a HydroRIVERS reach,True,653.5777777777778,4065.3444444444444,2.8152972773790776,3.6090973479581794,40621411.0,362.0,6893.9,216.922,920111.0,655978.0,4241.7,0.0
WQS0398,HIMACHAL PRADESH,Medium,32.052972,76.649286,4060729700.0,4040033640.0,9,2016,monthly,0.9,237.0,20.0,True,High or Medium confidence and within 2 km of a HydroRIVERS reach,True,864.5555555555555,2409.4555555555553,2.936792905875986,3.3819189197822808,40610135.0,331.0,176.2,5.813,105832.0,105832.0,18206.1,0.0
WQS0399,HIMACHAL PRADESH,Medium,32.2871,75.76696,4060729700.0,4040033640.0,2,2023,not reported,1.15,398.0,15.5,True,High or Medium confidence and within 2 km of a HydroRIVERS reach,True,822.1888888888889,1086.822222222222,2.9149716034017024,3.036158509843221,40602122.0,638.0,653.8,16.894,344111.0,344111.0,20368.8,0.0
WQS0400,HIMACHAL PRADESH,Medium,32.221173,76.329502,4060729700.0,4040033640.0,6,2019,monthly,1.0,212.5,18.5,True,High or Medium confidence and within 2 km of a HydroRIVERS reach,True,1177.4222222222222,3099.2555555555555,3.070932228263488,3.4912573883695397,40605668.0,163.0,16.9,0.701,163663.0,163663.0,233470.8,0.0
WQS0401,HIMACHAL PRADESH,Ambiguous / unresolved,,,,,2,2019,not reported,39.5,5870.5,27.5,False,High or Medium confidence and within 2 km of a HydroRIVERS reach,False,,,,,,,,,,,,
WQS0402,HIMACHAL PRADESH,Medium,31.52808,76.161891,4060729890.0,4040033640.0,6,2019,monthly,1.2,530.5,30.0,True,High or Medium confidence and within 2 km of a HydroRIVERS reach,True,585.2777777777778,882.7111111111111,2.767362034840813,2.9458185932961554,40627843.0,566.0,23.8,0.367,386473.0,96921.0,1053059.9,0.0
WQS0403,HIMACHAL PRADESH,Medium,32.217077,76.307192,4060729700.0,4040033640.0,3,2022,monthly,1.45,214.0,16.0,True,High or Medium confidence and within 2 km of a HydroRIVERS reach,True,1102.388888888889,1166.8333333333333,3.0423348272789337,3.0670088272683023,40605250.0,110.0,17.3,0.709,70312.0,70312.0,99170.7,0.0
WQS0404,HIMACHAL PRADESH,Medium,30.882006,77.211344,4060806680.0,4040025450.0,8,2016,monthly,2.6,692.0,19.0,True,High or Medium confidence and within 2 km of a HydroRIVERS reach,True,217.03333333333333,413.7444444444444,2.3365264406272344,2.6167321753316415,40652316.0,620.0,1565.0,23.305,336858.0,299709.0,14454.3,0.0
WQS0405,HIMACHAL PRADESH,Medium,30.522537,77.667622,4060806680.0,4040025450.0,8,2016,monthly,1.4500000000000002,1049.0,27.0,True,High or Medium confidence and within 2 km of a HydroRIVERS reach,True,322.55555555555554,662.0555555555555,2.508604526392349,2.8208944342416267,40664092.0,502.0,2580.4,40.63,440980.0,95737.0,10853.6,0.0
WQS0406,HIMACHAL PRADESH,Medium,30.552658,77.643922,4060806680.0,4040025450.0,8,2016,monthly,1.5,1013.5,27.0,True,High or Medium confidence and within 2 km of a HydroRIVERS reach,True,168.52222222222224,892.8888888888889,2.2266571773269055,2.9507974186368866,40662883.0,931.0,2560.8,40.276,440980.0,121588.0,10949.0,0.0
WQS0407,HIMACHAL PRADESH,Ambiguous / unresolved,,,,,3,2019,not reported,1.0,623.0,21.0,False,High or Medium confidence and within 2 km of a HydroRIVERS reach,False,,,,,,,,,,,,
WQS0408,HIMACHAL PRADESH,Ambiguous / unresolved,,,,,3,2019,not reported,1.6,415.0,19.0,False,High or Medium confidence and within 2 km of a HydroRIVERS reach,False,,,,,,,,,,,,
WQS0409,HIMACHAL PRADESH,Ambiguous / unresolved,,,,,6,2016,not reported,0.30000000000000004,281.0,16.0,False,High or Medium confidence and within 2 km of a HydroRIVERS reach,False,,,,,,,,,,,,
WQS0410,HIMACHAL PRADESH,Ambiguous / unresolved,,,,,2,2020,not reported,1.0,261.0,11.5,False,High or Medium confidence and within 2 km of a HydroRIVERS reach,False,,,,,,,,,,,,
WQS0411,HIMACHAL PRADESH,Medium,32.156344,76.267619,4060729700.0,4040033640.0,6,2019,monthly,1.0,248.5,19.5,True,High or Medium confidence and within 2 km of a HydroRIVERS reach,True,1057.9888888888888,1813.1,3.024481106716575,3.2584217579016372,40607045.0,87.0,83.5,3.465,163663.0,163663.0,47233.2,0.0
WQS0412,HIMACHAL PRADESH,Medium,32.214684,76.354446,4060729700.0,4040033640.0,6,2019,monthly,1.0,229.0,18.5,True,High or Medium confidence and within 2 km of a HydroRIVERS reach,True,1251.8666666666666,1458.2333333333333,3.0975580756679233,3.163827021424543,40605669.0,136.0,42.7,1.769,163663.0,163663.0,92517.2,0.0
WQS0413,HIMACHAL PRADESH,Medium,32.125412,76.544342,4060729700.0,4040033640.0,6,2019,monthly,1.0,231.5,20.5,True,High or Medium confidence and within 2 km of a HydroRIVERS reach,True,977.4777777777776,1750.6444444444444,2.9901068928216743,3.2431979499123225,40607576.0,1052.0,77.6,2.789,55766.0,55766.0,19995.0,0.0
WQS0414,HIMACHAL PRADESH,Medium,32.129837,76.545715,4060729700.0,4040033640.0,6,2019,monthly,1.0,258.0,20.5,True,High or Medium confidence and within 2 km of a HydroRIVERS reach,True,889.4222222222222,1325.288888888889,2.949107976100009,3.122310556895486,40607576.0,975.0,77.6,2.789,55766.0,55766.0,19995.0,0.0
WQS0415,HIMACHAL PRADESH,Medium,31.908625,76.466739,4060729700.0,4040033640.0,9,2016,monthly,1.0,284.0,20.0,True,High or Medium confidence and within 2 km of a HydroRIVERS reach,True,316.1333333333333,519.0555555555555,2.4998702905864882,2.715213843744344,40615417.0,26.0,287.4,10.379,220382.0,220382.0,21233.5,0.0
WQS0416,HIMACHAL PRADESH,Ambiguous / unresolved,,,,,3,2022,monthly,1.35,408.0,18.0,False,High or Medium confidence and within 2 km of a HydroRIVERS reach,False,,,,,,,,,,,,
WQS0417,HIMACHAL PRADESH,Medium,32.019789,77.331117,4060729700.0,4040033640.0,9,2016,monthly,0.6,103.0,12.0,True,High or Medium confidence and within 2 km of a HydroRIVERS reach,True,52.98888888888889,78.37777777777778,1.7241848129945423,1.894192945892146,40611109.0,83.0,1309.8,50.079,8790.0,8790.0,175.5,0.0
WQS0418,HIMACHAL PRADESH,Medium,32.027531,77.348536,4060729700.0,4040033640.0,9,2016,monthly,0.6,121.0,15.0,True,High or Medium confidence and within 2 km of a HydroRIVERS reach,True,47.02222222222222,160.8111111111111,1.6723031495878045,2.206316052668233,40611109.0,49.0,1309.8,50.079,8790.0,8790.0,175.5,0.0
WQS0419,HIMACHAL PRADESH,Medium,31.896167,77.147692,4060729700.0,4040033640.0,9,2016,monthly,0.6,201.0,15.0,True,High or Medium confidence and within 2 km of a HydroRIVERS reach,True,776.1666666666666,2097.988888888889,2.8899549875490878,3.321803183806528,40615423.0,188.0,1761.0,65.578,31747.0,31368.0,484.1,0.0
WQS0420,HIMACHAL PRADESH,Medium,32.6083,76.013308,4060746720.0,4040033640.0,9,2016,monthly,0.75,325.0,16.0,True,High or Medium confidence and within 2 km of a HydroRIVERS reach,True,212.91111111111113,95.72222222222223,2.328198326390545,1.9810127723447224,40591673.0,60.0,3243.1,112.654,132240.0,115034.0,1173.9,0.12
WQS0421,HIMACHAL PRADESH,Medium,32.57045,76.119792,4060746720.0,4040033640.0,9,2016,monthly,1.0,328.0,15.0,True,High or Medium confidence and within 2 km of a HydroRIVERS reach,True,521.5222222222222,1148.0444444444445,2.7172728185782122,3.0599587013052894,40592873.0,97.0,3140.3,111.396,132240.0,124368.0,1187.1,0.12
WQS0422,HIMACHAL PRADESH,Medium,32.555144,76.121039,4060746720.0,4040033640.0,8,2016,monthly,1.0,266.0,16.0,True,High or Medium confidence and within 2 km of a HydroRIVERS reach,True,513.1333333333333,2430.488888888889,2.7102302275037986,3.3856936400144395,40593113.0,618.0,3118.3,111.195,132240.0,126204.0,1189.3,0.12
WQS0423,HIMACHAL PRADESH,Medium,31.9513,77.141019,4060729700.0,4040033640.0,5,2019,monthly,1.0,3128.0,19.0,False,High or Medium confidence and within 2 km of a HydroRIVERS reach,True,700.8888888888889,265.64444444444445,2.8456491752175403,2.424300737722319,,,,,,,,
WQS0424,HIMACHAL PRADESH,Ambiguous / unresolved,,,,,2,2023,not reported,1.0,136.0,15.2,False,High or Medium confidence and within 2 km of a HydroRIVERS reach,False,,,,,,,,,,,,
WQS0425,HIMACHAL PRADESH,Ambiguous / unresolved,,,,,3,2022,monthly,20.0,1249.0,29.0,False,High or Medium confidence and within 2 km of a HydroRIVERS reach,False,,,,,,,,,,,,
WQS0426,HIMACHAL PRADESH,Medium,30.429819,77.578623,4060806680.0,4040025450.0,8,2016,monthly,1.9,575.5,24.5,True,High or Medium confidence and within 2 km of a HydroRIVERS reach,True,785.8111111111111,1790.211111111111,2.895318165300587,3.2529042482896466,40669251.0,795.0,11258.1,206.087,2007719.0,1085306.0,9742.1,0.0
WQS0427,HIMACHAL PRADESH,Medium,31.83865,76.505144,4060729700.0,4040033640.0,9,2016,monthly,1.0,402.0,21.0,True,High or Medium confidence and within 2 km of a HydroRIVERS reach,True,458.3333333333333,1720.1222222222223,2.661181443446619,3.2355593065301265,40617287.0,305.0,8995.4,289.735,1694371.0,754829.0,5848.0,0.0
WQS0428,HIMACHAL PRADESH,Medium,31.878094,76.203311,4060729700.0,4040033640.0,8,2017,monthly,1.0,416.0,23.5,True,High or Medium confidence and within 2 km of a HydroRIVERS reach,True,562.3888888888889,169.83333333333334,2.7500367317452103,2.2300229336227826,40615573.0,613.0,10273.0,328.1,2293270.0,639772.0,6989.5,0.0
WQS0429,HIMACHAL PRADESH,Medium,31.935022,76.053444,4060729700.0,4040033640.0,9,2016,monthly,0.75,274.0,20.0,True,High or Medium confidence and within 2 km of a HydroRIVERS reach,True,180.16666666666666,388.5,2.2556744435696667,2.5893910231369333,40615005.0,366.0,19.9,0.504,2709227.0,12387.0,5375450.4,0.0
WQS0430,HIMACHAL PRADESH,Medium,31.6953,77.1578,4060729700.0,4040033640.0,2,2023,not reported,1.3,365.0,23.5,True,High or Medium confidence and within 2 km of a HydroRIVERS reach,True,178.15555555555557,163.16666666666666,2.2507993698220448,2.2126314414194943,40621903.0,608.0,5068.0,168.43,415042.0,322884.0,2464.2,0.0
WQS0431,HIMACHAL PRADESH,Medium,32.055762,77.135767,4060729700.0,4040033640.0,6,2019,monthly,1.0,128.0,15.0,True,High or Medium confidence and within 2 km of a HydroRIVERS reach,True,412.0,936.2444444444445,2.6148972160331345,2.9713892536669033,40610663.0,33.0,1068.6,38.831,129388.0,129388.0,3332.1,0.0
WQS0432,HIMACHAL PRADESH,Medium,31.992975,76.104857,4060729700.0,4040033640.0,5,2019,quarterly,2.0,228.0,26.0,True,High or Medium confidence and within 2 km of a HydroRIVERS reach,True,141.34444444444443,0.0,2.150278743179004,-0.3010299956639812,40613133.0,341.0,739.3,28.867,403569.0,403569.0,13980.3,0.0
WQS0433,HIMACHAL PRADESH,Medium,32.237794,77.190564,4060729700.0,4040033640.0,8,2016,monthly,1.0,263.0,17.5,True,High or Medium confidence and within 2 km of a HydroRIVERS reach,True,416.23333333333335,2876.2444444444445,2.619336856997791,3.458825792824218,40604025.0,92.0,351.2,13.023,30947.0,30947.0,2376.3,0.0
WQS0434,HIMACHAL PRADESH,Medium,32.254308,77.181865,4060729700.0,4040033640.0,6,2019,monthly,1.0,143.5,13.0,True,High or Medium confidence and within 2 km of a HydroRIVERS reach,True,429.64444444444445,2066.9555555555553,2.6331092004815257,3.31533113836677,40604025.0,687.0,351.2,13.023,30947.0,30947.0,2376.3,0.0
WQS0435,HIMACHAL PRADESH,Medium,31.791444,76.345222,4060729700.0,4040033640.0,8,2017,monthly,1.0,417.5,21.5,True,High or Medium confidence and within 2 km of a HydroRIVERS reach,True,757.2666666666667,1661.7222222222222,2.8792488404885,3.220558427728147,40618993.0,204.0,9645.3,309.134,1952342.0,641014.0,6315.5,0.0
WQS0436,HIMACHAL PRADESH,Medium,31.773095,76.315363,4060729700.0,4040033640.0,6,2019,monthly,1.0,341.0,28.5,True,High or Medium confidence and within 2 km of a HydroRIVERS reach,True,721.4000000000001,301.9,2.8581761379823445,2.479863113023098,40619117.0,444.0,9881.1,315.277,2137028.0,800572.0,6778.3,0.0
WQS0437,HIMACHAL PRADESH,Medium,31.85086,77.17021,4060729700.0,4040033640.0,2,2023,not reported,1.4,282.5,16.5,True,High or Medium confidence and within 2 km of a HydroRIVERS reach,True,699.9222222222222,1823.7333333333331,2.8450497823907943,3.260961336005311,40616852.0,973.0,3210.9,116.51,276230.0,242549.0,2370.9,0.0
WQS0438,HIMACHAL PRADESH,Medium,31.956695,77.114211,4060729700.0,4040033640.0,6,2019,monthly,1.05,170.0,16.5,True,High or Medium confidence and within 2 km of a HydroRIVERS reach,True,682.9000000000001,4128.844444444444,2.834357112718405,3.6158285209972485,40613969.0,35.0,1346.8,47.808,199535.0,199535.0,4173.7,0.0
WQS0439,HIMACHAL PRADESH,Medium,32.235933,77.190982,4060729700.0,4040033640.0,6,2019,monthly,1.5,103.5,13.0,True,High or Medium confidence and within 2 km of a HydroRIVERS reach,True,415.29999999999995,2447.633333333333,2.6183619311098782,3.3887463590466553,40604025.0,131.0,351.2,13.023,30947.0,30947.0,2376.3,0.0
WQS0440,HIMACHAL PRADESH,Medium,31.838933,76.510001,4060729700.0,4040033640.0,6,2019,monthly,1.0,433.5,27.0,True,High or Medium confidence and within 2 km of a HydroRIVERS reach,True,447.27777777777777,1489.1555555555556,2.6505773215390125,3.1729400660468863,40617287.0,745.0,8995.4,289.735,1694371.0,754829.0,5848.0,0.0
WQS0441,HIMACHAL PRADESH,Medium,32.254608,77.18548,4060729700.0,4040033640.0,3,2022,monthly,1.0,262.0,13.0,True,High or Medium confidence and within 2 km of a HydroRIVERS reach,True,430.3777777777778,1980.1000000000001,2.6338498387790503,3.296687123772402,40604025.0,383.0,351.2,13.023,30947.0,30947.0,2376.3,0.0
WQS0442,HIMACHAL PRADESH,Medium,31.783778,76.339531,4060729700.0,4040033640.0,6,2019,monthly,1.0,377.0,27.5,True,High or Medium confidence and within 2 km of a HydroRIVERS reach,True,781.6555555555556,2468.922222222222,2.89301541894738,3.3925074086878033,40619118.0,475.0,9839.7,313.917,2137028.0,800572.0,6807.6,0.0
WQS0443,HIMACHAL PRADESH,Medium,31.834143,76.494413,4060729700.0,4040033640.0,6,2019,monthly,1.0,418.0,27.0,True,High or Medium confidence and within 2 km of a HydroRIVERS reach,True,474.62222222222226,1457.711111111111,2.676348068399966,3.1636714641180275,40617287.0,153.0,8995.4,289.735,1694371.0,754829.0,5848.0,0.0
WQS0444,HIMACHAL PRADESH,Medium,32.55016,76.98081,4060729330.0,4040033640.0,3,2022,not reported,1.0,225.0,9.0,True,High or Medium confidence and within 2 km of a HydroRIVERS reach,True,38.611111111111114,186.04444444444445,1.586712299486808,2.269616705891305,40593240.0,995.0,2438.1,123.482,5432.0,5071.0,44.0,0.389
WQS0445,HIMACHAL PRADESH,Medium,32.22537,77.19945,4060729700.0,4040033640.0,1,2023,not reported,1.0,87.0,9.0,True,High or Medium confidence and within 2 km of a HydroRIVERS reach,True,395.2444444444444,1397.1555555555556,2.5968657742043013,3.1452447619899617,40605002.0,877.0,526.6,19.698,53180.0,53180.0,2699.8,0.0
WQS0446,HIMACHAL PRADESH,Medium,32.55084,76.94632,4060729330.0,4040033640.0,3,2022,not reported,1.0,205.0,8.0,True,High or Medium confidence and within 2 km of a HydroRIVERS reach,True,24.88888888888889,0.0,1.396005508894838,-0.3010299956639812,40593239.0,595.0,5.8,0.216,13694.0,2469.0,63398.1,0.333
WQS0447,HIMACHAL PRADESH,Medium,32.55385,76.97233,4060729330.0,4040033640.0,3,2022,not reported,1.0,218.0,8.0,True,High or Medium confidence and within 2 km of a HydroRIVERS reach,True,33.266666666666666,175.05555555555554,1.5220092865677086,2.2431758980706937,40593240.0,270.0,2438.1,123.482,5432.0,5071.0,44.0,0.389
WQS0448,HIMACHAL PRADESH,Medium,30.891819,77.21002,4060806680.0,4040025450.0,6,2019,monthly,2.2,814.0,18.0,True,High or Medium confidence and within 2 km of a HydroRIVERS reach,True,209.35555555555555,432.9111111111111,2.3208844900187873,2.6363987325729563,40649928.0,432.0,1373.5,20.556,272103.0,272103.0,13237.2,0.0
WQS0449,HIMACHAL PRADESH,Medium,30.70992,77.35407,4060806680.0,4040025450.0,3,2022,not reported,1.0,242.0,12.0,True,High or Medium confidence and within 2 km of a HydroRIVERS reach,True,59.64444444444444,41.52222222222222,1.7755699977216108,1.6182805884103126,40656706.0,54.0,1812.3,27.589,345242.0,222102.0,12513.8,0.0
WQS0450,HIMACHAL PRADESH,Medium,31.06283,77.15857,4060806680.0,4040025450.0,2,2023,not reported,1.1,365.0,9.0,True,High or Medium confidence and within 2 km of a HydroRIVERS reach,True,665.1444444444445,296.0444444444445,2.8229159680297413,2.4713569155454964,40644415.0,40.0,29.4,0.347,61569.0,61569.0,177432.3,0.0
WQS0451,HIMACHAL PRADESH,Medium,30.526326,77.66857,4060806680.0,4040025450.0,6,2019,monthly,1.6,914.0,26.5,True,High or Medium confidence and within 2 km of a HydroRIVERS reach,True,319.18888888888887,559.1333333333333,2.5040477649524036,2.747515383961778,40664092.0,412.0,2580.4,40.63,440980.0,95737.0,10853.6,0.0
WQS0452,HIMACHAL PRADESH,Medium,30.760455,77.303572,4060806680.0,4040025450.0,6,2019,monthly,1.95,578.0,25.5,True,High or Medium confidence and within 2 km of a HydroRIVERS reach,True,90.38888888888889,218.4888888888889,1.9561150478335527,2.339429356103054,40654764.0,189.0,1663.1,25.012,336858.0,228033.0,13467.9,0.0
WQS0453,HIMACHAL PRADESH,Medium,31.785054,77.330491,4060729700.0,4040033640.0,6,2019,monthly,1.2,952.0,23.5,True,High or Medium confidence and within 2 km of a HydroRIVERS reach,True,185.06666666666666,543.4555555555556,2.267328202727136,2.735164032753093,40619416.0,28.0,669.7,20.244,24487.0,24487.0,1209.6,0.0
WQS0454,HIMACHAL PRADESH,Medium,30.604642,77.440521,4060806680.0,4040025450.0,3,2022,monthly,2.4,668.0,24.0,True,High or Medium confidence and within 2 km of a HydroRIVERS reach,True,173.85555555555555,580.7555555555556,2.240188573124377,2.7639933729889865,40660679.0,797.0,2402.6,37.551,410403.0,142513.0,10929.2,0.0
WQS0455,HIMACHAL PRADESH,Medium,30.603186,77.441056,4060806680.0,4040025450.0,5,2019,monthly,2.4,470.0,26.0,True,High or Medium confidence and within 2 km of a HydroRIVERS reach,True,175.5111111111111,597.5111111111112,2.2443046156251816,2.7763459856860773,40660679.0,631.0,2402.6,37.551,410403.0,142513.0,10929.2,0.0
WQS0456,HIMACHAL PRADESH,Medium,30.799381,77.282001,4060806680.0,4040025450.0,6,2019,monthly,1.7,539.0,25.0,True,High or Medium confidence and within 2 km of a HydroRIVERS reach,True,120.65555555555557,183.27777777777777,2.081547323688432,2.263109810442038,40653977.0,140.0,1636.3,24.539,336858.0,269613.0,13727.5,0.0
WQS0457,HIMACHAL PRADESH,Medium,30.914863,77.243539,4060806680.0,4040025450.0,6,2019,monthly,1.0,901.5,22.5,True,High or Medium confidence and within 2 km of a HydroRIVERS reach,True,173.9888888888889,301.2555555555556,2.2405215146715616,2.478935064628151,40649181.0,35.0,996.7,15.449,160205.0,160205.0,10369.9,0.0
WQS0458,HIMACHAL PRADESH,Medium,31.769476,77.306086,4060729700.0,4040033640.0,6,2019,monthly,1.0,955.0,24.0,True,High or Medium confidence and within 2 km of a HydroRIVERS reach,True,212.8777777777778,824.6444444444445,2.328130327985056,2.9162667375194524,40619415.0,40.0,694.0,20.915,24487.0,24487.0,1170.8,0.0
WQS0459,HIMACHAL PRADESH,Medium,30.613634,77.442374,4060806680.0,4040025450.0,5,2019,monthly,2.0,573.0,26.0,True,High or Medium confidence and within 2 km of a HydroRIVERS reach,True,167.07777777777778,121.8777777777778,2.2229186902867224,2.085924527043522,40660267.0,31.0,2160.7,33.73,373024.0,136056.0,11059.1,0.0
WQS0460,HIMACHAL PRADESH,Ambiguous / unresolved,,,,,1,2022,not reported,,380.0,26.0,False,High or Medium confidence and within 2 km of a HydroRIVERS reach,False,,,,,,,,,,,,
WQS0461,HIMACHAL PRADESH,Ambiguous / unresolved,,,,,1,2022,not reported,2.8,1138.0,26.0,False,High or Medium confidence and within 2 km of a HydroRIVERS reach,False,,,,,,,,,,,,
WQS0462,HIMACHAL PRADESH,Ambiguous / unresolved,,,,,1,2022,not reported,2.6,735.0,25.0,False,High or Medium confidence and within 2 km of a HydroRIVERS reach,False,,,,,,,,,,,,
WQS0463,HIMACHAL PRADESH,Ambiguous / unresolved,,,,,1,2022,not reported,2.5,818.0,25.0,False,High or Medium confidence and within 2 km of a HydroRIVERS reach,False,,,,,,,,,,,,
WQS0464,HIMACHAL PRADESH,Ambiguous / unresolved,,,,,1,2022,not reported,2.8,807.0,26.0,False,High or Medium confidence and within 2 km of a HydroRIVERS reach,False,,,,,,,,,,,,
WQS0465,HIMACHAL PRADESH,Ambiguous / unresolved,,,,,1,2022,not reported,2.7,828.0,27.0,False,High or Medium confidence and within 2 km of a HydroRIVERS reach,False,,,,,,,,,,,,
WQS0466,HIMACHAL PRADESH,Medium,31.12634,77.747857,4060806680.0,4040025450.0,2,2023,not reported,1.0,106.0,13.5,True,High or Medium confidence and within 2 km of a HydroRIVERS reach,True,391.05555555555554,1019.6444444444444,2.592238460099942,3.0084487573153726,40641535.0,407.0,1043.0,19.529,154102.0,154102.0,7890.9,0.0
WQS0467,HIMACHAL PRADESH,Medium,31.126891,77.74353,4060806680.0,4040025450.0,8,2016,monthly,1.0,607.0,15.5,True,High or Medium confidence and within 2 km of a HydroRIVERS reach,True,403.9111111111111,935.3666666666666,2.606285800255581,2.9709818890483524,40641535.0,807.0,1043.0,19.529,154102.0,154102.0,7890.9,0.0
WQS0468,HIMACHAL PRADESH,Medium,31.200297,77.753211,4060806680.0,4040025450.0,8,2016,monthly,1.0,763.0,17.5,True,High or Medium confidence and within 2 km of a HydroRIVERS reach,True,401.94444444444446,1753.4,2.60416603035175,3.2438810022183184,40639104.0,563.0,806.1,15.154,82627.0,82627.0,5452.5,0.0
WQS0469,HIMACHAL PRADESH,Medium,31.083417,77.802406,4060806680.0,4040025450.0,7,2016,monthly,1.4,176.0,19.0,True,High or Medium confidence and within 2 km of a HydroRIVERS reach,True,186.1777777777778,331.70000000000005,2.269927842249857,2.5207454715194824,40642748.0,120.0,1170.4,21.925,154102.0,153249.0,7028.6,0.0
WQS0470,HIMACHAL PRADESH,Medium,31.131481,77.748914,4060806680.0,4040025450.0,6,2019,monthly,1.0,975.5,17.5,True,High or Medium confidence and within 2 km of a HydroRIVERS reach,True,387.6,1009.311111111111,2.5883837683787276,3.0040250542575833,40641535.0,567.0,1043.0,19.529,154102.0,154102.0,7890.9,0.0
WQS0471,HIMACHAL PRADESH,Ambiguous / unresolved,,,,,3,2022,monthly,16.0,1384.0,30.0,False,High or Medium confidence and within 2 km of a HydroRIVERS reach,False,,,,,,,,,,,,
WQS0472,HIMACHAL PRADESH,Medium,32.492399,76.176291,4060746720.0,4040033640.0,8,2016,monthly,1.0,362.0,22.0,True,High or Medium confidence and within 2 km of a HydroRIVERS reach,True,124.30000000000001,227.93333333333334,2.094471128641645,2.3578078417409136,40595372.0,144.0,2735.0,100.512,72423.0,69202.0,720.5,0.136
WQS0473,HIMACHAL PRADESH,Medium,32.596661,75.992383,4060746720.0,4040033640.0,9,2016,monthly,0.8,242.0,16.0,True,High or Medium confidence and within 2 km of a HydroRIVERS reach,True,252.06666666666666,150.82222222222222,2.4015154183068543,2.178465335416123,40592109.0,288.0,4928.9,154.242,259153.0,239588.0,1680.2,0.073
WQS0474,HIMACHAL PRADESH,Medium,32.57,76.161388,4060746720.0,4040033640.0,5,2017,monthly,1.0,264.0,17.0,True,High or Medium confidence and within 2 km of a HydroRIVERS reach,True,444.6666666666667,199.23333333333332,2.648034574860868,2.299362001114019,40592994.0,731.0,10.7,0.329,26048.0,21112.0,79173.3,0.0
WQS0475,HIMACHAL PRADESH,Low,32.769722,76.328888,4060746720.0,4040033640.0,5,2017,monthly,1.0,261.0,16.0,False,High or Medium confidence and within 2 km of a HydroRIVERS reach,True,3.2555555555555555,0.6,0.5126251109147846,-0.2218487496163564,40586480.0,199.0,45.8,1.361,535.0,535.0,393.1,0.0
WQS0476,HIMACHAL PRADESH,Medium,31.701264,77.169233,4060729700.0,4040033640.0,3,2022,monthly,1.0,145.0,15.0,True,High or Medium confidence and within 2 km of a HydroRIVERS reach,True,198.41111111111113,175.08888888888887,2.297565989184722,2.2432585867039334,40621663.0,700.0,5017.8,167.187,415042.0,326217.0,2482.5,0.0
WQS0477,HIMACHAL PRADESH,Ambiguous / unresolved,,,,,4,2021,monthly,9.3,1504.5,30.0,False,High or Medium confidence and within 2 km of a HydroRIVERS reach,False,,,,,,,,,,,,
WQS0478,HIMACHAL PRADESH,Ambiguous / unresolved,,,,,4,2021,monthly,23.0,1519.0,29.5,False,High or Medium confidence and within 2 km of a HydroRIVERS reach,False,,,,,,,,,,,,
WQS0479,HIMACHAL PRADESH,Medium,30.915403,76.791131,4060729890.0,4040033640.0,9,2016,monthly,9.2,1949.0,30.0,True,High or Medium confidence and within 2 km of a HydroRIVERS reach,True,1658.8555555555556,864.0,3.219808571584188,2.936513742478893,40648576.0,90.0,304.4,2.717,360397.0,360397.0,132645.2,0.0
WQS0480,HIMACHAL PRADESH,Ambiguous / unresolved,,,,,4,2021,monthly,4.65,759.0,28.5,False,High or Medium confidence and within 2 km of a HydroRIVERS reach,False,,,,,,,,,,,,
WQS0481,HIMACHAL PRADESH,Medium,31.443072,77.627852,4060729890.0,4040033640.0,6,2019,monthly,1.0,2516.0,14.0,True,High or Medium confidence and within 2 km of a HydroRIVERS reach,True,292.5,783.0,2.466125870418199,2.8937617620579434,40631842.0,72.0,47050.8,695.596,142911.0,70310.0,205.5,0.776
WQS0482,HIMACHAL PRADESH,Medium,31.500595,78.176732,4060729890.0,4040033640.0,6,2019,monthly,1.0,2547.0,13.0,True,High or Medium confidence and within 2 km of a HydroRIVERS reach,True,97.24444444444445,206.54444444444445,1.9878647995500307,2.3150135179784486,40628430.0,131.0,45272.2,663.769,66606.0,53196.0,100.3,0.801
WQS0483,HIMACHAL PRADESH,Medium,31.500812,78.176998,4060729890.0,4040033640.0,5,2019,monthly,1.0,1893.0,13.0,True,High or Medium confidence and within 2 km of a HydroRIVERS reach,True,97.34444444444445,201.8777777777778,1.988311170894885,2.3050885154783294,40628430.0,97.0,45272.2,663.769,66606.0,53196.0,100.3,0.801
WQS0484,HIMACHAL PRADESH,Medium,31.432236,77.622567,4060729890.0,4040033640.0,9,2016,monthly,1.1,448.0,14.5,True,High or Medium confidence and within 2 km of a HydroRIVERS reach,True,363.2444444444444,680.4222222222222,2.5601989808074377,2.832778488995333,40631842.0,33.0,47050.8,695.596,142911.0,70310.0,205.5,0.776
WQS0485,HIMACHAL PRADESH,Medium,31.407469,76.389551,4060729890.0,4040033640.0,5,2020,quarterly,2.0,293.0,22.5,True,High or Medium confidence and within 2 km of a HydroRIVERS reach,True,1169.6555555555556,608.2555555555556,3.06805798794673,2.784086084287777,40631415.0,134.0,52669.6,732.372,1695990.0,268749.0,2315.7,0.696
WQS0486,HIMACHAL PRADESH,Medium,31.448039,77.628283,4060729890.0,4040033640.0,9,2016,monthly,1.0,467.0,14.5,True,High or Medium confidence and within 2 km of a HydroRIVERS reach,True,271.5444444444445,982.0666666666667,2.4338409219443236,2.9921409704577395,40631842.0,114.0,47050.8,695.596,142911.0,70310.0,205.5,0.776
WQS0487,HIMACHAL PRADESH,Medium,31.247458,77.088208,4060729890.0,4040033640.0,9,2016,monthly,1.0,447.0,15.0,True,High or Medium confidence and within 2 km of a HydroRIVERS reach,True,237.88888888888889,529.5111111111112,2.3763741578551136,2.7238750776514635,40637568.0,50.0,49177.3,722.583,412091.0,210657.0,570.3,0.741
WQS0488,HIMACHAL PRADESH,Low,31.859386,77.165125,4060729700.0,4040033640.0,3,2022,monthly,1.0,472.0,13.0,False,High or Medium confidence and within 2 km of a HydroRIVERS reach,True,737.4333333333333,1825.1333333333334,2.867722764617458,3.261294596910706,40616714.0,832.0,3206.7,116.384,276230.0,244798.0,2373.4,0.0
WQS0489,HIMACHAL PRADESH,Medium,31.804453,78.643214,4060709980.0,4040033640.0,7,2016,yearly,1.0,534.0,11.5,True,High or Medium confidence and within 2 km of a HydroRIVERS reach,True,7.644444444444444,82.66666666666667,0.8833459287961865,1.9173304261065538,40618407.0,204.0,10140.9,234.46,9381.0,2749.0,40.0,0.474
WQS0490,HIMACHAL PRADESH,Medium,31.339444,76.751667,4060729890.0,4040033640.0,3,2022,monthly,1.0,292.0,26.0,True,High or Medium confidence and within 2 km of a HydroRIVERS reach,True,694.2444444444444,1245.0555555555557,2.8415124130794425,3.0951887304943364,40635093.0,39.0,50471.1,715.364,817644.0,308206.0,1143.0,0.724
WQS0491,HIMACHAL PRADESH,Medium,31.425772,76.421883,4060729890.0,4040033640.0,9,2016,monthly,1.0,311.0,23.4,True,High or Medium confidence and within 2 km of a HydroRIVERS reach,True,318.22222222222223,246.5,2.502730504196493,2.391816923613249,40631296.0,1320.0,52643.1,732.01,1695990.0,325494.0,2316.9,0.696
WQS0492,HIMACHAL PRADESH,Medium,31.536062,77.777423,4060729890.0,4040033640.0,6,2019,monthly,1.0,1328.5,13.0,True,High or Medium confidence and within 2 km of a HydroRIVERS reach,True,231.42222222222225,402.32222222222225,2.36440505956433,2.604574021440131,40627720.0,677.0,46696.1,687.59,99556.0,41747.0,144.8,0.781
WQS0493,HIMACHAL PRADESH,Medium,31.582156,78.428551,4060729890.0,4040033640.0,6,2019,monthly,1.0,3392.0,12.0,True,High or Medium confidence and within 2 km of a HydroRIVERS reach,True,57.67777777777778,150.56666666666666,1.7610085194395244,2.177728835841732,40625679.0,99.0,43687.7,648.669,23915.0,15069.0,36.9,0.826
WQS0494,HIMACHAL PRADESH,Medium,31.412833,76.874881,4060729890.0,4040033640.0,9,2016,monthly,0.9,300.0,22.0,True,High or Medium confidence and within 2 km of a HydroRIVERS reach,True,498.03333333333336,709.3333333333334,2.6972584110293245,2.850850368903348,40631299.0,266.0,49998.9,719.847,657582.0,272234.0,913.5,0.728
WQS0495,HIMACHAL PRADESH,Medium,31.414467,76.414779,4060729890.0,4040033640.0,3,2022,quarterly,1.5,272.0,23.0,True,High or Medium confidence and within 2 km of a HydroRIVERS reach,True,625.3777777777777,240.56666666666666,2.7961424449274546,2.381235450578111,40631296.0,6.0,52643.1,732.01,1695990.0,325494.0,2316.9,0.696
WQS0496,HIMACHAL PRADESH,Medium,31.599289,78.304295,4060729890.0,4040033640.0,7,2017,monthly,1.0,2818.0,12.0,True,High or Medium confidence and within 2 km of a HydroRIVERS reach,True,51.266666666666666,52.55555555555556,1.7098350807457499,1.7206186312984868,40625535.0,151.0,43934.5,650.774,46672.0,37045.0,71.7,0.822
WQS0497,HIMACHAL PRADESH,Medium,31.575155,78.445304,4060729890.0,4040033640.0,7,2017,monthly,1.0,2137.0,12.0,True,High or Medium confidence and within 2 km of a HydroRIVERS reach,True,54.422222222222224,75.75555555555555,1.7357762713493705,1.8794144874535474,40625679.0,843.0,43687.7,648.669,23915.0,15069.0,36.9,0.826
WQS0498,HIMACHAL PRADESH,Medium,31.399332,77.589413,4060729890.0,4040033640.0,7,2017,monthly,1.0,2517.0,14.0,True,High or Medium confidence and within 2 km of a HydroRIVERS reach,True,283.2444444444444,909.3333333333334,2.4521614003685035,2.9587231112647787,40631967.0,155.0,47336.5,701.955,164453.0,91852.0,234.3,0.77
WQS0499,HIMACHAL PRADESH,Medium,31.358333,76.760278,4060729890.0,4040033640.0,3,2022,monthly,2.1,335.0,28.0,True,High or Medium confidence and within 2 km of a HydroRIVERS reach,True,757.0,1200.5,2.8790958795000727,3.079362164393046,40633367.0,442.0,235.0,2.8,103316.0,103316.0,36898.6,0.0
WQS0500,HIMACHAL PRADESH,Medium,31.41804,76.393821,4060729890.0,4040033640.0,4,2020,quarterly,1.5,256.0,23.5,True,High or Medium confidence and within 2 km of a HydroRIVERS reach,True,907.4666666666667,910.6999999999999,2.9578306813680904,2.959375336575843,40631416.0,7.0,52652.2,732.145,1695990.0,325494.0,2316.5,0.696
WQS0501,HIMACHAL PRADESH,Medium,31.547992,77.792487,4060729890.0,4040033640.0,6,2019,monthly,1.0,1294.5,13.0,True,High or Medium confidence and within 2 km of a HydroRIVERS reach,True,199.3,187.10000000000002,2.2995072987004876,2.27207378750001,40627006.0,8.0,46551.1,684.372,86416.0,36186.0,126.3,0.785
WQS0502,HIMACHAL PRADESH,Medium,31.498702,78.207331,4060729890.0,4040033640.0,6,2019,monthly,1.0,2572.0,12.5,True,High or Medium confidence and within 2 km of a HydroRIVERS reach,True,67.03333333333333,67.16666666666667,1.8262908158770794,1.827153795757466,40628431.0,86.0,44160.5,648.436,46672.0,33479.0,72.0,0.822
WQS0503,HIMACHAL PRADESH,Medium,31.590541,78.441513,4060729890.0,4040033640.0,6,2019,monthly,1.0,3092.5,12.0,True,High or Medium confidence and within 2 km of a HydroRIVERS reach,True,49.82222222222222,158.1888888888889,1.6974230944836106,2.199175975598386,40625537.0,210.0,42948.5,639.361,18332.0,10136.0,28.7,0.838
WQS0504,HIMACHAL PRADESH,Medium,31.448534,77.63401,4060729890.0,4040033640.0,6,2019,monthly,1.0,1861.0,14.0,True,High or Medium confidence and within 2 km of a HydroRIVERS reach,True,258.15555555555557,978.5333333333333,2.4118814755818088,2.9905756243079287,40631842.0,655.0,47050.8,695.596,142911.0,70310.0,205.5,0.776
WQS0505,HIMACHAL PRADESH,Medium,31.421014,76.837836,4060729890.0,4040033640.0,9,2016,monthly,1.0,317.0,23.0,True,High or Medium confidence and within 2 km of a HydroRIVERS reach,True,694.3888888888889,2206.1777777777775,2.8416027629563816,3.3436405057456198,40631055.0,653.0,50076.0,719.692,657582.0,217190.0,913.7,0.728
WQS0506,HIMACHAL PRADESH,Medium,31.576741,76.153032,4060729890.0,4040033640.0,6,2019,monthly,1.5,452.5,31.5,True,High or Medium confidence and within 2 km of a HydroRIVERS reach,True,757.9222222222222,96.01111111111112,2.879624640733884,1.9823214956959412,40626865.0,927.0,577.7,12.189,386473.0,386473.0,31706.7,0.0
WQS0507,HIMACHAL PRADESH,Medium,31.594396,76.144815,4060729890.0,4040033640.0,6,2019,monthly,1.0,475.5,32.0,True,High or Medium confidence and within 2 km of a HydroRIVERS reach,True,797.4333333333333,761.8111111111111,2.9016943855528137,2.8818473026108986,40625939.0,990.0,540.8,11.536,386473.0,386473.0,33501.5,0.0
WQS0508,HIMACHAL PRADESH,Medium,31.365081,76.306519,4060729890.0,4040033640.0,3,2022,monthly,4.0,663.0,32.0,True,High or Medium confidence and within 2 km of a HydroRIVERS reach,True,1175.9444444444443,473.85555555555555,3.0703868046983347,2.67564597672611,40633077.0,512.0,1079.1,20.257,728618.0,652397.0,35968.7,0.0
WQS0509,HIMACHAL PRADESH,Medium,31.480187,76.222113,4060729890.0,4040033640.0,5,2019,monthly,3.0,498.0,32.0,True,High or Medium confidence and within 2 km of a HydroRIVERS reach,True,1142.9222222222222,640.3666666666667,3.0580166769315738,2.806428717283022,40629844.0,924.0,847.1,16.841,536820.0,536820.0,31875.8,0.0
WQS0510,HIMACHAL PRADESH,Medium,31.356798,76.310396,4060729890.0,4040033640.0,7,2017,monthly,2.0,549.0,30.0,True,High or Medium confidence and within 2 km of a HydroRIVERS reach,True,1189.3333333333333,1472.8777777777777,3.075303590984423,3.168166709748962,40633920.0,60.0,1112.8,20.687,728618.0,652397.0,35221.1,0.0
WQS0511,HIMACHAL PRADESH,Medium,31.706232,77.261636,4060729700.0,4040033640.0,6,2019,monthly,1.0,149.0,17.0,True,High or Medium confidence and within 2 km of a HydroRIVERS reach,True,244.89999999999998,300.1888888888889,2.388988785124714,2.4773946133451363,40621782.0,86.0,667.9,16.873,57406.0,57406.0,3402.2,0.0
WQS0512,HIMACHAL PRADESH,Medium,30.556089,77.777152,4060806680.0,4040025450.0,8,2016,monthly,1.1,686.0,20.0,True,High or Medium confidence and within 2 km of a HydroRIVERS reach,True,146.75555555555556,93.95555555555556,2.1665945508154123,1.972922464860045,40663624.0,19.0,5127.6,91.434,355569.0,100669.0,3888.8,0.0
WQS0513,HIMACHAL PRADESH,Medium,31.78309,77.00029,4060729700.0,4040033640.0,3,2022,not reported,1.0,228.0,28.0,True,High or Medium confidence and within 2 km of a HydroRIVERS reach,True,252.4777777777778,650.9777777777778,2.4022231590360756,2.8135661634480518,40619124.0,3.0,72.6,2.045,43427.0,20771.0,21235.7,0.0
WQS0514,HIMACHAL PRADESH,Medium,30.432892,77.625932,4060806680.0,4040025450.0,4,2020,quarterly,2.4000000000000004,485.0,25.0,True,High or Medium confidence and within 2 km of a HydroRIVERS reach,True,953.3222222222222,3060.8222222222225,2.9792397166726348,3.4858381057652426,40667075.0,98.0,10964.6,200.5,1829156.0,943168.0,9123.0,0.0
WQS0515,HIMACHAL PRADESH,Medium,30.465256,77.661758,4060806680.0,4040025450.0,9,2016,monthly,2.0,630.0,25.0,True,High or Medium confidence and within 2 km of a HydroRIVERS reach,True,829.4333333333333,928.1555555555556,2.9187814848401947,2.9676207685226785,40666398.0,1312.0,19.8,0.35,1829156.0,48739.0,5226160.0,0.0
WQS0516,HIMACHAL PRADESH,Medium,30.429123,77.603639,4060806680.0,4040025450.0,5,2019,monthly,2.7,612.0,25.0,True,High or Medium confidence and within 2 km of a HydroRIVERS reach,True,915.811111111111,390.4111111111111,2.961805908317001,2.591522169203609,40667075.0,35.0,10964.6,200.5,1829156.0,943168.0,9123.0,0.0
WQS0517,HIMACHAL PRADESH,Medium,30.392244,77.572103,4060806680.0,4040025450.0,9,2016,monthly,1.7,836.0,26.0,True,High or Medium confidence and within 2 km of a HydroRIVERS reach,True,154.67777777777778,227.02222222222224,2.1894279240308356,2.356068370480015,40669251.0,763.0,11258.1,206.087,2007719.0,1085306.0,9742.1,0.0
WQS0518,HIMACHAL PRADESH,Medium,30.427477,77.589102,4060806680.0,4040025450.0,5,2019,monthly,2.2,728.0,25.0,True,High or Medium confidence and within 2 km of a HydroRIVERS reach,True,840.4555555555556,1134.0111111111112,2.9245147522938457,3.0546173098219698,40669251.0,896.0,11258.1,206.087,2007719.0,1085306.0,9742.1,0.0
WQS0519,HIMACHAL PRADESH,Ambiguous / unresolved,,,,,1,2020,not reported,,187.0,18.0,False,High or Medium confidence and within 2 km of a HydroRIVERS reach,False,,,,,,,,,,,,
WQS0520,HIMACHAL PRADESH,Ambiguous / unresolved,,,,,6,2016,not reported,1.2,1548.0,13.5,False,High or Medium confidence and within 2 km of a HydroRIVERS reach,False,,,,,,,,,,,,
WQS0521,HIMACHAL PRADESH,Medium,31.52722,76.69956,4060729890.0,4040033640.0,3,2022,not reported,1.0,455.0,30.0,True,High or Medium confidence and within 2 km of a HydroRIVERS reach,True,553.0111111111112,471.9222222222222,2.7427338572464093,2.6738704282038452,40628961.0,154.0,333.1,7.499,241122.0,241122.0,32153.9,0.0
WQS0522,HIMACHAL PRADESH,Medium,31.203302,77.750076,4060806680.0,4040025450.0,6,2019,monthly,1.8,1343.0,22.0,True,High or Medium confidence and within 2 km of a HydroRIVERS reach,True,408.9111111111111,1874.377777777778,2.611628911553804,3.2728571267168958,40639104.0,624.0,806.1,15.154,82627.0,82627.0,5452.5,0.0
WQS0523,HIMACHAL PRADESH,Medium,30.919003,76.806214,4060729890.0,4040033640.0,9,2016,monthly,4.8,924.0,28.0,True,High or Medium confidence and within 2 km of a HydroRIVERS reach,True,2087.5555555555557,3046.411111111111,3.3196380420718863,3.4837885107003896,40648576.0,622.0,304.4,2.717,360397.0,360397.0,132645.2,0.0
WQS0524,HIMACHAL PRADESH,Medium,30.998567,76.738231,4060729890.0,4040033640.0,9,2016,monthly,4.0,1611.0,30.0,True,High or Medium confidence and within 2 km of a HydroRIVERS reach,True,786.7555555555556,2224.588888888889,2.895839818300991,3.347249763728783,40645474.0,385.0,31.3,0.259,360397.0,179094.0,1391494.2,0.0
WQS0525,HIMACHAL PRADESH,Medium,32.721486,76.089586,4060746720.0,4040033640.0,9,2016,monthly,0.9,283.0,15.0,True,High or Medium confidence and within 2 km of a HydroRIVERS reach,True,242.17777777777778,745.3333333333334,2.384134289792746,2.8723505444947235,40589025.0,853.0,1532.8,39.605,78312.0,78312.0,1977.3,0.0
WQS0526,HIMACHAL PRADESH,Medium,31.806619,78.641953,4060709980.0,4040033640.0,9,2016,yearly,1.0,509.0,12.0,True,High or Medium confidence and within 2 km of a HydroRIVERS reach,True,7.722222222222222,70.88888888888889,0.8877422951507891,1.8505781692818375,40618407.0,173.0,10140.9,234.46,9381.0,2749.0,40.0,0.474
WQS0527,HIMACHAL PRADESH,Medium,31.756389,76.936111,4060729700.0,4040033640.0,9,2016,monthly,1.0,389.0,26.0,True,High or Medium confidence and within 2 km of a HydroRIVERS reach,True,386.9555555555555,491.0777777777778,2.5876610862452374,2.691150281908337,40619668.0,549.0,6937.9,218.806,920111.0,575917.0,4205.1,0.0
WQS0528,HIMACHAL PRADESH,Medium,31.54503,76.89314,4060729700.0,4040033640.0,3,2022,not reported,2.2,510.0,27.0,True,High or Medium confidence and within 2 km of a HydroRIVERS reach,True,1185.9777777777776,2570.911111111111,3.074076551524952,3.4100870612320078,40626727.0,322.0,74.3,1.435,113954.0,113954.0,79410.5,0.0
WQS0529,HIMACHAL PRADESH,Ambiguous / unresolved,,,,,2,2019,not reported,37.9,1195.5,19.6,False,High or Medium confidence and within 2 km of a HydroRIVERS reach,False,,,,,,,,,,,,
WQS0530,HIMACHAL PRADESH,Ambiguous / unresolved,,,,,3,2019,not reported,1.0,285.0,23.0,False,High or Medium confidence and within 2 km of a HydroRIVERS reach,False,,,,,,,,,,,,
WQS0531,HIMACHAL PRADESH,Medium,31.798494,78.639769,4060709980.0,4040033640.0,9,2016,yearly,1.0,506.0,12.0,True,High or Medium confidence and within 2 km of a HydroRIVERS reach,True,6.699999999999999,66.83333333333333,0.8260748027008263,1.8249931222365385,40619673.0,924.0,41137.0,620.364,11722.0,4964.0,18.9,0.859
WQS0532,HIMACHAL PRADESH,Ambiguous / unresolved,,,,,3,2019,not reported,1.0,406.0,23.0,False,High or Medium confidence and within 2 km of a HydroRIVERS reach,False,,,,,,,,,,,,
WQS0533,HIMACHAL PRADESH,Ambiguous / unresolved,,,,,6,2016,not reported,1.0,698.0,26.5,False,High or Medium confidence and within 2 km of a HydroRIVERS reach,False,,,,,,,,,,,,
WQS0534,HIMACHAL PRADESH,Medium,31.662493,76.077951,4060729890.0,4040033640.0,7,2017,monthly,1.1,490.0,31.5,True,High or Medium confidence and within 2 km of a HydroRIVERS reach,True,961.3888888888889,438.56666666666666,2.9828990985268407,2.6420356199706423,40622851.0,682.0,212.1,4.585,161852.0,161852.0,35300.3,0.0
WQS0535,HIMACHAL PRADESH,Medium,31.684629,76.075096,4060729890.0,4040033640.0,7,2017,monthly,1.0,474.0,32.0,True,High or Medium confidence and within 2 km of a HydroRIVERS reach,True,1067.8333333333333,1765.4222222222222,3.028503473608217,3.2468485889601366,40622851.0,415.0,212.1,4.585,161852.0,161852.0,35300.3,0.0
WQS0536,HIMACHAL PRADESH,Medium,31.482709,76.221968,4060729890.0,4040033640.0,7,2017,monthly,2.0,476.0,31.0,True,High or Medium confidence and within 2 km of a HydroRIVERS reach,True,1129.2666666666667,546.2333333333333,3.0527965089637403,2.7373781989912187,40629259.0,334.0,791.6,15.94,450718.0,450718.0,28275.9,0.0
WQS0537,HIMACHAL PRADESH,Medium,31.075267,77.153808,4060806680.0,4040025450.0,6,2019,monthly,5.1,3120.5,23.8,True,High or Medium confidence and within 2 km of a HydroRIVERS reach,True,789.5222222222222,344.06666666666666,2.897364358350222,2.5366426000142708,40644415.0,7.0,29.4,0.347,61569.0,61569.0,177432.3,0.0
WQS0538,JAMMU & KASHMIR,Ambiguous / unresolved,,,,,6,2016,not reported,3.2,371.5,22.25,False,High or Medium confidence and within 2 km of a HydroRIVERS reach,False,,,,,,,,,,,,
WQS0539,JAMMU & KASHMIR,Ambiguous / unresolved,,,,,1,2019,not reported,,188.0,22.0,False,High or Medium confidence and within 2 km of a HydroRIVERS reach,False,,,,,,,,,,,,
WQS0540,JAMMU & KASHMIR,Ambiguous / unresolved,,,,,1,2019,not reported,,136.0,22.0,False,High or Medium confidence and within 2 km of a HydroRIVERS reach,False,,,,,,,,,,,,
WQS0541,JAMMU & KASHMIR,Ambiguous / unresolved,,,,,2,2019,not reported,1.0,231.5,23.0,False,High or Medium confidence and within 2 km of a HydroRIVERS reach,False,,,,,,,,,,,,
WQS0542,JAMMU & KASHMIR,Medium,32.983326,74.90052,4060729330.0,4040033640.0,9,2016,monthly,3.7,487.0,24.0,True,High or Medium confidence and within 2 km of a HydroRIVERS reach,True,955.2666666666667,318.0222222222222,2.9801246236210814,2.5024574679444678,40579336.0,37.0,25.9,0.665,1201334.0,62043.0,1806517.3,0.098
WQS0543,JAMMU & KASHMIR,Medium,33.072819,74.834372,4060729330.0,4040033640.0,9,2016,monthly,5.0,520.0,25.0,True,High or Medium confidence and within 2 km of a HydroRIVERS reach,True,966.2777777777778,1890.6000000000001,2.9851019918549273,3.276599653557643,40576380.0,11.0,135.4,4.147,38932.0,38932.0,9388.0,0.0
WQS0544,JAMMU & KASHMIR,Medium,32.653333,75.096389,4060746720.0,4040033640.0,7,2016,monthly,4.0,446.0,29.0,True,High or Medium confidence and within 2 km of a HydroRIVERS reach,True,211.6888888888889,146.1222222222222,2.325698063400228,2.164716268327109,40592503.0,908.0,48.4,0.616,170612.0,82940.0,276967.5,0.0
WQS0545,JAMMU & KASHMIR,Medium,32.635833,75.170278,4060746720.0,4040033640.0,9,2016,monthly,2.2,380.0,28.0,True,High or Medium confidence and within 2 km of a HydroRIVERS reach,True,299.5222222222222,129.58888888888887,2.476429049197663,2.1125677661865083,40590954.0,1559.0,19.7,0.272,87672.0,43221.0,322323.5,0.0
WQS0546,JAMMU & KASHMIR,Medium,32.956944,74.961389,4060729330.0,4040033640.0,9,2016,monthly,1.1,194.0,16.0,True,High or Medium confidence and within 2 km of a HydroRIVERS reach,True,1223.1888888888889,1045.8333333333333,3.087493527410673,3.019462479769432,40582142.0,118.0,51.7,1.251,122162.0,122162.0,97651.5,0.0
WQS0547,JAMMU & KASHMIR,Medium,33.013333,74.774167,4060729330.0,4040033640.0,9,2016,monthly,1.0,185.0,16.0,True,High or Medium confidence and within 2 km of a HydroRIVERS reach,True,338.5,421.7555555555556,2.529558673021163,2.6250608120228245,40577835.0,1811.0,5.2,0.131,60042.0,60042.0,458335.9,0.0
WQS0548,JAMMU & KASHMIR,Medium,32.895309,74.740171,4060729330.0,4040033640.0,9,2016,monthly,2.15,186.0,17.0,True,High or Medium confidence and within 2 km of a HydroRIVERS reach,True,1792.2444444444445,5365.655555555556,3.2533972428447324,3.729622790005159,40583012.0,69.0,22570.5,828.541,1351549.0,453217.0,1631.2,0.098
WQS0549,JAMMU & KASHMIR,Ambiguous / unresolved,,,,,1,2021,not reported,1.0,168.0,29.0,False,High or Medium confidence and within 2 km of a HydroRIVERS reach,False,,,,,,,,,,,,
WQS0550,JAMMU & KASHMIR,Medium,33.151325,74.882478,4060729330.0,4040033640.0,9,2016,monthly,1.05,190.0,16.0,True,High or Medium confidence and within 2 km of a HydroRIVERS reach,True,231.23333333333332,582.5222222222222,2.3640504397798696,2.765312497602606,40573945.0,155.0,20394.8,729.35,819091.0,198462.0,1123.0,0.108
WQS0551,JAMMU & KASHMIR,Medium,34.078121,74.813495,4060729320.0,4040033640.0,8,2016,monthly,10.95,388.5,27.0,True,High or Medium confidence and within 2 km of a HydroRIVERS reach,True,7586.055555555556,11289.255555555555,3.880016018881255,4.052665304301055,40544270.0,115.0,345.5,7.598,394219.0,394219.0,51884.6,0.0
WQS0552,JAMMU & KASHMIR,Medium,32.893892,75.111563,4060729330.0,4040033640.0,3,2022,monthly,2.1,542.0,27.0,True,High or Medium confidence and within 2 km of a HydroRIVERS reach,True,2707.988888888889,1628.9333333333334,3.4326468780691837,3.211903310485351,40583441.0,979.0,128.6,3.096,170760.0,170760.0,55155.0,0.0
WQS0553,JAMMU & KASHMIR,Medium,32.938527,75.165483,4060729330.0,4040033640.0,3,2022,monthly,2.0,430.0,28.0,True,High or Medium confidence and within 2 km of a HydroRIVERS reach,True,1632.1,1425.711111111111,3.2127467647840713,3.154031534239123,40582731.0,457.0,640.6,15.203,290001.0,283857.0,19075.2,0.0
WQS0554,JAMMU & KASHMIR,Medium,32.927918,75.137128,4060729330.0,4040033640.0,3,2022,monthly,1.3,589.0,26.0,True,High or Medium confidence and within 2 km of a HydroRIVERS reach,True,2406.3,8359.366666666667,3.381349771059741,3.922173375095586,40581310.0,1519.0,6.8,0.158,170760.0,170760.0,1080759.5,0.0
WQS0555,JAMMU & KASHMIR,Medium,32.571694,75.111288,4060746720.0,4040033640.0,9,2016,monthly,1.8,440.0,26.0,True,High or Medium confidence and within 2 km of a HydroRIVERS reach,True,1050.1666666666667,2678.3222222222225,3.021258229231483,3.427862824697964,40595942.0,445.0,454.7,5.857,170612.0,170612.0,29129.6,0.0
WQS0556,JAMMU & KASHMIR,Medium,32.920611,75.125547,4060729330.0,4040033640.0,9,2016,monthly,7.2,560.0,26.0,True,High or Medium confidence and within 2 km of a HydroRIVERS reach,True,2686.511111111111,7213.711111111112,3.429188641102094,3.8581587460551874,40581310.0,942.0,6.8,0.158,170760.0,170760.0,1080759.5,0.0
WQS0557,JAMMU & KASHMIR,Medium,34.074254,74.807199,4060729320.0,4040033640.0,8,2016,monthly,4.4,339.5,23.65,True,High or Medium confidence and within 2 km of a HydroRIVERS reach,True,7754.422222222222,12297.877777777778,3.889549444309702,4.089830172502706,40544269.0,493.0,5863.6,130.251,2954855.0,1679746.0,22685.9,0.0
WQS0558,JAMMU & KASHMIR,Medium,34.09033,74.784796,4060729320.0,4040033640.0,8,2016,monthly,4.25,363.0,24.5,True,High or Medium confidence and within 2 km of a HydroRIVERS reach,True,6918.333333333333,11776.133333333333,3.8400014829948756,4.071002714249122,40544043.0,633.0,6309.9,137.73,3672495.0,2351555.0,26664.5,0.0
WQS0559,JAMMU & KASHMIR,Medium,34.07107,74.827465,4060729320.0,4040033640.0,8,2016,monthly,3.95,326.5,23.5,True,High or Medium confidence and within 2 km of a HydroRIVERS reach,True,6849.733333333334,8698.277777777777,3.8356736643221856,3.939433272659025,40544270.0,1336.0,345.5,7.598,394219.0,394219.0,51884.6,0.0
WQS0560,JAMMU & KASHMIR,Medium,33.922416,75.011699,4060729320.0,4040033640.0,8,2016,monthly,3.1,289.0,22.65,True,High or Medium confidence and within 2 km of a HydroRIVERS reach,True,730.0333333333333,2154.0666666666666,2.8633426904659722,3.333259140242102,40549168.0,974.0,4599.3,107.654,1724378.0,1572564.0,16017.8,0.0
WQS0561,JAMMU & KASHMIR,Medium,34.208794,74.334486,4060729320.0,4040033640.0,8,2016,monthly,3.45,332.5,23.0,True,High or Medium confidence and within 2 km of a HydroRIVERS reach,True,1297.9333333333334,4510.111111111111,3.1132523860629533,3.6541872412899394,40540666.0,180.0,12568.3,249.616,6157332.0,1173935.0,24667.2,0.0
WQS0562,JAMMU & KASHMIR,Medium,33.788097,75.10493,4060729320.0,4040033640.0,5,2019,monthly,2.7,310.0,22.0,True,High or Medium confidence and within 2 km of a HydroRIVERS reach,True,1214.2555555555555,5661.277777777777,3.084310099167188,3.7529144646172248,40553758.0,890.0,12.5,0.287,1033138.0,32186.0,3599784.0,0.0
WQS0563,JAMMU & KASHMIR,Medium,34.005819,74.912056,4060729320.0,4040033640.0,8,2016,monthly,2.9,312.0,22.3,True,High or Medium confidence and within 2 km of a HydroRIVERS reach,True,1697.4,4148.188888888889,3.2297841978406345,3.6178585238824814,40546776.0,873.0,25.8,0.553,2078476.0,126601.0,3758546.1,0.0
WQS0564,JAMMU & KASHMIR,Medium,34.038738,74.883134,4060729320.0,4040033640.0,5,2019,monthly,4.4,310.0,22.0,True,High or Medium confidence and within 2 km of a HydroRIVERS reach,True,2108.4444444444443,4215.644444444445,3.3239621622448436,3.6248639745177096,40545630.0,367.0,19.4,0.407,2499841.0,308887.0,6142115.5,0.0
WQS0565,JAMMU & KASHMIR,Low,34.202011,75.475319,4060729320.0,4040033640.0,8,2016,monthly,2.85,299.0,23.0,False,High or Medium confidence and within 2 km of a HydroRIVERS reach,True,0.5,0.0,-0.3010299956639812,-0.3010299956639812,40539942.0,764.0,111.7,3.017,46.0,46.0,15.2,0.0
WQS0566,JAMMU & KASHMIR,Medium,34.207703,74.353433,4060729320.0,4040033640.0,8,2016,monthly,3.0,316.5,24.0,True,High or Medium confidence and within 2 km of a HydroRIVERS reach,True,1425.3111111111111,7555.599999999999,3.1539096707246634,3.8782689579328204,40540666.0,300.0,12568.3,249.616,6157332.0,1173935.0,24667.2,0.0
WQS0567,JAMMU & KASHMIR,Medium,33.542289,75.253556,4060729320.0,4040033640.0,8,2016,monthly,1.0,314.5,18.0,True,High or Medium confidence and within 2 km of a HydroRIVERS reach,True,507.4555555555556,1837.8111111111111,2.705398011467594,3.264300872872911,40560931.0,810.0,231.2,6.869,85932.0,85932.0,12510.1,0.0
WQS0568,JAMMU & KASHMIR,Medium,34.246647,74.767647,4060729320.0,4040033640.0,8,2016,monthly,1.8,238.5,15.75,True,High or Medium confidence and within 2 km of a HydroRIVERS reach,True,1287.1222222222223,1462.7444444444445,3.1096197884866696,3.165168457319961,40539397.0,12.0,1372.7,34.445,277154.0,272727.0,8046.3,0.0
WQS0569,JAMMU & KASHMIR,Medium,34.021817,75.317388,4060729320.0,4040033640.0,8,2016,monthly,1.3,210.5,15.6,True,High or Medium confidence and within 2 km of a HydroRIVERS reach,True,189.45555555555555,1375.6333333333334,2.2775073449593672,3.1385026907813636,40546290.0,426.0,627.2,17.237,26575.0,26575.0,1541.7,0.0
WQS0570,JAMMU & KASHMIR,Medium,34.035358,75.324533,4060729320.0,4040033640.0,8,2016,monthly,1.2,200.0,15.0,True,High or Medium confidence and within 2 km of a HydroRIVERS reach,True,187.8,1501.0666666666666,2.273695587930092,3.176399980932483,40546021.0,118.0,228.3,6.219,8080.0,8080.0,1299.2,0.0
WQS0571,JAMMU & KASHMIR,Medium,34.003293,75.316204,4060729320.0,4040033640.0,4,2020,monthly,2.45,133.0,16.9,True,High or Medium confidence and within 2 km of a HydroRIVERS reach,True,231.9777777777778,739.7888888888888,2.3654463838101742,2.8691078042293334,40547046.0,94.0,650.3,17.807,26575.0,26575.0,1492.4,0.0
WQS0572,JAMMU & KASHMIR,Medium,34.013002,75.31251,4060729320.0,4040033640.0,8,2016,monthly,1.2,163.5,17.0,True,High or Medium confidence and within 2 km of a HydroRIVERS reach,True,205.13333333333333,1113.1888888888889,2.3120362371917773,3.046568862844968,40547046.0,770.0,650.3,17.807,26575.0,26575.0,1492.4,0.0
WQS0573,JAMMU & KASHMIR,Medium,34.017888,75.316001,4060729320.0,4040033640.0,4,2020,monthly,2.1,182.5,16.25,True,High or Medium confidence and within 2 km of a HydroRIVERS reach,True,199.91111111111113,1167.2444444444443,2.300836932988251,3.0671618155624807,40546414.0,836.0,636.4,17.48,26575.0,26575.0,1520.3,0.0
WQS0574,JAMMU & KASHMIR,Medium,33.717786,75.091692,4060729320.0,4040033640.0,8,2016,monthly,1.25,198.5,18.45,True,High or Medium confidence and within 2 km of a HydroRIVERS reach,True,1605.4111111111113,2634.3888888888887,3.2055862644197153,3.4206798859757845,40556930.0,77.0,13.8,0.327,772203.0,81720.0,2361477.1,0.0
WQS0575,JAMMU & KASHMIR,Ambiguous / unresolved,,,,,2,2019,not reported,1.85,244.5,23.0,False,High or Medium confidence and within 2 km of a HydroRIVERS reach,False,,,,,,,,,,,,
WQS0576,JAMMU & KASHMIR,Medium,32.413614,75.689685,4060746720.0,4040033640.0,6,2019,monthly,1.0,190.0,24.0,True,High or Medium confidence and within 2 km of a HydroRIVERS reach,True,470.59999999999997,309.0888888888889,2.6726519228400023,2.4900833933487285,40598419.0,352.0,76.1,1.21,513434.0,54314.0,424325.6,0.06
WQS0577,JAMMU & KASHMIR,Medium,32.379336,75.59833,4060746720.0,4040033640.0,6,2019,monthly,1.15,244.0,23.5,True,High or Medium confidence and within 2 km of a HydroRIVERS reach,True,988.6555555555556,2067.0333333333333,2.995045011135183,3.3153474801909093,40599161.0,190.0,6325.0,172.908,632951.0,331807.0,3660.6,0.059
WQS0578,JAMMU & KASHMIR,Medium,32.379219,75.597276,4060746720.0,4040033640.0,3,2022,quarterly,2.0,351.0,31.0,True,High or Medium confidence and within 2 km of a HydroRIVERS reach,True,1013.188888888889,2031.9111111111113,3.005690418464836,3.3079047051875077,40599161.0,106.0,6325.0,172.908,632951.0,331807.0,3660.6,0.059
WQS0579,JAMMU & KASHMIR,Medium,32.495603,75.821496,4060746720.0,4040033640.0,6,2019,monthly,1.0,198.0,24.5,True,High or Medium confidence and within 2 km of a HydroRIVERS reach,True,341.67777777777775,1177.211111111111,2.5336167338402524,3.0708543525368754,40595521.0,64.0,5822.5,164.302,407007.0,269817.0,2477.2,0.062
WQS0580,JAMMU & KASHMIR,Medium,34.21323,74.768681,4060729320.0,4040033640.0,8,2016,monthly,2.05,344.5,19.0,True,High or Medium confidence and within 2 km of a HydroRIVERS reach,True,1344.4444444444443,4297.011111111111,3.128542860877125,3.6331664766738974,40540398.0,100.0,1393.1,34.793,277154.0,272727.0,7965.8,0.0
WQS0581,JAMMU & KASHMIR,Medium,34.195508,74.769814,4060729320.0,4040033640.0,8,2016,monthly,1.55,322.5,18.4,True,High or Medium confidence and within 2 km of a HydroRIVERS reach,True,1345.5444444444445,2606.7555555555555,3.1288980474421666,3.416100307788684,40540398.0,1084.0,1393.1,34.793,277154.0,272727.0,7965.8,0.0
WQS0582,JAMMU & KASHMIR,Medium,34.307819,75.283686,4060729320.0,4040033640.0,8,2016,monthly,1.0,381.0,11.6,True,High or Medium confidence and within 2 km of a HydroRIVERS reach,True,41.67777777777778,263.0111111111111,1.619904554711398,2.419974095989049,40536803.0,11.0,400.9,11.171,4427.0,4427.0,396.3,0.0
WQS0583,JAMMU & KASHMIR,Medium,34.3045,75.292767,4060729320.0,4040033640.0,8,2016,monthly,1.1,371.0,11.35,True,High or Medium confidence and within 2 km of a HydroRIVERS reach,True,41.27777777777778,345.7888888888889,1.6157163086572692,2.538811034132321,40536803.0,54.0,400.9,11.171,4427.0,4427.0,396.3,0.0
WQS0584,JAMMU & KASHMIR,Medium,34.229837,74.762405,4060729320.0,4040033640.0,8,2016,monthly,1.25,321.0,16.2,True,High or Medium confidence and within 2 km of a HydroRIVERS reach,True,1384.5777777777778,1774.1666666666667,3.1413173569836834,3.2489944153906976,40540398.0,962.0,1393.1,34.793,277154.0,272727.0,7965.8,0.0
WQS0585,JAMMU & KASHMIR,Medium,32.720956,74.843086,4060729330.0,4040033640.0,3,2021,monthly,8.6,580.0,30.0,True,High or Medium confidence and within 2 km of a HydroRIVERS reach,True,7072.711111111112,5849.111111111111,3.8495859194407687,3.7670898714033463,40589857.0,704.0,2197.2,44.149,1228556.0,748737.0,27827.5,0.0
WQS0586,JAMMU & KASHMIR,Medium,32.724181,74.875506,4060729330.0,4040033640.0,9,2016,monthly,1.25,370.0,26.0,True,High or Medium confidence and within 2 km of a HydroRIVERS reach,True,6597.7444444444445,7810.855555555555,3.8193954896699145,3.892698606567002,40589857.0,390.0,2197.2,44.149,1228556.0,748737.0,27827.5,0.0
WQS0587,JAMMU & KASHMIR,Medium,32.658276,74.829651,4060729330.0,4040033640.0,4,2021,monthly,5.25,621.0,29.0,True,High or Medium confidence and within 2 km of a HydroRIVERS reach,True,3525.9666666666667,3180.0333333333333,3.5472782023050056,3.5024316723136333,40590345.0,336.0,156.8,1.76,628298.0,628298.0,356987.5,0.0
WQS0588,JAMMU & KASHMIR,Medium,32.698334,74.830353,4060729330.0,4040033640.0,9,2016,monthly,3.2,362.0,26.0,True,High or Medium confidence and within 2 km of a HydroRIVERS reach,True,5710.666666666667,3096.144444444444,3.7566868110048692,3.490821213626435,40589857.0,499.0,2197.2,44.149,1228556.0,748737.0,27827.5,0.0
WQS0589,JAMMU & KASHMIR,Medium,32.721426,74.85681,4060729330.0,4040033640.0,5,2019,monthly,3.6,560.0,30.0,True,High or Medium confidence and within 2 km of a HydroRIVERS reach,True,7211.677777777778,8147.811111111111,3.8580363139378715,3.911040952292656,40589857.0,150.0,2197.2,44.149,1228556.0,748737.0,27827.5,0.0
WQS0590,JAMMU & KASHMIR,Medium,32.804021,74.923034,4060729330.0,4040033640.0,9,2016,monthly,1.0,320.0,26.0,True,High or Medium confidence and within 2 km of a HydroRIVERS reach,True,1084.388888888889,2932.722222222222,3.0351850589647325,3.4672709299873405,40585932.0,129.0,99.3,1.847,990082.0,50462.0,536048.7,0.0
WQS0591,JAMMU & KASHMIR,Medium,32.786667,74.978889,4060729330.0,4040033640.0,8,2017,monthly,2.4,366.0,27.5,True,High or Medium confidence and within 2 km of a HydroRIVERS reach,True,379.6111111111111,144.89999999999998,2.579338915619381,2.1610683854711743,40586191.0,572.0,1867.1,39.073,939620.0,813214.0,24047.8,0.0
WQS0592,JAMMU & KASHMIR,Medium,32.72058,74.857312,4060729330.0,4040033640.0,9,2016,monthly,3.9,380.0,26.0,True,High or Medium confidence and within 2 km of a HydroRIVERS reach,True,7247.522222222222,7911.0,3.860189555655002,3.898231384513097,40589857.0,55.0,2197.2,44.149,1228556.0,748737.0,27827.5,0.0
WQS0593,JAMMU & KASHMIR,Medium,32.667971,75.486415,4060746720.0,4040033640.0,8,2016,monthly,1.0,290.0,26.0,True,High or Medium confidence and within 2 km of a HydroRIVERS reach,True,272.6111111111111,166.82222222222222,2.4355435528776095,2.222253902091042,40590471.0,312.0,352.5,6.156,61775.0,61775.0,10034.9,0.0
WQS0594,JAMMU & KASHMIR,Medium,33.759848,74.095031,4060729320.0,4040033640.0,3,2019,monthly,1.0,165.0,24.0,True,High or Medium confidence and within 2 km of a HydroRIVERS reach,True,982.4111111111112,3520.7,2.9922932657137813,3.5466290202717263,40554183.0,63.0,1178.7,16.257,251117.0,251117.0,15446.7,0.0
WQS0595,JAMMU & KASHMIR,Medium,32.720904,74.835609,4060729330.0,4040033640.0,7,2017,monthly,8.0,490.0,26.0,True,High or Medium confidence and within 2 km of a HydroRIVERS reach,True,6827.177777777778,4671.422222222222,3.8342412119043576,3.6694491223711028,40589857.0,1028.0,2197.2,44.149,1228556.0,748737.0,27827.5,0.0
WQS0596,JHARKHAND,Medium,23.681006,86.751872,4060964080.0,4040025460.0,8,2016,monthly,1.8,,33.5,True,High or Medium confidence and within 2 km of a HydroRIVERS reach,True,774.9444444444445,1355.388888888889,2.889270569169482,3.132063921090031,41043801.0,273.0,11325.1,203.361,9572661.0,2137545.0,47072.3,0.0
WQS0597,JHARKHAND,Medium,23.761172,86.011903,4060964080.0,4040025460.0,8,2016,monthly,2.8,,33.0,True,High or Medium confidence and within 2 km of a HydroRIVERS reach,True,1915.1444444444444,4929.411111111111,3.28220153499364,3.6927950396685354,41039327.0,457.0,6967.1,118.858,4825682.0,1367956.0,40600.4,0.0
WQS0598,JHARKHAND,Medium,23.640906,85.510328,4060961650.0,4040025460.0,5,2016,monthly,3.5,,34.0,True,High or Medium confidence and within 2 km of a HydroRIVERS reach,True,2858.4333333333334,7299.588888888889,3.456128067705411,3.8632984014472136,41045741.0,144.0,3526.1,59.582,1953963.0,922508.0,32794.5,0.0
WQS0599,JHARKHAND,Medium,23.633408,85.709433,4060961650.0,4040025460.0,5,2016,monthly,2.8,,34.0,True,High or Medium confidence and within 2 km of a HydroRIVERS reach,True,441.35555555555555,617.5666666666667,2.644788597632174,2.79068384679431,41045935.0,560.0,4163.5,71.254,2517049.0,1116756.0,35325.0,0.0
WQS0600,JHARKHAND,High,25.054889,87.838639,4060929710.0,4040025450.0,9,2016,monthly,2.7,322.0,36.0,True,High or Medium confidence and within 2 km of a HydroRIVERS reach,True,729.9777777777778,2494.922222222222,2.8633096393870523,3.397057011287581,40970920.0,1051.0,223.0,5.452,132401.0,132401.0,24284.8,0.0
WQS0601,JHARKHAND,Medium,23.455233,85.310539,4060026820.0,4040025460.0,8,2016,monthly,3.45,,26.5,True,High or Medium confidence and within 2 km of a HydroRIVERS reach,True,1806.2333333333333,1593.6333333333334,3.2567738527512753,3.202388405122878,41056118.0,891.0,139.0,3.025,554572.0,554572.0,183329.6,0.0
WQS0602,JHARKHAND,High,23.925367,85.765203,4060961540.0,4040025460.0,4,2016,monthly,2.3,,32.75,True,High or Medium confidence and within 2 km of a HydroRIVERS reach,True,270.9222222222222,198.0111111111111,2.43284462922168,2.2966895607607887,41034732.0,81.0,1014.3,16.555,921966.0,568781.0,55691.1,0.0
WQS0603,JHARKHAND,High,23.780586,85.876131,4060961540.0,4040025460.0,8,2016,monthly,1.45,,32.0,True,High or Medium confidence and within 2 km of a HydroRIVERS reach,True,1582.4111111111113,3991.766666666667,3.1993193237205597,3.601165147259431,41039535.0,119.0,1984.4,33.387,1465364.0,547211.0,43890.3,0.0
WQS0604,JHARKHAND,Medium,24.324314,85.522031,4060963930.0,4040025460.0,4,2016,monthly,2.3,,33.0,True,High or Medium confidence and within 2 km of a HydroRIVERS reach,True,583.0,1193.111111111111,2.765668554759014,3.076680890187894,41010582.0,138.0,970.7,14.701,614468.0,614468.0,41797.7,0.0
WQS0605,JHARKHAND,Medium,23.652631,85.318525,4060961650.0,4040025460.0,5,2016,monthly,2.9,,34.0,True,High or Medium confidence and within 2 km of a HydroRIVERS reach,True,2466.922222222222,2392.9777777777776,3.3921554571540304,3.378938665586568,41045085.0,443.0,260.7,5.04,222321.0,222321.0,44111.3,0.0
WQS0606,JHARKHAND,Medium,24.112461,87.310836,4060026610.0,4040025460.0,7,2016,monthly,1.8,318.0,34.0,True,High or Medium confidence and within 2 km of a HydroRIVERS reach,True,177.44444444444446,247.10000000000002,2.2490624066991582,2.3928727454020793,41023161.0,457.0,1891.5,46.073,983112.0,705609.0,21338.1,0.0
WQS0607,JHARKHAND,Medium,23.785806,86.813612,4060963930.0,4040025460.0,6,2016,monthly,2.0999999999999996,,28.5,True,High or Medium confidence and within 2 km of a HydroRIVERS reach,True,1831.011111111111,1042.1444444444444,3.2626909797356682,3.017927917694387,41038725.0,97.0,6401.5,105.626,4370271.0,836850.0,41375.0,0.0
WQS0608,JHARKHAND,Medium,23.770609,85.922067,4060961540.0,4040025460.0,8,2016,monthly,2.6500000000000004,,33.75,True,High or Medium confidence and within 2 km of a HydroRIVERS reach,True,1695.822222222222,2562.9444444444443,3.229380322004001,3.408739192320524,41039535.0,74.0,1984.4,33.387,1465364.0,547211.0,43890.3,0.0
WQS0609,JHARKHAND,Medium,23.746417,85.845914,4060961650.0,4040025460.0,7,2018,monthly,2.6,,33.0,True,High or Medium confidence and within 2 km of a HydroRIVERS reach,True,1113.9333333333334,953.8000000000001,3.04685919996533,2.9794573180978485,41041063.0,352.0,4562.9,78.156,2709487.0,1044811.0,34667.7,0.0
WQS0610,JHARKHAND,Medium,23.643092,86.464492,4060964080.0,4040025460.0,8,2016,monthly,2.25,,35.0,True,High or Medium confidence and within 2 km of a HydroRIVERS reach,True,2269.1555555555556,690.7666666666667,3.3558642687380726,2.8393313722769933,41045744.0,55.0,9143.8,159.721,8123514.0,3061835.0,50860.7,0.0
WQS0611,JHARKHAND,Medium,23.668051,86.413068,4060964080.0,4040025460.0,4,2021,quarterly,3.0,514.0,31.0,True,High or Medium confidence and within 2 km of a HydroRIVERS reach,True,3007.366666666667,2483.0333333333333,3.478186381742706,3.3949825497541455,41045299.0,144.0,9057.7,158.016,8123514.0,3304317.0,51409.4,0.0
WQS0612,JHARKHAND,Medium,23.766122,86.022026,4060964080.0,4040025460.0,7,2018,monthly,2.7,,35.0,True,High or Medium confidence and within 2 km of a HydroRIVERS reach,True,1877.3999999999999,1725.5888888888887,3.273556813529837,3.2369373356701847,41040218.0,532.0,6997.8,119.423,4825682.0,1279769.0,40408.3,0.0
WQS0613,JHARKHAND,Medium,23.68358,85.008402,4060961650.0,4040025460.0,6,2019,monthly,2.9,,27.0,True,High or Medium confidence and within 2 km of a HydroRIVERS reach,True,1342.2222222222222,1377.8111111111111,3.1278244248457883,3.1391896827203722,41043592.0,13.0,929.6,15.491,390336.0,390336.0,25197.6,0.0
WQS0614,JHARKHAND,Medium,23.718122,86.201578,4060964080.0,4040025460.0,7,2018,monthly,2.8,,32.0,True,High or Medium confidence and within 2 km of a HydroRIVERS reach,True,1222.9333333333334,932.688888888889,3.087402782666201,2.9697368030489204,41042158.0,68.0,8456.3,146.527,6363330.0,2311522.0,43427.7,0.0
WQS0615,JHARKHAND,Medium,23.771032,85.913316,4060961540.0,4040025460.0,7,2018,monthly,2.4,,33.0,True,High or Medium confidence and within 2 km of a HydroRIVERS reach,True,1795.2444444444445,2926.5555555555557,3.254123591435495,3.466356772852115,41039535.0,580.0,1984.4,33.387,1465364.0,547211.0,43890.3,0.0
WQS0616,JHARKHAND,Medium,23.700981,86.372953,4060964080.0,4040025460.0,8,2016,monthly,2.3499999999999996,,34.0,True,High or Medium confidence and within 2 km of a HydroRIVERS reach,True,3129.4444444444443,1776.2555555555555,3.4954672461320446,3.249505449270979,41044038.0,887.0,9016.4,157.31,8123514.0,3518887.0,51640.2,0.0
WQS0617,JHARKHAND,Medium,22.647472,86.399111,4060026820.0,4040025460.0,2,2023,monthly,3.6,274.0,37.5,True,High or Medium confidence and within 2 km of a HydroRIVERS reach,True,694.9777777777778,852.7,2.8419709180537365,2.9307962629833004,41098038.0,55.0,14100.0,344.333,8630425.0,2339498.0,25064.2,0.0
WQS0618,JHARKHAND,Medium,25.05634,87.83515,4060929710.0,4040025450.0,7,2018,monthly,1.6,318.0,36.0,True,High or Medium confidence and within 2 km of a HydroRIVERS reach,True,709.2333333333333,2880.488888888889,2.850789138861387,3.459466204331318,40968236.0,896.0,339.4,8.217,181264.0,181264.0,22059.6,0.0
WQS0619,JHARKHAND,Medium,25.210819,87.769721,4060921220.0,4040025450.0,7,2018,monthly,2.4,316.0,37.0,True,High or Medium confidence and within 2 km of a HydroRIVERS reach,True,279.26666666666665,76.48888888888888,2.4460191013055383,1.8835983522161976,40961968.0,1492.0,14.4,0.339,505051335.0,50356.0,1489826946.9,0.187
WQS0620,JHARKHAND,High,25.292498,87.63183,4060921220.0,4040025450.0,7,2018,monthly,2.2,316.0,36.0,True,High or Medium confidence and within 2 km of a HydroRIVERS reach,True,148.24444444444444,0.0,2.1709784268772396,-0.3010299956639812,40956068.0,1292.0,151.0,3.313,156422.0,156422.0,47214.6,0.0
WQS0621,JHARKHAND,Medium,23.7127,86.192737,4060964080.0,4040025460.0,6,2019,monthly,3.6,,31.25,True,High or Medium confidence and within 2 km of a HydroRIVERS reach,True,1738.6666666666667,1153.288888888889,3.2402163280042013,3.061938107932458,41042158.0,665.0,8456.3,146.527,6363330.0,2311522.0,43427.7,0.0
WQS0622,JHARKHAND,Ambiguous / unresolved,,,,,3,2022,not reported,11.1,,29.0,False,High or Medium confidence and within 2 km of a HydroRIVERS reach,False,,,,,,,,,,,,
WQS0623,JHARKHAND,Ambiguous / unresolved,,,,,3,2022,not reported,11.7,,27.0,False,High or Medium confidence and within 2 km of a HydroRIVERS reach,False,,,,,,,,,,,,
WQS0624,JHARKHAND,Medium,23.769473,86.183249,4060964080.0,4040025460.0,3,2022,monthly,2.9,,35.5,True,High or Medium confidence and within 2 km of a HydroRIVERS reach,True,2006.1777777777777,746.9444444444445,3.3023694154674987,2.8732883014560144,41040219.0,106.0,946.9,17.112,690608.0,690608.0,40358.1,0.0
WQS0625,JHARKHAND,Medium,23.411517,85.402979,4060026820.0,4040025460.0,6,2019,monthly,3.05,,28.0,True,High or Medium confidence and within 2 km of a HydroRIVERS reach,True,3148.777777777778,5328.855555555555,3.4981420117669546,3.7266339483746407,41057744.0,160.0,284.2,6.458,672118.0,672118.0,104075.3,0.0
WQS0626,JHARKHAND,Ambiguous / unresolved,,,,,8,2016,not reported,2.45,,27.0,False,High or Medium confidence and within 2 km of a HydroRIVERS reach,False,,,,,,,,,,,,
WQS0627,JHARKHAND,Medium,23.731853,86.316924,4060964080.0,4040025460.0,3,2022,monthly,2.4,,34.0,True,High or Medium confidence and within 2 km of a HydroRIVERS reach,True,1408.5888888888887,759.0666666666667,3.1487842583050165,2.8802799204198477,41042162.0,603.0,375.6,7.363,716966.0,716966.0,97374.2,0.0
WQS0628,JHARKHAND,Medium,22.828921,86.158853,4060026820.0,4040025460.0,2,2023,monthly,4.5,322.5,36.0,True,High or Medium confidence and within 2 km of a HydroRIVERS reach,True,5653.344444444444,5792.855555555555,3.7523054467663925,3.7628926995318106,41087568.0,911.0,12684.8,309.682,7604537.0,2109285.0,24556.0,0.0
WQS0629,JHARKHAND,Ambiguous / unresolved,,,,,7,2016,not reported,2.5,0.0,32.0,False,High or Medium confidence and within 2 km of a HydroRIVERS reach,False,,,,,,,,,,,,
WQS0630,JHARKHAND,Ambiguous / unresolved,,,,,7,2016,not reported,2.8,278.0,35.0,False,High or Medium confidence and within 2 km of a HydroRIVERS reach,False,,,,,,,,,,,,
WQS0631,JHARKHAND,Medium,22.371809,85.202468,4061001220.0,4040025460.0,2,2023,monthly,2.85,372.5,38.0,True,High or Medium confidence and within 2 km of a HydroRIVERS reach,True,719.2555555555556,4167.2555555555555,2.8568832250813814,3.619850134238038,41110597.0,53.0,550.4,15.378,57738.0,57738.0,3754.6,0.0
WQS0632,JHARKHAND,High,23.79413,85.863369,4060961540.0,4040025460.0,7,2018,monthly,2.6,,34.0,True,High or Medium confidence and within 2 km of a HydroRIVERS reach,True,1824.1555555555558,1636.8777777777777,3.2610618701979095,3.2140162527666574,41038298.0,128.0,1339.3,22.291,1052555.0,250340.0,47218.8,0.0
WQS0633,JHARKHAND,Medium,24.281485,87.208617,4060026610.0,4040025460.0,2,2023,monthly,1.3,176.0,32.0,True,High or Medium confidence and within 2 km of a HydroRIVERS reach,True,2019.8000000000002,380.22222222222223,3.3053083678641437,2.580037495765757,41013422.0,179.0,1432.0,33.498,862415.0,862415.0,25745.3,0.0
WQS0634,JHARKHAND,Ambiguous / unresolved,,,,,6,2016,not reported,2.8,,29.5,False,High or Medium confidence and within 2 km of a HydroRIVERS reach,False,,,,,,,,,,,,
WQS0635,JHARKHAND,Ambiguous / unresolved,,,,,7,2016,not reported,2.7,,32.0,False,High or Medium confidence and within 2 km of a HydroRIVERS reach,False,,,,,,,,,,,,
WQS0636,JHARKHAND,Ambiguous / unresolved,,,,,9,2016,not reported,2.4,0.0,27.0,False,High or Medium confidence and within 2 km of a HydroRIVERS reach,False,,,,,,,,,,,,
WQS0637,JHARKHAND,Ambiguous / unresolved,,,,,4,2021,not reported,3.55,222.5,33.75,False,High or Medium confidence and within 2 km of a HydroRIVERS reach,False,,,,,,,,,,,,
WQS0638,JHARKHAND,Ambiguous / unresolved,,,,,5,2020,not reported,2.0,346.0,33.0,False,High or Medium confidence and within 2 km of a HydroRIVERS reach,False,,,,,,,,,,,,
WQS0639,JHARKHAND,Ambiguous / unresolved,,,,,9,2016,not reported,6.7,356.0,32.0,False,High or Medium confidence and within 2 km of a HydroRIVERS reach,False,,,,,,,,,,,,
WQS0640,JHARKHAND,Ambiguous / unresolved,,,,,9,2016,not reported,3.8,,30.0,False,High or Medium confidence and within 2 km of a HydroRIVERS reach,False,,,,,,,,,,,,
WQS0641,JHARKHAND,Ambiguous / unresolved,,,,,4,2021,not reported,2.8499999999999996,,26.0,False,High or Medium confidence and within 2 km of a HydroRIVERS reach,False,,,,,,,,,,,,
WQS0642,JHARKHAND,Ambiguous / unresolved,,,,,4,2021,not reported,2.2,274.5,33.5,False,High or Medium confidence and within 2 km of a HydroRIVERS reach,False,,,,,,,,,,,,
WQS0643,JHARKHAND,Ambiguous / unresolved,,,,,4,2021,not reported,2.6500000000000004,,26.5,False,High or Medium confidence and within 2 km of a HydroRIVERS reach,False,,,,,,,,,,,,
WQS0644,JHARKHAND,Ambiguous / unresolved,,,,,4,2021,not reported,2.9,,25.3,False,High or Medium confidence and within 2 km of a HydroRIVERS reach,False,,,,,,,,,,,,
WQS0645,JHARKHAND,Ambiguous / unresolved,,,,,4,2021,not reported,2.1,234.0,37.0,False,High or Medium confidence and within 2 km of a HydroRIVERS reach,False,,,,,,,,,,,,
WQS0646,JHARKHAND,Ambiguous / unresolved,,,,,5,2019,not reported,3.0,,28.0,False,High or Medium confidence and within 2 km of a HydroRIVERS reach,False,,,,,,,,,,,,
WQS0647,JHARKHAND,Ambiguous / unresolved,,,,,4,2021,not reported,2.95,,26.0,False,High or Medium confidence and within 2 km of a HydroRIVERS reach,False,,,,,,,,,,,,
WQS0648,JHARKHAND,Ambiguous / unresolved,,,,,5,2019,not reported,2.8,,24.0,False,High or Medium confidence and within 2 km of a HydroRIVERS reach,False,,,,,,,,,,,,
WQS0649,JHARKHAND,Ambiguous / unresolved,,,,,4,2021,not reported,1.5,262.5,34.0,False,High or Medium confidence and within 2 km of a HydroRIVERS reach,False,,,,,,,,,,,,
WQS0650,JHARKHAND,Ambiguous / unresolved,,,,,9,2016,not reported,1.1,273.0,36.0,False,High or Medium confidence and within 2 km of a HydroRIVERS reach,False,,,,,,,,,,,,
WQS0651,JHARKHAND,Ambiguous / unresolved,,,,,8,2016,not reported,1.1,230.0,33.0,False,High or Medium confidence and within 2 km of a HydroRIVERS reach,False,,,,,,,,,,,,
WQS0652,JHARKHAND,Ambiguous / unresolved,,,,,8,2016,not reported,1.0,214.0,32.25,False,High or Medium confidence and within 2 km of a HydroRIVERS reach,False,,,,,,,,,,,,
WQS0653,JHARKHAND,Ambiguous / unresolved,,,,,9,2016,not reported,2.8,278.0,27.0,False,High or Medium confidence and within 2 km of a HydroRIVERS reach,False,,,,,,,,,,,,
WQS0654,JHARKHAND,Ambiguous / unresolved,,,,,8,2016,not reported,2.5,,26.5,False,High or Medium confidence and within 2 km of a HydroRIVERS reach,False,,,,,,,,,,,,
WQS0655,JHARKHAND,Ambiguous / unresolved,,,,,9,2016,not reported,4.0,348.0,36.0,False,High or Medium confidence and within 2 km of a HydroRIVERS reach,False,,,,,,,,,,,,
WQS0656,JHARKHAND,Ambiguous / unresolved,,,,,9,2016,not reported,3.0,,28.0,False,High or Medium confidence and within 2 km of a HydroRIVERS reach,False,,,,,,,,,,,,
WQS0657,JHARKHAND,Ambiguous / unresolved,,,,,9,2016,not reported,3.4,,30.0,False,High or Medium confidence and within 2 km of a HydroRIVERS reach,False,,,,,,,,,,,,
WQS0658,KARNATAKA,Ambiguous / unresolved,,,,,9,2016,not reported,14.0,1520.0,31.0,False,High or Medium confidence and within 2 km of a HydroRIVERS reach,False,,,,,,,,,,,,
WQS0659,KARNATAKA,Ambiguous / unresolved,,,,,5,2018,not reported,21.0,976.0,32.0,False,High or Medium confidence and within 2 km of a HydroRIVERS reach,False,,,,,,,,,,,,
WQS0660,KARNATAKA,Ambiguous / unresolved,,,,,8,2016,not reported,15.0,1493.0,31.85,False,High or Medium confidence and within 2 km of a HydroRIVERS reach,False,,,,,,,,,,,,
WQS0661,KARNATAKA,Medium,16.503131,75.116569,4061097120.0,4040027940.0,2,2016,not reported,18.45,1750.0,35.0,True,High or Medium confidence and within 2 km of a HydroRIVERS reach,True,958.1777777777778,446.53333333333336,2.9814460944073287,2.649853884148167,41280873.0,412.0,21517.8,533.785,11611808.0,981461.0,21753.7,0.0
WQS0662,KARNATAKA,Medium,16.7341,77.130744,4061096370.0,4040027940.0,9,2016,not reported,3.0,1324.0,35.0,True,High or Medium confidence and within 2 km of a HydroRIVERS reach,True,1007.811111111111,447.85555555555555,3.003379142140054,2.6511379659171372,41276019.0,178.0,69847.5,448.661,34415237.0,350220.0,76706.5,0.002
WQS0663,KARNATAKA,Medium,17.179219,76.566603,4061096370.0,4040027940.0,9,2016,not reported,4.0,1538.0,31.0,True,High or Medium confidence and within 2 km of a HydroRIVERS reach,True,199.77777777777777,5.5,2.300547177957885,0.7403626894942439,41264055.0,222.0,54772.7,384.888,31101694.0,235204.0,80807.1,0.002
WQS0664,KARNATAKA,Medium,17.069328,76.794283,4061096370.0,4040027940.0,9,2016,not reported,4.0,1295.0,31.0,True,High or Medium confidence and within 2 km of a HydroRIVERS reach,True,131.88888888888889,368.4222222222222,2.1202082095152663,2.5663458177718805,41266994.0,84.0,57803.1,393.856,31847555.0,535684.0,80860.9,0.002
WQS0665,KARNATAKA,Medium,17.043481,76.814478,4061096370.0,4040027940.0,9,2016,not reported,3.3,1278.0,31.0,True,High or Medium confidence and within 2 km of a HydroRIVERS reach,True,129.82222222222222,432.17777777777775,2.113349038862187,2.635662432059936,41267399.0,450.0,58051.1,394.523,31897671.0,557073.0,80851.2,0.002
WQS0666,KARNATAKA,Ambiguous / unresolved,,,,,8,2016,not reported,2.55,319.5,28.0,False,High or Medium confidence and within 2 km of a HydroRIVERS reach,False,,,,,,,,,,,,
WQS0667,KARNATAKA,Ambiguous / unresolved,,,,,9,2016,not reported,2.0,172.0,29.0,False,High or Medium confidence and within 2 km of a HydroRIVERS reach,False,,,,,,,,,,,,
WQS0668,KARNATAKA,Medium,12.25531,77.163515,4061139430.0,4040028760.0,9,2016,not reported,2.9,428.0,30.0,True,High or Medium confidence and within 2 km of a HydroRIVERS reach,True,342.6666666666667,452.5111111111111,2.5348718599395945,2.6556292474859724,41362541.0,104.0,22109.9,185.931,8955511.0,531624.0,48165.8,0.0
WQS0669,KARNATAKA,Medium,12.414678,77.194984,4061139400.0,4040028760.0,8,2017,not reported,2.75,473.5,28.0,True,High or Medium confidence and within 2 km of a HydroRIVERS reach,True,594.9666666666667,1229.6,2.7744926348239294,3.0897638544916886,41360001.0,490.0,8256.1,4.803,4077512.0,1022273.0,848951.1,0.0
WQS0670,KARNATAKA,Ambiguous / unresolved,,,,,4,2017,not reported,2.0,100.5,28.0,False,High or Medium confidence and within 2 km of a HydroRIVERS reach,False,,,,,,,,,,,,
WQS0671,KARNATAKA,Ambiguous / unresolved,,,,,8,2017,not reported,2.05,329.0,28.0,False,High or Medium confidence and within 2 km of a HydroRIVERS reach,False,,,,,,,,,,,,
WQS0672,KARNATAKA,Medium,13.3839,78.020738,4060028550.0,4040027950.0,2,2018,not reported,62.0,1439.0,25.0,True,High or Medium confidence and within 2 km of a HydroRIVERS reach,True,1070.388888888889,360.4555555555555,3.029541592277925,2.5568517235162003,41343603.0,1076.0,70.4,0.12,49223.0,49223.0,410191.7,0.0
WQS0673,KARNATAKA,Ambiguous / unresolved,,,,,9,2016,not reported,2.7,720.0,30.0,False,High or Medium confidence and within 2 km of a HydroRIVERS reach,False,,,,,,,,,,,,
WQS0674,KARNATAKA,Medium,12.086597,77.198793,4061139430.0,4040028760.0,3,2018,not reported,1.5,179.0,28.0,True,High or Medium confidence and within 2 km of a HydroRIVERS reach,True,75.13333333333334,17.177777777777777,1.8758326569904253,1.2349669801429812,41366558.0,359.0,119.3,0.201,17260.0,17260.0,85870.6,0.0
WQS0675,KARNATAKA,Medium,17.107483,76.955311,4061096370.0,4040027940.0,8,2016,not reported,3.05,639.0,32.0,True,High or Medium confidence and within 2 km of a HydroRIVERS reach,True,782.5777777777778,527.3666666666667,2.893527511433929,2.722112675817239,41266779.0,681.0,9611.0,45.691,2079936.0,313240.0,45521.8,0.0
WQS0676,KARNATAKA,Ambiguous / unresolved,,,,,9,2016,not reported,2.8,956.0,31.0,False,High or Medium confidence and within 2 km of a HydroRIVERS reach,False,,,,,,,,,,,,
WQS0677,KARNATAKA,Medium,16.325069,75.899925,4061098680.0,4040027940.0,9,2016,not reported,3.0,1380.0,34.0,True,High or Medium confidence and within 2 km of a HydroRIVERS reach,True,440.0,449.32222222222225,2.6434526764861874,2.6525578981163447,41285252.0,221.0,33687.3,713.822,16259355.0,635544.0,22777.9,0.0
WQS0678,KARNATAKA,Medium,16.242436,76.370678,4061098040.0,4040027940.0,8,2016,not reported,3.15,1634.0,32.0,True,High or Medium confidence and within 2 km of a HydroRIVERS reach,True,295.70000000000005,60.65555555555555,2.4708513245261177,1.7828705848666364,41287677.0,312.0,47655.2,787.354,19466721.0,385990.0,24724.2,0.003
WQS0679,KARNATAKA,Medium,16.369172,76.656647,4061096410.0,4040027940.0,9,2016,not reported,3.0,1202.0,30.0,True,High or Medium confidence and within 2 km of a HydroRIVERS reach,True,182.1888888888889,361.46666666666664,2.260521887228714,2.5580682541887856,41284880.0,319.0,52177.4,804.726,20179568.0,404808.0,25076.3,0.003
WQS0680,KARNATAKA,Ambiguous / unresolved,,,,,9,2016,not reported,2.8,998.0,32.0,False,High or Medium confidence and within 2 km of a HydroRIVERS reach,False,,,,,,,,,,,,
WQS0681,KARNATAKA,Medium,15.875672,75.722272,4061098720.0,4040027940.0,9,2016,not reported,3.3,1323.0,26.0,True,High or Medium confidence and within 2 km of a HydroRIVERS reach,True,249.2555555555556,1217.322222222222,2.3966448469043877,3.085405550136904,41295281.0,68.0,9903.8,69.909,2370541.0,458032.0,33909.0,0.013
WQS0682,KARNATAKA,Medium,16.009319,75.878022,4061098720.0,4040027940.0,9,2016,not reported,3.3,1240.0,27.0,True,High or Medium confidence and within 2 km of a HydroRIVERS reach,True,215.88888888888889,252.5222222222222,2.3342302911604578,2.4022996025094354,41292023.0,585.0,10594.9,69.735,2537139.0,257406.0,36382.6,0.012
WQS0683,KARNATAKA,Ambiguous / unresolved,,,,,9,2016,not reported,2.9,342.0,30.0,False,High or Medium confidence and within 2 km of a HydroRIVERS reach,False,,,,,,,,,,,,
WQS0684,KARNATAKA,Ambiguous / unresolved,,,,,9,2016,not reported,2.8,480.0,32.0,False,High or Medium confidence and within 2 km of a HydroRIVERS reach,False,,,,,,,,,,,,
WQS0685,KARNATAKA,Ambiguous / unresolved,,,,,1,2016,not reported,1.0,136.0,33.0,False,High or Medium confidence and within 2 km of a HydroRIVERS reach,False,,,,,,,,,,,,
WQS0686,KARNATAKA,Ambiguous / unresolved,,,,,6,2018,not reported,12.5,1391.5,26.0,False,High or Medium confidence and within 2 km of a HydroRIVERS reach,False,,,,,,,,,,,,
WQS0687,KARNATAKA,Ambiguous / unresolved,,,,,2,2023,not reported,8.0,1125.0,36.5,False,High or Medium confidence and within 2 km of a HydroRIVERS reach,False,,,,,,,,,,,,
WQS0688,KARNATAKA,Medium,13.832272,75.713164,4061113150.0,4040027940.0,9,2016,not reported,4.2,320.0,29.0,True,High or Medium confidence and within 2 km of a HydroRIVERS reach,True,1744.1444444444444,2610.277777777778,3.2415824489609317,3.4166867260880616,41334292.0,31.0,3017.1,55.465,636735.0,410198.0,11479.9,0.0
WQS0689,KARNATAKA,Ambiguous / unresolved,,,,,9,2016,not reported,3.2,290.0,29.0,False,High or Medium confidence and within 2 km of a HydroRIVERS reach,False,,,,,,,,,,,,
WQS0690,KARNATAKA,Ambiguous / unresolved,,,,,9,2016,not reported,2.0,134.0,28.0,False,High or Medium confidence and within 2 km of a HydroRIVERS reach,False,,,,,,,,,,,,
WQS0691,KARNATAKA,Medium,13.212753,75.234217,4061113150.0,4040027940.0,9,2016,not reported,2.0,120.0,29.0,True,High or Medium confidence and within 2 km of a HydroRIVERS reach,True,77.08888888888889,31.88888888888889,1.8869917860667162,1.5036393872946674,41345309.0,234.0,84.2,5.42,9061.0,9061.0,1671.8,0.0
WQS0692,KARNATAKA,Medium,13.812647,75.716319,4061113150.0,4040027940.0,9,2016,not reported,2.6,270.0,29.0,True,High or Medium confidence and within 2 km of a HydroRIVERS reach,True,1585.2777777777778,588.0444444444444,3.200105371781671,2.7694101513270444,41334292.0,187.0,3017.1,55.465,636735.0,410198.0,11479.9,0.0
WQS0693,KARNATAKA,Medium,13.845247,75.704467,4061113150.0,4040027940.0,2,2023,not reported,3.15,230.0,27.0,True,High or Medium confidence and within 2 km of a HydroRIVERS reach,True,1748.5555555555557,7034.111111111111,3.242679435380134,3.8472092241687705,41333528.0,165.0,3035.2,55.503,636735.0,410198.0,11472.1,0.0
WQS0694,KARNATAKA,Medium,17.169773,76.935497,4061096370.0,4040027940.0,5,2020,not reported,3.0,1420.0,29.0,True,High or Medium confidence and within 2 km of a HydroRIVERS reach,True,610.2666666666667,70.72222222222223,2.7855196490355993,1.8495558985503493,41265544.0,1191.0,158.7,0.658,66027.0,66027.0,100345.0,0.0
WQS0695,KARNATAKA,Ambiguous / unresolved,,,,,2,2023,not reported,3.45,1840.0,29.0,False,High or Medium confidence and within 2 km of a HydroRIVERS reach,False,,,,,,,,,,,,
WQS0696,KARNATAKA,Medium,12.24452,77.471777,4061145690.0,4040028760.0,7,2018,not reported,1.0,542.0,25.5,True,High or Medium confidence and within 2 km of a HydroRIVERS reach,True,5.077777777777778,0.0,0.7056736906305254,-0.3010299956639812,41363353.0,85.0,35650.4,192.735,18158371.0,507666.0,94214.2,0.0
WQS0697,KARNATAKA,Ambiguous / unresolved,,,,,2,2023,not reported,1.8,126.0,23.5,False,High or Medium confidence and within 2 km of a HydroRIVERS reach,False,,,,,,,,,,,,
WQS0698,KARNATAKA,Ambiguous / unresolved,,,,,9,2016,not reported,3.0,454.0,29.0,False,High or Medium confidence and within 2 km of a HydroRIVERS reach,False,,,,,,,,,,,,
WQS0699,KARNATAKA,Medium,12.418187,76.679259,4061140240.0,4040028760.0,9,2016,not reported,2.5,330.0,27.0,True,High or Medium confidence and within 2 km of a HydroRIVERS reach,True,767.3,3025.788888888889,2.8849651982007325,3.480838623756901,41359533.0,984.0,11177.5,107.257,4867842.0,667801.0,45384.8,0.0
WQS0700,KARNATAKA,Ambiguous / unresolved,,,,,2,2023,not reported,2.75,449.0,28.0,False,High or Medium confidence and within 2 km of a HydroRIVERS reach,False,,,,,,,,,,,,
WQS0701,KARNATAKA,Ambiguous / unresolved,,,,,2,2023,not reported,4.35,548.5,28.5,False,High or Medium confidence and within 2 km of a HydroRIVERS reach,False,,,,,,,,,,,,
WQS0702,KARNATAKA,Ambiguous / unresolved,,,,,8,2017,not reported,2.4,329.5,28.0,False,High or Medium confidence and within 2 km of a HydroRIVERS reach,False,,,,,,,,,,,,
WQS0703,KARNATAKA,Ambiguous / unresolved,,,,,2,2023,not reported,4.75,532.5,27.5,False,High or Medium confidence and within 2 km of a HydroRIVERS reach,False,,,,,,,,,,,,
WQS0704,KARNATAKA,Ambiguous / unresolved,,,,,8,2016,not reported,1.9,157.0,27.0,False,High or Medium confidence and within 2 km of a HydroRIVERS reach,False,,,,,,,,,,,,
WQS0705,KARNATAKA,Medium,12.425022,76.653544,4061140240.0,4040028760.0,9,2016,not reported,3.0,364.0,27.0,True,High or Medium confidence and within 2 km of a HydroRIVERS reach,True,683.9777777777778,130.97777777777776,2.8350419918586196,2.1171976177385625,41359458.0,689.0,11151.9,109.379,4867842.0,919669.0,44504.4,0.0
WQS0706,KARNATAKA,Medium,12.423705,76.693672,4061140240.0,4040028760.0,9,2016,not reported,3.6,374.0,29.0,True,High or Medium confidence and within 2 km of a HydroRIVERS reach,True,787.1444444444445,2598.2555555555555,2.8960544346069255,3.414681864561989,41359533.0,268.0,11177.5,107.257,4867842.0,667801.0,45384.8,0.0
WQS0707,KARNATAKA,Medium,12.259171,77.161325,4061139430.0,4040028760.0,8,2017,not reported,2.8,431.5,29.0,True,High or Medium confidence and within 2 km of a HydroRIVERS reach,True,370.27777777777777,194.82222222222222,2.568527648646572,2.2896384927789937,41362541.0,323.0,22109.9,185.931,8955511.0,531624.0,48165.8,0.0
WQS0708,KARNATAKA,Medium,12.427942,76.67245,4061140240.0,4040028760.0,8,2017,not reported,2.8499999999999996,357.5,27.5,True,High or Medium confidence and within 2 km of a HydroRIVERS reach,True,825.588888888889,836.6888888888889,2.916763839410662,2.9225640016541905,41359533.0,513.0,11177.5,107.257,4867842.0,667801.0,45384.8,0.0
WQS0709,KARNATAKA,Ambiguous / unresolved,,,,,8,2017,not reported,3.4,349.5,28.0,False,High or Medium confidence and within 2 km of a HydroRIVERS reach,False,,,,,,,,,,,,
WQS0710,KARNATAKA,Ambiguous / unresolved,,,,,2,2023,not reported,3.25,448.0,28.5,False,High or Medium confidence and within 2 km of a HydroRIVERS reach,False,,,,,,,,,,,,
WQS0711,KARNATAKA,Medium,12.407656,76.72181,4061140240.0,4040028760.0,7,2018,not reported,6.0,1177.0,27.0,True,High or Medium confidence and within 2 km of a HydroRIVERS reach,True,659.0999999999999,371.6,2.8189513116401725,2.5700757053216043,41359872.0,594.0,11768.9,105.757,5355565.0,1080264.0,50640.3,0.0
WQS0712,KARNATAKA,Ambiguous / unresolved,,,,,6,2018,not reported,1.9,98.0,26.5,False,High or Medium confidence and within 2 km of a HydroRIVERS reach,False,,,,,,,,,,,,
WQS0713,KARNATAKA,Ambiguous / unresolved,,,,,6,2018,not reported,2.0,180.5,27.0,False,High or Medium confidence and within 2 km of a HydroRIVERS reach,False,,,,,,,,,,,,
WQS0714,KARNATAKA,Ambiguous / unresolved,,,,,2,2023,not reported,2.0,139.0,23.5,False,High or Medium confidence and within 2 km of a HydroRIVERS reach,False,,,,,,,,,,,,
WQS0715,KARNATAKA,Medium,12.28783,77.183667,4061139430.0,4040028760.0,7,2018,not reported,2.5,453.0,29.0,True,High or Medium confidence and within 2 km of a HydroRIVERS reach,True,205.14444444444445,137.02222222222224,2.31205976025106,2.136791006615146,41362620.0,190.0,35.2,0.059,8955511.0,64629.0,151788322.0,0.0
WQS0716,KARNATAKA,Ambiguous / unresolved,,,,,2,2023,not reported,2.5,130.0,23.0,False,High or Medium confidence and within 2 km of a HydroRIVERS reach,False,,,,,,,,,,,,
WQS0717,KARNATAKA,Ambiguous / unresolved,,,,,2,2023,not reported,2.05,122.0,25.5,False,High or Medium confidence and within 2 km of a HydroRIVERS reach,False,,,,,,,,,,,,
WQS0718,KARNATAKA,Ambiguous / unresolved,,,,,2,2023,not reported,2.5,135.0,24.5,False,High or Medium confidence and within 2 km of a HydroRIVERS reach,False,,,,,,,,,,,,
WQS0719,KARNATAKA,Ambiguous / unresolved,,,,,8,2017,not reported,2.9,426.0,29.5,False,High or Medium confidence and within 2 km of a HydroRIVERS reach,False,,,,,,,,,,,,
WQS0720,KARNATAKA,Ambiguous / unresolved,,,,,8,2017,not reported,2.0,245.5,28.0,False,High or Medium confidence and within 2 km of a HydroRIVERS reach,False,,,,,,,,,,,,
WQS0721,KARNATAKA,Medium,12.585609,77.04289,4061139400.0,4040028760.0,8,2017,not reported,3.0,475.0,27.5,True,High or Medium confidence and within 2 km of a HydroRIVERS reach,True,1070.6333333333334,4972.344444444444,3.0296407606776863,3.696561205476488,41356248.0,1343.0,143.3,0.188,88660.0,88660.0,471595.7,0.0
WQS0722,KARNATAKA,Ambiguous / unresolved,,,,,8,2017,not reported,2.65,444.0,29.0,False,High or Medium confidence and within 2 km of a HydroRIVERS reach,False,,,,,,,,,,,,
WQS0723,KARNATAKA,Medium,16.328103,75.268333,4061097210.0,4040027940.0,8,2016,not reported,2.9,1154.0,26.0,True,High or Medium confidence and within 2 km of a HydroRIVERS reach,True,975.3222222222222,318.3888888888889,2.989148119508047,2.5029579033544436,41285739.0,112.0,6762.9,167.655,2915903.0,1014411.0,17392.3,0.0
WQS0724,KARNATAKA,Medium,16.321964,75.245115,4061097210.0,4040027940.0,3,2022,not reported,4.3,1070.0,26.0,True,High or Medium confidence and within 2 km of a HydroRIVERS reach,True,760.3444444444444,355.6666666666667,2.88101037706157,2.5510431647048075,41285739.0,285.0,6762.9,167.655,2915903.0,1014411.0,17392.3,0.0
WQS0725,KARNATAKA,Ambiguous / unresolved,,,,,2,2021,not reported,2.1,695.0,,False,High or Medium confidence and within 2 km of a HydroRIVERS reach,False,,,,,,,,,,,,
WQS0726,KARNATAKA,Medium,12.809694,76.205642,4061140240.0,4040028760.0,8,2016,not reported,2.0,255.0,28.0,True,High or Medium confidence and within 2 km of a HydroRIVERS reach,True,585.8777777777779,257.56666666666666,2.767807025620566,2.410889657525366,41352519.0,80.0,3285.3,49.425,1645677.0,950342.0,33296.4,0.0
WQS0727,KARNATAKA,Ambiguous / unresolved,,,,,9,2016,not reported,4.4,423.0,29.0,False,High or Medium confidence and within 2 km of a HydroRIVERS reach,False,,,,,,,,,,,,
WQS0728,KARNATAKA,Ambiguous / unresolved,,,,,9,2016,not reported,3.0,555.0,29.0,False,High or Medium confidence and within 2 km of a HydroRIVERS reach,False,,,,,,,,,,,,
WQS0729,KARNATAKA,Ambiguous / unresolved,,,,,9,2016,not reported,3.0,360.0,30.0,False,High or Medium confidence and within 2 km of a HydroRIVERS reach,False,,,,,,,,,,,,
WQS0730,KARNATAKA,Ambiguous / unresolved,,,,,9,2016,not reported,2.9,370.0,29.0,False,High or Medium confidence and within 2 km of a HydroRIVERS reach,False,,,,,,,,,,,,
WQS0731,KARNATAKA,Ambiguous / unresolved,,,,,5,2017,not reported,3.5,533.0,29.0,False,High or Medium confidence and within 2 km of a HydroRIVERS reach,False,,,,,,,,,,,,
WQS0732,KARNATAKA,Ambiguous / unresolved,,,,,5,2017,not reported,3.0,373.0,30.0,False,High or Medium confidence and within 2 km of a HydroRIVERS reach,False,,,,,,,,,,,,
WQS0733,KARNATAKA,Medium,17.220551,77.263611,4061096370.0,4040027940.0,3,2022,not reported,4.0,607.0,32.0,True,High or Medium confidence and within 2 km of a HydroRIVERS reach,True,194.03333333333333,168.16666666666666,2.287876344565218,2.225739915853267,41262984.0,259.0,5071.1,26.079,1159150.0,633988.0,44447.6,0.0
WQS0734,KARNATAKA,Medium,17.139369,76.966739,4061096370.0,4040027940.0,9,2016,not reported,3.6,612.0,32.0,True,High or Medium confidence and within 2 km of a HydroRIVERS reach,True,820.5999999999999,169.86666666666667,2.914131512630894,2.2301081646076315,41265545.0,916.0,9385.2,44.771,1961963.0,253893.0,43822.2,0.0
WQS0735,KARNATAKA,Ambiguous / unresolved,,,,,2,2023,not reported,4.45,829.0,20.0,False,High or Medium confidence and within 2 km of a HydroRIVERS reach,False,,,,,,,,,,,,
WQS0736,KARNATAKA,Ambiguous / unresolved,,,,,3,2022,not reported,3.0,1510.0,27.0,False,High or Medium confidence and within 2 km of a HydroRIVERS reach,False,,,,,,,,,,,,
WQS0737,KARNATAKA,Medium,16.380508,77.362725,4061101500.0,4040027940.0,9,2016,not reported,3.5,1586.0,31.0,True,High or Medium confidence and within 2 km of a HydroRIVERS reach,True,575.9888888888888,562.3333333333334,2.760414105748236,2.7499938278694627,41284094.0,537.0,126458.8,1271.67,55361041.0,276809.0,43534.1,0.002
WQS0738,KARNATAKA,Medium,16.423975,76.935497,4061096410.0,4040027940.0,4,2021,not reported,2.25,1321.5,27.5,True,High or Medium confidence and within 2 km of a HydroRIVERS reach,True,513.3888888888889,5202.866666666667,2.710446465140915,3.7162426964182567,41282570.0,1118.0,31.5,0.125,20546447.0,40262.0,164371576.0,0.002
WQS0739,KARNATAKA,Ambiguous / unresolved,,,,,9,2016,not reported,5.2,735.0,28.0,False,High or Medium confidence and within 2 km of a HydroRIVERS reach,False,,,,,,,,,,,,
WQS0740,KARNATAKA,Ambiguous / unresolved,,,,,9,2016,not reported,5.2,731.0,29.0,False,High or Medium confidence and within 2 km of a HydroRIVERS reach,False,,,,,,,,,,,,
WQS0741,KARNATAKA,Ambiguous / unresolved,,,,,7,2018,not reported,4.2,670.0,30.0,False,High or Medium confidence and within 2 km of a HydroRIVERS reach,False,,,,,,,,,,,,
WQS0742,KARNATAKA,Ambiguous / unresolved,,,,,5,2017,not reported,3.0,590.0,30.0,False,High or Medium confidence and within 2 km of a HydroRIVERS reach,False,,,,,,,,,,,,
WQS0743,KARNATAKA,Medium,17.975036,77.411781,4061066980.0,4040027780.0,4,2021,not reported,4.75,609.0,28.0,True,High or Medium confidence and within 2 km of a HydroRIVERS reach,True,127.75555555555555,196.0,2.106379794870631,2.292256071356476,41243862.0,1598.0,44.3,0.207,4755723.0,58768.0,22974507.2,0.0
WQS0744,KARNATAKA,Ambiguous / unresolved,,,,,2,2023,not reported,2.5,269.0,27.0,False,High or Medium confidence and within 2 km of a HydroRIVERS reach,False,,,,,,,,,,,,
WQS0745,KARNATAKA,Medium,12.422764,77.226144,4061139400.0,4040028760.0,9,2016,not reported,3.9,704.0,27.0,True,High or Medium confidence and within 2 km of a HydroRIVERS reach,True,616.5666666666666,2107.5222222222224,2.7899800418403067,3.3237721626266046,41359733.0,17.0,109.4,0.182,52694.0,52694.0,289527.5,0.0
WQS0746,KARNATAKA,Ambiguous / unresolved,,,,,9,2016,not reported,6.0,485.0,28.0,False,High or Medium confidence and within 2 km of a HydroRIVERS reach,False,,,,,,,,,,,,
WQS0747,KARNATAKA,Medium,12.584716,77.049787,4061139400.0,4040028760.0,8,2017,not reported,3.55,685.0,28.0,True,High or Medium confidence and within 2 km of a HydroRIVERS reach,True,1106.4111111111113,4362.066666666667,3.0439165285166676,3.639692298735623,41357148.0,702.0,6573.5,2.509,3121312.0,562796.0,1244046.2,0.0
WQS0748,KARNATAKA,Ambiguous / unresolved,,,,,2,2023,not reported,5.0,707.5,29.0,False,High or Medium confidence and within 2 km of a HydroRIVERS reach,False,,,,,,,,,,,,
WQS0749,KARNATAKA,Ambiguous / unresolved,,,,,2,2023,not reported,70.7,1460.0,26.0,False,High or Medium confidence and within 2 km of a HydroRIVERS reach,False,,,,,,,,,,,,
WQS0750,KARNATAKA,Medium,13.926464,75.583336,4061113150.0,4040027940.0,9,2016,not reported,4.3,320.0,29.0,True,High or Medium confidence and within 2 km of a HydroRIVERS reach,True,3619.8,7619.633333333333,3.558684575700048,3.8819340730270784,41331760.0,854.0,2756.1,112.074,818385.0,396599.0,7302.2,0.0
WQS0751,KARNATAKA,Medium,13.702869,75.4042,4061113150.0,4040027940.0,2,2023,not reported,3.95,225.0,27.5,True,High or Medium confidence and within 2 km of a HydroRIVERS reach,True,210.12222222222223,250.22222222222223,2.3224719851909668,2.3983258767399835,41336179.0,373.0,1924.2,92.251,510896.0,359726.0,5538.1,0.0
WQS0752,KARNATAKA,Ambiguous / unresolved,,,,,2,2023,not reported,3.2,725.0,30.0,False,High or Medium confidence and within 2 km of a HydroRIVERS reach,False,,,,,,,,,,,,
WQS0753,KARNATAKA,Ambiguous / unresolved,,,,,4,2021,not reported,3.35,694.0,30.5,False,High or Medium confidence and within 2 km of a HydroRIVERS reach,False,,,,,,,,,,,,
WQS0754,KARNATAKA,Medium,14.011333,75.676667,4061113150.0,4040027940.0,9,2016,not reported,3.0,240.0,29.0,True,High or Medium confidence and within 2 km of a HydroRIVERS reach,True,377.6,420.3555555555556,2.5770319856260313,2.623616791568045,41330175.0,45.0,6431.7,170.034,1782089.0,851258.0,10480.8,0.0
WQS0755,KARNATAKA,Medium,15.41225,76.58625,4061103960.0,4040027940.0,9,2016,not reported,3.0,708.0,31.0,True,High or Medium confidence and within 2 km of a HydroRIVERS reach,True,611.9222222222222,788.7444444444444,2.7866962250764407,2.8969363132910257,41303892.0,395.0,29950.1,239.566,8003706.0,580772.0,33409.2,0.0
WQS0756,KARNATAKA,Ambiguous / unresolved,,,,,9,2016,not reported,8.0,1610.0,30.0,False,High or Medium confidence and within 2 km of a HydroRIVERS reach,False,,,,,,,,,,,,
WQS0757,KARNATAKA,Medium,15.691848,76.895721,4061103960.0,4040027940.0,4,2021,not reported,3.25,2000.0,32.0,True,High or Medium confidence and within 2 km of a HydroRIVERS reach,True,227.3,934.1333333333334,2.356599435724971,2.9704088695899737,41298663.0,720.0,33935.3,244.577,8933363.0,339050.0,36525.8,0.0
WQS0758,KARNATAKA,Ambiguous / unresolved,,,,,9,2016,not reported,5.2,572.0,29.0,False,High or Medium confidence and within 2 km of a HydroRIVERS reach,False,,,,,,,,,,,,
WQS0759,KARNATAKA,Ambiguous / unresolved,,,,,2,2023,not reported,3.25,800.0,30.0,False,High or Medium confidence and within 2 km of a HydroRIVERS reach,False,,,,,,,,,,,,
WQS0760,KARNATAKA,Medium,15.766044,76.98655,4061103020.0,4040027940.0,4,2021,not reported,2.7,2061.5,27.0,True,High or Medium confidence and within 2 km of a HydroRIVERS reach,True,172.75555555555556,42.25555555555556,2.237432022519904,1.6258838159722577,41297190.0,1713.0,16.7,0.028,14543225.0,25817.0,519400892.9,0.0
WQS0761,KARNATAKA,Ambiguous / unresolved,,,,,6,2016,not reported,3.15,375.0,29.0,False,High or Medium confidence and within 2 km of a HydroRIVERS reach,False,,,,,,,,,,,,
WQS0762,KARNATAKA,Ambiguous / unresolved,,,,,9,2016,not reported,4.0,656.0,30.0,False,High or Medium confidence and within 2 km of a HydroRIVERS reach,False,,,,,,,,,,,,
WQS0763,KARNATAKA,Ambiguous / unresolved,,,,,2,2023,not reported,3.4000000000000004,855.0,31.0,False,High or Medium confidence and within 2 km of a HydroRIVERS reach,False,,,,,,,,,,,,
WQS0764,KARNATAKA,Ambiguous / unresolved,,,,,2,2023,not reported,3.5,655.0,32.0,False,High or Medium confidence and within 2 km of a HydroRIVERS reach,False,,,,,,,,,,,,
WQS0765,KARNATAKA,Ambiguous / unresolved,,,,,4,2021,not reported,3.25,635.0,30.5,False,High or Medium confidence and within 2 km of a HydroRIVERS reach,False,,,,,,,,,,,,
WQS0766,KARNATAKA,Ambiguous / unresolved,,,,,2,2023,not reported,3.9000000000000004,805.0,29.0,False,High or Medium confidence and within 2 km of a HydroRIVERS reach,False,,,,,,,,,,,,
WQS0767,KARNATAKA,Ambiguous / unresolved,,,,,8,2016,not reported,3.0,435.0,29.0,False,High or Medium confidence and within 2 km of a HydroRIVERS reach,False,,,,,,,,,,,,
WQS0768,KARNATAKA,Ambiguous / unresolved,,,,,2,2023,not reported,4.5,880.0,30.5,False,High or Medium confidence and within 2 km of a HydroRIVERS reach,False,,,,,,,,,,,,
WQS0769,KARNATAKA,Ambiguous / unresolved,,,,,9,2016,not reported,3.0,420.0,29.0,False,High or Medium confidence and within 2 km of a HydroRIVERS reach,False,,,,,,,,,,,,
WQS0770,KARNATAKA,Medium,12.584216,77.041515,4061139400.0,4040028760.0,8,2017,not reported,2.9,471.0,28.0,True,High or Medium confidence and within 2 km of a HydroRIVERS reach,True,1067.2333333333333,4922.066666666667,3.0282593812807317,3.6921474916848216,41356248.0,1515.0,143.3,0.188,88660.0,88660.0,471595.7,0.0
WQS0771,KARNATAKA,Medium,11.827676,77.026369,4061139430.0,4040028760.0,2,2018,not reported,1.8,187.5,28.5,True,High or Medium confidence and within 2 km of a HydroRIVERS reach,True,193.60000000000002,0.5,2.286905352972375,-0.3010299956639812,41369433.0,66.0,377.9,0.863,17879.0,17879.0,20717.3,0.0
WQS0772,KARNATAKA,Ambiguous / unresolved,,,,,9,2016,not reported,3.0,570.0,30.0,False,High or Medium confidence and within 2 km of a HydroRIVERS reach,False,,,,,,,,,,,,
WQS0773,KARNATAKA,Medium,15.494844,76.692417,4061103960.0,4040027940.0,9,2016,not reported,3.0,1118.0,30.0,True,High or Medium confidence and within 2 km of a HydroRIVERS reach,True,180.3111111111111,446.9888888888889,2.2560224895929637,2.6502967277086293,41302547.0,1521.0,709.8,1.113,152604.0,93824.0,137110.5,0.0
WQS0774,KARNATAKA,Medium,13.006814,76.099553,4061140240.0,4040028760.0,8,2016,not reported,3.0,630.0,28.0,True,High or Medium confidence and within 2 km of a HydroRIVERS reach,True,2897.2,10488.866666666667,3.461978476528678,4.020728564742342,41349019.0,983.0,38.5,0.372,257906.0,257906.0,693295.7,0.0
WQS0775,KERALA,Ambiguous / unresolved,,,,,9,2016,not reported,1.4,129.0,31.0,False,High or Medium confidence and within 2 km of a HydroRIVERS reach,False,,,,,,,,,,,,
WQS0776,KERALA,Ambiguous / unresolved,,,,,7,2016,not reported,1.9,283.0,30.0,False,High or Medium confidence and within 2 km of a HydroRIVERS reach,False,,,,,,,,,,,,
WQS0777,KERALA,Ambiguous / unresolved,,,,,2,2023,not reported,2.05,80.5,32.5,False,High or Medium confidence and within 2 km of a HydroRIVERS reach,False,,,,,,,,,,,,
WQS0778,KERALA,Ambiguous / unresolved,,,,,3,2022,not reported,2.0,151.0,32.0,False,High or Medium confidence and within 2 km of a HydroRIVERS reach,False,,,,,,,,,,,,
WQS0779,KERALA,Ambiguous / unresolved,,,,,3,2022,not reported,1.8,177.0,31.0,False,High or Medium confidence and within 2 km of a HydroRIVERS reach,False,,,,,,,,,,,,
WQS0780,KERALA,Ambiguous / unresolved,,,,,3,2022,not reported,1.5,111.0,32.0,False,High or Medium confidence and within 2 km of a HydroRIVERS reach,False,,,,,,,,,,,,
WQS0781,MADHYA PRADESH,Medium,22.769157,74.605708,4060971400.0,4040029530.0,8,2017,monthly,1.6,557.0,25.25,True,High or Medium confidence and within 2 km of a HydroRIVERS reach,True,1256.3000000000002,3424.1555555555556,3.0990933597730996,3.534553485965649,41092507.0,55.0,461.9,5.863,202161.0,202161.0,34480.8,0.0
WQS0782,MADHYA PRADESH,Ambiguous / unresolved,,,,,9,2016,not reported,1.9,618.0,29.0,False,High or Medium confidence and within 2 km of a HydroRIVERS reach,False,,,,,,,,,,,,
WQS0783,MADHYA PRADESH,Medium,24.373062,81.601823,4060903120.0,4040025450.0,3,2022,monthly,1.3,388.0,29.0,True,High or Medium confidence and within 2 km of a HydroRIVERS reach,True,603.8111111111111,325.6333333333333,2.7809011004887427,2.512728854883518,41007550.0,438.0,23196.5,345.278,6276854.0,641540.0,18179.1,0.0
WQS0784,MADHYA PRADESH,Medium,23.540606,77.802246,4060895600.0,4040025450.0,8,2016,monthly,5.45,824.0,30.0,True,High or Medium confidence and within 2 km of a HydroRIVERS reach,True,2288.088888888889,3652.1555555555556,3.3594728921507437,3.562549267077121,41050303.0,794.0,3899.2,68.547,3381698.0,511625.0,49334.0,0.0
WQS0785,MADHYA PRADESH,Medium,23.550512,77.79947,4060895600.0,4040025450.0,8,2016,monthly,3.25,685.5,31.0,True,High or Medium confidence and within 2 km of a HydroRIVERS reach,True,2025.1666666666667,1314.4888888888888,3.306460770481608,3.1187569194536877,41050303.0,383.0,3899.2,68.547,3381698.0,511625.0,49334.0,0.0
WQS0786,MADHYA PRADESH,Ambiguous / unresolved,,,,,2,2016,not reported,2.15,399.5,32.5,False,High or Medium confidence and within 2 km of a HydroRIVERS reach,False,,,,,,,,,,,,
WQS0787,MADHYA PRADESH,Ambiguous / unresolved,,,,,2,2016,not reported,2.0999999999999996,414.0,33.0,False,High or Medium confidence and within 2 km of a HydroRIVERS reach,False,,,,,,,,,,,,
WQS0788,MADHYA PRADESH,Medium,24.518131,81.299578,4060915780.0,4040025450.0,8,2016,monthly,3.45,548.5,31.0,True,High or Medium confidence and within 2 km of a HydroRIVERS reach,True,4701.344444444444,7700.188888888889,3.672222070980113,3.8865013787304004,41000161.0,165.0,1195.9,17.242,1073416.0,1073416.0,62255.9,0.0
WQS0789,MADHYA PRADESH,Medium,23.725166,75.377851,4060908080.0,4040025450.0,8,2016,monthly,6.0,1572.0,28.5,True,High or Medium confidence and within 2 km of a HydroRIVERS reach,True,390.6222222222222,2724.366666666667,2.591756946360854,3.435265557937362,41042114.0,1335.0,28.5,0.219,1814582.0,45586.0,8285762.6,0.0
WQS0790,MADHYA PRADESH,Medium,23.056541,75.388095,4060908080.0,4040025450.0,8,2016,monthly,2.2,755.5,30.0,True,High or Medium confidence and within 2 km of a HydroRIVERS reach,True,928.8222222222222,1113.0,2.967932597420693,3.0464951643347082,41075689.0,500.0,916.6,7.181,339318.0,303215.0,47252.2,0.0
WQS0791,MADHYA PRADESH,Ambiguous / unresolved,,,,,8,2016,not reported,1.25,588.5,23.5,False,High or Medium confidence and within 2 km of a HydroRIVERS reach,False,,,,,,,,,,,,
WQS0792,MADHYA PRADESH,Ambiguous / unresolved,,,,,7,2016,not reported,2.0,704.0,28.5,False,High or Medium confidence and within 2 km of a HydroRIVERS reach,False,,,,,,,,,,,,
WQS0793,MADHYA PRADESH,Medium,26.429359,78.430415,4060878420.0,4040025450.0,8,2016,monthly,2.8499999999999996,991.0,27.0,True,High or Medium confidence and within 2 km of a HydroRIVERS reach,True,834.3333333333334,3346.4555555555553,2.9213395948885608,3.5245850614909764,40888931.0,226.0,1373.5,5.163,1462679.0,1462679.0,283300.2,0.0
WQS0794,MADHYA PRADESH,Medium,24.044837,82.730077,4060903120.0,4040025450.0,4,2019,monthly,1.9,365.0,30.0,True,High or Medium confidence and within 2 km of a HydroRIVERS reach,True,10.433333333333334,76.71111111111111,1.018423082826786,1.8848582732678283,41025245.0,1574.0,140.7,1.985,413438.0,413438.0,208281.1,0.0
WQS0795,MADHYA PRADESH,Ambiguous / unresolved,,,,,9,2016,not reported,1.9,410.0,26.0,False,High or Medium confidence and within 2 km of a HydroRIVERS reach,False,,,,,,,,,,,,
WQS0796,MADHYA PRADESH,Ambiguous / unresolved,,,,,8,2017,not reported,2.5,543.0,24.4,False,High or Medium confidence and within 2 km of a HydroRIVERS reach,False,,,,,,,,,,,,
WQS0797,MADHYA PRADESH,Ambiguous / unresolved,,,,,5,2016,not reported,2.7,478.0,28.0,False,High or Medium confidence and within 2 km of a HydroRIVERS reach,False,,,,,,,,,,,,
WQS0798,MADHYA PRADESH,Ambiguous / unresolved,,,,,2,2016,not reported,1.8,571.5,27.0,False,High or Medium confidence and within 2 km of a HydroRIVERS reach,False,,,,,,,,,,,,
WQS0799,MADHYA PRADESH,Medium,22.975913,75.917152,4060908080.0,4040025450.0,8,2016,monthly,8.0,1067.0,29.0,True,High or Medium confidence and within 2 km of a HydroRIVERS reach,True,337.0,482.72222222222223,2.5276299008713385,2.683697292119584,41080202.0,204.0,913.5,8.131,838534.0,838534.0,103128.0,0.0
WQS0800,MADHYA PRADESH,Medium,23.486294,75.654008,4060908080.0,4040025450.0,8,2016,monthly,4.0,1265.0,29.0,True,High or Medium confidence and within 2 km of a HydroRIVERS reach,True,842.7666666666667,7443.666666666667,2.9257073499438757,3.871786916840702,41054821.0,997.0,4454.9,36.772,4992848.0,910241.0,135778.5,0.0
WQS0801,MADHYA PRADESH,Medium,22.969472,76.056836,4060908080.0,4040025450.0,8,2016,monthly,2.4,629.5,26.0,True,High or Medium confidence and within 2 km of a HydroRIVERS reach,True,3834.266666666667,13290.677777777777,3.583682314028348,4.1235471289971475,41081262.0,1813.0,24.7,0.228,743208.0,320689.0,3259684.2,0.0
WQS0802,MADHYA PRADESH,Medium,23.177764,74.92737,4060965550.0,4040029530.0,8,2016,monthly,2.1,551.0,29.0,True,High or Medium confidence and within 2 km of a HydroRIVERS reach,True,278.4111111111111,434.68888888888887,2.4446865635461097,2.6381785393030635,41070327.0,691.0,363.7,3.953,318277.0,318277.0,80515.3,0.0
WQS0803,MADHYA PRADESH,Ambiguous / unresolved,,,,,9,2016,not reported,1.9,551.0,30.0,False,High or Medium confidence and within 2 km of a HydroRIVERS reach,False,,,,,,,,,,,,
WQS0804,MADHYA PRADESH,Ambiguous / unresolved,,,,,9,2016,not reported,1.3,349.0,24.4,False,High or Medium confidence and within 2 km of a HydroRIVERS reach,False,,,,,,,,,,,,
WQS0805,MADHYA PRADESH,Ambiguous / unresolved,,,,,9,2016,not reported,2.3,365.0,29.5,False,High or Medium confidence and within 2 km of a HydroRIVERS reach,False,,,,,,,,,,,,
WQS0806,MADHYA PRADESH,Ambiguous / unresolved,,,,,5,2016,not reported,1.9,332.0,30.0,False,High or Medium confidence and within 2 km of a HydroRIVERS reach,False,,,,,,,,,,,,
WQS0807,MADHYA PRADESH,Ambiguous / unresolved,,,,,9,2016,not reported,1.9,336.0,29.0,False,High or Medium confidence and within 2 km of a HydroRIVERS reach,False,,,,,,,,,,,,
WQS0808,MADHYA PRADESH,Ambiguous / unresolved,,,,,9,2016,not reported,1.8,603.0,25.2,False,High or Medium confidence and within 2 km of a HydroRIVERS reach,False,,,,,,,,,,,,
WQS0809,MADHYA PRADESH,Ambiguous / unresolved,,,,,9,2016,not reported,1.9,388.0,24.0,False,High or Medium confidence and within 2 km of a HydroRIVERS reach,False,,,,,,,,,,,,
WQS0810,MADHYA PRADESH,Ambiguous / unresolved,,,,,9,2016,not reported,1.9,412.0,25.3,False,High or Medium confidence and within 2 km of a HydroRIVERS reach,False,,,,,,,,,,,,
WQS0811,MADHYA PRADESH,Ambiguous / unresolved,,,,,9,2016,not reported,2.0,367.0,29.0,False,High or Medium confidence and within 2 km of a HydroRIVERS reach,False,,,,,,,,,,,,
WQS0812,MADHYA PRADESH,Ambiguous / unresolved,,,,,9,2016,not reported,1.8,382.0,23.8,False,High or Medium confidence and within 2 km of a HydroRIVERS reach,False,,,,,,,,,,,,
WQS0813,MADHYA PRADESH,Ambiguous / unresolved,,,,,9,2016,not reported,1.7,1864.0,30.2,False,High or Medium confidence and within 2 km of a HydroRIVERS reach,False,,,,,,,,,,,,
WQS0814,MADHYA PRADESH,Ambiguous / unresolved,,,,,9,2016,not reported,1.9,482.0,30.0,False,High or Medium confidence and within 2 km of a HydroRIVERS reach,False,,,,,,,,,,,,
WQS0815,MADHYA PRADESH,Ambiguous / unresolved,,,,,8,2017,not reported,1.2999999999999998,366.0,23.8,False,High or Medium confidence and within 2 km of a HydroRIVERS reach,False,,,,,,,,,,,,
WQS0816,MADHYA PRADESH,Medium,24.010655,76.734197,4060908090.0,4040025450.0,7,2018,monthly,1.9,512.0,29.0,True,High or Medium confidence and within 2 km of a HydroRIVERS reach,True,600.7222222222222,4320.066666666667,2.7786736978870548,3.635490448838537,41028967.0,122.0,3931.5,39.508,1259859.0,281762.0,31888.7,0.0
WQS0817,MADHYA PRADESH,Medium,23.495145,77.100818,4060898640.0,4040025450.0,8,2016,monthly,2.8,707.5,27.5,True,High or Medium confidence and within 2 km of a HydroRIVERS reach,True,427.7888888888889,566.7666666666667,2.6312295002988333,2.753404300099725,41052850.0,327.0,2818.9,42.076,1156058.0,661355.0,27475.5,0.0
WQS0818,MADHYA PRADESH,Medium,24.586045,77.069419,4060898640.0,4040025450.0,7,2018,monthly,2.4,680.0,31.0,True,High or Medium confidence and within 2 km of a HydroRIVERS reach,True,285.34444444444443,64.45555555555556,2.4553694214071102,1.8092603560282723,40997618.0,66.0,6976.3,81.722,2067599.0,433405.0,25300.4,0.0
WQS0819,MADHYA PRADESH,Medium,24.634714,77.2978,4060898640.0,4040025450.0,7,2018,monthly,2.2,570.0,30.0,True,High or Medium confidence and within 2 km of a HydroRIVERS reach,True,2312.9555555555553,8041.599999999999,3.3641672876939137,3.905342466912482,40992483.0,1887.0,14.2,0.129,194950.0,194950.0,1511240.3,0.0
WQS0820,MADHYA PRADESH,Medium,23.012867,74.795587,4060965550.0,4040029530.0,3,2022,monthly,1.2,406.0,21.5,True,High or Medium confidence and within 2 km of a HydroRIVERS reach,True,552.9000000000001,5033.988888888889,2.7426465899387362,3.701912252630785,41078937.0,653.0,140.7,1.788,103906.0,103906.0,58113.0,0.0
WQS0821,MADHYA PRADESH,Ambiguous / unresolved,,,,,3,2022,not reported,1.9,468.0,26.6,False,High or Medium confidence and within 2 km of a HydroRIVERS reach,False,,,,,,,,,,,,
WQS0822,MADHYA PRADESH,Low,23.726307,78.753626,4060900980.0,4040025450.0,5,2019,monthly,1.6,438.0,30.0,False,High or Medium confidence and within 2 km of a HydroRIVERS reach,True,201.97777777777776,361.94444444444446,2.305303589647697,2.5586419149452975,41041691.0,368.0,510.1,9.148,90224.0,90224.0,9862.7,0.0
WQS0823,MADHYA PRADESH,Medium,24.539646,81.282014,4060915780.0,4040025450.0,6,2016,monthly,2.0,397.0,30.95,True,High or Medium confidence and within 2 km of a HydroRIVERS reach,True,4925.377777777778,8986.933333333332,3.6924395466127433,3.953611520029035,40998500.0,559.0,1237.9,17.845,1073416.0,1073416.0,60152.2,0.0
WQS0824,MADHYA PRADESH,Medium,24.398043,78.17802,4060895600.0,4040025450.0,6,2019,quarterly,2.8,537.0,28.65,True,High or Medium confidence and within 2 km of a HydroRIVERS reach,True,152.26666666666668,92.63333333333334,2.1826048405181293,1.9667672920577095,41006723.0,14.0,14177.0,216.509,5363757.0,413144.0,24773.8,0.0
WQS0825,MADHYA PRADESH,Medium,24.317042,78.127198,4060895600.0,4040025450.0,6,2019,monthly,1.45,451.0,30.5,False,High or Medium confidence and within 2 km of a HydroRIVERS reach,True,204.3777777777778,1538.5222222222224,2.3104336727095,3.187103773523866,,,,,,,,
WQS0826,MADHYA PRADESH,Medium,23.070703,77.536902,4060895600.0,4040025450.0,7,2016,monthly,4.7,1360.0,27.0,True,High or Medium confidence and within 2 km of a HydroRIVERS reach,True,1744.5444444444445,3602.8222222222225,3.2416820381183804,3.556642832810124,41075274.0,212.0,118.1,2.28,81143.0,81143.0,35589.0,0.0
WQS0827,MADHYA PRADESH,Ambiguous / unresolved,,,,,6,2019,monthly,1.4,484.5,30.0,False,High or Medium confidence and within 2 km of a HydroRIVERS reach,False,,,,,,,,,,,,
WQS0828,MADHYA PRADESH,Medium,25.393032,78.661879,4060895600.0,4040025450.0,6,2019,monthly,1.75,440.0,31.5,True,High or Medium confidence and within 2 km of a HydroRIVERS reach,True,798.7111111111111,111.58888888888889,2.9023897260759908,2.0476209532531993,40949237.0,449.0,26188.0,333.874,9553431.0,1196457.0,28613.9,0.005
WQS0829,MADHYA PRADESH,Medium,23.141901,77.615943,4060895600.0,4040025450.0,7,2016,monthly,2.8,685.0,29.0,True,High or Medium confidence and within 2 km of a HydroRIVERS reach,True,233.5,430.5111111111111,2.368286884902131,2.633984364690886,41071012.0,667.0,1500.9,28.762,1663013.0,1599698.0,57819.8,0.0
WQS0830,MADHYA PRADESH,Medium,23.333714,77.778319,4060895600.0,4040025450.0,7,2016,monthly,2.6,641.0,29.5,True,High or Medium confidence and within 2 km of a HydroRIVERS reach,True,793.4666666666667,5591.455555555555,2.8995286868730945,3.7475248771995036,41062429.0,856.0,14.8,0.254,68683.0,68683.0,270405.5,0.0
WQS0831,MADHYA PRADESH,Medium,23.541173,77.801938,4060895600.0,4040025450.0,8,2016,monthly,2.7,725.0,30.0,True,High or Medium confidence and within 2 km of a HydroRIVERS reach,True,2282.733333333333,3420.1111111111113,3.358455180598386,3.534040215459229,41050303.0,733.0,3899.2,68.547,3381698.0,511625.0,49334.0,0.0
WQS0832,MADHYA PRADESH,Medium,24.701686,75.548578,4060908080.0,4040025450.0,4,2021,monthly,2.05,409.0,30.0,True,High or Medium confidence and within 2 km of a HydroRIVERS reach,True,55.84444444444445,101.64444444444445,1.7469799748172323,2.007083646495386,40992988.0,43.0,22840.8,176.027,11322468.0,292560.0,64322.3,0.012
WQS0833,MADHYA PRADESH,Medium,26.660536,77.904557,4060876840.0,4040025450.0,6,2016,monthly,2.15,678.0,28.0,True,High or Medium confidence and within 2 km of a HydroRIVERS reach,True,1094.111111111111,662.1777777777778,3.03906142848015,2.8209746020421065,40875849.0,132.0,134288.7,549.951,42296533.0,128789.0,76909.6,0.007
WQS0834,MADHYA PRADESH,Medium,24.700092,75.552627,4060908080.0,4040025450.0,4,2021,quarterly,3.0,420.5,33.0,True,High or Medium confidence and within 2 km of a HydroRIVERS reach,True,55.52222222222222,103.27777777777777,1.744466840003262,2.0140068846685923,40992988.0,106.0,22840.8,176.027,11322468.0,292560.0,64322.3,0.012
WQS0835,MADHYA PRADESH,Medium,24.699027,75.551954,4060908080.0,4040025450.0,6,2016,monthly,2.0,433.0,29.5,True,High or Medium confidence and within 2 km of a HydroRIVERS reach,True,55.455555555555556,103.77777777777777,1.7439450604267974,2.0161043667907683,40992988.0,233.0,22840.8,176.027,11322468.0,292560.0,64322.3,0.012
WQS0836,MADHYA PRADESH,Medium,26.697563,78.934885,4060876840.0,4040025450.0,4,2021,monthly,2.15,610.0,26.0,True,High or Medium confidence and within 2 km of a HydroRIVERS reach,True,500.09999999999997,337.6333333333333,2.699056854547668,2.528445316413632,40874909.0,64.0,135964.5,690.499,42858801.0,249012.0,62069.3,0.007
WQS0837,MADHYA PRADESH,Medium,22.429328,75.508403,4060031610.0,4040029530.0,6,2016,monthly,1.2,465.0,22.0,True,High or Medium confidence and within 2 km of a HydroRIVERS reach,True,200.66666666666666,51.599999999999994,2.302475236538162,1.7126497016272113,41108858.0,217.0,198.2,1.522,84131.0,84131.0,55276.6,0.0
WQS0838,MADHYA PRADESH,Ambiguous / unresolved,,,,,8,2016,monthly,41.0,10359.5,28.0,False,High or Medium confidence and within 2 km of a HydroRIVERS reach,False,,,,,,,,,,,,
WQS0839,MADHYA PRADESH,Ambiguous / unresolved,,,,,8,2016,monthly,2.1,980.5,28.0,False,High or Medium confidence and within 2 km of a HydroRIVERS reach,False,,,,,,,,,,,,
WQS0840,MADHYA PRADESH,Medium,25.86346,76.57626,4060896170.0,4040025450.0,2,2023,not reported,1.8,540.0,26.0,True,High or Medium confidence and within 2 km of a HydroRIVERS reach,True,188.53333333333333,381.4111111111111,2.2753881460691807,2.5813933405819207,40922151.0,22.0,76833.3,514.182,24206771.0,422781.0,47078.2,0.009
WQS0841,MADHYA PRADESH,Medium,23.396067,76.291283,4060908090.0,4040025450.0,7,2016,monthly,2.2,450.0,27.0,True,High or Medium confidence and within 2 km of a HydroRIVERS reach,True,1161.711111111111,840.088888888889,3.0650981431586213,2.924325240718493,41058143.0,263.0,126.1,1.161,91975.0,91975.0,79220.5,0.0
WQS0842,MADHYA PRADESH,Medium,24.51305,77.155586,4060898640.0,4040025450.0,7,2018,monthly,2.3,549.0,31.0,True,High or Medium confidence and within 2 km of a HydroRIVERS reach,True,681.9777777777778,1472.0666666666666,2.833770223416415,3.1679274786902316,41000142.0,167.0,398.4,3.684,102555.0,102555.0,27837.9,0.0
WQS0843,MADHYA PRADESH,Medium,24.516301,77.147711,4060898640.0,4040025450.0,7,2018,monthly,2.0,503.0,30.0,True,High or Medium confidence and within 2 km of a HydroRIVERS reach,True,654.2777777777778,827.3333333333334,2.8157621699508457,2.9176805224430487,41000142.0,195.0,398.4,3.684,102555.0,102555.0,27837.9,0.0
WQS0844,MADHYA PRADESH,Medium,23.208633,75.63501,4060908080.0,4040025450.0,2,2023,monthly,2.0,425.0,26.5,True,High or Medium confidence and within 2 km of a HydroRIVERS reach,True,359.32222222222225,387.73333333333335,2.5554840769042007,2.5885331387953,41068463.0,41.0,1302.7,10.429,893179.0,338528.0,85643.8,0.0
WQS0845,MADHYA PRADESH,Medium,22.291974,74.580008,4060031610.0,4040029530.0,2,2023,monthly,1.2,478.5,22.0,True,High or Medium confidence and within 2 km of a HydroRIVERS reach,True,380.14444444444445,42.46666666666667,2.579948647947192,1.6280481732796692,41115726.0,260.0,845.7,8.502,356361.0,356361.0,41915.0,0.0
WQS0846,MADHYA PRADESH,Ambiguous / unresolved,,,,,3,2022,not reported,12.0,984.0,25.0,False,High or Medium confidence and within 2 km of a HydroRIVERS reach,False,,,,,,,,,,,,
WQS0847,MADHYA PRADESH,Ambiguous / unresolved,,,,,8,2017,not reported,2.4,614.5,25.0,False,High or Medium confidence and within 2 km of a HydroRIVERS reach,False,,,,,,,,,,,,
WQS0848,MADHYA PRADESH,Medium,23.330385,75.034646,4060965550.0,4040029530.0,7,2016,monthly,2.0,390.0,29.0,True,High or Medium confidence and within 2 km of a HydroRIVERS reach,True,3644.7000000000003,13813.777777777777,3.561661786781147,4.140312465231649,41064963.0,1687.0,49.1,0.529,264837.0,264837.0,500637.1,0.0
WQS0849,MADHYA PRADESH,Medium,24.746865,78.829917,4060895600.0,4040025450.0,8,2016,monthly,1.5,412.5,31.5,False,High or Medium confidence and within 2 km of a HydroRIVERS reach,True,1717.4777777777776,11543.766666666666,3.2348911264879647,4.0623475398107285,,,,,,,,
WQS0850,MADHYA PRADESH,Medium,23.382156,81.003573,4060903120.0,4040025450.0,6,2016,monthly,1.75,566.0,30.25,True,High or Medium confidence and within 2 km of a HydroRIVERS reach,True,779.8555555555555,422.7444444444444,2.8920141703387543,2.626077908965284,41058598.0,850.0,1691.9,28.261,338051.0,133760.0,11961.7,0.0
WQS0851,MADHYA PRADESH,Medium,23.19787,77.39094,4060895600.0,4040025450.0,2,2023,not reported,2.4000000000000004,315.5,27.5,True,High or Medium confidence and within 2 km of a HydroRIVERS reach,True,5645.222222222223,280.72222222222223,3.751681042449703,2.4482767931349243,41068689.0,211.0,382.0,7.061,813834.0,813834.0,115257.6,0.0
WQS0852,MADHYA PRADESH,Medium,23.110272,77.508595,4060895600.0,4040025450.0,6,2016,monthly,3.65,741.5,28.0,True,High or Medium confidence and within 2 km of a HydroRIVERS reach,True,2142.477777777778,4407.611111111111,3.33091632602649,3.6442032692037367,41072761.0,503.0,677.1,12.857,1432440.0,1432440.0,111413.2,0.0
WQS0853,MADHYA PRADESH,Ambiguous / unresolved,,,,,8,2016,not reported,2.8,828.0,31.0,False,High or Medium confidence and within 2 km of a HydroRIVERS reach,False,,,,,,,,,,,,
WQS0854,MADHYA PRADESH,Ambiguous / unresolved,,,,,2,2023,not reported,2.1,754.5,28.5,False,High or Medium confidence and within 2 km of a HydroRIVERS reach,False,,,,,,,,,,,,
WQS0855,MADHYA PRADESH,Medium,24.5415,81.1523,4060915780.0,4040025450.0,7,2018,monthly,1.8,603.5,29.7,True,High or Medium confidence and within 2 km of a HydroRIVERS reach,True,1039.6333333333334,975.2777777777778,3.0168801956564577,2.989128328698064,40999637.0,392.0,52.9,0.748,143753.0,143753.0,192183.2,0.0
WQS0856,MADHYA PRADESH,Medium,24.5849,81.1207,4060915780.0,4040025450.0,7,2018,monthly,1.8,654.0,29.8,False,High or Medium confidence and within 2 km of a HydroRIVERS reach,True,435.4222222222222,639.3555555555555,2.638910589937525,2.8057424432465217,,,,,,,,
WQS0857,MADHYA PRADESH,Medium,24.733586,80.005468,4060900980.0,4040025450.0,3,2022,monthly,2.1,359.0,31.0,True,High or Medium confidence and within 2 km of a HydroRIVERS reach,True,214.2888888888889,526.6888888888889,2.3309996529860904,2.7215541565098587,40988646.0,77.0,20549.7,323.564,3186976.0,90456.0,9849.6,0.006
WQS0858,MADHYA PRADESH,Medium,22.703363,75.877149,4060908080.0,4040025450.0,8,2016,monthly,36.0,1615.0,24.5,True,High or Medium confidence and within 2 km of a HydroRIVERS reach,True,12526.888888888889,14046.988888888889,4.09784322533134,4.1475832388966065,41097333.0,208.0,48.1,0.418,993426.0,993426.0,2376617.2,0.0
WQS0859,MADHYA PRADESH,Medium,22.703191,75.877117,4060908080.0,4040025450.0,8,2016,monthly,37.0,1466.5,26.5,True,High or Medium confidence and within 2 km of a HydroRIVERS reach,True,12513.677777777779,14020.311111111112,4.0973849678754215,4.146757650744742,41097333.0,224.0,48.1,0.418,993426.0,993426.0,2376617.2,0.0
WQS0860,MADHYA PRADESH,Medium,22.970572,75.838654,4060908080.0,4040025450.0,8,2016,monthly,14.0,1354.0,24.5,True,High or Medium confidence and within 2 km of a HydroRIVERS reach,True,678.2444444444444,1710.111111111111,2.831386245106685,3.2330243287399694,41086816.0,66.0,410.5,3.42,2132384.0,2132384.0,623504.1,0.0
WQS0861,MADHYA PRADESH,Medium,23.20883,75.63382,4060908080.0,4040025450.0,2,2023,not reported,16.0,1478.0,28.0,True,High or Medium confidence and within 2 km of a HydroRIVERS reach,True,350.96666666666664,370.43333333333334,2.5452658709667757,2.568710059628092,41068463.0,160.0,1302.7,10.429,893179.0,338528.0,85643.8,0.0
WQS0862,MADHYA PRADESH,Medium,23.187353,75.764282,4060908080.0,4040025450.0,8,2016,monthly,9.0,1287.5,29.0,True,High or Medium confidence and within 2 km of a HydroRIVERS reach,True,4714.299999999999,9508.366666666667,3.673417215905521,3.978105920872678,41068680.0,695.0,2103.6,18.05,3807950.0,2474998.0,210966.8,0.0
WQS0863,MADHYA PRADESH,Medium,23.211447,75.774618,4060908080.0,4040025450.0,8,2016,monthly,14.0,1485.5,29.5,True,High or Medium confidence and within 2 km of a HydroRIVERS reach,True,3886.6888888888884,3526.077777777778,3.589579778797903,3.5472918876817263,41068680.0,793.0,2103.6,18.05,3807950.0,2474998.0,210966.8,0.0
WQS0864,MADHYA PRADESH,Medium,22.97582,75.917157,4060908080.0,4040025450.0,8,2016,monthly,6.5,1195.5,29.0,True,High or Medium confidence and within 2 km of a HydroRIVERS reach,True,336.79999999999995,478.96666666666664,2.527372082827612,2.6803052900607875,41080202.0,211.0,913.5,8.131,838534.0,838534.0,103128.0,0.0
WQS0865,MADHYA PRADESH,Ambiguous / unresolved,,,,,7,2016,not reported,4.0,872.0,24.8,False,High or Medium confidence and within 2 km of a HydroRIVERS reach,False,,,,,,,,,,,,
WQS0866,MADHYA PRADESH,Ambiguous / unresolved,,,,,1,2022,not reported,1.8,376.0,28.4,False,High or Medium confidence and within 2 km of a HydroRIVERS reach,False,,,,,,,,,,,,
WQS0867,MADHYA PRADESH,Medium,23.031056,75.210878,4060965550.0,4040029530.0,9,2016,monthly,1.4,511.0,26.0,True,High or Medium confidence and within 2 km of a HydroRIVERS reach,True,845.3888888888889,564.9888888888888,2.9270565355133993,2.752039907037682,41078045.0,21.0,43.1,0.388,89032.0,89032.0,229463.9,0.0
WQS0868,MADHYA PRADESH,Medium,23.313242,74.635278,4060965550.0,4040029530.0,4,2021,quarterly,3.35,390.5,28.5,True,High or Medium confidence and within 2 km of a HydroRIVERS reach,True,342.5222222222222,2091.7444444444445,2.534688752982928,3.3205086241975725,41062821.0,14.0,32.9,0.455,86106.0,42959.0,189244.0,0.0
WQS0869,MADHYA PRADESH,Medium,23.342055,74.726385,4060965550.0,4040029530.0,4,2021,monthly,2.0,444.0,28.0,True,High or Medium confidence and within 2 km of a HydroRIVERS reach,True,241.4111111111111,285.65555555555557,2.3827572549212035,2.455842674829823,41061999.0,348.0,3746.1,44.774,1432516.0,500774.0,31994.4,0.0
WQS0870,MADHYA PRADESH,Medium,23.639659,75.126136,4060908080.0,4040025450.0,9,2016,monthly,2.8,1020.0,28.0,True,High or Medium confidence and within 2 km of a HydroRIVERS reach,True,1280.1222222222223,9230.066666666668,3.107251436759287,3.965204837847245,41045464.0,454.0,96.2,0.931,648608.0,92276.0,696678.8,0.0
WQS0871,MADHYA PRADESH,Medium,25.172394,80.869776,4060911450.0,4040025450.0,2,2023,not reported,2.25,3738.5,32.25,True,High or Medium confidence and within 2 km of a HydroRIVERS reach,True,1667.6,6013.066666666667,3.2220918864542596,3.779096018880417,40961707.0,116.0,619.9,6.678,284383.0,284383.0,42585.1,0.0
WQS0872,MADHYA PRADESH,Medium,25.167996,80.867736,4060911450.0,4040025450.0,5,2016,monthly,4.0,3463.0,32.0,True,High or Medium confidence and within 2 km of a HydroRIVERS reach,True,1535.8666666666666,5046.188888888889,3.1863535148853734,3.7029635029922536,40961707.0,544.0,619.9,6.678,284383.0,284383.0,42585.1,0.0
WQS0873,MADHYA PRADESH,Ambiguous / unresolved,,,,,5,2020,not reported,2.0,380.0,28.0,False,High or Medium confidence and within 2 km of a HydroRIVERS reach,False,,,,,,,,,,,,
WQS0874,MADHYA PRADESH,Ambiguous / unresolved,,,,,9,2016,not reported,1.3,446.0,24.6,False,High or Medium confidence and within 2 km of a HydroRIVERS reach,False,,,,,,,,,,,,
WQS0875,MADHYA PRADESH,Ambiguous / unresolved,,,,,5,2020,not reported,2.0,416.0,28.0,False,High or Medium confidence and within 2 km of a HydroRIVERS reach,False,,,,,,,,,,,,
WQS0876,MADHYA PRADESH,Ambiguous / unresolved,,,,,5,2020,not reported,1.7,410.0,31.0,False,High or Medium confidence and within 2 km of a HydroRIVERS reach,False,,,,,,,,,,,,
WQS0877,MADHYA PRADESH,Ambiguous / unresolved,,,,,4,2021,not reported,1.75,602.5,30.5,False,High or Medium confidence and within 2 km of a HydroRIVERS reach,False,,,,,,,,,,,,
WQS0878,MADHYA PRADESH,Ambiguous / unresolved,,,,,5,2020,not reported,2.0,397.0,31.0,False,High or Medium confidence and within 2 km of a HydroRIVERS reach,False,,,,,,,,,,,,
WQS0879,MADHYA PRADESH,Ambiguous / unresolved,,,,,4,2021,not reported,2.15,768.0,30.1,False,High or Medium confidence and within 2 km of a HydroRIVERS reach,False,,,,,,,,,,,,
WQS0880,MADHYA PRADESH,Ambiguous / unresolved,,,,,5,2020,not reported,1.9,354.0,31.0,False,High or Medium confidence and within 2 km of a HydroRIVERS reach,False,,,,,,,,,,,,
WQS0881,MADHYA PRADESH,Ambiguous / unresolved,,,,,5,2020,not reported,2.0,396.0,31.0,False,High or Medium confidence and within 2 km of a HydroRIVERS reach,False,,,,,,,,,,,,
WQS0882,MADHYA PRADESH,Ambiguous / unresolved,,,,,5,2020,not reported,1.1,308.0,21.5,False,High or Medium confidence and within 2 km of a HydroRIVERS reach,False,,,,,,,,,,,,
WQS0883,MADHYA PRADESH,Ambiguous / unresolved,,,,,5,2020,not reported,1.9,480.0,25.9,False,High or Medium confidence and within 2 km of a HydroRIVERS reach,False,,,,,,,,,,,,
WQS0884,MADHYA PRADESH,Ambiguous / unresolved,,,,,4,2021,not reported,1.2,371.5,22.0,False,High or Medium confidence and within 2 km of a HydroRIVERS reach,False,,,,,,,,,,,,
WQS0885,MADHYA PRADESH,Ambiguous / unresolved,,,,,5,2020,not reported,1.2,337.0,22.0,False,High or Medium confidence and within 2 km of a HydroRIVERS reach,False,,,,,,,,,,,,
WQS0886,MADHYA PRADESH,Ambiguous / unresolved,,,,,4,2021,not reported,1.1,380.5,22.0,False,High or Medium confidence and within 2 km of a HydroRIVERS reach,False,,,,,,,,,,,,
WQS0887,MADHYA PRADESH,Ambiguous / unresolved,,,,,9,2016,not reported,1.3,357.0,24.3,False,High or Medium confidence and within 2 km of a HydroRIVERS reach,False,,,,,,,,,,,,
WQS0888,MADHYA PRADESH,Ambiguous / unresolved,,,,,8,2016,not reported,1.8,390.0,24.15,False,High or Medium confidence and within 2 km of a HydroRIVERS reach,False,,,,,,,,,,,,
WQS0889,MADHYA PRADESH,Ambiguous / unresolved,,,,,8,2016,not reported,1.2,340.5,23.5,False,High or Medium confidence and within 2 km of a HydroRIVERS reach,False,,,,,,,,,,,,
WQS0890,MADHYA PRADESH,Ambiguous / unresolved,,,,,5,2020,not reported,1.6,288.0,29.0,False,High or Medium confidence and within 2 km of a HydroRIVERS reach,False,,,,,,,,,,,,
WQS0891,MADHYA PRADESH,Ambiguous / unresolved,,,,,9,2016,not reported,2.0,379.0,27.0,False,High or Medium confidence and within 2 km of a HydroRIVERS reach,False,,,,,,,,,,,,
WQS0892,MADHYA PRADESH,Ambiguous / unresolved,,,,,9,2016,not reported,1.9,382.0,25.0,False,High or Medium confidence and within 2 km of a HydroRIVERS reach,False,,,,,,,,,,,,
WQS0893,MADHYA PRADESH,Ambiguous / unresolved,,,,,4,2021,not reported,2.3499999999999996,469.0,30.1,False,High or Medium confidence and within 2 km of a HydroRIVERS reach,False,,,,,,,,,,,,
WQS0894,MADHYA PRADESH,Ambiguous / unresolved,,,,,9,2016,not reported,1.9,410.0,25.0,False,High or Medium confidence and within 2 km of a HydroRIVERS reach,False,,,,,,,,,,,,
WQS0895,MADHYA PRADESH,Ambiguous / unresolved,,,,,5,2020,not reported,1.1,318.0,21.5,False,High or Medium confidence and within 2 km of a HydroRIVERS reach,False,,,,,,,,,,,,
WQS0896,MADHYA PRADESH,Ambiguous / unresolved,,,,,5,2020,not reported,1.8,367.0,31.0,False,High or Medium confidence and within 2 km of a HydroRIVERS reach,False,,,,,,,,,,,,
WQS0897,MADHYA PRADESH,Ambiguous / unresolved,,,,,5,2020,not reported,1.6,385.0,30.0,False,High or Medium confidence and within 2 km of a HydroRIVERS reach,False,,,,,,,,,,,,
WQS0898,MADHYA PRADESH,Ambiguous / unresolved,,,,,5,2020,not reported,1.9,362.0,25.3,False,High or Medium confidence and within 2 km of a HydroRIVERS reach,False,,,,,,,,,,,,
WQS0899,MADHYA PRADESH,Ambiguous / unresolved,,,,,4,2021,not reported,1.9,398.0,25.85,False,High or Medium confidence and within 2 km of a HydroRIVERS reach,False,,,,,,,,,,,,
WQS0900,MADHYA PRADESH,Ambiguous / unresolved,,,,,9,2016,not reported,1.2,381.0,24.2,False,High or Medium confidence and within 2 km of a HydroRIVERS reach,False,,,,,,,,,,,,
WQS0901,MADHYA PRADESH,Ambiguous / unresolved,,,,,9,2016,not reported,1.1,349.0,24.3,False,High or Medium confidence and within 2 km of a HydroRIVERS reach,False,,,,,,,,,,,,
WQS0902,MADHYA PRADESH,Ambiguous / unresolved,,,,,4,2021,not reported,1.85,537.0,26.35,False,High or Medium confidence and within 2 km of a HydroRIVERS reach,False,,,,,,,,,,,,
WQS0903,MADHYA PRADESH,Ambiguous / unresolved,,,,,5,2020,not reported,1.9,412.0,25.3,False,High or Medium confidence and within 2 km of a HydroRIVERS reach,False,,,,,,,,,,,,
WQS0904,MADHYA PRADESH,Ambiguous / unresolved,,,,,4,2021,not reported,2.4,1151.0,28.5,False,High or Medium confidence and within 2 km of a HydroRIVERS reach,False,,,,,,,,,,,,
WQS0905,MADHYA PRADESH,Ambiguous / unresolved,,,,,5,2020,not reported,1.0,339.0,22.0,False,High or Medium confidence and within 2 km of a HydroRIVERS reach,False,,,,,,,,,,,,
WQS0906,MADHYA PRADESH,Ambiguous / unresolved,,,,,5,2020,not reported,1.2,331.0,21.5,False,High or Medium confidence and within 2 km of a HydroRIVERS reach,False,,,,,,,,,,,,
WQS0907,MADHYA PRADESH,Ambiguous / unresolved,,,,,4,2021,not reported,1.2,379.0,22.0,False,High or Medium confidence and within 2 km of a HydroRIVERS reach,False,,,,,,,,,,,,
WQS0908,MADHYA PRADESH,Ambiguous / unresolved,,,,,5,2020,not reported,1.1,360.0,22.0,False,High or Medium confidence and within 2 km of a HydroRIVERS reach,False,,,,,,,,,,,,
WQS0909,MADHYA PRADESH,Ambiguous / unresolved,,,,,5,2020,not reported,1.9,691.0,25.3,False,High or Medium confidence and within 2 km of a HydroRIVERS reach,False,,,,,,,,,,,,
WQS0910,MADHYA PRADESH,Ambiguous / unresolved,,,,,4,2021,not reported,2.2,653.5,26.799999999999997,False,High or Medium confidence and within 2 km of a HydroRIVERS reach,False,,,,,,,,,,,,
WQS0911,MADHYA PRADESH,Medium,23.389808,76.720364,4060908090.0,4040025450.0,8,2016,monthly,2.5,583.0,27.5,True,High or Medium confidence and within 2 km of a HydroRIVERS reach,True,957.5,5059.388888888889,2.9811387826406603,3.704098062647827,41058582.0,428.0,261.3,3.066,134664.0,134664.0,43921.7,0.0
WQS0912,MADHYA PRADESH,Ambiguous / unresolved,,,,,4,2016,not reported,2.3,636.0,29.5,False,High or Medium confidence and within 2 km of a HydroRIVERS reach,False,,,,,,,,,,,,
WQS0913,MADHYA PRADESH,Ambiguous / unresolved,,,,,2,2022,not reported,1.9,763.0,26.0,False,High or Medium confidence and within 2 km of a HydroRIVERS reach,False,,,,,,,,,,,,
WQS0914,MADHYA PRADESH,Ambiguous / unresolved,,,,,2,2023,not reported,2.0,716.0,29.0,False,High or Medium confidence and within 2 km of a HydroRIVERS reach,False,,,,,,,,,,,,
WQS0915,MADHYA PRADESH,Medium,24.563335,82.355044,4060903120.0,4040025450.0,4,2021,monthly,1.55,439.5,30.3,True,High or Medium confidence and within 2 km of a HydroRIVERS reach,True,174.10000000000002,162.44444444444446,2.240798771117331,2.210704863182517,40997633.0,621.0,24815.4,363.675,7264057.0,288039.0,19974.0,0.0
WQS0916,MADHYA PRADESH,Medium,26.226494,77.995516,4060878420.0,4040025450.0,8,2016,monthly,2.0,690.5,29.0,True,High or Medium confidence and within 2 km of a HydroRIVERS reach,True,107.2,44.72222222222222,2.030194785356751,1.6505233752645625,40900429.0,647.0,428.1,1.611,53995.0,53995.0,33516.4,0.0
WQS0917,MADHYA PRADESH,Medium,25.888006,78.337099,4060878420.0,4040025450.0,6,2016,monthly,1.85,756.0,29.0,True,High or Medium confidence and within 2 km of a HydroRIVERS reach,True,1592.9555555555555,11782.011111111111,3.202203658885727,4.071219427964731,40919944.0,624.0,113.7,0.498,133377.0,133377.0,267825.3,0.0
WQS0918,MADHYA PRADESH,Medium,23.36049,81.499529,4060903120.0,4040025450.0,8,2016,monthly,1.8,578.0,31.0,True,High or Medium confidence and within 2 km of a HydroRIVERS reach,True,156.24444444444444,46.68888888888889,2.1938045841600107,1.6692135386306088,41060128.0,162.0,4668.4,78.673,1760439.0,639304.0,22376.7,0.0
WQS0919,MADHYA PRADESH,Medium,23.200563,81.588112,4060903120.0,4040025450.0,8,2016,monthly,2.0,565.5,31.0,True,High or Medium confidence and within 2 km of a HydroRIVERS reach,True,1624.2222222222222,5115.866666666667,3.2106454481086293,3.708919217064336,41069072.0,1965.0,69.5,1.139,157328.0,157328.0,138128.2,0.0
WQS0920,MADHYA PRADESH,Medium,23.169815,81.656141,4060903120.0,4040025450.0,7,2016,monthly,1.7,537.0,30.0,True,High or Medium confidence and within 2 km of a HydroRIVERS reach,True,667.911111111111,1689.4666666666667,2.8247186682799845,3.227749627525215,41070583.0,429.0,58.6,0.974,1159923.0,56291.0,1190886.0,0.0
WQS0921,MADHYA PRADESH,Medium,24.549617,82.351214,4060903120.0,4040025450.0,5,2019,monthly,1.9,680.0,27.3,True,High or Medium confidence and within 2 km of a HydroRIVERS reach,True,237.2555555555556,57.25555555555555,2.3752163906203974,1.7578176330217499,40999426.0,1173.0,24686.5,362.355,7208037.0,561531.0,19892.2,0.0
WQS0922,MADHYA PRADESH,Medium,24.420207,81.674038,4060903120.0,4040025450.0,4,2021,monthly,1.75,394.0,31.3,True,High or Medium confidence and within 2 km of a HydroRIVERS reach,True,863.1111111111111,2267.8222222222225,2.9360667074606237,3.3556090065991615,41006523.0,1892.0,23383.6,347.908,6395382.0,632703.0,18382.4,0.0
WQS0923,MADHYA PRADESH,Medium,24.191914,81.287449,4060903120.0,4040025450.0,8,2016,monthly,1.7,476.5,30.5,True,High or Medium confidence and within 2 km of a HydroRIVERS reach,True,447.6333333333334,667.5444444444444,2.650922419106795,2.824480185893401,41017745.0,253.0,18748.7,283.8,5081270.0,284168.0,17904.4,0.0
WQS0924,MADHYA PRADESH,Medium,23.314763,81.459256,4060903120.0,4040025450.0,6,2019,monthly,1.85,501.5,30.75,True,High or Medium confidence and within 2 km of a HydroRIVERS reach,True,382.8666666666667,268.53333333333336,2.5830475572254854,2.428998202825899,41062843.0,72.0,32.7,0.491,1760439.0,40907.0,3585415.5,0.0
WQS0925,MADHYA PRADESH,Medium,22.658372,81.766812,4061010920.0,4040027100.0,8,2016,monthly,1.15,234.5,29.75,False,High or Medium confidence and within 2 km of a HydroRIVERS reach,True,235.92222222222225,130.16666666666666,2.3727688503130846,2.1144997834936565,,,,,,,,
WQS0926,MADHYA PRADESH,Medium,24.485848,81.993897,4060903120.0,4040025450.0,6,2019,monthly,1.5,443.5,30.55,True,High or Medium confidence and within 2 km of a HydroRIVERS reach,True,513.8777777777777,405.44444444444446,2.71085983738325,2.6079313539253235,41001626.0,909.0,24262.7,360.272,6978337.0,778040.0,19369.6,0.0
WQS0927,MADHYA PRADESH,Medium,24.161817,82.385269,4060903120.0,4040025450.0,5,2019,monthly,1.9,560.0,30.0,True,High or Medium confidence and within 2 km of a HydroRIVERS reach,True,458.3333333333333,1069.7333333333333,2.661181443446619,3.029275528810795,41022711.0,1010.0,75.2,1.068,78069.0,78069.0,73098.3,0.0
WQS0928,MADHYA PRADESH,Medium,24.597064,82.729328,4060903120.0,4040025450.0,6,2019,quarterly,2.25,265.0,27.75,True,High or Medium confidence and within 2 km of a HydroRIVERS reach,True,359.6666666666667,110.07777777777778,2.555900189963248,2.0416996535532257,40995600.0,212.0,31397.4,458.88,8800064.0,224538.0,19177.3,0.0
WQS0929,MADHYA PRADESH,Ambiguous / unresolved,,,,,3,2022,not reported,2.0,816.0,23.0,False,High or Medium confidence and within 2 km of a HydroRIVERS reach,False,,,,,,,,,,,,
WQS0930,MADHYA PRADESH,Ambiguous / unresolved,,,,,9,2016,not reported,1.8,572.0,26.0,False,High or Medium confidence and within 2 km of a HydroRIVERS reach,False,,,,,,,,,,,,
WQS0931,MADHYA PRADESH,Medium,24.853018,81.313933,4060915780.0,4040025450.0,4,2021,monthly,1.85,471.5,31.75,True,High or Medium confidence and within 2 km of a HydroRIVERS reach,True,97.05555555555556,135.13333333333333,1.987020399879625,2.1307624896373274,40982602.0,326.0,7197.1,99.093,3721508.0,1470856.0,37555.7,0.0
WQS0932,MADHYA PRADESH,Medium,25.043083,81.721004,4060915780.0,4040025450.0,6,2016,monthly,1.95,435.5,32.0,True,High or Medium confidence and within 2 km of a HydroRIVERS reach,True,813.9777777777778,1600.611111111111,2.910612548476148,3.2042858273508266,40970198.0,1027.0,10587.4,138.699,5172345.0,691638.0,37291.9,0.0
WQS0933,MADHYA PRADESH,Medium,25.043102,81.721755,4060915780.0,4040025450.0,3,2022,monthly,1.8,451.0,29.5,True,High or Medium confidence and within 2 km of a HydroRIVERS reach,True,817.7666666666668,1724.4888888888888,2.912629404117844,3.2366604004953556,40970198.0,987.0,10587.4,138.699,5172345.0,691638.0,37291.9,0.0
WQS0934,MADHYA PRADESH,Medium,24.564419,80.909003,4060915780.0,4040025450.0,5,2016,monthly,3.4,2148.0,33.0,True,High or Medium confidence and within 2 km of a HydroRIVERS reach,True,1377.0666666666666,2683.0333333333333,3.138954965866664,3.428626068271195,40997217.0,491.0,3134.6,43.027,1545412.0,1199403.0,35917.3,0.0
WQS0935,MADHYA PRADESH,Medium,24.563732,80.911732,4060915780.0,4040025450.0,5,2016,monthly,2.8,1903.0,32.0,True,High or Medium confidence and within 2 km of a HydroRIVERS reach,True,1208.111111111111,2490.8,3.0821068785925134,3.3963388570493622,40997218.0,885.0,3160.2,43.416,1545412.0,1146687.0,35595.4,0.0
WQS0936,MADHYA PRADESH,Ambiguous / unresolved,,,,,9,2016,not reported,1.9,426.0,26.9,False,High or Medium confidence and within 2 km of a HydroRIVERS reach,False,,,,,,,,,,,,
WQS0937,MADHYA PRADESH,Ambiguous / unresolved,,,,,7,2016,not reported,2.6,628.0,26.5,False,High or Medium confidence and within 2 km of a HydroRIVERS reach,False,,,,,,,,,,,,
WQS0938,MADHYA PRADESH,Ambiguous / unresolved,,,,,4,2021,not reported,1.9,485.5,28.1,False,High or Medium confidence and within 2 km of a HydroRIVERS reach,False,,,,,,,,,,,,
WQS0939,MADHYA PRADESH,Ambiguous / unresolved,,,,,5,2020,not reported,3.4,445.0,29.0,False,High or Medium confidence and within 2 km of a HydroRIVERS reach,False,,,,,,,,,,,,
WQS0940,MADHYA PRADESH,Medium,24.53605,81.2839,4060915780.0,4040025450.0,2,2023,not reported,1.65,366.0,29.6,True,High or Medium confidence and within 2 km of a HydroRIVERS reach,True,4969.18888888889,9572.611111111111,3.6962855054682113,3.981030415987328,40998500.0,850.0,1237.9,17.845,1073416.0,1073416.0,60152.2,0.0
WQS0941,MADHYA PRADESH,Medium,23.571553,76.46671,4060908090.0,4040025450.0,2,2023,not reported,3.5,802.5,26.0,True,High or Medium confidence and within 2 km of a HydroRIVERS reach,True,734.7,4457.166666666667,2.8661100398443766,3.649058873947145,41049889.0,50.0,2758.3,27.805,891048.0,257230.0,32046.3,0.0
WQS0942,MADHYA PRADESH,Medium,24.05703,75.074378,4060908080.0,4040025450.0,8,2016,monthly,2.1,735.0,28.5,True,High or Medium confidence and within 2 km of a HydroRIVERS reach,True,2248.277777777778,7521.722222222223,3.351849967886046,3.8763172908540446,41024550.0,50.0,1190.2,13.169,522204.0,443511.0,39654.0,0.0
WQS0943,MADHYA PRADESH,Ambiguous / unresolved,,,,,6,2016,not reported,2.15,573.5,27.9,False,High or Medium confidence and within 2 km of a HydroRIVERS reach,False,,,,,,,,,,,,
WQS0944,MADHYA PRADESH,Ambiguous / unresolved,,,,,9,2016,not reported,3.0,1043.0,26.0,False,High or Medium confidence and within 2 km of a HydroRIVERS reach,False,,,,,,,,,,,,
WQS0945,MADHYA PRADESH,Ambiguous / unresolved,,,,,9,2016,not reported,2.8,1122.0,26.0,False,High or Medium confidence and within 2 km of a HydroRIVERS reach,False,,,,,,,,,,,,
WQS0946,MADHYA PRADESH,Ambiguous / unresolved,,,,,9,2016,not reported,1.5,592.0,28.0,False,High or Medium confidence and within 2 km of a HydroRIVERS reach,False,,,,,,,,,,,,
WQS0947,MADHYA PRADESH,Ambiguous / unresolved,,,,,2,2016,not reported,1.9,769.0,30.5,False,High or Medium confidence and within 2 km of a HydroRIVERS reach,False,,,,,,,,,,,,
WQS0948,MADHYA PRADESH,Ambiguous / unresolved,,,,,9,2016,not reported,1.8,436.0,26.5,False,High or Medium confidence and within 2 km of a HydroRIVERS reach,False,,,,,,,,,,,,
WQS0949,MADHYA PRADESH,Ambiguous / unresolved,,,,,5,2016,not reported,2.8,916.0,33.5,False,High or Medium confidence and within 2 km of a HydroRIVERS reach,False,,,,,,,,,,,,
WQS0950,MAHARASHTRA,High,21.328133,74.569733,4060031520.0,4040029530.0,4,2016,monthly,3.7,727.5,22.0,True,High or Medium confidence and within 2 km of a HydroRIVERS reach,True,906.1777777777778,6852.166666666667,2.9572134077583936,3.8358279178564265,41153011.0,5.0,487.0,2.67,167313.0,167313.0,62664.0,0.0
WQS0951,MAHARASHTRA,High,18.470567,74.58725,4061076050.0,4040027940.0,9,2016,monthly,9.5,1568.0,29.5,True,High or Medium confidence and within 2 km of a HydroRIVERS reach,True,1311.888888888889,4220.655555555556,3.1178970538004154,3.6253799111628533,41230842.0,256.0,11417.0,222.577,12311865.0,1213469.0,55315.1,0.0
WQS0952,MAHARASHTRA,High,18.544117,73.882433,4061067580.0,4040027940.0,9,2016,monthly,19.0,743.0,29.0,True,High or Medium confidence and within 2 km of a HydroRIVERS reach,True,9714.811111111112,10793.011111111111,3.987434360859668,4.033142624155201,41229327.0,40.0,2048.0,94.866,4950571.0,4880649.0,52184.9,0.0
WQS0953,MAHARASHTRA,High,17.415167,75.8461,4061083880.0,4040027940.0,9,2016,monthly,10.0,1970.0,35.0,True,High or Medium confidence and within 2 km of a HydroRIVERS reach,True,457.1666666666667,618.5666666666667,2.6600745572208857,2.791386513027688,41258965.0,64.0,33562.8,296.025,22929554.0,529929.0,77458.2,0.004
WQS0954,MAHARASHTRA,High,18.6452,74.05505,4061067500.0,4040027940.0,9,2016,monthly,9.0,1117.0,29.0,True,High or Medium confidence and within 2 km of a HydroRIVERS reach,True,1568.0111111111112,4017.2999999999997,3.1953491358210897,3.603934264761215,41226350.0,580.0,2223.7,75.727,2197682.0,1506504.0,29021.1,0.0
WQS0955,MAHARASHTRA,Medium,18.27235,74.798217,4061076050.0,4040027940.0,9,2016,monthly,8.4,998.0,29.5,True,High or Medium confidence and within 2 km of a HydroRIVERS reach,True,316.32222222222225,404.5444444444445,2.5001297029795198,2.606966241440624,41235853.0,1499.0,483.0,1.848,248565.0,248565.0,134504.9,0.0
WQS0956,MAHARASHTRA,High,18.915367,75.737267,4061056740.0,4040027780.0,7,2016,monthly,6.2,1627.0,32.0,True,High or Medium confidence and within 2 km of a HydroRIVERS reach,True,338.0111111111111,414.4777777777778,2.528930976653189,2.617501250815844,41218536.0,255.0,235.6,1.253,78640.0,78640.0,62761.4,0.0
WQS0957,MAHARASHTRA,High,21.056,75.071383,4061024010.0,4040029530.0,7,2016,monthly,4.0,675.0,24.0,True,High or Medium confidence and within 2 km of a HydroRIVERS reach,True,1204.677777777778,1651.322222222222,3.0808708991543843,3.217831825339717,41161049.0,971.0,1769.2,4.686,548106.0,257166.0,116966.7,0.0
WQS0958,MAHARASHTRA,High,17.6681,75.347317,4061080660.0,4040027940.0,8,2016,monthly,11.25,1844.0,36.0,True,High or Medium confidence and within 2 km of a HydroRIVERS reach,True,2055.8444444444444,2059.766666666667,3.3129902506563162,3.313818025651385,41251595.0,95.0,24323.0,270.515,19383606.0,1051789.0,71654.5,0.0
WQS0959,MAHARASHTRA,High,17.72995,75.312417,4061080660.0,4040027940.0,8,2016,monthly,9.15,4595.5,36.0,True,High or Medium confidence and within 2 km of a HydroRIVERS reach,True,686.7,1075.0333333333333,2.8367670473942055,3.0314219305384085,41250836.0,209.0,24118.7,271.126,19073656.0,881094.0,70349.8,0.0
WQS0960,MAHARASHTRA,High,19.871767,73.83725,4061050730.0,4040027780.0,7,2016,monthly,4.6,620.0,31.0,True,High or Medium confidence and within 2 km of a HydroRIVERS reach,True,1904.8444444444442,3735.777777777778,3.27985951561385,3.5723810343794558,41193620.0,745.0,960.2,35.806,580905.0,580905.0,16223.7,0.0
WQS0961,MAHARASHTRA,High,19.931217,73.85715,4061050730.0,4040027780.0,7,2016,monthly,4.8,902.0,30.0,True,High or Medium confidence and within 2 km of a HydroRIVERS reach,True,3793.4555555555553,3979.3999999999996,3.5790350001992044,3.599817595608217,41192064.0,765.0,1196.0,43.47,1046614.0,979855.0,24076.7,0.0
WQS0962,MAHARASHTRA,High,19.868567,73.8277,4061050730.0,4040027780.0,7,2016,monthly,5.2,666.0,30.0,True,High or Medium confidence and within 2 km of a HydroRIVERS reach,True,1767.2666666666667,2045.3111111111111,3.2473020860794017,3.3107593776549735,41193619.0,20.0,947.7,35.454,580905.0,580905.0,16384.8,0.0
WQS0963,MAHARASHTRA,High,19.905833,73.842433,4061050730.0,4040027780.0,7,2016,monthly,7.0,556.0,31.0,True,High or Medium confidence and within 2 km of a HydroRIVERS reach,True,3010.5333333333333,3673.8999999999996,3.478643440180465,3.565127331055462,41192603.0,517.0,1017.3,37.421,580905.0,514146.0,15523.5,0.0
WQS0964,MAHARASHTRA,High,19.803067,73.737933,4061050730.0,4040027780.0,7,2016,monthly,4.2,595.0,29.0,True,High or Medium confidence and within 2 km of a HydroRIVERS reach,True,435.84444444444443,764.4555555555556,2.639331514558236,2.883352241170107,41195339.0,692.0,583.2,23.794,285958.0,285958.0,12018.1,0.0
WQS0965,MAHARASHTRA,High,18.832683,74.391733,4061068520.0,4040027940.0,8,2016,monthly,9.149999999999999,1296.0,28.0,True,High or Medium confidence and within 2 km of a HydroRIVERS reach,True,1262.8444444444444,1931.7666666666669,3.1013498580137444,3.285954667887503,41221171.0,261.0,3242.1,38.072,2391072.0,1021318.0,62804.0,0.0
WQS0966,MAHARASHTRA,Medium,20.989533,75.5157,4061025600.0,4040029530.0,8,2016,monthly,5.0,728.0,24.0,True,High or Medium confidence and within 2 km of a HydroRIVERS reach,True,2778.411111111111,1111.388888888889,3.44379650708812,3.04586605061171,41163970.0,114.0,9067.2,44.905,4794919.0,317609.0,106779.2,0.0
WQS0967,MAHARASHTRA,High,19.2254,76.364233,4061059140.0,4040027780.0,8,2016,monthly,5.5,2940.5,27.0,True,High or Medium confidence and within 2 km of a HydroRIVERS reach,True,171.7,667.8555555555555,2.2347702951609163,2.8246825430017712,41210588.0,36.0,30738.3,228.745,18417973.0,434100.0,80517.5,0.008
WQS0968,MAHARASHTRA,High,19.487717,75.3712,4061056630.0,4040027780.0,7,2016,monthly,4.4,980.0,31.0,True,High or Medium confidence and within 2 km of a HydroRIVERS reach,True,625.1222222222223,354.15555555555557,2.7959649377397016,2.5491940588640354,41203975.0,250.0,22233.2,182.68,15965966.0,1227124.0,87398.5,0.011
WQS0969,MAHARASHTRA,High,19.12685,77.279383,4061063670.0,4040027780.0,8,2016,monthly,5.1,1237.5,30.5,True,High or Medium confidence and within 2 km of a HydroRIVERS reach,True,1922.5,685.2888888888889,3.2838663484734685,2.8358736903270065,41212563.0,953.0,51849.2,289.91,25481706.0,635982.0,87895.2,0.005
WQS0970,MAHARASHTRA,High,20.008917,74.132467,4061050730.0,4040027780.0,8,2016,monthly,4.8,809.0,29.0,True,High or Medium confidence and within 2 km of a HydroRIVERS reach,True,738.8777777777777,836.4666666666667,2.8685726050705873,2.92244863893718,41190063.0,957.0,4351.1,100.12,4488921.0,3347796.0,44835.4,0.0
WQS0971,MAHARASHTRA,Ambiguous / unresolved,,,,,2,2016,not reported,6.5,968.0,29.5,False,High or Medium confidence and within 2 km of a HydroRIVERS reach,False,,,,,,,,,,,,
WQS0972,MAHARASHTRA,High,20.000117,73.815117,4061050730.0,4040027780.0,8,2016,monthly,13.1,815.5,31.0,True,High or Medium confidence and within 2 km of a HydroRIVERS reach,True,8453.433333333332,6822.466666666666,3.9270331320126646,3.8339414224631367,41190681.0,246.0,738.1,22.776,1627282.0,1627282.0,71447.2,0.0
WQS0973,MAHARASHTRA,High,21.545733,74.4603,4060031520.0,4040029530.0,8,2016,monthly,4.0,650.5,24.0,True,High or Medium confidence and within 2 km of a HydroRIVERS reach,True,1625.3444444444444,4527.200000000001,3.2109454111424425,3.6558296809272717,41146002.0,156.0,1046.0,5.513,354606.0,354606.0,64321.8,0.0
WQS0974,MAHARASHTRA,High,20.667183,75.357733,4061025600.0,4040029530.0,7,2016,monthly,4.2,550.0,25.0,True,High or Medium confidence and within 2 km of a HydroRIVERS reach,True,1167.8000000000002,7554.599999999999,3.0673684709152687,3.878211474314796,41174818.0,83.0,255.3,0.775,106346.0,106346.0,137220.6,0.0
WQS0975,MAHARASHTRA,High,18.68365,73.87855,4061067500.0,4040027940.0,8,2016,monthly,11.6,752.5,29.0,True,High or Medium confidence and within 2 km of a HydroRIVERS reach,True,2526.7555555555555,1675.8000000000002,3.402563229253386,3.2242221860846487,41225211.0,23.0,831.8,38.3,1243384.0,1093065.0,32464.3,0.0
WQS0976,MAHARASHTRA,High,21.25,79.133333,4061051450.0,4040027780.0,8,2016,monthly,9.8,1346.0,30.0,True,High or Medium confidence and within 2 km of a HydroRIVERS reach,True,1720.2777777777778,724.3111111111111,3.235598579242284,2.8599251474362966,41155547.0,0.0,1030.5,9.985,515337.0,515337.0,51611.1,0.0
WQS0977,MAHARASHTRA,High,17.294833,74.188683,4061097120.0,4040027940.0,7,2016,monthly,7.0,514.0,30.0,True,High or Medium confidence and within 2 km of a HydroRIVERS reach,True,2154.277777777778,6068.522222222222,3.3333017015516164,3.783082946615464,41261414.0,14.0,5421.5,209.971,2481303.0,1197039.0,11817.4,0.0
WQS0978,MAHARASHTRA,High,17.69075,74.051467,4061084990.0,4040027940.0,8,2016,monthly,7.75,642.5,28.0,True,High or Medium confidence and within 2 km of a HydroRIVERS reach,True,2441.4555555555553,1915.9111111111113,3.3876488227619976,3.28237535607371,41251252.0,691.0,1294.0,51.845,919864.0,873743.0,17742.6,0.0
WQS0979,MAHARASHTRA,High,17.695583,74.054767,4061084990.0,4040027940.0,8,2016,monthly,6.7,622.5,28.0,True,High or Medium confidence and within 2 km of a HydroRIVERS reach,True,2174.4,1536.9555555555553,3.337339439388419,3.1866613091028353,41251144.0,345.0,1283.0,51.536,919864.0,873743.0,17849.0,0.0
WQS0980,MAHARASHTRA,Ambiguous / unresolved,,,,,4,2016,not reported,4.5,681.5,23.5,False,High or Medium confidence and within 2 km of a HydroRIVERS reach,False,,,,,,,,,,,,
WQS0981,MAHARASHTRA,High,17.966667,73.833333,4061084990.0,4040027940.0,7,2016,monthly,5.0,153.0,30.0,True,High or Medium confidence and within 2 km of a HydroRIVERS reach,True,443.4222222222222,757.1222222222223,2.646817454106958,2.879165993307285,41244595.0,218.0,12.3,0.552,126014.0,79893.0,228286.2,0.0
WQS0982,MAHARASHTRA,Medium,16.861833,74.55765,4061097120.0,4040027940.0,7,2016,monthly,2.8,957.0,28.0,True,High or Medium confidence and within 2 km of a HydroRIVERS reach,True,3897.0777777777776,7509.644444444445,3.5907390735172546,3.87561937515713,41272382.0,147.0,10116.2,250.909,5153370.0,1282639.0,20538.8,0.0
WQS0983,MAHARASHTRA,Ambiguous / unresolved,,,,,6,2018,not reported,2.7,955.5,29.0,False,High or Medium confidence and within 2 km of a HydroRIVERS reach,False,,,,,,,,,,,,
WQS0984,MAHARASHTRA,Low,18.429431,76.668723,4061074710.0,4040027780.0,1,2017,not reported,5.0,462.0,26.0,False,High or Medium confidence and within 2 km of a HydroRIVERS reach,True,440.26666666666665,597.7666666666667,2.643715805535075,2.7765316937639017,41232543.0,139.0,4669.4,19.31,1694775.0,666510.0,87766.7,0.0
WQS0985,MAHARASHTRA,High,18.430433,76.670883,4061074710.0,4040027780.0,5,2016,monthly,5.4,792.0,23.0,True,High or Medium confidence and within 2 km of a HydroRIVERS reach,True,434.8333333333333,589.1777777777778,2.638322828716577,2.7702463580441687,41232543.0,99.0,4669.4,19.31,1694775.0,666510.0,87766.7,0.0
WQS0986,MAHARASHTRA,High,21.107583,75.791917,4061026390.0,4040029530.0,8,2016,monthly,7.1499999999999995,594.0,23.5,True,High or Medium confidence and within 2 km of a HydroRIVERS reach,True,318.1111111111111,1499.9222222222222,2.5025788385822736,3.1760687394987,41160580.0,626.0,377.8,1.684,119716.0,119716.0,71090.3,0.0
WQS0987,MAHARASHTRA,High,18.567483,73.81125,4061067580.0,4040027940.0,8,2016,monthly,15.0,939.0,29.25,True,High or Medium confidence and within 2 km of a HydroRIVERS reach,True,8351.888888888889,10281.811111111112,3.9217847079686017,4.012069621107006,41228279.0,138.0,720.4,38.623,1018288.0,1018288.0,26364.8,0.0
WQS0988,MAHARASHTRA,High,18.44055,73.773517,4061067580.0,4040027940.0,8,2016,monthly,4.15,333.0,28.0,True,High or Medium confidence and within 2 km of a HydroRIVERS reach,True,2483.0333333333333,1943.3111111111111,3.3949825497541455,3.288542333807619,41232263.0,606.0,552.4,26.347,138965.0,138965.0,5274.4,0.0
WQS0989,MAHARASHTRA,High,18.52145,73.8503,4061067580.0,4040027940.0,8,2016,monthly,26.5,571.0,29.0,True,High or Medium confidence and within 2 km of a HydroRIVERS reach,True,10292.677777777779,14827.877777777778,4.012528376980295,4.171078997599269,41229895.0,24.0,730.0,30.769,1254267.0,1254267.0,40764.0,0.0
WQS0990,MAHARASHTRA,Ambiguous / unresolved,,,,,1,2016,not reported,14.0,1325.0,43.0,False,High or Medium confidence and within 2 km of a HydroRIVERS reach,False,,,,,,,,,,,,
WQS0991,MAHARASHTRA,High,18.10155,74.233967,4061076080.0,4040027940.0,7,2016,monthly,11.5,1201.0,30.0,True,High or Medium confidence and within 2 km of a HydroRIVERS reach,True,934.3222222222222,856.911111111111,2.9704966783710525,2.93293577413311,41241034.0,162.0,2320.4,58.682,855425.0,571205.0,14577.3,0.0
WQS0992,MAHARASHTRA,High,18.057067,74.488667,4061076080.0,4040027940.0,8,2016,monthly,14.75,3247.5,31.5,True,High or Medium confidence and within 2 km of a HydroRIVERS reach,True,899.0777777777778,2724.5,2.953797263478058,3.4352868122401277,41241978.0,89.0,3516.7,61.739,1651926.0,1075266.0,26756.6,0.0
WQS0993,MAHARASHTRA,High,18.146183,73.984067,4061076080.0,4040027940.0,8,2016,monthly,7.2,430.5,30.5,True,High or Medium confidence and within 2 km of a HydroRIVERS reach,True,993.4333333333333,2473.8222222222225,2.99713872807702,3.3933684864482974,41239220.0,863.0,1413.2,48.724,535325.0,535325.0,10986.9,0.0
WQS0994,MAHARASHTRA,High,18.09685,74.212167,4061076080.0,4040027940.0,8,2016,monthly,7.65,922.5,30.0,True,High or Medium confidence and within 2 km of a HydroRIVERS reach,True,865.2555555555556,4413.977777777778,2.93714439645432,3.644830142370543,41240626.0,697.0,2215.4,58.626,855425.0,733094.0,14591.2,0.0
WQS0995,MAHARASHTRA,Medium,16.665833,74.474917,4061097120.0,4040027940.0,8,2016,monthly,3.2,592.5,28.5,True,High or Medium confidence and within 2 km of a HydroRIVERS reach,True,2357.688888888889,295.9111111111111,3.37248649679259,2.471161272709286,41277180.0,137.0,2313.4,120.783,1738870.0,1278063.0,14396.6,0.0
WQS0996,MAHARASHTRA,High,16.711617,74.280367,4061097120.0,4040027940.0,9,2016,monthly,3.0,421.0,28.0,True,High or Medium confidence and within 2 km of a HydroRIVERS reach,True,3722.511111111111,1809.0777777777778,3.5708360027269785,3.257457238907118,41275711.0,324.0,1896.6,112.829,1152728.0,1042083.0,10216.6,0.0
WQS0997,MAHARASHTRA,High,16.721883,74.594533,4061097120.0,4040027940.0,8,2016,monthly,2.7,969.0,28.0,True,High or Medium confidence and within 2 km of a HydroRIVERS reach,True,849.6666666666666,78.73333333333333,2.929248580749605,1.8961586385578335,41276235.0,495.0,39.9,0.552,1862771.0,123901.0,3374585.1,0.0
WQS0998,MAHARASHTRA,High,16.69255,74.166217,4061097120.0,4040027940.0,9,2016,monthly,3.0,502.0,27.0,True,High or Medium confidence and within 2 km of a HydroRIVERS reach,True,1535.7666666666667,1157.1555555555556,3.186325237129865,3.063391744758483,41276143.0,612.0,1083.7,66.938,323632.0,300600.0,4834.8,0.0
WQS0999,MAHARASHTRA,High,20.95675,74.2933,4061024050.0,4040029530.0,8,2016,monthly,4.7,869.0,23.5,True,High or Medium confidence and within 2 km of a HydroRIVERS reach,True,660.5333333333333,405.94444444444446,2.819894738858118,2.608466602241911,41164348.0,475.0,758.1,8.371,277302.0,277302.0,33126.5,0.0
WQS1000,MAHARASHTRA,High,18.625883,73.778017,4061067580.0,4040027940.0,8,2016,monthly,13.75,615.5,29.0,True,High or Medium confidence and within 2 km of a HydroRIVERS reach,True,9691.266666666666,10553.966666666667,3.9863805438611073,4.023415718180541,41226806.0,20.0,437.2,22.854,1173096.0,1173096.0,51330.0,0.0
WQS1001,MAHARASHTRA,High,18.602283,73.821767,4061067580.0,4040027940.0,8,2016,monthly,22.0,685.5,29.75,True,High or Medium confidence and within 2 km of a HydroRIVERS reach,True,8047.522222222222,9055.7,3.9056621846089916,3.956922026642047,41227584.0,71.0,486.5,24.213,1173096.0,1173096.0,48449.0,0.0
WQS1002,MAHARASHTRA,High,18.621683,73.798383,4061067580.0,4040027940.0,8,2016,monthly,17.5,686.5,29.0,True,High or Medium confidence and within 2 km of a HydroRIVERS reach,True,9545.7,12907.377777777778,3.9798077813405244,4.1108380213281706,41227272.0,48.0,466.7,23.69,1173096.0,1173096.0,49518.6,0.0
WQS1003,MAHARASHTRA,Ambiguous / unresolved,,,,,8,2016,monthly,4.3,1256.5,27.0,False,High or Medium confidence and within 2 km of a HydroRIVERS reach,False,,,,,,,,,,,,
WQS1004,MAHARASHTRA,High,21.0,77.216667,4061026400.0,4040029530.0,8,2016,monthly,7.3,1958.0,27.0,True,High or Medium confidence and within 2 km of a HydroRIVERS reach,True,155.33333333333334,30.811111111111114,2.1912646619703375,1.4887073601385368,41164817.0,0.0,47.1,0.395,65234.0,7757.0,165149.4,0.0
WQS1005,MAHARASHTRA,High,21.163233,73.78685,4060031520.0,4040029530.0,7,2016,monthly,5.0,846.0,23.0,True,High or Medium confidence and within 2 km of a HydroRIVERS reach,True,983.3666666666666,5560.711111111112,2.9927154828558273,3.745130333287783,41160931.0,279.0,218.6,4.599,126687.0,126687.0,27546.6,0.0
WQS1006,MAHARASHTRA,Medium,17.571733,74.0477,4061084990.0,4040027940.0,8,2016,monthly,7.5,475.5,29.5,True,High or Medium confidence and within 2 km of a HydroRIVERS reach,True,634.4888888888888,2463.266666666667,2.80242402117226,3.391511429944208,41254431.0,106.0,348.0,14.428,175216.0,175216.0,12144.2,0.0
WQS1007,MAHARASHTRA,High,18.5679,74.378017,4061068510.0,4040027940.0,9,2016,monthly,11.0,1393.0,29.0,True,High or Medium confidence and within 2 km of a HydroRIVERS reach,True,615.5,1078.2222222222222,2.789228057267335,3.0327082784191917,41228152.0,93.0,6164.7,181.758,8729094.0,1460418.0,48025.9,0.0
WQS1008,MAHARASHTRA,Medium,17.5,75.5,4061083880.0,4040027940.0,9,2016,monthly,9.0,1592.0,35.0,True,High or Medium confidence and within 2 km of a HydroRIVERS reach,True,153.5,0.0,2.1861083798132053,-0.3010299956639812,41256807.0,630.0,22.3,0.087,94100.0,94100.0,1081609.2,0.0
WQS1009,MAHARASHTRA,Medium,18.483533,73.8259,4061067580.0,4040027940.0,9,2016,monthly,27.0,632.0,29.0,True,High or Medium confidence and within 2 km of a HydroRIVERS reach,True,10027.41111111111,10846.166666666666,4.001188820828199,4.035276273698691,41230653.0,53.0,669.3,29.242,1254267.0,1254267.0,42892.7,0.0
WQS1010,MAHARASHTRA,Ambiguous / unresolved,,,,,3,2021,not reported,7.8,1656.0,22.0,False,High or Medium confidence and within 2 km of a HydroRIVERS reach,False,,,,,,,,,,,,
WQS1011,MAHARASHTRA,High,21.301283,75.796967,4061026390.0,4040029530.0,6,2016,monthly,3.3,620.5,20.0,True,High or Medium confidence and within 2 km of a HydroRIVERS reach,True,17.01111111111111,101.98888888888888,1.230732681258936,2.0085528604179084,41159202.0,440.0,131.6,0.589,27007.0,27007.0,45852.3,0.0
WQS1012,MAHARASHTRA,High,20.5351,74.520333,4061025600.0,4040029530.0,8,2016,monthly,5.699999999999999,625.5,26.0,True,High or Medium confidence and within 2 km of a HydroRIVERS reach,True,4688.366666666667,4123.322222222222,3.67102156953796,3.615247274618251,41176866.0,692.0,3479.2,35.153,2705905.0,2115397.0,76975.1,0.0
WQS1013,MAHARASHTRA,Ambiguous / unresolved,,,,,3,2021,not reported,4.8,530.0,22.0,False,High or Medium confidence and within 2 km of a HydroRIVERS reach,False,,,,,,,,,,,,
WQS1014,MAHARASHTRA,High,20.001817,73.797367,4061050730.0,4040027780.0,8,2016,monthly,10.9,757.0,31.0,True,High or Medium confidence and within 2 km of a HydroRIVERS reach,True,9240.111111111111,14366.422222222223,3.9656771935850745,4.157348625990268,41190369.0,486.0,631.4,19.36,1348280.0,1348280.0,69642.6,0.0
WQS1015,MAHARASHTRA,High,19.480583,75.39725,4061056630.0,4040027780.0,8,2016,monthly,5.9,1142.5,31.0,True,High or Medium confidence and within 2 km of a HydroRIVERS reach,True,646.2666666666667,2730.633333333333,2.8104117563310593,3.436263387433423,41203476.0,724.0,68.2,0.338,43151.0,43151.0,127665.7,0.0
WQS1016,MAHARASHTRA,High,20.0091,73.783667,4061050730.0,4040027780.0,7,2016,monthly,9.2,789.0,28.0,True,High or Medium confidence and within 2 km of a HydroRIVERS reach,True,9521.866666666667,12002.566666666668,3.9787220958177247,4.079274126879075,41190272.0,143.0,600.7,18.808,1348280.0,1348280.0,71686.5,0.0
WQS1017,MAHARASHTRA,High,19.356533,75.7145,4061056630.0,4040027780.0,7,2016,monthly,6.5,1623.0,32.0,True,High or Medium confidence and within 2 km of a HydroRIVERS reach,True,368.6111111111111,1801.3333333333333,2.566568422097148,3.2555940856303307,41206668.0,31.0,23820.9,191.194,16391796.0,392177.0,85733.8,0.01
WQS1018,MAHARASHTRA,High,20.0002,73.815233,4061050730.0,4040027780.0,8,2016,monthly,10.0,861.5,27.5,True,High or Medium confidence and within 2 km of a HydroRIVERS reach,True,8450.58888888889,6766.666666666667,3.9268869743086907,3.8303747831935504,41190681.0,257.0,738.1,22.776,1627282.0,1627282.0,71447.2,0.0
WQS1019,MAHARASHTRA,Medium,18.55405,76.148317,4061074710.0,4040027780.0,8,2016,monthly,6.25,767.5,28.5,True,High or Medium confidence and within 2 km of a HydroRIVERS reach,True,240.27777777777777,244.43333333333334,2.380713606697527,2.3881604302759483,41228538.0,762.0,2468.5,11.76,766945.0,458153.0,65216.4,0.0
WQS1020,MAHARASHTRA,Medium,18.89635,77.677667,4061063670.0,4040027780.0,8,2016,monthly,6.5,1057.0,31.0,True,High or Medium confidence and within 2 km of a HydroRIVERS reach,True,183.41111111111113,298.5888888888889,2.263425641846954,2.4750736426923368,41219226.0,171.0,54876.0,294.343,26329482.0,350783.0,89451.7,0.005
WQS1021,MAHARASHTRA,High,20.008033,73.792367,4061050730.0,4040027780.0,8,2016,monthly,9.75,773.0,30.5,True,High or Medium confidence and within 2 km of a HydroRIVERS reach,True,9256.400000000001,14250.988888888889,3.96644211366617,4.15384500147342,41190272.0,30.0,600.7,18.808,1348280.0,1348280.0,71686.5,0.0
WQS1022,MAHARASHTRA,High,20.014317,74.005833,4061050730.0,4040027780.0,8,2016,monthly,5.8,854.0,30.0,True,High or Medium confidence and within 2 km of a HydroRIVERS reach,True,1080.4111111111113,2677.088888888889,3.0335890418884515,3.427662791550416,41189941.0,300.0,2301.1,73.721,2860793.0,2553691.0,38805.7,0.0
WQS1023,MAHARASHTRA,Ambiguous / unresolved,,,,,7,2017,not reported,6.5,1854.0,32.0,False,High or Medium confidence and within 2 km of a HydroRIVERS reach,False,,,,,,,,,,,,
WQS1024,MAHARASHTRA,High,20.04,73.679183,4061050730.0,4040027780.0,7,2016,monthly,4.0,601.0,29.0,True,High or Medium confidence and within 2 km of a HydroRIVERS reach,True,896.5222222222222,69.87777777777778,2.9525610589499314,1.8443390852892227,41189436.0,542.0,370.5,13.47,163014.0,163014.0,12102.0,0.0
WQS1025,MAHARASHTRA,High,19.514783,75.374283,4061056630.0,4040027780.0,8,2016,monthly,6.0,1133.5,32.0,False,High or Medium confidence and within 2 km of a HydroRIVERS reach,True,616.1111111111111,475.31111111111113,2.789659041045854,2.6769779666992215,,,,,,,,
WQS1026,MAHARASHTRA,High,20.023183,73.729,4061050730.0,4040027780.0,7,2016,monthly,5.6,841.0,29.0,True,High or Medium confidence and within 2 km of a HydroRIVERS reach,True,4519.388888888889,2047.8666666666666,3.6550797135444797,3.311301677003031,41189848.0,148.0,542.5,17.931,1348280.0,1348280.0,75192.7,0.0
WQS1027,MAHARASHTRA,High,18.657133,73.91,4061067500.0,4040027940.0,8,2016,monthly,11.5,676.5,29.0,True,High or Medium confidence and within 2 km of a HydroRIVERS reach,True,1600.5333333333333,2135.233333333333,3.204264723361115,3.3294453406453806,41225871.0,914.0,873.7,39.133,1243384.0,1044732.0,31773.3,0.0
WQS1028,MAHARASHTRA,High,18.68885,73.84655,4061067500.0,4040027940.0,8,2016,monthly,9.25,688.0,29.0,True,High or Medium confidence and within 2 km of a HydroRIVERS reach,True,3796.288888888889,5578.888888888889,3.579359253828092,3.746547711935022,41225095.0,80.0,797.4,37.599,1056997.0,906678.0,28112.4,0.0
WQS1029,MAHARASHTRA,High,21.209583,79.236717,4061051450.0,4040027780.0,8,2016,monthly,9.25,1239.0,34.0,True,High or Medium confidence and within 2 km of a HydroRIVERS reach,True,1620.5666666666666,352.9555555555555,3.209666901687217,2.547720022123849,41156983.0,35.0,11204.9,133.787,3422089.0,963723.0,25578.6,0.0
WQS1030,MAHARASHTRA,High,21.211317,79.23545,4061051450.0,4040027780.0,8,2016,monthly,6.1,1220.5,33.5,True,High or Medium confidence and within 2 km of a HydroRIVERS reach,True,1687.5,369.1333333333333,3.2272437815030623,2.567183264456252,41156983.0,98.0,11204.9,133.787,3422089.0,963723.0,25578.6,0.0
WQS1031,MAHARASHTRA,Medium,21.216667,79.2,4061051450.0,4040027780.0,8,2016,monthly,6.8,1601.0,31.5,True,High or Medium confidence and within 2 km of a HydroRIVERS reach,True,2317.688888888889,10993.344444444445,3.365055138742849,4.041129835535939,41156729.0,620.0,43.2,0.526,3422089.0,244574.0,6505872.6,0.0
WQS1032,MAHARASHTRA,High,17.2778,74.175467,4061085090.0,4040027940.0,8,2016,monthly,6.75,376.0,30.0,True,High or Medium confidence and within 2 km of a HydroRIVERS reach,True,2154.288888888889,5038.266666666666,3.333303941505001,3.7022811502198407,41261872.0,139.0,1891.1,103.946,432192.0,352785.0,4157.9,0.0
WQS1033,MAHARASHTRA,Medium,16.628617,74.664883,4061097120.0,4040027940.0,8,2016,monthly,3.0,812.5,27.5,True,High or Medium confidence and within 2 km of a HydroRIVERS reach,True,410.18888888888887,385.2111111111111,2.6129838921132866,2.5856988055154484,41278988.0,864.0,15398.7,446.794,8621117.0,1446822.0,19295.5,0.0
WQS1034,MAHARASHTRA,High,17.0279,74.36885,4061097120.0,4040027940.0,8,2016,monthly,3.0,865.5,30.0,True,High or Medium confidence and within 2 km of a HydroRIVERS reach,True,697.4555555555555,4427.388888888889,2.8435165379786715,3.6461476708111946,41268937.0,1523.0,11.7,0.227,72720.0,72720.0,320352.4,0.0
WQS1035,MAHARASHTRA,High,20.150267,77.560367,4061045910.0,4040027780.0,8,2016,monthly,9.75,1857.0,27.5,True,High or Medium confidence and within 2 km of a HydroRIVERS reach,True,106.96666666666667,6.266666666666667,2.0292484623758416,0.7970365945440174,41186674.0,651.0,45.5,0.314,53071.0,27711.0,169015.9,0.0
WQS1036,MAHARASHTRA,High,18.574367,73.83565,4061067580.0,4040027940.0,8,2016,monthly,23.5,839.5,29.25,True,High or Medium confidence and within 2 km of a HydroRIVERS reach,True,6946.200000000001,9503.533333333333,3.8417472836747026,3.9778851023283885,41228033.0,438.0,1231.3,63.181,2576972.0,2507050.0,40787.1,0.0
WQS1037,MAHARASHTRA,Medium,18.530767,74.34825,4061068510.0,4040027940.0,8,2016,monthly,13.5,714.5,29.0,True,High or Medium confidence and within 2 km of a HydroRIVERS reach,True,854.6888888888889,594.5777777777778,2.9318080580885306,2.7742086735052522,41228781.0,1653.0,17.9,0.104,8729094.0,101463.0,83933596.2,0.0
WQS1038,MAHARASHTRA,High,18.536767,73.933583,4061067580.0,4040027940.0,8,2016,monthly,21.0,679.5,29.0,True,High or Medium confidence and within 2 km of a HydroRIVERS reach,True,8058.200000000001,10037.455555555556,3.906238042131346,4.001623635295982,41229191.0,241.0,2144.1,96.423,4950571.0,4757942.0,51342.2,0.0
WQS1039,MAHARASHTRA,High,18.515167,73.844617,4061067580.0,4040027940.0,8,2016,monthly,27.25,564.5,29.0,True,High or Medium confidence and within 2 km of a HydroRIVERS reach,True,10281.966666666667,14521.577777777777,4.012076191584487,4.162013805272919,41229895.0,21.0,730.0,30.769,1254267.0,1254267.0,40764.0,0.0
WQS1040,MAHARASHTRA,High,18.53025,73.861033,4061067580.0,4040027940.0,8,2016,monthly,31.0,599.0,29.0,True,High or Medium confidence and within 2 km of a HydroRIVERS reach,True,10332.41111111111,8993.7,4.01420167776986,3.9539383968501642,41229327.0,126.0,2048.0,94.866,4950571.0,4880649.0,52184.9,0.0
WQS1041,MAHARASHTRA,High,18.176467,73.954783,4061076080.0,4040027940.0,8,2016,monthly,7.1,1011.5,30.0,True,High or Medium confidence and within 2 km of a HydroRIVERS reach,True,822.9444444444445,1631.0666666666666,2.915370517732804,3.212471712342394,41239114.0,157.0,1279.3,45.033,389827.0,389827.0,8656.5,0.0
WQS1042,MAHARASHTRA,High,18.573817,73.831817,4061067580.0,4040027940.0,8,2016,monthly,20.25,732.5,29.0,True,High or Medium confidence and within 2 km of a HydroRIVERS reach,True,6991.555555555556,10620.022222222222,3.8445738129466243,4.026125425500478,41228033.0,813.0,1231.3,63.181,2576972.0,2507050.0,40787.1,0.0
WQS1043,MAHARASHTRA,High,18.639567,73.747783,4061067580.0,4040027940.0,8,2016,monthly,5.9,401.5,29.0,True,High or Medium confidence and within 2 km of a HydroRIVERS reach,True,6626.555555555556,5894.877777777778,3.8212878433476196,3.7704748050228045,41226806.0,447.0,437.2,22.854,1173096.0,1173096.0,51330.0,0.0
WQS1044,MAHARASHTRA,Medium,18.575667,73.825583,4061067580.0,4040027940.0,8,2016,monthly,22.0,704.5,29.5,True,High or Medium confidence and within 2 km of a HydroRIVERS reach,True,7297.166666666667,11766.077777777777,3.8631542656150137,4.07063171489522,41228279.0,754.0,720.4,38.623,1018288.0,1018288.0,26364.8,0.0
WQS1045,MAHARASHTRA,High,20.825533,77.56305,4061026400.0,4040029530.0,8,2016,monthly,11.0,2033.5,25.0,True,High or Medium confidence and within 2 km of a HydroRIVERS reach,True,153.41111111111113,621.2,2.1858568154114697,2.793231447056521,41168430.0,169.0,1450.5,9.95,959314.0,882465.0,96413.5,0.0
WQS1046,MAHARASHTRA,High,20.150167,76.560417,4061045960.0,4040027780.0,8,2016,monthly,6.65,1314.5,26.5,True,High or Medium confidence and within 2 km of a HydroRIVERS reach,True,826.8666666666667,3008.788888888889,2.917435484643994,3.4783917166177614,41187210.0,0.0,1331.5,4.462,505468.0,217105.0,113282.8,0.0
WQS1047,MAHARASHTRA,Ambiguous / unresolved,,,,,8,2016,monthly,6.2,1194.0,26.0,False,High or Medium confidence and within 2 km of a HydroRIVERS reach,False,,,,,,,,,,,,
WQS1048,MAHARASHTRA,High,20.886667,76.856067,4061026400.0,4040029530.0,8,2016,monthly,8.15,1625.5,26.5,True,High or Medium confidence and within 2 km of a HydroRIVERS reach,True,197.63333333333333,907.7555555555556,2.295860195625301,2.9579689155190954,41166286.0,318.0,10006.7,74.785,3159252.0,857526.0,42244.5,0.0
WQS1049,MAHARASHTRA,High,20.9066,77.613617,4061026400.0,4040029530.0,6,2017,monthly,4.0,1411.0,24.0,True,High or Medium confidence and within 2 km of a HydroRIVERS reach,True,166.06666666666666,787.7111111111111,2.2202824684808253,2.896366971482024,41167653.0,212.0,1172.3,8.263,760958.0,760958.0,92092.2,0.0
WQS1050,MAHARASHTRA,High,21.244933,76.1483,4061026240.0,4040029530.0,7,2016,monthly,8.0,1285.0,27.0,True,High or Medium confidence and within 2 km of a HydroRIVERS reach,True,231.34444444444443,367.4888888888889,2.3642590747194623,2.5652442126251316,41156859.0,134.0,9875.6,138.477,1221112.0,446452.0,8818.2,0.013
WQS1051,MAHARASHTRA,Medium,21.193101,74.998197,4061024010.0,4040029530.0,3,2021,not reported,5.2,463.0,23.0,True,High or Medium confidence and within 2 km of a HydroRIVERS reach,True,191.2888888888889,344.7444444444444,2.2816897445469704,2.537497276250172,41157229.0,282.0,48854.6,334.011,14146913.0,635135.0,42354.6,0.008
WQS1052,MAHARASHTRA,Medium,21.51157,74.341964,4060031520.0,4040029530.0,2,2021,not reported,7.0,418.0,21.5,True,High or Medium confidence and within 2 km of a HydroRIVERS reach,True,230.44444444444446,615.7777777777778,2.3625662426136973,2.7894240120068883,41146869.0,125.0,57552.8,341.23,17090329.0,758519.0,50084.5,0.009
WQS1053,MAHARASHTRA,High,21.061183,75.792283,4061026390.0,4040029530.0,8,2016,monthly,7.7,850.5,25.0,True,High or Medium confidence and within 2 km of a HydroRIVERS reach,True,2764.088888888889,2943.233333333333,3.441552005175829,3.4688246934153355,41161184.0,362.0,30186.2,262.23,6801813.0,637083.0,25938.3,0.008
WQS1054,MAHARASHTRA,Medium,21.529983,74.31915,4060031520.0,4040029530.0,8,2016,monthly,5.5,857.5,26.0,True,High or Medium confidence and within 2 km of a HydroRIVERS reach,True,244.81111111111113,164.11111111111111,2.3888311250124765,2.215137985872625,41146731.0,561.0,57996.5,344.446,17160852.0,707027.0,49821.6,0.009
WQS1055,MAHARASHTRA,Low,21.266667,79.166667,4061051450.0,4040027780.0,8,2016,monthly,5.699999999999999,1084.0,30.0,False,High or Medium confidence and within 2 km of a HydroRIVERS reach,True,910.9111111111112,878.6222222222223,2.9594759995444373,2.9438021832981143,41155399.0,676.0,10075.2,123.904,2662179.0,235871.0,21485.8,0.0
WQS1056,MAHARASHTRA,Ambiguous / unresolved,,,,,8,2016,monthly,9.25,1298.0,29.0,False,High or Medium confidence and within 2 km of a HydroRIVERS reach,False,,,,,,,,,,,,
WQS1057,MAHARASHTRA,Medium,21.51064,79.894955,4061051450.0,4040027780.0,3,2021,not reported,3.0,736.0,23.0,True,High or Medium confidence and within 2 km of a HydroRIVERS reach,True,417.74444444444447,555.2777777777778,2.6209106829504316,2.74451029335083,41146421.0,1368.0,2165.0,28.127,316720.0,197775.0,11260.4,0.0
WQS1058,MAHARASHTRA,Medium,21.355117,79.79905,4061051450.0,4040027780.0,7,2016,monthly,5.6,1170.0,39.0,True,High or Medium confidence and within 2 km of a HydroRIVERS reach,True,528.9222222222222,460.5888888888889,2.7233918139196174,2.663313456962022,41152486.0,168.0,19365.1,309.426,5390532.0,632273.0,17421.1,0.007
WQS1059,MAHARASHTRA,Medium,21.357567,79.799033,4061051450.0,4040027780.0,8,2016,monthly,5.050000000000001,1212.0,37.0,True,High or Medium confidence and within 2 km of a HydroRIVERS reach,True,534.9777777777778,290.55555555555554,2.728335742415755,2.463229183763968,41152486.0,114.0,19365.1,309.426,5390532.0,632273.0,17421.1,0.007
WQS1060,MAHARASHTRA,Medium,19.89905,79.148517,4061045970.0,4040027780.0,8,2016,monthly,7.6,1153.0,25.5,True,High or Medium confidence and within 2 km of a HydroRIVERS reach,True,369.6,228.07777777777775,2.567731962548069,2.358082972875806,41192908.0,387.0,44480.2,379.927,9514586.0,722588.0,25043.2,0.003
WQS1061,MAHARASHTRA,High,19.90485,79.1149,4061045970.0,4040027780.0,8,2016,monthly,7.449999999999999,1317.0,27.0,True,High or Medium confidence and within 2 km of a HydroRIVERS reach,True,741.3444444444444,484.79999999999995,2.8700200373514386,2.68556261115823,41192802.0,152.0,20477.9,189.606,4940942.0,579972.0,26059.0,0.006
WQS1062,MAHARASHTRA,High,19.99055,79.262567,4061051540.0,4040027780.0,8,2016,monthly,9.149999999999999,1312.0,25.0,True,High or Medium confidence and within 2 km of a HydroRIVERS reach,True,2898.411111111111,3388.4333333333334,3.462159985905377,3.529998945413471,41190994.0,207.0,1060.7,14.776,555654.0,514424.0,37605.2,0.0
WQS1063,MAHARASHTRA,Medium,20.5,78.333333,4061045970.0,4040027780.0,5,2019,monthly,3.8,1080.0,20.0,True,High or Medium confidence and within 2 km of a HydroRIVERS reach,True,143.57777777777778,279.4111111111111,2.1570872272648254,2.4462436723518795,41177228.0,623.0,16.5,0.137,2111259.0,23386.0,15410649.6,0.012
WQS1064,MAHARASHTRA,Medium,19.9056,79.1149,4061045970.0,4040027780.0,8,2016,monthly,6.9,1161.0,26.0,True,High or Medium confidence and within 2 km of a HydroRIVERS reach,True,755.3333333333334,539.5222222222222,2.878138650807716,2.7320093374150893,41192802.0,71.0,20477.9,189.606,4940942.0,579972.0,26059.0,0.006
WQS1065,MAHARASHTRA,Medium,19.987717,79.115117,4061045970.0,4040027780.0,8,2016,monthly,7.15,1240.0,25.0,True,High or Medium confidence and within 2 km of a HydroRIVERS reach,True,435.2111111111111,191.7111111111111,2.6386999745408692,2.282647284262537,41190890.0,491.0,19844.0,182.828,4768605.0,480615.0,26082.5,0.006
WQS1066,MAHARASHTRA,High,17.784917,75.709617,4061083890.0,4040027940.0,8,2016,monthly,8.45,1544.0,31.5,True,High or Medium confidence and within 2 km of a HydroRIVERS reach,True,619.3666666666667,638.7555555555556,2.7919478286083144,2.8053346904212493,41249058.0,84.0,10612.9,48.065,4521774.0,740912.0,94076.2,0.0
WQS1067,MAHARASHTRA,High,20.46645,75.019417,4061025600.0,4040029530.0,7,2016,monthly,5.6,710.0,26.0,True,High or Medium confidence and within 2 km of a HydroRIVERS reach,True,1857.6999999999998,9830.744444444445,3.268975581097807,3.9925864065272076,41178370.0,89.0,244.3,0.604,200462.0,200462.0,331890.7,0.0
WQS1068,MAHARASHTRA,High,17.57175,74.047717,4061084990.0,4040027940.0,8,2016,monthly,7.6,653.0,30.5,True,High or Medium confidence and within 2 km of a HydroRIVERS reach,True,634.4555555555556,2470.922222222222,2.8024012045977496,3.3928590752315717,41254431.0,103.0,348.0,14.428,175216.0,175216.0,12144.2,0.0
WQS1069,MAHARASHTRA,High,18.693567,74.135333,4061067500.0,4040027940.0,8,2016,monthly,7.25,651.5,27.5,True,High or Medium confidence and within 2 km of a HydroRIVERS reach,True,1935.1444444444444,6397.4,3.2867133874861363,3.806003506003128,41226809.0,22.0,319.6,5.05,235993.0,235993.0,46731.3,0.0
WQS1070,MAHARASHTRA,High,17.9216,73.69125,4061084990.0,4040027940.0,8,2016,monthly,5.65,386.5,28.5,True,High or Medium confidence and within 2 km of a HydroRIVERS reach,True,419.0333333333333,660.7333333333333,2.622248571670176,2.820026217081607,41246246.0,288.0,36.2,1.971,58259.0,58259.0,29558.1,0.0
WQS1071,MAHARASHTRA,High,17.692767,74.050717,4061084990.0,4040027940.0,8,2016,monthly,7.1,539.5,27.5,True,High or Medium confidence and within 2 km of a HydroRIVERS reach,True,2460.8222222222225,1803.8000000000002,3.391080239994269,3.256188382589775,41251252.0,854.0,1294.0,51.845,919864.0,873743.0,17742.6,0.0
WQS1072,MAHARASHTRA,High,17.729883,73.982133,4061084990.0,4040027940.0,8,2016,monthly,5.8,476.5,28.0,True,High or Medium confidence and within 2 km of a HydroRIVERS reach,True,1621.2444444444445,1032.0333333333333,3.2098485008878153,3.0136937246641984,41250133.0,149.0,274.1,13.036,313700.0,313700.0,24064.1,0.0
WQS1073,MAHARASHTRA,High,21.0932,75.694033,4061025510.0,4040029530.0,8,2016,monthly,4.5,739.0,25.0,True,High or Medium confidence and within 2 km of a HydroRIVERS reach,True,125.5111111111111,235.9888888888889,2.098682174268404,2.372891555479253,41160195.0,66.0,33116.3,273.479,7486692.0,763479.0,27375.7,0.008
WQS1074,MAHARASHTRA,Medium,20.619483,79.940133,4061051450.0,4040027780.0,8,2016,monthly,5.8,1703.0,26.5,True,High or Medium confidence and within 2 km of a HydroRIVERS reach,True,776.6444444444445,577.5999999999999,2.890222239963149,2.7616271845615827,41175179.0,14.0,39118.4,573.557,13916459.0,464848.0,24263.4,0.003
WQS1075,MAHARASHTRA,High,20.619483,79.8568,4061051450.0,4040027780.0,8,2016,monthly,5.05,1483.5,26.5,True,High or Medium confidence and within 2 km of a HydroRIVERS reach,True,1096.6666666666667,5943.022222222222,3.040074643230312,3.7740073541805454,41174831.0,1279.0,313.8,5.045,196194.0,196194.0,38888.8,0.0
WQS1076,MAHARASHTRA,High,19.8,79.383333,4061051540.0,4040027780.0,7,2016,monthly,6.4,1162.0,24.0,True,High or Medium confidence and within 2 km of a HydroRIVERS reach,True,876.7777777777778,144.34444444444443,2.9428895339427696,2.159400073332415,41195747.0,935.0,13.1,0.179,58529.0,58529.0,326977.7,0.0
WQS1077,MAHARASHTRA,High,20.54425,78.8119,4061045970.0,4040027780.0,8,2016,monthly,7.3,1273.0,28.5,True,High or Medium confidence and within 2 km of a HydroRIVERS reach,True,1439.7777777777778,247.18888888888887,3.158295466169983,2.3930289453702795,41177411.0,161.0,4555.6,53.074,1477062.0,568674.0,27830.2,0.0
WQS1078,MAHARASHTRA,Medium,20.950133,79.0126,4061045970.0,4040027780.0,8,2016,monthly,5.25,1144.0,28.5,False,High or Medium confidence and within 2 km of a HydroRIVERS reach,True,1148.4777777777776,888.911111111111,3.0601225963252494,2.9488583347789517,,,,,,,,
WQS1079,MANIPUR,Medium,25.017194,93.448975,4060947390.0,4040025450.0,4,2017,monthly,3.2,172.0,24.55,True,High or Medium confidence and within 2 km of a HydroRIVERS reach,True,77.21111111111111,73.72222222222223,1.887679802240126,1.8675984177611296,40971761.0,900.0,2933.2,140.54,156125.0,46419.0,1110.9,0.043
WQS1080,MANIPUR,Medium,25.311503,94.053232,4060947390.0,4040025450.0,4,2017,monthly,3.25,271.0,25.3,True,High or Medium confidence and within 2 km of a HydroRIVERS reach,True,192.97777777777776,259.77777777777777,2.285507301007039,2.4146019973864963,40953855.0,936.0,517.1,21.368,82572.0,82572.0,3864.3,0.0
WQS1081,MANIPUR,Ambiguous / unresolved,,,,,1,2022,not reported,3.3,230.0,27.0,False,High or Medium confidence and within 2 km of a HydroRIVERS reach,False,,,,,,,,,,,,
WQS1082,MANIPUR,Ambiguous / unresolved,,,,,1,2022,not reported,3.3,250.0,28.0,False,High or Medium confidence and within 2 km of a HydroRIVERS reach,False,,,,,,,,,,,,
WQS1083,MANIPUR,Ambiguous / unresolved,,,,,1,2022,not reported,3.4,470.0,28.0,False,High or Medium confidence and within 2 km of a HydroRIVERS reach,False,,,,,,,,,,,,
WQS1084,MANIPUR,Ambiguous / unresolved,,,,,1,2022,not reported,3.3,240.0,28.0,False,High or Medium confidence and within 2 km of a HydroRIVERS reach,False,,,,,,,,,,,,
WQS1085,MANIPUR,Ambiguous / unresolved,,,,,1,2022,not reported,3.4,250.0,29.0,False,High or Medium confidence and within 2 km of a HydroRIVERS reach,False,,,,,,,,,,,,
WQS1086,MANIPUR,Ambiguous / unresolved,,,,,1,2022,not reported,3.4,217.0,28.0,False,High or Medium confidence and within 2 km of a HydroRIVERS reach,False,,,,,,,,,,,,
WQS1087,MANIPUR,Ambiguous / unresolved,,,,,1,2022,not reported,3.6,270.0,28.0,False,High or Medium confidence and within 2 km of a HydroRIVERS reach,False,,,,,,,,,,,,
WQS1088,MANIPUR,Ambiguous / unresolved,,,,,1,2022,not reported,3.4,300.0,28.0,False,High or Medium confidence and within 2 km of a HydroRIVERS reach,False,,,,,,,,,,,,
WQS1089,MANIPUR,Ambiguous / unresolved,,,,,1,2022,not reported,3.6,230.0,27.0,False,High or Medium confidence and within 2 km of a HydroRIVERS reach,False,,,,,,,,,,,,
WQS1090,MANIPUR,Ambiguous / unresolved,,,,,1,2022,not reported,3.2,285.0,27.0,False,High or Medium confidence and within 2 km of a HydroRIVERS reach,False,,,,,,,,,,,,
WQS1091,MANIPUR,Ambiguous / unresolved,,,,,1,2022,not reported,3.4,320.0,28.0,False,High or Medium confidence and within 2 km of a HydroRIVERS reach,False,,,,,,,,,,,,
WQS1092,MANIPUR,Ambiguous / unresolved,,,,,1,2022,not reported,3.3,380.0,28.0,False,High or Medium confidence and within 2 km of a HydroRIVERS reach,False,,,,,,,,,,,,
WQS1093,MANIPUR,Ambiguous / unresolved,,,,,1,2022,not reported,3.2,360.0,28.0,False,High or Medium confidence and within 2 km of a HydroRIVERS reach,False,,,,,,,,,,,,
WQS1094,MANIPUR,Ambiguous / unresolved,,,,,2,2022,monthly,4.05,477.0,26.0,False,High or Medium confidence and within 2 km of a HydroRIVERS reach,False,,,,,,,,,,,,
WQS1095,MANIPUR,Ambiguous / unresolved,,,,,2,2022,monthly,3.3499999999999996,218.5,25.0,False,High or Medium confidence and within 2 km of a HydroRIVERS reach,False,,,,,,,,,,,,
WQS1096,MANIPUR,Ambiguous / unresolved,,,,,1,2022,not reported,3.6,460.0,29.0,False,High or Medium confidence and within 2 km of a HydroRIVERS reach,False,,,,,,,,,,,,
WQS1097,MANIPUR,Medium,24.795541,93.960078,4060977220.0,4040023810.0,2,2023,not reported,3.55,409.0,30.0,True,High or Medium confidence and within 2 km of a HydroRIVERS reach,True,5795.855555555556,8990.155555555555,3.763117553437016,3.953767206342232,40985314.0,1076.0,1791.8,64.634,1202460.0,1198867.0,18604.1,0.0
WQS1098,MANIPUR,Medium,24.782718,93.958866,4060977220.0,4040023810.0,2,2023,not reported,3.5,232.5,30.0,True,High or Medium confidence and within 2 km of a HydroRIVERS reach,True,5300.5,6424.955555555555,3.724316838845846,3.8078701277941907,40985314.0,980.0,1791.8,64.634,1202460.0,1198867.0,18604.1,0.0
WQS1099,MANIPUR,Medium,24.736386,93.805562,4060977220.0,4040023810.0,2,2023,not reported,3.45,260.0,29.5,True,High or Medium confidence and within 2 km of a HydroRIVERS reach,True,1098.8444444444444,1233.2555555555555,3.0409362168084253,3.0910530805434124,40987797.0,1102.0,30.4,1.24,268018.0,147370.0,216143.5,0.0
WQS1100,MANIPUR,Ambiguous / unresolved,,,,,1,2022,not reported,3.5,300.0,28.0,False,High or Medium confidence and within 2 km of a HydroRIVERS reach,False,,,,,,,,,,,,
WQS1101,MANIPUR,Ambiguous / unresolved,,,,,1,2022,not reported,3.3,201.0,28.0,False,High or Medium confidence and within 2 km of a HydroRIVERS reach,False,,,,,,,,,,,,
WQS1102,MANIPUR,Ambiguous / unresolved,,,,,1,2022,not reported,4.6,380.0,28.0,False,High or Medium confidence and within 2 km of a HydroRIVERS reach,False,,,,,,,,,,,,
WQS1103,MANIPUR,Medium,24.42577,93.50198,4060947390.0,4040025450.0,3,2022,monthly,3.4,215.0,29.0,True,High or Medium confidence and within 2 km of a HydroRIVERS reach,True,7.422222222222222,12.166666666666666,0.8705339530362207,1.0851716097368123,41005039.0,143.0,14.1,0.536,1445.0,1445.0,2695.9,0.0
WQS1104,MANIPUR,Ambiguous / unresolved,,,,,1,2022,not reported,5.6,740.0,28.0,False,High or Medium confidence and within 2 km of a HydroRIVERS reach,False,,,,,,,,,,,,
WQS1105,MANIPUR,Ambiguous / unresolved,,,,,1,2022,not reported,5.6,790.0,29.0,False,High or Medium confidence and within 2 km of a HydroRIVERS reach,False,,,,,,,,,,,,
WQS1106,MANIPUR,Ambiguous / unresolved,,,,,1,2022,not reported,4.7,340.0,28.0,False,High or Medium confidence and within 2 km of a HydroRIVERS reach,False,,,,,,,,,,,,
WQS1107,MANIPUR,Ambiguous / unresolved,,,,,1,2022,not reported,4.8,400.0,28.0,False,High or Medium confidence and within 2 km of a HydroRIVERS reach,False,,,,,,,,,,,,
WQS1108,MANIPUR,Ambiguous / unresolved,,,,,1,2022,not reported,3.3,180.0,27.0,False,High or Medium confidence and within 2 km of a HydroRIVERS reach,False,,,,,,,,,,,,
WQS1109,MANIPUR,Medium,24.854706,93.616713,4060947390.0,4040025450.0,4,2017,monthly,3.25,204.5,26.0,True,High or Medium confidence and within 2 km of a HydroRIVERS reach,True,221.72222222222223,1555.322222222222,2.345809222680717,3.191820377180326,40981211.0,574.0,469.8,20.263,32769.0,32769.0,1617.2,0.0
WQS1110,MANIPUR,Ambiguous / unresolved,,,,,1,2022,not reported,3.7,223.0,28.0,False,High or Medium confidence and within 2 km of a HydroRIVERS reach,False,,,,,,,,,,,,
WQS1111,MANIPUR,Medium,24.614802,93.790494,4060977220.0,4040023810.0,3,2022,monthly,3.5,240.0,28.0,True,High or Medium confidence and within 2 km of a HydroRIVERS reach,True,717.5222222222222,1772.2777777777778,2.85583535605277,3.248531791987572,40997278.0,1919.0,37.7,1.5,128065.0,128065.0,85376.7,0.0
WQS1112,MANIPUR,Ambiguous / unresolved,,,,,1,2022,not reported,3.4,250.0,27.0,False,High or Medium confidence and within 2 km of a HydroRIVERS reach,False,,,,,,,,,,,,
WQS1113,MANIPUR,Ambiguous / unresolved,,,,,1,2022,not reported,3.3,201.0,28.0,False,High or Medium confidence and within 2 km of a HydroRIVERS reach,False,,,,,,,,,,,,
WQS1114,MANIPUR,Ambiguous / unresolved,,,,,1,2022,not reported,4.6,270.0,27.0,False,High or Medium confidence and within 2 km of a HydroRIVERS reach,False,,,,,,,,,,,,
WQS1115,MANIPUR,Ambiguous / unresolved,,,,,1,2022,not reported,3.4,310.0,28.0,False,High or Medium confidence and within 2 km of a HydroRIVERS reach,False,,,,,,,,,,,,
WQS1116,MANIPUR,Ambiguous / unresolved,,,,,1,2022,not reported,4.0,350.0,27.0,False,High or Medium confidence and within 2 km of a HydroRIVERS reach,False,,,,,,,,,,,,
WQS1117,MANIPUR,Ambiguous / unresolved,,,,,1,2022,not reported,3.4,225.0,27.0,False,High or Medium confidence and within 2 km of a HydroRIVERS reach,False,,,,,,,,,,,,
WQS1118,MANIPUR,Ambiguous / unresolved,,,,,1,2022,not reported,3.5,230.0,28.0,False,High or Medium confidence and within 2 km of a HydroRIVERS reach,False,,,,,,,,,,,,
WQS1119,MANIPUR,Ambiguous / unresolved,,,,,1,2022,not reported,3.4,290.0,28.0,False,High or Medium confidence and within 2 km of a HydroRIVERS reach,False,,,,,,,,,,,,
WQS1120,MANIPUR,Medium,24.783377,93.66353,4060947390.0,4040025450.0,1,2023,not reported,3.1,320.0,20.0,True,High or Medium confidence and within 2 km of a HydroRIVERS reach,True,66.24444444444445,373.4,1.8211494622572872,2.5721743136130595,40985311.0,104.0,95.9,4.015,15667.0,12399.0,3902.1,0.0
WQS1121,MEGHALAYA,Medium,25.65076,90.80859,4060949680.0,4040025450.0,8,2017,monthly,2.1500000000000004,80.5,29.5,True,High or Medium confidence and within 2 km of a HydroRIVERS reach,True,262.84444444444443,1039.5888888888887,2.419698802078736,3.016861629120596,40934322.0,608.0,16.1,0.879,31238.0,31238.0,35538.1,0.0
WQS1122,MEGHALAYA,Medium,25.8358,90.78135,4060900680.0,4040025450.0,8,2017,monthly,1.65,79.5,29.0,True,High or Medium confidence and within 2 km of a HydroRIVERS reach,True,145.39999999999998,183.66666666666666,2.162564406523019,2.264030344132123,40924280.0,21.0,245.0,10.728,24770.0,24770.0,2308.9,0.0
WQS1123,MEGHALAYA,Ambiguous / unresolved,,,,,1,2022,not reported,1.7,125.0,21.0,False,High or Medium confidence and within 2 km of a HydroRIVERS reach,False,,,,,,,,,,,,
WQS1124,MEGHALAYA,Low,25.336148,90.339247,4060949680.0,4040025450.0,1,2022,not reported,1.6,119.0,21.0,False,High or Medium confidence and within 2 km of a HydroRIVERS reach,True,121.38888888888889,66.6888888888889,2.0841789362031347,1.824053481649509,40951751.0,531.0,14.0,0.817,9687.0,9687.0,11856.8,0.0
WQS1125,MEGHALAYA,Medium,25.904203,90.606251,4060900680.0,4040025450.0,8,2017,monthly,1.95,80.5,29.0,True,High or Medium confidence and within 2 km of a HydroRIVERS reach,True,544.1333333333333,1301.677777777778,2.735705331381571,3.1145034906437066,40918809.0,675.0,14.1,0.463,176388.0,81208.0,380967.6,0.0
WQS1126,MEGHALAYA,Medium,25.65154,90.4027,4060900680.0,4040025450.0,4,2021,monthly,1.75,315.5,23.5,True,High or Medium confidence and within 2 km of a HydroRIVERS reach,True,99.11111111111111,155.3111111111111,1.9961223449367982,2.191202526698481,40933809.0,85.0,51.7,2.112,16742.0,16742.0,7927.1,0.0
WQS1127,MEGHALAYA,Ambiguous / unresolved,,,,,2,2022,not reported,2.1,86.0,23.0,False,High or Medium confidence and within 2 km of a HydroRIVERS reach,False,,,,,,,,,,,,
WQS1128,MEGHALAYA,Ambiguous / unresolved,,,,,1,2022,not reported,1.8,78.0,22.0,False,High or Medium confidence and within 2 km of a HydroRIVERS reach,False,,,,,,,,,,,,
WQS1129,MEGHALAYA,Medium,25.3252,92.31673,4060949680.0,4040025450.0,4,2021,monthly,1.9,884.0,20.5,True,High or Medium confidence and within 2 km of a HydroRIVERS reach,True,268.94444444444446,924.811111111111,2.4296625775375835,2.966053038923832,40954799.0,199.0,69.1,7.271,27333.0,27333.0,3759.2,0.0
WQS1130,MEGHALAYA,Medium,25.33435,92.31437,4060949680.0,4040025450.0,4,2021,monthly,2.2,2002.5,20.5,True,High or Medium confidence and within 2 km of a HydroRIVERS reach,True,341.81111111111113,1049.0777777777778,2.533786176043619,3.020807687628752,40954799.0,94.0,69.1,7.271,27333.0,27333.0,3759.2,0.0
WQS1131,MEGHALAYA,Medium,25.52665,92.62767,4060884570.0,4040025450.0,4,2021,monthly,1.65,300.5,22.5,True,High or Medium confidence and within 2 km of a HydroRIVERS reach,True,93.34444444444445,256.4555555555555,1.9700884752693535,2.4090121115553615,40941796.0,230.0,1245.9,151.327,117209.0,115776.0,774.5,0.0
WQS1132,MEGHALAYA,Medium,25.50332,92.59048,4060884570.0,4040025450.0,4,2021,monthly,1.75,298.0,21.0,True,High or Medium confidence and within 2 km of a HydroRIVERS reach,True,130.7888888888889,30.422222222222224,2.1165708502633906,1.4831909343586462,40943530.0,587.0,1191.1,146.008,117209.0,117209.0,802.8,0.0
WQS1133,MEGHALAYA,Medium,25.38251,92.45122,4060884570.0,4040025450.0,4,2021,monthly,1.8,367.5,20.5,True,High or Medium confidence and within 2 km of a HydroRIVERS reach,True,462.0888888888889,339.14444444444445,2.6647255258607125,2.5303847072424586,40951008.0,161.0,50.2,5.112,40954.0,40954.0,8011.3,0.0
WQS1134,MEGHALAYA,Medium,25.474742,91.263805,4060949680.0,4040025450.0,4,2021,monthly,1.35,45.0,19.5,True,High or Medium confidence and within 2 km of a HydroRIVERS reach,True,204.24444444444444,140.9888888888889,2.3101502523283926,2.1491848879434428,40944241.0,651.0,2.1,0.274,103863.0,19305.0,379062.0,0.0
WQS1135,MEGHALAYA,Medium,25.223748,91.240649,4060949680.0,4040025450.0,4,2021,monthly,1.7000000000000002,75.5,24.0,True,High or Medium confidence and within 2 km of a HydroRIVERS reach,True,76.27777777777777,432.5888888888889,1.882398032133449,2.636075360326802,40959779.0,900.0,2484.0,310.135,271631.0,102033.0,875.8,0.0
WQS1136,MEGHALAYA,Medium,25.499935,91.708243,4060949680.0,4040025450.0,4,2021,monthly,1.6,43.0,19.0,True,High or Medium confidence and within 2 km of a HydroRIVERS reach,True,404.46666666666664,1586.1666666666667,2.606882735888367,3.2003488189278158,40944485.0,197.0,15.3,2.33,31526.0,31526.0,13530.5,0.0
WQS1137,MEGHALAYA,Medium,25.367394,92.450206,4060884570.0,4040025450.0,3,2022,monthly,2.6,550.0,20.0,True,High or Medium confidence and within 2 km of a HydroRIVERS reach,True,490.44444444444446,245.0,2.6905898193863114,2.3891660843645326,40951008.0,185.0,50.2,5.112,40954.0,40954.0,8011.3,0.0
WQS1138,MEGHALAYA,Medium,25.324016,91.731814,4060949680.0,4040025450.0,4,2021,monthly,1.75,105.0,20.0,True,High or Medium confidence and within 2 km of a HydroRIVERS reach,True,144.89999999999998,718.2111111111111,2.1610683854711743,2.856252119610601,40953822.0,1179.0,6.2,1.075,118724.0,14072.0,110440.9,0.0
WQS1139,MEGHALAYA,Medium,25.268424,92.198469,4060949680.0,4040025450.0,4,2021,monthly,1.5,77.0,20.5,True,High or Medium confidence and within 2 km of a HydroRIVERS reach,True,32.900000000000006,51.36666666666667,1.5171958979499744,1.710681383998757,40957865.0,549.0,336.3,37.488,91381.0,91381.0,2437.6,0.0
WQS1140,MEGHALAYA,Medium,25.224359,92.422355,4060949680.0,4040025450.0,4,2021,monthly,1.85,551.0,22.0,True,High or Medium confidence and within 2 km of a HydroRIVERS reach,True,129.55555555555554,3.3777777777777778,2.1124560409836706,0.5286310741694289,40959544.0,56.0,187.5,19.162,63343.0,63343.0,3305.7,0.0
WQS1141,MEGHALAYA,Ambiguous / unresolved,,,,,2,2022,not reported,1.75,613.0,20.5,False,High or Medium confidence and within 2 km of a HydroRIVERS reach,False,,,,,,,,,,,,
WQS1142,MEGHALAYA,Medium,25.293878,92.391253,4060949680.0,4040025450.0,2,2022,not reported,2.55,1283.5,21.0,True,High or Medium confidence and within 2 km of a HydroRIVERS reach,True,123.56666666666666,90.27777777777777,2.0919013313099013,1.9555808602115872,40955334.0,247.0,61.7,6.317,37709.0,37709.0,5969.4,0.0
WQS1143,MEGHALAYA,Medium,25.23431,92.22689,4060949680.0,4040025450.0,4,2021,monthly,1.85,1063.0,20.5,True,High or Medium confidence and within 2 km of a HydroRIVERS reach,True,61.8111111111111,118.95555555555555,1.791066550501503,2.075384729608088,40958861.0,19.0,128.3,13.551,27333.0,27333.0,2017.0,0.0
WQS1144,MEGHALAYA,Medium,25.525132,92.297969,4060884570.0,4040025450.0,6,2017,monthly,1.6,50.0,21.5,True,High or Medium confidence and within 2 km of a HydroRIVERS reach,True,213.16666666666666,976.0999999999999,2.32871929409501,2.989494312772709,40941049.0,1124.0,1.7,0.182,70228.0,20220.0,385868.1,0.0
WQS1145,MEGHALAYA,Medium,25.565302,92.209276,4060884570.0,4040025450.0,6,2017,monthly,1.75,47.5,21.0,True,High or Medium confidence and within 2 km of a HydroRIVERS reach,True,195.1222222222222,963.2222222222222,2.2903067334585696,2.983726493512128,40938894.0,78.0,95.1,10.457,50008.0,50008.0,4782.3,0.0
WQS1146,MEGHALAYA,Medium,25.268735,92.19829,4060949680.0,4040025450.0,2,2022,monthly,1.7999999999999998,75.5,21.0,True,High or Medium confidence and within 2 km of a HydroRIVERS reach,True,32.900000000000006,48.077777777777776,1.5171958979499744,1.6819443857593994,40957865.0,586.0,336.3,37.488,91381.0,91381.0,2437.6,0.0
WQS1147,MEGHALAYA,Medium,25.434337,92.204576,4060949680.0,4040025450.0,3,2021,monthly,1.7,70.0,22.0,True,High or Medium confidence and within 2 km of a HydroRIVERS reach,True,693.411111111111,2850.3777777777777,2.8409907964429357,3.454902423493216,40946227.0,994.0,59.9,6.749,73497.0,73497.0,10890.1,0.0
WQS1148,MEGHALAYA,Medium,25.439233,92.219175,4060949680.0,4040025450.0,2,2022,monthly,2.3,63.0,20.5,True,High or Medium confidence and within 2 km of a HydroRIVERS reach,True,717.5999999999999,209.44444444444446,2.8558824300360355,2.321068845102487,40945975.0,38.0,65.5,7.364,73497.0,73497.0,9980.6,0.0
WQS1149,MEGHALAYA,Medium,25.524342,91.272386,4060949680.0,4040025450.0,4,2021,monthly,2.6500000000000004,70.0,20.0,True,High or Medium confidence and within 2 km of a HydroRIVERS reach,True,547.2333333333333,3498.7666666666664,2.7381725434668516,3.543914980277113,40942252.0,980.0,70.7,8.002,42439.0,42439.0,5303.5,0.0
WQS1150,MEGHALAYA,Medium,25.52527,91.28034,4060949680.0,4040025450.0,4,2021,monthly,1.6,44.5,19.5,True,High or Medium confidence and within 2 km of a HydroRIVERS reach,True,551.7888888888889,1179.322222222222,2.7417729510492426,3.0716324821211627,40941277.0,775.0,14.7,1.734,42439.0,42439.0,24474.6,0.0
WQS1151,MEGHALAYA,Medium,25.45203,90.7055,4060949680.0,4040025450.0,4,2021,monthly,1.8,155.5,23.5,True,High or Medium confidence and within 2 km of a HydroRIVERS reach,True,211.35555555555555,917.0,2.3250136678991824,2.962369335670021,40944996.0,667.0,704.2,36.734,132731.0,132731.0,3613.3,0.0
WQS1152,MEGHALAYA,Medium,25.38231,91.40126,4060949680.0,4040025450.0,4,2021,monthly,1.45,46.0,21.0,True,High or Medium confidence and within 2 km of a HydroRIVERS reach,True,172.97777777777776,33.56666666666667,2.2379903134849517,1.5259082158339556,40950010.0,657.0,115.8,18.224,39457.0,39457.0,2165.1,0.0
WQS1153,MEGHALAYA,Medium,25.60413,91.18264,4060949680.0,4040025450.0,4,2021,monthly,1.7,56.0,21.5,True,High or Medium confidence and within 2 km of a HydroRIVERS reach,True,58.833333333333336,226.6,1.769623455004179,2.3552599055273786,40936708.0,230.0,132.0,12.556,11107.0,11107.0,884.6,0.0
WQS1154,MEGHALAYA,Medium,25.289431,91.712861,4060949680.0,4040025450.0,4,2021,monthly,1.65,150.0,20.5,True,High or Medium confidence and within 2 km of a HydroRIVERS reach,True,264.31111111111113,766.1444444444445,2.422115420387915,2.8843106567230503,40956615.0,320.0,3.1,0.544,118724.0,14072.0,218242.6,0.0
WQS1155,MEGHALAYA,Low,25.45442,90.70581,4060949680.0,4040025450.0,2,2022,not reported,3.0,76.5,23.0,False,High or Medium confidence and within 2 km of a HydroRIVERS reach,True,215.97777777777776,1022.6222222222223,2.33440906835014,3.0097152259845186,40944996.0,496.0,704.2,36.734,132731.0,132731.0,3613.3,0.0
WQS1156,MEGHALAYA,Medium,25.489101,90.774034,4060949680.0,4040025450.0,2,2022,not reported,1.7,75.0,23.0,True,High or Medium confidence and within 2 km of a HydroRIVERS reach,True,39.06666666666667,41.62222222222223,1.5918063569624095,1.6193252635998938,40943993.0,122.0,7.2,0.463,82280.0,5664.0,177710.6,0.0
WQS1157,MEGHALAYA,Medium,25.473479,90.620548,4060949680.0,4040025450.0,3,2022,monthly,2.0,75.0,23.0,True,High or Medium confidence and within 2 km of a HydroRIVERS reach,True,441.18888888888887,68.84444444444445,2.644624566426796,1.8378688996478436,40943508.0,863.0,49.0,2.861,117992.0,21075.0,41241.5,0.0
WQS1158,MEGHALAYA,Medium,25.34692,92.14458,4060949680.0,4040025450.0,4,2021,monthly,1.6,69.0,22.05,True,High or Medium confidence and within 2 km of a HydroRIVERS reach,True,127.93333333333334,156.91111111111113,2.10698371567979,2.1956536977194356,40951264.0,136.0,11.3,1.333,91381.0,17884.0,68552.9,0.0
WQS1159,MEGHALAYA,Ambiguous / unresolved,,,,,1,2022,not reported,2.0,41.0,21.0,False,High or Medium confidence and within 2 km of a HydroRIVERS reach,False,,,,,,,,,,,,
WQS1160,MEGHALAYA,Ambiguous / unresolved,,,,,1,2022,not reported,2.0,90.0,19.0,False,High or Medium confidence and within 2 km of a HydroRIVERS reach,False,,,,,,,,,,,,
WQS1161,MEGHALAYA,Ambiguous / unresolved,,,,,1,2022,not reported,1.2,200.0,23.0,False,High or Medium confidence and within 2 km of a HydroRIVERS reach,False,,,,,,,,,,,,
WQS1162,MEGHALAYA,Ambiguous / unresolved,,,,,1,2022,not reported,2.2,58.0,25.0,False,High or Medium confidence and within 2 km of a HydroRIVERS reach,False,,,,,,,,,,,,
WQS1163,MEGHALAYA,Medium,25.669851,91.901017,4060884570.0,4040025450.0,4,2021,monthly,1.75,657.5,23.0,True,High or Medium confidence and within 2 km of a HydroRIVERS reach,True,574.3111111111111,1385.0333333333335,2.7591472185927874,3.1414602256087902,40933135.0,716.0,2.3,0.289,383338.0,73092.0,1326429.1,0.0
WQS1164,MEGHALAYA,Medium,25.593153,92.041119,4060884570.0,4040025450.0,1,2022,not reported,1.7,55.0,19.0,True,High or Medium confidence and within 2 km of a HydroRIVERS reach,True,278.96666666666664,868.0222222222222,2.445552313138892,2.938530843684497,40937903.0,1061.0,94.1,12.088,77336.0,77336.0,6397.7,0.0
WQS1165,MEGHALAYA,Medium,25.566645,92.030121,4060884570.0,4040025450.0,1,2022,not reported,1.3,56.0,19.0,True,High or Medium confidence and within 2 km of a HydroRIVERS reach,True,316.3333333333333,380.5111111111111,2.5001449577076302,2.5803673429036724,40938354.0,984.0,74.9,9.755,77336.0,77336.0,7927.8,0.0
WQS1166,MEGHALAYA,Medium,25.606128,92.073859,4060884570.0,4040025450.0,1,2022,not reported,2.1,72.0,19.0,True,High or Medium confidence and within 2 km of a HydroRIVERS reach,True,159.33333333333334,217.4888888888889,2.2023066418924566,2.337437074543511,40936514.0,851.0,145.8,18.405,77336.0,77336.0,4201.9,0.0
WQS1167,MEGHALAYA,Medium,25.55801,91.909026,4060884570.0,4040025450.0,1,2022,not reported,43.0,905.0,20.0,True,High or Medium confidence and within 2 km of a HydroRIVERS reach,True,3425.6222222222223,7475.611111111111,3.5347394672545387,3.87364670085401,40938351.0,980.0,1.7,0.234,310245.0,310245.0,1325833.3,0.0
WQS1168,MEGHALAYA,Medium,25.624451,91.881237,4060884570.0,4040025450.0,1,2022,not reported,44.0,500.0,22.0,True,High or Medium confidence and within 2 km of a HydroRIVERS reach,True,1433.4666666666667,1503.4777777777776,3.1563875984676835,3.1770970133744747,40936721.0,868.0,190.8,27.063,383338.0,383338.0,14164.7,0.0
WQS1169,MEGHALAYA,Medium,25.587194,91.990592,4060884570.0,4040025450.0,1,2022,not reported,45.0,705.0,21.0,True,High or Medium confidence and within 2 km of a HydroRIVERS reach,True,240.9777777777778,862.3666666666667,2.3819769951331042,2.935691961244207,40937224.0,963.0,1.4,0.17,77336.0,77336.0,454917.6,0.0
WQS1170,MEGHALAYA,Medium,25.58026,91.90816,4060884570.0,4040025450.0,1,2022,not reported,20.0,370.0,22.0,True,High or Medium confidence and within 2 km of a HydroRIVERS reach,True,3721.6444444444446,7888.277777777777,3.570734879490132,3.896982195446339,40937686.0,608.0,15.9,2.116,310245.0,310245.0,146618.6,0.0
WQS1171,MEGHALAYA,Medium,25.39074,91.507333,4060949680.0,4040025450.0,4,2021,monthly,1.45,54.5,20.5,True,High or Medium confidence and within 2 km of a HydroRIVERS reach,True,289.0222222222222,805.0333333333333,2.460931235896536,2.905813863203916,40949061.0,771.0,3.9,0.63,44199.0,12672.0,70157.1,0.0
WQS1172,MEGHALAYA,Medium,25.169224,91.385296,4060949680.0,4040025450.0,4,2021,monthly,1.55,56.5,21.0,True,High or Medium confidence and within 2 km of a HydroRIVERS reach,True,144.2888888888889,292.32222222222225,2.1592328890974124,2.4658618315108582,40962482.0,53.0,544.5,92.185,67652.0,36126.0,733.9,0.0
WQS1173,MEGHALAYA,Medium,25.201766,92.019339,4060949680.0,4040025450.0,2,2022,not reported,1.2,59.0,24.0,True,High or Medium confidence and within 2 km of a HydroRIVERS reach,True,147.66666666666666,133.53333333333333,2.169282471503407,2.125589690237895,40960999.0,548.0,825.1,111.953,97985.0,58958.0,875.2,0.0
WQS1174,MEGHALAYA,Medium,25.499514,91.902321,4060949680.0,4040025450.0,2,2022,not reported,1.9,55.5,19.5,True,High or Medium confidence and within 2 km of a HydroRIVERS reach,True,746.7666666666667,2340.4444444444443,2.8731849241594487,3.369298336658687,40943760.0,134.0,26.7,3.842,86976.0,86976.0,22638.2,0.0
WQS1175,MEGHALAYA,Medium,25.56574,91.889085,4060884570.0,4040025450.0,1,2022,not reported,41.0,470.0,20.0,True,High or Medium confidence and within 2 km of a HydroRIVERS reach,True,3895.6222222222223,8718.58888888889,3.5905768345620186,3.940446199684816,40939135.0,256.0,4.3,0.581,310245.0,310245.0,533984.5,0.0
WQS1176,MEGHALAYA,Medium,25.561417,91.893367,4060884570.0,4040025450.0,1,2022,not reported,1.8,55.0,21.0,True,High or Medium confidence and within 2 km of a HydroRIVERS reach,True,3850.1555555555556,6095.933333333333,3.5854782764058144,3.7850402088033652,40939135.0,38.0,4.3,0.581,310245.0,310245.0,533984.5,0.0
WQS1177,MEGHALAYA,Medium,25.566957,91.87779,4060884570.0,4040025450.0,1,2022,not reported,15.0,295.0,20.0,True,High or Medium confidence and within 2 km of a HydroRIVERS reach,True,3741.522222222222,9363.655555555555,3.5730483289950623,3.9714454296857498,40938627.0,891.0,9.7,1.355,310245.0,310245.0,228963.1,0.0
WQS1178,MEGHALAYA,Ambiguous / unresolved,,,,,1,2022,not reported,2.4,83.0,22.0,False,High or Medium confidence and within 2 km of a HydroRIVERS reach,False,,,,,,,,,,,,
WQS1179,MEGHALAYA,Ambiguous / unresolved,,,,,1,2022,not reported,1.8,137.0,20.0,False,High or Medium confidence and within 2 km of a HydroRIVERS reach,False,,,,,,,,,,,,
WQS1180,MEGHALAYA,Medium,25.673831,91.061082,4060949680.0,4040025450.0,4,2021,monthly,1.75,54.0,20.5,True,High or Medium confidence and within 2 km of a HydroRIVERS reach,True,211.97777777777776,1565.2777777777778,2.3262903350120574,3.194591419614838,40932913.0,353.0,8.3,0.555,19313.0,19313.0,34798.2,0.0
WQS1181,MEGHALAYA,Medium,25.66259,91.08636,4060949680.0,4040025450.0,4,2021,monthly,1.8,117.0,20.5,True,High or Medium confidence and within 2 km of a HydroRIVERS reach,True,197.36666666666667,45.98888888888889,2.2952738063623377,1.662652916961435,40935323.0,254.0,43.3,3.022,12188.0,12188.0,4033.1,0.0
WQS1182,MEGHALAYA,Medium,25.24998,91.74238,4060949680.0,4040025450.0,4,2021,monthly,1.8,128.0,20.5,True,High or Medium confidence and within 2 km of a HydroRIVERS reach,True,272.05555555555554,321.5777777777778,2.434657598914912,2.5072860297470023,40957857.0,276.0,4.5,0.783,44582.0,13193.0,56937.4,0.0
WQS1183,MEGHALAYA,Medium,25.188348,91.764313,4060949680.0,4040025450.0,4,2021,monthly,1.35,59.5,21.75,True,High or Medium confidence and within 2 km of a HydroRIVERS reach,True,113.12222222222222,21.577777777777776,2.0535479280066538,1.3340067161326612,40961497.0,862.0,340.0,57.673,44582.0,44582.0,773.0,0.0
WQS1184,MEGHALAYA,Medium,25.348229,92.42338,4060949680.0,4040025450.0,4,2021,monthly,1.75,987.5,20.5,True,High or Medium confidence and within 2 km of a HydroRIVERS reach,True,418.0777777777778,341.4888888888889,2.621257083969996,2.533376577497063,40952832.0,883.0,14.2,1.449,37709.0,37709.0,26024.2,0.0
WQS1185,MIZORAM,Ambiguous / unresolved,,,,,1,2024,not reported,1.3,214.0,23.0,False,High or Medium confidence and within 2 km of a HydroRIVERS reach,False,,,,,,,,,,,,
WQS1186,MIZORAM,Medium,23.827071,92.643257,4060929740.0,4040025450.0,4,2021,monthly,1.7000000000000002,242.0,24.5,True,High or Medium confidence and within 2 km of a HydroRIVERS reach,True,287.9555555555555,252.35555555555553,2.459325461833964,2.402012870078476,41036615.0,49.0,1315.5,86.259,243145.0,181188.0,2818.8,0.0
WQS1187,MIZORAM,Medium,22.399498,92.960268,4060024890.0,4040024190.0,4,2021,monthly,1.65,279.0,24.0,True,High or Medium confidence and within 2 km of a HydroRIVERS reach,True,100.83333333333333,604.5333333333333,2.003604124268825,2.7814202523987985,41110444.0,761.0,12608.7,685.361,280171.0,54559.0,408.8,0.443
WQS1188,MIZORAM,Medium,24.437574,92.770386,4060929440.0,4040025450.0,4,2021,monthly,18.9,863.0,25.0,True,High or Medium confidence and within 2 km of a HydroRIVERS reach,True,242.65555555555557,26.58888888888889,2.3849902388596362,1.4247001891741125,41006158.0,955.0,16.6,0.91,73628.0,33606.0,80909.9,0.0
WQS1189,MIZORAM,Ambiguous / unresolved,,,,,1,2024,not reported,1.4,91.0,22.0,False,High or Medium confidence and within 2 km of a HydroRIVERS reach,False,,,,,,,,,,,,
WQS1190,MIZORAM,Ambiguous / unresolved,,,,,1,2024,not reported,1.3,456.0,20.0,False,High or Medium confidence and within 2 km of a HydroRIVERS reach,False,,,,,,,,,,,,
WQS1191,MIZORAM,Ambiguous / unresolved,,,,,1,2024,not reported,1.3,201.0,33.0,False,High or Medium confidence and within 2 km of a HydroRIVERS reach,False,,,,,,,,,,,,
WQS1192,MIZORAM,Ambiguous / unresolved,,,,,1,2024,not reported,1.5,162.0,30.0,False,High or Medium confidence and within 2 km of a HydroRIVERS reach,False,,,,,,,,,,,,
WQS1193,MIZORAM,Medium,24.082351,92.504575,4060929740.0,4040025450.0,4,2021,monthly,1.55,304.0,25.0,True,High or Medium confidence and within 2 km of a HydroRIVERS reach,True,24.799999999999997,120.8777777777778,1.3944516808262162,2.0823464673160794,41023198.0,1737.0,4.9,0.234,30707.0,7522.0,131226.5,0.0
WQS1194,MIZORAM,Ambiguous / unresolved,,,,,1,2024,not reported,1.4,164.0,25.0,False,High or Medium confidence and within 2 km of a HydroRIVERS reach,False,,,,,,,,,,,,
WQS1195,MIZORAM,Ambiguous / unresolved,,,,,1,2024,not reported,1.4,134.0,24.0,False,High or Medium confidence and within 2 km of a HydroRIVERS reach,False,,,,,,,,,,,,
WQS1196,MIZORAM,Ambiguous / unresolved,,,,,1,2024,not reported,1.5,140.0,19.0,False,High or Medium confidence and within 2 km of a HydroRIVERS reach,False,,,,,,,,,,,,
WQS1197,MIZORAM,Ambiguous / unresolved,,,,,1,2024,not reported,1.3,304.0,20.0,False,High or Medium confidence and within 2 km of a HydroRIVERS reach,False,,,,,,,,,,,,
WQS1198,MIZORAM,Ambiguous / unresolved,,,,,1,2024,not reported,1.9,417.0,21.0,False,High or Medium confidence and within 2 km of a HydroRIVERS reach,False,,,,,,,,,,,,
WQS1199,MIZORAM,Medium,23.716306,92.748333,4060929440.0,4040025450.0,4,2021,monthly,10.3,841.0,25.0,True,High or Medium confidence and within 2 km of a HydroRIVERS reach,True,1859.888888888889,230.5,3.269486999925552,2.362670929725667,41043047.0,458.0,19.3,0.954,90470.0,73858.0,94832.3,0.0
WQS1200,MIZORAM,Ambiguous / unresolved,,,,,1,2024,not reported,1.5,132.0,26.0,False,High or Medium confidence and within 2 km of a HydroRIVERS reach,False,,,,,,,,,,,,
WQS1201,MIZORAM,Medium,22.867092,92.765439,4060024890.0,4040024190.0,4,2021,monthly,1.45,335.5,26.5,True,High or Medium confidence and within 2 km of a HydroRIVERS reach,True,557.0444444444444,1033.8555555555556,2.745889847250816,3.014459865830265,41087116.0,1435.0,2.8,0.198,11047.0,11047.0,55792.9,0.0
WQS1202,MIZORAM,Ambiguous / unresolved,,,,,1,2024,not reported,1.5,84.0,29.0,False,High or Medium confidence and within 2 km of a HydroRIVERS reach,False,,,,,,,,,,,,
WQS1203,MIZORAM,Ambiguous / unresolved,,,,,1,2024,not reported,1.4,173.0,26.0,False,High or Medium confidence and within 2 km of a HydroRIVERS reach,False,,,,,,,,,,,,
WQS1204,MIZORAM,Ambiguous / unresolved,,,,,1,2021,not reported,1.9,250.0,24.0,False,High or Medium confidence and within 2 km of a HydroRIVERS reach,False,,,,,,,,,,,,
WQS1205,MIZORAM,Medium,23.728736,92.726004,4060929440.0,4040025450.0,4,2021,monthly,16.6,913.5,26.5,True,High or Medium confidence and within 2 km of a HydroRIVERS reach,True,2198.4555555555553,7150.333333333333,3.3421176902549843,3.854326288158134,41043047.0,980.0,19.3,0.954,90470.0,73858.0,94832.3,0.0
WQS1206,MIZORAM,Medium,22.909203,92.464381,4060025260.0,4040024190.0,4,2021,monthly,1.5,246.0,27.5,True,High or Medium confidence and within 2 km of a HydroRIVERS reach,True,165.5111111111111,728.3555555555555,2.2188271541979425,2.8623434371697423,41084777.0,440.0,3850.1,260.363,146175.0,48795.0,561.4,0.0
WQS1207,MIZORAM,Medium,22.441188,92.784176,4060024890.0,4040024190.0,4,2021,monthly,1.6,193.5,24.0,True,High or Medium confidence and within 2 km of a HydroRIVERS reach,True,4.277777777777778,0.0,0.6312182200691758,-0.3010299956639812,41107555.0,215.0,482.6,34.481,25926.0,25926.0,751.9,0.0
WQS1208,MIZORAM,Medium,23.926689,92.525016,4060929740.0,4040025450.0,4,2021,monthly,1.65,244.0,26.0,True,High or Medium confidence and within 2 km of a HydroRIVERS reach,True,107.92222222222222,81.78888888888889,2.0331108792964687,1.9126943082923145,41030765.0,970.0,808.7,47.099,20228.0,15917.0,429.5,0.0
WQS1209,MIZORAM,Ambiguous / unresolved,,,,,1,2021,not reported,1.6,259.0,21.0,False,High or Medium confidence and within 2 km of a HydroRIVERS reach,False,,,,,,,,,,,,
WQS1210,MIZORAM,Medium,24.338392,92.768465,4060929440.0,4040025450.0,4,2021,monthly,1.5499999999999998,187.0,28.0,True,High or Medium confidence and within 2 km of a HydroRIVERS reach,True,103.5,137.35555555555555,2.0149403497929366,2.1378462298164815,41009726.0,132.0,524.7,25.518,73628.0,73628.0,2885.3,0.0
WQS1211,MIZORAM,Medium,23.946643,92.450596,4060929740.0,4040025450.0,4,2021,monthly,1.5499999999999998,289.5,27.0,True,High or Medium confidence and within 2 km of a HydroRIVERS reach,True,63.08888888888888,0.7,1.7999528787505135,-0.1549019599857432,41030127.0,138.0,21.4,1.009,18060.0,9368.0,17898.9,0.0
WQS1212,MIZORAM,Medium,23.958896,92.428097,4060929740.0,4040025450.0,4,2021,monthly,1.55,280.0,28.5,True,High or Medium confidence and within 2 km of a HydroRIVERS reach,True,11.411111111111111,0.0,1.0573279341579533,-0.3010299956639812,41029271.0,693.0,423.0,20.381,18060.0,18060.0,886.1,0.0
WQS1213,MIZORAM,Medium,23.468194,93.218141,4060024890.0,4040024190.0,4,2021,monthly,1.45,278.5,21.0,True,High or Medium confidence and within 2 km of a HydroRIVERS reach,True,72.46666666666665,4.0,1.8601382850306132,0.6020599913279624,41054057.0,754.0,5.5,0.249,11101.0,10620.0,44582.3,0.0
WQS1214,MIZORAM,Ambiguous / unresolved,,,,,1,2021,not reported,1.8,630.0,29.0,False,High or Medium confidence and within 2 km of a HydroRIVERS reach,False,,,,,,,,,,,,
WQS1215,MIZORAM,Medium,24.179943,92.535206,4060929740.0,4040025450.0,3,2021,monthly,1.6,266.0,27.0,True,High or Medium confidence and within 2 km of a HydroRIVERS reach,True,220.1888888888889,1381.0111111111112,2.342795399940035,3.1401971727675027,41018610.0,21.0,3528.8,199.642,346112.0,76230.0,1733.7,0.0
WQS1216,MIZORAM,Medium,23.711097,92.665208,4060929740.0,4040025450.0,3,2021,monthly,1.9,364.0,26.0,True,High or Medium confidence and within 2 km of a HydroRIVERS reach,True,637.3222222222222,337.1,2.8043590617722383,2.527758752520972,41041992.0,384.0,1068.0,74.859,155022.0,94079.0,2070.9,0.0
WQS1217,MIZORAM,Medium,23.495076,92.658043,4060929740.0,4040025450.0,3,2021,monthly,1.8,243.0,27.0,True,High or Medium confidence and within 2 km of a HydroRIVERS reach,True,15.08888888888889,0.2,1.178657260505158,-0.3010299956639812,41052937.0,389.0,762.3,59.105,69155.0,46734.0,1170.0,0.0
WQS1218,MIZORAM,Medium,22.868171,92.767807,4060024890.0,4040024190.0,3,2021,monthly,1.7,225.0,26.0,True,High or Medium confidence and within 2 km of a HydroRIVERS reach,True,561.0,734.2666666666667,2.7489628612561616,2.8658538130895823,41087117.0,1606.0,4.7,0.338,11047.0,11047.0,32683.4,0.0
WQS1219,MIZORAM,Medium,22.850748,92.811513,4060929740.0,4040025450.0,3,2021,monthly,1.6,375.0,26.0,True,High or Medium confidence and within 2 km of a HydroRIVERS reach,True,129.5111111111111,716.0444444444444,2.1123070293226087,2.8549399795396013,41086276.0,979.0,19.0,1.341,22421.0,22421.0,16719.6,0.0
WQS1220,MIZORAM,Medium,23.813611,92.652778,4060929740.0,4040025450.0,3,2021,monthly,1.8,282.0,27.0,True,High or Medium confidence and within 2 km of a HydroRIVERS reach,True,305.76666666666665,1299.7777777777778,2.4853901387879342,3.1138691075879787,41036615.0,740.0,1315.5,86.259,243145.0,181188.0,2818.8,0.0
WQS1221,MIZORAM,Medium,23.712028,92.663875,4060929740.0,4040025450.0,3,2021,monthly,1.8,367.0,26.0,True,High or Medium confidence and within 2 km of a HydroRIVERS reach,True,594.3777777777777,333.65555555555557,2.774062563927322,2.5232983604981487,41041992.0,278.0,1068.0,74.859,155022.0,94079.0,2070.9,0.0
WQS1222,MIZORAM,Medium,24.225579,92.676645,4060929440.0,4040025450.0,4,2021,monthly,1.65,572.0,22.5,False,High or Medium confidence and within 2 km of a HydroRIVERS reach,True,553.6222222222223,6263.0,2.743213514242759,3.7967824117013076,,,,,,,,
WQS1223,MIZORAM,Medium,23.725482,92.707341,4060929740.0,4040025450.0,4,2021,monthly,19.700000000000003,975.5,26.0,True,High or Medium confidence and within 2 km of a HydroRIVERS reach,True,2252.277777777778,6667.566666666667,3.352621951861617,3.8239673667422234,41042193.0,1152.0,3.5,0.176,155022.0,78271.0,880806.8,0.0
WQS1224,MIZORAM,Medium,23.457635,93.341798,4060024890.0,4040024190.0,4,2021,monthly,3.25,204.5,22.0,True,High or Medium confidence and within 2 km of a HydroRIVERS reach,True,510.3222222222222,957.8333333333334,2.7078444803023576,2.9812899467500538,41056184.0,642.0,42.5,1.775,43117.0,39819.0,24291.3,0.25
WQS1225,MIZORAM,Medium,22.879519,92.935696,4060024890.0,4040024190.0,4,2021,monthly,1.35,245.5,20.5,True,High or Medium confidence and within 2 km of a HydroRIVERS reach,True,36.96666666666667,0.7,1.5678102914294976,-0.1549019599857432,41086904.0,28.0,10945.9,552.417,185717.0,31110.0,336.2,0.5
WQS1226,MIZORAM,Medium,24.356512,92.886025,4060929440.0,4040025450.0,3,2021,monthly,1.6,177.0,30.0,True,High or Medium confidence and within 2 km of a HydroRIVERS reach,True,107.19999999999999,1069.2444444444445,2.030194785356751,3.029077002437486,41008803.0,67.0,1798.0,85.596,166579.0,21081.0,1946.1,0.0
WQS1227,MIZORAM,Ambiguous / unresolved,,,,,1,2021,not reported,2.6,274.0,29.0,False,High or Medium confidence and within 2 km of a HydroRIVERS reach,False,,,,,,,,,,,,
WQS1228,MIZORAM,Medium,23.721011,92.799853,4060929440.0,4040025450.0,2,2022,monthly,1.55,391.0,25.5,True,High or Medium confidence and within 2 km of a HydroRIVERS reach,True,134.54444444444445,390.9888888888888,2.12886576975541,2.592164415803007,41041539.0,304.0,423.5,22.642,115680.0,115680.0,5109.1,0.0
WQS1229,MIZORAM,Ambiguous / unresolved,,,,,1,2021,not reported,1.9,266.0,30.0,False,High or Medium confidence and within 2 km of a HydroRIVERS reach,False,,,,,,,,,,,,
WQS1230,MIZORAM,Medium,23.675086,92.793567,4060929440.0,4040025450.0,3,2021,monthly,1.8,341.0,27.0,True,High or Medium confidence and within 2 km of a HydroRIVERS reach,True,15.688888888888888,3.7000000000000006,1.19559218727646,0.5682017240669951,41044909.0,18.0,372.8,20.23,90470.0,90470.0,4472.1,0.0
WQS1231,MIZORAM,Ambiguous / unresolved,,,,,1,2021,not reported,1.6,133.0,19.0,False,High or Medium confidence and within 2 km of a HydroRIVERS reach,False,,,,,,,,,,,,
WQS1232,MIZORAM,Ambiguous / unresolved,,,,,1,2021,not reported,2.1,291.0,29.0,False,High or Medium confidence and within 2 km of a HydroRIVERS reach,False,,,,,,,,,,,,
WQS1233,MIZORAM,Medium,23.770285,92.520087,4060929740.0,4040025450.0,4,2021,monthly,1.5,308.0,27.0,True,High or Medium confidence and within 2 km of a HydroRIVERS reach,True,58.699999999999996,488.8666666666667,1.7686381012476144,2.6891904259399295,41038984.0,402.0,664.2,40.589,14242.0,12086.0,350.9,0.0
WQS1234,MIZORAM,Ambiguous / unresolved,,,,,1,2021,not reported,1.5,379.0,23.0,False,High or Medium confidence and within 2 km of a HydroRIVERS reach,False,,,,,,,,,,,,
WQS1235,MIZORAM,Medium,22.867859,92.774345,4060929740.0,4040025450.0,3,2022,monthly,1.5,128.0,25.0,True,High or Medium confidence and within 2 km of a HydroRIVERS reach,True,574.8444444444444,617.4333333333333,2.7595503384997353,2.79059007200703,41087117.0,1494.0,4.7,0.338,11047.0,11047.0,32683.4,0.0
WQS1236,MIZORAM,Medium,23.693552,92.681589,4060929740.0,4040025450.0,4,2021,monthly,1.6,447.5,24.5,True,High or Medium confidence and within 2 km of a HydroRIVERS reach,True,772.9666666666667,77.3111111111111,2.8881607658525206,1.8882419149722451,41043846.0,296.0,18.3,0.938,155022.0,78271.0,165268.7,0.0
WQS1237,MIZORAM,Medium,22.905402,92.930721,4060024890.0,4040024190.0,4,2021,monthly,1.45,287.0,26.5,True,High or Medium confidence and within 2 km of a HydroRIVERS reach,True,38.922222222222224,212.74444444444444,1.5901976278783676,2.327858227846523,41084782.0,364.0,10927.5,549.668,185717.0,31110.0,337.9,0.5
WQS1238,MIZORAM,Medium,23.720986,92.799764,4060929440.0,4040025450.0,2,2022,monthly,1.35,363.0,25.5,True,High or Medium confidence and within 2 km of a HydroRIVERS reach,True,134.64444444444445,392.8888888888889,2.129188438721186,2.5942697469017104,41041539.0,313.0,423.5,22.642,115680.0,115680.0,5109.1,0.0
WQS1239,MIZORAM,Ambiguous / unresolved,,,,,1,2024,not reported,1.4,210.0,21.0,False,High or Medium confidence and within 2 km of a HydroRIVERS reach,False,,,,,,,,,,,,
WQS1240,MIZORAM,Ambiguous / unresolved,,,,,1,2024,not reported,1.5,344.0,20.0,False,High or Medium confidence and within 2 km of a HydroRIVERS reach,False,,,,,,,,,,,,
WQS1241,MIZORAM,Ambiguous / unresolved,,,,,1,2024,not reported,1.4,126.0,26.0,False,High or Medium confidence and within 2 km of a HydroRIVERS reach,False,,,,,,,,,,,,
WQS1242,MIZORAM,Ambiguous / unresolved,,,,,1,2024,not reported,1.5,151.0,28.0,False,High or Medium confidence and within 2 km of a HydroRIVERS reach,False,,,,,,,,,,,,
WQS1243,MIZORAM,Ambiguous / unresolved,,,,,1,2024,not reported,1.5,114.0,29.0,False,High or Medium confidence and within 2 km of a HydroRIVERS reach,False,,,,,,,,,,,,
WQS1244,MIZORAM,Medium,22.528171,92.869426,4060024890.0,4040024190.0,4,2021,monthly,1.6,302.0,24.5,True,High or Medium confidence and within 2 km of a HydroRIVERS reach,True,300.82222222222225,21.01111111111111,2.478309915137726,1.3224490194057148,41102832.0,1102.0,14.9,1.018,25451.0,12061.0,25001.0,0.0
WQS1245,MIZORAM,Medium,23.476789,93.322481,4060024890.0,4040024190.0,4,2021,monthly,1.7000000000000002,719.0,25.0,True,High or Medium confidence and within 2 km of a HydroRIVERS reach,True,520.7444444444444,3989.7000000000003,2.7166246453792806,3.6009402407386593,41055120.0,1394.0,4.3,0.182,43117.0,39819.0,236906.6,0.25
WQS1246,MIZORAM,Medium,23.328854,92.857935,4060024890.0,4040024190.0,4,2021,monthly,1.55,251.0,21.5,True,High or Medium confidence and within 2 km of a HydroRIVERS reach,True,220.32222222222222,1229.4666666666667,2.3430583033321546,3.089716758630676,41062283.0,1194.0,7.5,0.495,14892.0,14892.0,30084.8,0.0
WQS1247,MIZORAM,Medium,23.729252,92.71645,4060929740.0,4040025450.0,3,2021,monthly,2.5,384.0,26.0,True,High or Medium confidence and within 2 km of a HydroRIVERS reach,True,2266.488888888889,10856.244444444445,3.355353594338421,4.035679613546131,41043047.0,1909.0,19.3,0.954,90470.0,73858.0,94832.3,0.0
WQS1248,MIZORAM,Medium,23.344145,92.849526,4060024890.0,4040024190.0,4,2021,monthly,1.6,286.5,21.0,True,High or Medium confidence and within 2 km of a HydroRIVERS reach,True,235.04444444444445,626.6333333333333,2.3711499905779387,2.7970134931592994,41061395.0,997.0,126.1,8.207,14892.0,14892.0,1814.5,0.0
WQS1249,MIZORAM,Medium,23.702311,92.791796,4060929440.0,4040025450.0,2,2022,monthly,2.15,418.5,25.5,True,High or Medium confidence and within 2 km of a HydroRIVERS reach,True,120.95555555555555,54.17777777777778,2.08262582054173,1.7338211875070195,41042388.0,470.0,384.2,20.779,90470.0,90470.0,4353.9,0.0
WQS1250,MIZORAM,Medium,23.610912,92.78712,4060929440.0,4040025450.0,2,2022,monthly,1.55,331.5,22.0,True,High or Medium confidence and within 2 km of a HydroRIVERS reach,True,16.01111111111111,25.811111111111114,1.2044214713746644,1.4118067003609107,41046825.0,868.0,209.2,11.937,16612.0,16612.0,1391.6,0.0
WQS1251,MIZORAM,Medium,23.724372,92.855962,4060929440.0,4040025450.0,4,2021,monthly,1.55,203.0,23.0,True,High or Medium confidence and within 2 km of a HydroRIVERS reach,True,167.86666666666667,782.1888888888889,2.2249644667161625,2.893311642441327,41041767.0,1438.0,5.1,0.245,90470.0,73858.0,369265.3,0.0
WQS1252,MIZORAM,Medium,23.671116,92.961781,4060929440.0,4040025450.0,4,2021,monthly,1.6,201.5,23.0,True,High or Medium confidence and within 2 km of a HydroRIVERS reach,True,217.89999999999998,1723.6999999999998,2.3382572302462554,3.2364616816268152,41044077.0,1722.0,8.1,0.375,15562.0,10953.0,41498.7,0.0
WQS1253,MIZORAM,Ambiguous / unresolved,,,,,1,2024,not reported,1.5,138.0,27.0,False,High or Medium confidence and within 2 km of a HydroRIVERS reach,False,,,,,,,,,,,,
WQS1254,MIZORAM,Ambiguous / unresolved,,,,,1,2024,not reported,1.5,227.0,21.0,False,High or Medium confidence and within 2 km of a HydroRIVERS reach,False,,,,,,,,,,,,
WQS1255,MIZORAM,Ambiguous / unresolved,,,,,1,2024,not reported,1.4,128.0,24.0,False,High or Medium confidence and within 2 km of a HydroRIVERS reach,False,,,,,,,,,,,,
WQS1256,MIZORAM,Ambiguous / unresolved,,,,,1,2024,not reported,1.3,195.0,25.0,False,High or Medium confidence and within 2 km of a HydroRIVERS reach,False,,,,,,,,,,,,
WQS1257,MIZORAM,Medium,23.705972,92.641333,4060929740.0,4040025450.0,4,2021,monthly,1.5,167.5,24.5,True,High or Medium confidence and within 2 km of a HydroRIVERS reach,True,184.05555555555554,417.1666666666667,2.2649489307786537,2.6203095992245795,41042189.0,456.0,3.3,0.17,155022.0,78271.0,911894.1,0.0
WQS1258,NAGALAND,Medium,25.768833,93.816667,4060870190.0,4040025450.0,9,2016,monthly,2.7,232.0,29.7,True,High or Medium confidence and within 2 km of a HydroRIVERS reach,True,422.6,709.5333333333333,2.6259294927162946,2.850972803095364,40926911.0,615.0,390.5,24.665,209636.0,209636.0,8499.3,0.0
WQS1259,NAGALAND,High,25.86495,93.78195,4060870190.0,4040025450.0,8,2017,monthly,2.55,208.5,30.549999999999997,True,High or Medium confidence and within 2 km of a HydroRIVERS reach,True,3780.244444444444,5682.066666666667,3.5775198838163007,3.754506324915887,40921685.0,24.0,435.1,27.512,209636.0,209636.0,7619.8,0.0
WQS1260,NAGALAND,High,25.912833,93.743,4060870190.0,4040025450.0,9,2016,monthly,2.6,305.0,33.0,True,High or Medium confidence and within 2 km of a HydroRIVERS reach,True,6063.855555555555,11530.611111111111,3.782748847608775,4.061852325087434,40919797.0,73.0,1706.6,96.197,919448.0,912164.0,9558.0,0.0
WQS1261,NAGALAND,High,25.886833,93.735833,4060870190.0,4040025450.0,8,2016,monthly,2.6500000000000004,507.0,31.5,True,High or Medium confidence and within 2 km of a HydroRIVERS reach,True,6738.933333333333,8742.099999999999,3.828591160020809,3.9416157700328145,40919797.0,837.0,1706.6,96.197,919448.0,912164.0,9558.0,0.0
WQS1262,NAGALAND,Medium,25.801511,93.606777,4060870190.0,4040025450.0,9,2016,monthly,3.5,331.0,33.0,True,High or Medium confidence and within 2 km of a HydroRIVERS reach,True,508.4333333333333,1240.8333333333333,2.70623401554085,3.0937134517045513,40924989.0,307.0,21.1,1.279,224452.0,77328.0,175490.2,0.0
WQS1263,NAGALAND,High,25.927667,93.7472,4060870190.0,4040025450.0,6,2016,monthly,3.95,263.5,33.45,True,High or Medium confidence and within 2 km of a HydroRIVERS reach,True,4911.222222222223,6498.5,3.6911895854656303,3.812813123273506,40917374.0,845.0,1790.8,101.641,919448.0,910910.0,9046.0,0.0
WQS1264,NAGALAND,Medium,25.921333,93.724833,4060870190.0,4040025450.0,9,2016,monthly,6.2,360.0,30.7,True,High or Medium confidence and within 2 km of a HydroRIVERS reach,True,5423.533333333334,7968.777777777777,3.7342823136987287,3.9013917159919576,40918082.0,280.0,63.1,4.068,919448.0,560933.0,226019.7,0.0
WQS1265,NAGALAND,Ambiguous / unresolved,,,,,6,2016,monthly,4.15,556.0,26.7,False,High or Medium confidence and within 2 km of a HydroRIVERS reach,False,,,,,,,,,,,,
WQS1266,NAGALAND,Medium,25.675285,94.107884,4060870190.0,4040025450.0,8,2017,monthly,2.4,318.5,26.049999999999997,True,High or Medium confidence and within 2 km of a HydroRIVERS reach,True,1856.122222222222,7562.522222222222,3.2686065703144243,3.878666663822417,40932254.0,1203.0,3.1,0.21,81624.0,81624.0,388685.7,0.0
WQS1267,NAGALAND,Ambiguous / unresolved,,,,,1,2017,not reported,4.0,349.0,26.3,False,High or Medium confidence and within 2 km of a HydroRIVERS reach,False,,,,,,,,,,,,
WQS1268,NAGALAND,Medium,25.674565,94.107658,4060870190.0,4040025450.0,3,2022,monthly,1.8,218.0,29.0,True,High or Medium confidence and within 2 km of a HydroRIVERS reach,True,1851.4444444444443,7403.788888888889,3.2675106848795448,3.869454026815368,40932254.0,1196.0,3.1,0.21,81624.0,81624.0,388685.7,0.0
WQS1269,NAGALAND,Ambiguous / unresolved,,,,,4,2018,monthly,2.2,219.0,24.55,False,High or Medium confidence and within 2 km of a HydroRIVERS reach,False,,,,,,,,,,,,
WQS1270,NAGALAND,Medium,25.658233,94.129967,4060870190.0,4040025450.0,8,2017,monthly,2.4,871.5,26.2,True,High or Medium confidence and within 2 km of a HydroRIVERS reach,True,1537.0222222222224,493.8666666666667,3.186680146562022,2.6936097146181965,40934374.0,587.0,36.4,2.483,81722.0,81722.0,32912.6,0.0
WQS1271,NAGALAND,Medium,25.756631,93.579979,4060870190.0,4040025450.0,4,2021,quarterly,1.75,238.0,28.6,True,High or Medium confidence and within 2 km of a HydroRIVERS reach,True,318.82222222222225,625.3111111111111,2.5035485845312806,2.796096145698694,40927929.0,41.0,1097.9,59.527,93435.0,89543.0,1569.6,0.0
WQS1272,NAGALAND,Medium,25.927965,93.747245,4060870190.0,4040025450.0,4,2021,quarterly,3.9,265.0,28.5,True,High or Medium confidence and within 2 km of a HydroRIVERS reach,True,4883.7444444444445,6350.422222222222,3.688752930196804,3.802802601305404,40917374.0,813.0,1790.8,101.641,919448.0,910910.0,9046.0,0.0
WQS1273,NAGALAND,Medium,25.910359,93.743963,4060870190.0,4040025450.0,3,2022,monthly,2.4,279.0,32.0,True,High or Medium confidence and within 2 km of a HydroRIVERS reach,True,6149.977777777778,11715.62222222222,3.788873546506161,4.068765359130296,40919797.0,315.0,1706.6,96.197,919448.0,912164.0,9558.0,0.0
WQS1274,NAGALAND,Medium,25.886359,93.735543,4060870190.0,4040025450.0,4,2021,quarterly,2.35,201.0,29.65,True,High or Medium confidence and within 2 km of a HydroRIVERS reach,True,6727.177777777778,8534.233333333334,3.8278329048476167,3.931164512673024,40919797.0,896.0,1706.6,96.197,919448.0,912164.0,9558.0,0.0
WQS1275,NAGALAND,Medium,25.903667,93.681667,4060870190.0,4040025450.0,9,2016,monthly,2.8,207.0,30.2,True,High or Medium confidence and within 2 km of a HydroRIVERS reach,True,2816.011111111111,4121.266666666666,3.449634364065502,3.6150307164694935,40919300.0,219.0,25.5,1.626,919448.0,560933.0,565466.2,0.0
WQS1276,NAGALAND,Medium,25.67564,94.109775,4060870190.0,4040025450.0,3,2022,monthly,2.0,490.0,29.0,True,High or Medium confidence and within 2 km of a HydroRIVERS reach,True,1853.011111111111,8081.444444444444,3.267878023463407,3.907488991738262,40932254.0,1382.0,3.1,0.21,81624.0,81624.0,388685.7,0.0
WQS1277,NAGALAND,Medium,25.658617,94.1301,4060870190.0,4040025450.0,8,2017,monthly,2.8,596.5,26.5,True,High or Medium confidence and within 2 km of a HydroRIVERS reach,True,1540.5333333333333,499.5222222222222,3.1876710998136937,2.6985548134304937,40934374.0,559.0,36.4,2.483,81722.0,81722.0,32912.6,0.0
WQS1278,NAGALAND,Medium,26.662667,94.662667,4060865930.0,4040025450.0,6,2017,monthly,2.25,263.5,29.7,True,High or Medium confidence and within 2 km of a HydroRIVERS reach,True,295.82222222222225,162.25555555555556,2.471030795171305,2.2101995757701913,40874556.0,1115.0,16.9,1.693,93904.0,32030.0,55466.0,0.0
WQS1279,NAGALAND,Medium,26.720833,94.620111,4060865930.0,4040025450.0,6,2017,monthly,2.3,207.0,30.0,True,High or Medium confidence and within 2 km of a HydroRIVERS reach,True,131.88888888888889,277.9777777777778,2.1202082095152663,2.4440100787445576,40871565.0,263.0,637.7,64.068,93904.0,93904.0,1465.7,0.0
WQS1280,NAGALAND,Medium,25.708833,94.1015,4060870190.0,4040025450.0,6,2017,monthly,3.2,773.5,26.05,True,High or Medium confidence and within 2 km of a HydroRIVERS reach,True,1262.2777777777778,2254.644444444444,3.1011549365890487,3.353078063734702,40930050.0,403.0,11.2,0.798,130345.0,48623.0,163339.6,0.0
WQS1281,ODISHA,Ambiguous / unresolved,,,,,4,2017,not reported,2.0,317.0,32.0,False,High or Medium confidence and within 2 km of a HydroRIVERS reach,False,,,,,,,,,,,,
WQS1282,ODISHA,Ambiguous / unresolved,,,,,8,2017,not reported,2.3499999999999996,10316.5,33.0,False,High or Medium confidence and within 2 km of a HydroRIVERS reach,False,,,,,,,,,,,,
WQS1283,ODISHA,Ambiguous / unresolved,,,,,9,2016,not reported,1.9,193.0,28.0,False,High or Medium confidence and within 2 km of a HydroRIVERS reach,False,,,,,,,,,,,,
WQS1284,ODISHA,Ambiguous / unresolved,,,,,9,2016,not reported,1.9,41210.0,30.0,False,High or Medium confidence and within 2 km of a HydroRIVERS reach,False,,,,,,,,,,,,
WQS1285,ODISHA,Ambiguous / unresolved,,,,,9,2016,not reported,2.4,267.0,28.0,False,High or Medium confidence and within 2 km of a HydroRIVERS reach,False,,,,,,,,,,,,
WQS1286,ODISHA,Ambiguous / unresolved,,,,,9,2016,not reported,1.8,171.0,30.0,False,High or Medium confidence and within 2 km of a HydroRIVERS reach,False,,,,,,,,,,,,
WQS1287,ODISHA,Ambiguous / unresolved,,,,,8,2017,not reported,1.85,174.5,29.0,False,High or Medium confidence and within 2 km of a HydroRIVERS reach,False,,,,,,,,,,,,
WQS1288,ODISHA,Ambiguous / unresolved,,,,,8,2017,not reported,1.6,162.0,29.0,False,High or Medium confidence and within 2 km of a HydroRIVERS reach,False,,,,,,,,,,,,
WQS1289,ODISHA,Ambiguous / unresolved,,,,,8,2017,not reported,1.4,168.0,28.5,False,High or Medium confidence and within 2 km of a HydroRIVERS reach,False,,,,,,,,,,,,
WQS1290,ODISHA,Medium,21.311885,86.475846,4060026830.0,4040025460.0,4,2017,not reported,2.3,1071.5,27.5,True,High or Medium confidence and within 2 km of a HydroRIVERS reach,True,411.64444444444445,402.0222222222222,2.614522258546512,2.604250059854986,41153856.0,823.0,45.2,1.166,41636.0,41636.0,35708.4,0.0
WQS1291,ODISHA,Ambiguous / unresolved,,,,,8,2017,not reported,1.8,516.0,32.0,False,High or Medium confidence and within 2 km of a HydroRIVERS reach,False,,,,,,,,,,,,
WQS1292,ODISHA,Ambiguous / unresolved,,,,,9,2016,not reported,1.9,227.0,29.0,False,High or Medium confidence and within 2 km of a HydroRIVERS reach,False,,,,,,,,,,,,
WQS1293,ODISHA,Ambiguous / unresolved,,,,,9,2016,not reported,1.6,219.0,29.0,False,High or Medium confidence and within 2 km of a HydroRIVERS reach,False,,,,,,,,,,,,
WQS1294,ODISHA,Ambiguous / unresolved,,,,,9,2016,not reported,1.9,246.0,32.0,False,High or Medium confidence and within 2 km of a HydroRIVERS reach,False,,,,,,,,,,,,
WQS1295,ODISHA,Ambiguous / unresolved,,,,,9,2016,not reported,1.6,204.0,29.0,False,High or Medium confidence and within 2 km of a HydroRIVERS reach,False,,,,,,,,,,,,
WQS1296,ODISHA,Ambiguous / unresolved,,,,,9,2016,not reported,1.8,290.0,33.0,False,High or Medium confidence and within 2 km of a HydroRIVERS reach,False,,,,,,,,,,,,
WQS1297,ODISHA,Ambiguous / unresolved,,,,,9,2016,not reported,1.8,185.0,29.0,False,High or Medium confidence and within 2 km of a HydroRIVERS reach,False,,,,,,,,,,,,
WQS1298,ODISHA,Ambiguous / unresolved,,,,,9,2016,not reported,1.8,183.0,29.0,False,High or Medium confidence and within 2 km of a HydroRIVERS reach,False,,,,,,,,,,,,
WQS1299,ODISHA,Ambiguous / unresolved,,,,,1,2017,not reported,1.9,788.0,33.0,False,High or Medium confidence and within 2 km of a HydroRIVERS reach,False,,,,,,,,,,,,
WQS1300,ODISHA,Ambiguous / unresolved,,,,,8,2017,not reported,18.95,591.0,32.0,False,High or Medium confidence and within 2 km of a HydroRIVERS reach,False,,,,,,,,,,,,
WQS1301,ODISHA,Ambiguous / unresolved,,,,,8,2017,not reported,17.0,560.5,32.0,False,High or Medium confidence and within 2 km of a HydroRIVERS reach,False,,,,,,,,,,,,
WQS1302,ODISHA,Ambiguous / unresolved,,,,,8,2017,not reported,10.55,521.5,32.0,False,High or Medium confidence and within 2 km of a HydroRIVERS reach,False,,,,,,,,,,,,
WQS1303,ODISHA,Ambiguous / unresolved,,,,,8,2017,not reported,14.15,435.5,31.5,False,High or Medium confidence and within 2 km of a HydroRIVERS reach,False,,,,,,,,,,,,
WQS1304,ODISHA,Ambiguous / unresolved,,,,,2,2017,not reported,10.7,550.5,35.0,False,High or Medium confidence and within 2 km of a HydroRIVERS reach,False,,,,,,,,,,,,
WQS1305,ODISHA,Ambiguous / unresolved,,,,,3,2022,not reported,1.2,,30.0,False,High or Medium confidence and within 2 km of a HydroRIVERS reach,False,,,,,,,,,,,,
WQS1306,ODISHA,Ambiguous / unresolved,,,,,9,2016,not reported,1.7,263.0,30.0,False,High or Medium confidence and within 2 km of a HydroRIVERS reach,False,,,,,,,,,,,,
WQS1307,ODISHA,Ambiguous / unresolved,,,,,9,2016,not reported,1.7,196.0,32.0,False,High or Medium confidence and within 2 km of a HydroRIVERS reach,False,,,,,,,,,,,,
WQS1308,ODISHA,Ambiguous / unresolved,,,,,8,2017,not reported,2.3,348.0,33.0,False,High or Medium confidence and within 2 km of a HydroRIVERS reach,False,,,,,,,,,,,,
WQS1309,ODISHA,Ambiguous / unresolved,,,,,1,2018,not reported,2.5,1971.0,32.0,False,High or Medium confidence and within 2 km of a HydroRIVERS reach,False,,,,,,,,,,,,
WQS1310,ODISHA,Ambiguous / unresolved,,,,,1,2018,not reported,2.2,1999.0,31.0,False,High or Medium confidence and within 2 km of a HydroRIVERS reach,False,,,,,,,,,,,,
WQS1311,ODISHA,Ambiguous / unresolved,,,,,2,2017,not reported,2.0,244.5,31.5,False,High or Medium confidence and within 2 km of a HydroRIVERS reach,False,,,,,,,,,,,,
WQS1312,ODISHA,Ambiguous / unresolved,,,,,8,2017,not reported,2.2,354.5,31.0,False,High or Medium confidence and within 2 km of a HydroRIVERS reach,False,,,,,,,,,,,,
WQS1313,ODISHA,Ambiguous / unresolved,,,,,8,2017,not reported,2.1500000000000004,315.0,32.5,False,High or Medium confidence and within 2 km of a HydroRIVERS reach,False,,,,,,,,,,,,
WQS1314,ODISHA,Ambiguous / unresolved,,,,,8,2017,not reported,2.05,286.0,32.0,False,High or Medium confidence and within 2 km of a HydroRIVERS reach,False,,,,,,,,,,,,
WQS1315,ODISHA,Ambiguous / unresolved,,,,,8,2017,not reported,2.0,310.0,32.0,False,High or Medium confidence and within 2 km of a HydroRIVERS reach,False,,,,,,,,,,,,
WQS1316,ODISHA,Ambiguous / unresolved,,,,,9,2016,not reported,1.5,240.0,31.0,False,High or Medium confidence and within 2 km of a HydroRIVERS reach,False,,,,,,,,,,,,
WQS1317,ODISHA,Ambiguous / unresolved,,,,,9,2016,not reported,1.4,247.0,34.0,False,High or Medium confidence and within 2 km of a HydroRIVERS reach,False,,,,,,,,,,,,
WQS1318,ODISHA,Ambiguous / unresolved,,,,,9,2016,not reported,1.4,252.0,29.0,False,High or Medium confidence and within 2 km of a HydroRIVERS reach,False,,,,,,,,,,,,
WQS1319,ODISHA,Ambiguous / unresolved,,,,,3,2022,not reported,1.0,,31.0,False,High or Medium confidence and within 2 km of a HydroRIVERS reach,False,,,,,,,,,,,,
WQS1320,ODISHA,Ambiguous / unresolved,,,,,3,2022,not reported,1.0,,30.0,False,High or Medium confidence and within 2 km of a HydroRIVERS reach,False,,,,,,,,,,,,
WQS1321,ODISHA,Ambiguous / unresolved,,,,,3,2022,not reported,1.6,,31.0,False,High or Medium confidence and within 2 km of a HydroRIVERS reach,False,,,,,,,,,,,,
WQS1322,ODISHA,Ambiguous / unresolved,,,,,3,2022,not reported,1.0,,30.8,False,High or Medium confidence and within 2 km of a HydroRIVERS reach,False,,,,,,,,,,,,
WQS1323,ODISHA,Ambiguous / unresolved,,,,,9,2016,not reported,1.9,231.1,30.0,False,High or Medium confidence and within 2 km of a HydroRIVERS reach,False,,,,,,,,,,,,
WQS1324,ODISHA,Ambiguous / unresolved,,,,,8,2017,not reported,1.35,227.5,30.5,False,High or Medium confidence and within 2 km of a HydroRIVERS reach,False,,,,,,,,,,,,
WQS1325,ODISHA,Ambiguous / unresolved,,,,,1,2017,not reported,2.9,,33.0,False,High or Medium confidence and within 2 km of a HydroRIVERS reach,False,,,,,,,,,,,,
WQS1326,ODISHA,Ambiguous / unresolved,,,,,8,2017,not reported,2.0999999999999996,409.5,31.5,False,High or Medium confidence and within 2 km of a HydroRIVERS reach,False,,,,,,,,,,,,
WQS1327,ODISHA,Ambiguous / unresolved,,,,,6,2017,not reported,1.75,396.5,27.5,False,High or Medium confidence and within 2 km of a HydroRIVERS reach,False,,,,,,,,,,,,
WQS1328,ODISHA,Ambiguous / unresolved,,,,,1,2021,not reported,1.8,623.0,31.0,False,High or Medium confidence and within 2 km of a HydroRIVERS reach,False,,,,,,,,,,,,
WQS1329,ODISHA,Ambiguous / unresolved,,,,,6,2019,not reported,2.3,20575.0,31.5,False,High or Medium confidence and within 2 km of a HydroRIVERS reach,False,,,,,,,,,,,,
WQS1330,ODISHA,Ambiguous / unresolved,,,,,9,2016,not reported,1.9,19200.0,32.0,False,High or Medium confidence and within 2 km of a HydroRIVERS reach,False,,,,,,,,,,,,
WQS1331,ODISHA,Ambiguous / unresolved,,,,,8,2017,not reported,1.85,190.5,28.5,False,High or Medium confidence and within 2 km of a HydroRIVERS reach,False,,,,,,,,,,,,
WQS1332,ODISHA,Ambiguous / unresolved,,,,,7,2017,not reported,1.8,483.0,28.0,False,High or Medium confidence and within 2 km of a HydroRIVERS reach,False,,,,,,,,,,,,
WQS1333,ODISHA,Ambiguous / unresolved,,,,,7,2016,not reported,2.0,525.0,32.0,False,High or Medium confidence and within 2 km of a HydroRIVERS reach,False,,,,,,,,,,,,
WQS1334,ODISHA,Ambiguous / unresolved,,,,,2,2023,not reported,2.5,38430.0,32.05,False,High or Medium confidence and within 2 km of a HydroRIVERS reach,False,,,,,,,,,,,,
WQS1335,ODISHA,Ambiguous / unresolved,,,,,9,2016,not reported,1.8,255.0,32.0,False,High or Medium confidence and within 2 km of a HydroRIVERS reach,False,,,,,,,,,,,,
WQS1336,ODISHA,Ambiguous / unresolved,,,,,2,2017,not reported,1.75,24445.0,30.0,False,High or Medium confidence and within 2 km of a HydroRIVERS reach,False,,,,,,,,,,,,
WQS1337,ODISHA,Ambiguous / unresolved,,,,,9,2016,not reported,5.7,469.0,33.0,False,High or Medium confidence and within 2 km of a HydroRIVERS reach,False,,,,,,,,,,,,
WQS1338,ODISHA,Ambiguous / unresolved,,,,,1,2018,not reported,1.6,230.0,30.0,False,High or Medium confidence and within 2 km of a HydroRIVERS reach,False,,,,,,,,,,,,
WQS1339,ODISHA,Ambiguous / unresolved,,,,,5,2017,not reported,1.8,242.0,25.0,False,High or Medium confidence and within 2 km of a HydroRIVERS reach,False,,,,,,,,,,,,
WQS1340,ODISHA,Ambiguous / unresolved,,,,,9,2016,not reported,1.7,225.0,26.0,False,High or Medium confidence and within 2 km of a HydroRIVERS reach,False,,,,,,,,,,,,
WQS1341,ODISHA,Ambiguous / unresolved,,,,,8,2017,not reported,1.45,212.5,28.5,False,High or Medium confidence and within 2 km of a HydroRIVERS reach,False,,,,,,,,,,,,
WQS1342,ODISHA,Ambiguous / unresolved,,,,,9,2016,not reported,2.4,249.0,28.0,False,High or Medium confidence and within 2 km of a HydroRIVERS reach,False,,,,,,,,,,,,
WQS1343,ODISHA,Ambiguous / unresolved,,,,,8,2017,not reported,1.95,197.5,28.5,False,High or Medium confidence and within 2 km of a HydroRIVERS reach,False,,,,,,,,,,,,
WQS1344,ODISHA,Ambiguous / unresolved,,,,,9,2016,not reported,5.3,337.0,33.0,False,High or Medium confidence and within 2 km of a HydroRIVERS reach,False,,,,,,,,,,,,
WQS1345,ODISHA,Ambiguous / unresolved,,,,,8,2017,not reported,4.1,345.0,32.0,False,High or Medium confidence and within 2 km of a HydroRIVERS reach,False,,,,,,,,,,,,
WQS1346,ODISHA,Ambiguous / unresolved,,,,,9,2016,not reported,2.8,273.0,33.0,False,High or Medium confidence and within 2 km of a HydroRIVERS reach,False,,,,,,,,,,,,
WQS1347,ODISHA,Ambiguous / unresolved,,,,,9,2016,not reported,1.8,240.0,28.0,False,High or Medium confidence and within 2 km of a HydroRIVERS reach,False,,,,,,,,,,,,
WQS1348,ODISHA,Ambiguous / unresolved,,,,,9,2016,not reported,1.4,180.0,30.0,False,High or Medium confidence and within 2 km of a HydroRIVERS reach,False,,,,,,,,,,,,
WQS1349,ODISHA,Ambiguous / unresolved,,,,,9,2016,not reported,1.7,210.0,29.0,False,High or Medium confidence and within 2 km of a HydroRIVERS reach,False,,,,,,,,,,,,
WQS1350,ODISHA,Ambiguous / unresolved,,,,,8,2016,not reported,1.7999999999999998,241.5,31.5,False,High or Medium confidence and within 2 km of a HydroRIVERS reach,False,,,,,,,,,,,,
WQS1351,ODISHA,Medium,21.486397,86.993447,4060026830.0,4040025460.0,1,2021,not reported,2.5,5957.0,30.0,True,High or Medium confidence and within 2 km of a HydroRIVERS reach,True,942.4333333333333,310.14444444444445,2.9742506384645826,2.491564006140253,41148158.0,348.0,4625.0,125.168,1775681.0,792203.0,14186.4,0.028
WQS1352,ODISHA,Ambiguous / unresolved,,,,,4,2017,not reported,2.25,322.0,29.5,False,High or Medium confidence and within 2 km of a HydroRIVERS reach,False,,,,,,,,,,,,
WQS1353,ODISHA,Ambiguous / unresolved,,,,,3,2021,not reported,2.1,340.0,31.0,False,High or Medium confidence and within 2 km of a HydroRIVERS reach,False,,,,,,,,,,,,
WQS1354,ODISHA,Ambiguous / unresolved,,,,,5,2017,not reported,1.6,205.0,25.0,False,High or Medium confidence and within 2 km of a HydroRIVERS reach,False,,,,,,,,,,,,
WQS1355,ODISHA,Ambiguous / unresolved,,,,,9,2016,not reported,5.7,430.0,32.0,False,High or Medium confidence and within 2 km of a HydroRIVERS reach,False,,,,,,,,,,,,
WQS1356,ODISHA,Ambiguous / unresolved,,,,,9,2016,not reported,4.8,390.0,32.0,False,High or Medium confidence and within 2 km of a HydroRIVERS reach,False,,,,,,,,,,,,
WQS1357,ODISHA,Ambiguous / unresolved,,,,,8,2017,not reported,1.85,267.0,32.0,False,High or Medium confidence and within 2 km of a HydroRIVERS reach,False,,,,,,,,,,,,
WQS1358,ODISHA,Ambiguous / unresolved,,,,,8,2017,not reported,2.8499999999999996,477.0,32.0,False,High or Medium confidence and within 2 km of a HydroRIVERS reach,False,,,,,,,,,,,,
WQS1359,ODISHA,Ambiguous / unresolved,,,,,8,2017,not reported,1.9,34945.0,32.75,False,High or Medium confidence and within 2 km of a HydroRIVERS reach,False,,,,,,,,,,,,
WQS1360,ODISHA,Ambiguous / unresolved,,,,,2,2023,not reported,1.7999999999999998,41700.0,31.5,False,High or Medium confidence and within 2 km of a HydroRIVERS reach,False,,,,,,,,,,,,
WQS1361,ODISHA,Ambiguous / unresolved,,,,,2,2023,not reported,1.65,42500.0,31.25,False,High or Medium confidence and within 2 km of a HydroRIVERS reach,False,,,,,,,,,,,,
WQS1362,ODISHA,Ambiguous / unresolved,,,,,7,2017,not reported,2.4,1645.0,33.0,False,High or Medium confidence and within 2 km of a HydroRIVERS reach,False,,,,,,,,,,,,
WQS1363,ODISHA,Ambiguous / unresolved,,,,,7,2017,not reported,1.6,1435.0,33.0,False,High or Medium confidence and within 2 km of a HydroRIVERS reach,False,,,,,,,,,,,,
WQS1364,ODISHA,Ambiguous / unresolved,,,,,2,2023,not reported,1.45,78175.0,31.6,False,High or Medium confidence and within 2 km of a HydroRIVERS reach,False,,,,,,,,,,,,
WQS1365,ODISHA,Ambiguous / unresolved,,,,,9,2016,not reported,2.0,338.0,31.0,False,High or Medium confidence and within 2 km of a HydroRIVERS reach,False,,,,,,,,,,,,
WQS1366,ODISHA,Ambiguous / unresolved,,,,,9,2016,not reported,1.8,242.0,31.0,False,High or Medium confidence and within 2 km of a HydroRIVERS reach,False,,,,,,,,,,,,
WQS1367,ODISHA,Ambiguous / unresolved,,,,,4,2021,not reported,1.75,189.5,29.5,False,High or Medium confidence and within 2 km of a HydroRIVERS reach,False,,,,,,,,,,,,
WQS1368,ODISHA,Ambiguous / unresolved,,,,,4,2021,not reported,1.0,106.5,29.0,False,High or Medium confidence and within 2 km of a HydroRIVERS reach,False,,,,,,,,,,,,
WQS1369,ODISHA,Ambiguous / unresolved,,,,,7,2018,not reported,1.6,266.0,29.0,False,High or Medium confidence and within 2 km of a HydroRIVERS reach,False,,,,,,,,,,,,
WQS1370,ODISHA,Ambiguous / unresolved,,,,,9,2016,not reported,4.2,361.0,34.0,False,High or Medium confidence and within 2 km of a HydroRIVERS reach,False,,,,,,,,,,,,
WQS1371,ODISHA,Ambiguous / unresolved,,,,,8,2017,not reported,2.15,304.5,33.0,False,High or Medium confidence and within 2 km of a HydroRIVERS reach,False,,,,,,,,,,,,
WQS1372,ODISHA,Ambiguous / unresolved,,,,,8,2017,not reported,3.7,368.5,32.5,False,High or Medium confidence and within 2 km of a HydroRIVERS reach,False,,,,,,,,,,,,
WQS1373,ODISHA,Ambiguous / unresolved,,,,,8,2017,not reported,1.4,231.5,31.5,False,High or Medium confidence and within 2 km of a HydroRIVERS reach,False,,,,,,,,,,,,
WQS1374,ODISHA,Ambiguous / unresolved,,,,,9,2016,not reported,1.7,371.0,33.0,False,High or Medium confidence and within 2 km of a HydroRIVERS reach,False,,,,,,,,,,,,
WQS1375,ODISHA,Ambiguous / unresolved,,,,,8,2017,not reported,1.6,220.0,25.5,False,High or Medium confidence and within 2 km of a HydroRIVERS reach,False,,,,,,,,,,,,
WQS1376,ODISHA,Ambiguous / unresolved,,,,,9,2016,not reported,1.6,193.0,28.0,False,High or Medium confidence and within 2 km of a HydroRIVERS reach,False,,,,,,,,,,,,
WQS1377,ODISHA,Ambiguous / unresolved,,,,,6,2017,not reported,1.9,771.5,27.5,False,High or Medium confidence and within 2 km of a HydroRIVERS reach,False,,,,,,,,,,,,
WQS1378,ODISHA,Ambiguous / unresolved,,,,,7,2016,not reported,1.8,251.0,32.0,False,High or Medium confidence and within 2 km of a HydroRIVERS reach,False,,,,,,,,,,,,
WQS1379,ODISHA,Ambiguous / unresolved,,,,,9,2016,not reported,1.7,251.0,31.0,False,High or Medium confidence and within 2 km of a HydroRIVERS reach,False,,,,,,,,,,,,
WQS1380,ODISHA,Ambiguous / unresolved,,,,,9,2016,not reported,1.9,253.0,31.0,False,High or Medium confidence and within 2 km of a HydroRIVERS reach,False,,,,,,,,,,,,
WQS1381,ODISHA,Ambiguous / unresolved,,,,,9,2016,not reported,1.9,326.0,29.0,False,High or Medium confidence and within 2 km of a HydroRIVERS reach,False,,,,,,,,,,,,
WQS1382,ODISHA,Ambiguous / unresolved,,,,,6,2017,not reported,2.25,523.0,28.0,False,High or Medium confidence and within 2 km of a HydroRIVERS reach,False,,,,,,,,,,,,
WQS1383,ODISHA,Ambiguous / unresolved,,,,,6,2017,not reported,1.55,540.5,27.5,False,High or Medium confidence and within 2 km of a HydroRIVERS reach,False,,,,,,,,,,,,
WQS1384,ODISHA,Ambiguous / unresolved,,,,,9,2016,not reported,1.5,275.0,32.0,False,High or Medium confidence and within 2 km of a HydroRIVERS reach,False,,,,,,,,,,,,
WQS1385,ODISHA,Ambiguous / unresolved,,,,,9,2016,not reported,2.0,280.0,31.0,False,High or Medium confidence and within 2 km of a HydroRIVERS reach,False,,,,,,,,,,,,
WQS1386,ODISHA,Ambiguous / unresolved,,,,,9,2016,not reported,2.5,254.5,32.0,False,High or Medium confidence and within 2 km of a HydroRIVERS reach,False,,,,,,,,,,,,
WQS1387,ODISHA,Ambiguous / unresolved,,,,,8,2017,not reported,1.85,241.0,32.0,False,High or Medium confidence and within 2 km of a HydroRIVERS reach,False,,,,,,,,,,,,
WQS1388,ODISHA,Ambiguous / unresolved,,,,,9,2016,not reported,1.5,221.0,33.0,False,High or Medium confidence and within 2 km of a HydroRIVERS reach,False,,,,,,,,,,,,
WQS1389,ODISHA,Ambiguous / unresolved,,,,,4,2021,not reported,1.0,226.5,28.5,False,High or Medium confidence and within 2 km of a HydroRIVERS reach,False,,,,,,,,,,,,
WQS1390,ODISHA,Ambiguous / unresolved,,,,,9,2016,not reported,1.4,245.0,32.5,False,High or Medium confidence and within 2 km of a HydroRIVERS reach,False,,,,,,,,,,,,
WQS1391,ODISHA,Ambiguous / unresolved,,,,,9,2016,not reported,2.1,42560.0,33.0,False,High or Medium confidence and within 2 km of a HydroRIVERS reach,False,,,,,,,,,,,,
WQS1392,ODISHA,Ambiguous / unresolved,,,,,9,2016,not reported,1.5,21140.0,33.0,False,High or Medium confidence and within 2 km of a HydroRIVERS reach,False,,,,,,,,,,,,
WQS1393,ODISHA,Ambiguous / unresolved,,,,,9,2016,not reported,2.4,290.0,31.0,False,High or Medium confidence and within 2 km of a HydroRIVERS reach,False,,,,,,,,,,,,
WQS1394,ODISHA,Ambiguous / unresolved,,,,,9,2016,not reported,1.6,247.0,31.0,False,High or Medium confidence and within 2 km of a HydroRIVERS reach,False,,,,,,,,,,,,
WQS1395,ODISHA,Ambiguous / unresolved,,,,,9,2016,not reported,1.6,250.0,31.0,False,High or Medium confidence and within 2 km of a HydroRIVERS reach,False,,,,,,,,,,,,
WQS1396,ODISHA,Ambiguous / unresolved,,,,,8,2017,not reported,4.75,25750.0,33.85,False,High or Medium confidence and within 2 km of a HydroRIVERS reach,False,,,,,,,,,,,,
WQS1397,ODISHA,Ambiguous / unresolved,,,,,8,2017,not reported,1.7,537.5,32.0,False,High or Medium confidence and within 2 km of a HydroRIVERS reach,False,,,,,,,,,,,,
WQS1398,ODISHA,Ambiguous / unresolved,,,,,6,2017,not reported,2.35,692.5,28.0,False,High or Medium confidence and within 2 km of a HydroRIVERS reach,False,,,,,,,,,,,,
WQS1399,ODISHA,Ambiguous / unresolved,,,,,6,2017,not reported,1.55,587.5,27.5,False,High or Medium confidence and within 2 km of a HydroRIVERS reach,False,,,,,,,,,,,,
WQS1400,ODISHA,Ambiguous / unresolved,,,,,5,2017,not reported,2.1,361.0,32.0,False,High or Medium confidence and within 2 km of a HydroRIVERS reach,False,,,,,,,,,,,,
WQS1401,ODISHA,Ambiguous / unresolved,,,,,2,2023,not reported,2.25,46255.0,32.7,False,High or Medium confidence and within 2 km of a HydroRIVERS reach,False,,,,,,,,,,,,
WQS1402,ODISHA,Ambiguous / unresolved,,,,,5,2017,not reported,1.4,245.0,28.0,False,High or Medium confidence and within 2 km of a HydroRIVERS reach,False,,,,,,,,,,,,
WQS1403,ODISHA,Ambiguous / unresolved,,,,,8,2017,not reported,2.4,574.5,31.5,False,High or Medium confidence and within 2 km of a HydroRIVERS reach,False,,,,,,,,,,,,
WQS1404,ODISHA,Ambiguous / unresolved,,,,,3,2017,not reported,2.1,35760.0,32.0,False,High or Medium confidence and within 2 km of a HydroRIVERS reach,False,,,,,,,,,,,,
WQS1405,ODISHA,Ambiguous / unresolved,,,,,3,2017,not reported,2.0,7422.0,32.0,False,High or Medium confidence and within 2 km of a HydroRIVERS reach,False,,,,,,,,,,,,
WQS1406,ODISHA,Ambiguous / unresolved,,,,,4,2017,not reported,1.8,373.5,32.0,False,High or Medium confidence and within 2 km of a HydroRIVERS reach,False,,,,,,,,,,,,
WQS1407,ODISHA,Ambiguous / unresolved,,,,,8,2017,not reported,1.95,278.5,30.0,False,High or Medium confidence and within 2 km of a HydroRIVERS reach,False,,,,,,,,,,,,
WQS1408,ODISHA,Ambiguous / unresolved,,,,,8,2017,not reported,1.3,272.5,30.0,False,High or Medium confidence and within 2 km of a HydroRIVERS reach,False,,,,,,,,,,,,
WQS1409,ODISHA,Ambiguous / unresolved,,,,,8,2017,not reported,1.5,213.0,31.5,False,High or Medium confidence and within 2 km of a HydroRIVERS reach,False,,,,,,,,,,,,
WQS1410,ODISHA,Ambiguous / unresolved,,,,,9,2016,not reported,3.9,320.0,33.0,False,High or Medium confidence and within 2 km of a HydroRIVERS reach,False,,,,,,,,,,,,
WQS1411,ODISHA,Ambiguous / unresolved,,,,,6,2017,not reported,1.7000000000000002,500.0,28.5,False,High or Medium confidence and within 2 km of a HydroRIVERS reach,False,,,,,,,,,,,,
WQS1412,ODISHA,Medium,21.855659,87.247746,4060026820.0,4040025460.0,5,2020,not reported,1.5,334.0,31.0,True,High or Medium confidence and within 2 km of a HydroRIVERS reach,True,701.2111111111112,1570.7555555555555,2.845848789133126,3.196108604433086,41134158.0,410.0,18384.0,457.284,10441054.0,435022.0,22832.8,0.0
WQS1413,ODISHA,Ambiguous / unresolved,,,,,8,2016,not reported,1.85,431.0,30.5,False,High or Medium confidence and within 2 km of a HydroRIVERS reach,False,,,,,,,,,,,,
WQS1414,ODISHA,Ambiguous / unresolved,,,,,7,2016,not reported,1.7,246.0,32.0,False,High or Medium confidence and within 2 km of a HydroRIVERS reach,False,,,,,,,,,,,,
WQS1415,ODISHA,Ambiguous / unresolved,,,,,6,2017,not reported,2.15,416.5,29.0,False,High or Medium confidence and within 2 km of a HydroRIVERS reach,False,,,,,,,,,,,,
WQS1416,ODISHA,Ambiguous / unresolved,,,,,6,2017,not reported,1.45,330.5,28.0,False,High or Medium confidence and within 2 km of a HydroRIVERS reach,False,,,,,,,,,,,,
WQS1417,ODISHA,Ambiguous / unresolved,,,,,4,2017,not reported,1.95,358.5,31.5,False,High or Medium confidence and within 2 km of a HydroRIVERS reach,False,,,,,,,,,,,,
WQS1418,ODISHA,Ambiguous / unresolved,,,,,4,2017,not reported,1.9,658.0,32.5,False,High or Medium confidence and within 2 km of a HydroRIVERS reach,False,,,,,,,,,,,,
WQS1419,ODISHA,Ambiguous / unresolved,,,,,8,2017,not reported,2.2,845.5,32.5,False,High or Medium confidence and within 2 km of a HydroRIVERS reach,False,,,,,,,,,,,,
WQS1420,ODISHA,Ambiguous / unresolved,,,,,8,2017,not reported,1.8,286.5,31.0,False,High or Medium confidence and within 2 km of a HydroRIVERS reach,False,,,,,,,,,,,,
WQS1421,ODISHA,Medium,21.550686,86.858922,4060026830.0,4040025460.0,3,2018,not reported,1.8,349.0,30.0,True,High or Medium confidence and within 2 km of a HydroRIVERS reach,True,1143.6444444444444,835.8777777777777,3.058291024616968,2.92214277945193,41145281.0,152.0,1667.3,43.644,468074.0,419094.0,10724.8,0.0
WQS1422,ODISHA,Ambiguous / unresolved,,,,,1,2017,not reported,1.7,353.0,30.0,False,High or Medium confidence and within 2 km of a HydroRIVERS reach,False,,,,,,,,,,,,
WQS1423,ODISHA,Ambiguous / unresolved,,,,,1,2017,not reported,1.4,269.0,34.0,False,High or Medium confidence and within 2 km of a HydroRIVERS reach,False,,,,,,,,,,,,
WQS1424,PUDUCHERRY,High,10.9095,79.817833,4060028770.0,4040028770.0,1,2022,not reported,2.3,1216.0,32.0,True,High or Medium confidence and within 2 km of a HydroRIVERS reach,True,2493.066666666667,1967.1444444444444,3.396733892053049,3.2938362506778374,41381644.0,362.0,8.4,0.133,859961.0,209566.0,6465872.2,0.0
WQS1425,PUDUCHERRY,High,11.883585,79.787326,4060028560.0,4040027950.0,4,2021,not reported,8.25,1611.5,32.5,True,High or Medium confidence and within 2 km of a HydroRIVERS reach,True,3652.3333333333335,900.9888888888888,3.5625704069293636,2.9547194352365573,41368558.0,6.0,2649.0,26.087,1624782.0,886952.0,62283.2,0.0
WQS1426,PUDUCHERRY,High,16.730167,82.217389,4060027780.0,4040027780.0,1,2022,not reported,,10460.0,29.0,True,High or Medium confidence and within 2 km of a HydroRIVERS reach,True,1003.7888888888889,7096.2555555555555,3.0016423840926505,3.8510292472364536,41275841.0,1704.0,310379.7,3372.786,86513973.0,555133.0,25650.6,0.003
WQS1427,PUDUCHERRY,Ambiguous / unresolved,,,,,1,2022,not reported,,16600.0,29.0,False,High or Medium confidence and within 2 km of a HydroRIVERS reach,False,,,,,,,,,,,,
WQS1428,PUDUCHERRY,Ambiguous / unresolved,,,,,1,2022,not reported,,9800.0,30.0,False,High or Medium confidence and within 2 km of a HydroRIVERS reach,False,,,,,,,,,,,,
WQS1429,PUNJAB,Medium,31.508844,75.307539,4060729700.0,4040033640.0,9,2016,monthly,1.4,280.0,30.0,True,High or Medium confidence and within 2 km of a HydroRIVERS reach,True,698.6222222222223,229.05555555555554,2.8442423958378327,2.3599408296980524,40628425.0,502.0,16041.8,497.569,4570835.0,506283.0,9186.3,0.008
WQS1430,PUNJAB,Medium,31.989016,75.832499,4060729700.0,4040033640.0,9,2016,monthly,1.2,260.0,33.0,True,High or Medium confidence and within 2 km of a HydroRIVERS reach,True,513.8777777777777,126.44444444444444,2.71085983738325,2.1018997526197274,40612666.0,62.0,12937.5,430.182,3274478.0,810784.0,7611.8,0.01
WQS1431,PUNJAB,Ambiguous / unresolved,,,,,1,2018,not reported,2.4,2300.0,27.0,False,High or Medium confidence and within 2 km of a HydroRIVERS reach,False,,,,,,,,,,,,
WQS1432,PUNJAB,Medium,31.374996,75.162691,4060729700.0,4040033640.0,9,2016,monthly,1.4,274.0,28.0,True,High or Medium confidence and within 2 km of a HydroRIVERS reach,True,520.5444444444444,161.96666666666667,2.716457815792649,2.209425644343344,40633221.0,178.0,16252.5,505.794,4637147.0,350365.0,9168.1,0.008
WQS1433,PUNJAB,Medium,31.923867,75.541467,4060729700.0,4040033640.0,9,2016,monthly,1.8,328.0,28.0,True,High or Medium confidence and within 2 km of a HydroRIVERS reach,True,358.1,51.56666666666667,2.554004321011903,1.7123690589797051,40615003.0,202.0,14855.0,473.593,4023570.0,718972.0,8495.8,0.009
WQS1434,PUNJAB,Medium,31.198828,75.006411,4060729700.0,4040033640.0,2,2023,not reported,1.2000000000000002,245.5,22.5,True,High or Medium confidence and within 2 km of a HydroRIVERS reach,True,243.81111111111113,418.17777777777775,2.387053493670741,2.6213609504211273,40640084.0,100.0,17156.5,518.611,5097706.0,431193.0,9829.5,0.008
WQS1435,PUNJAB,Medium,31.958888,75.873028,4060729700.0,4040033640.0,5,2019,quarterly,1.55,244.0,28.0,True,High or Medium confidence and within 2 km of a HydroRIVERS reach,True,694.1444444444445,564.0555555555555,2.8414498521520066,2.751321881080831,40612666.0,625.0,12937.5,430.182,3274478.0,810784.0,7611.8,0.01
WQS1436,PUNJAB,Medium,31.51012,75.304936,4060729700.0,4040033640.0,9,2016,monthly,1.6,276.0,28.0,True,High or Medium confidence and within 2 km of a HydroRIVERS reach,True,715.7666666666667,397.46666666666664,2.854771469382554,2.5993007126409307,40628425.0,225.0,16041.8,497.569,4570835.0,506283.0,9186.3,0.008
WQS1437,PUNJAB,Ambiguous / unresolved,,,,,2,2023,not reported,1.25,246.5,22.5,False,High or Medium confidence and within 2 km of a HydroRIVERS reach,False,,,,,,,,,,,,
WQS1438,PUNJAB,Medium,31.228401,75.055481,4060729700.0,4040033640.0,2,2023,not reported,1.2999999999999998,253.0,22.5,True,High or Medium confidence and within 2 km of a HydroRIVERS reach,True,267.9777777777778,367.8777777777778,2.428098781384637,2.5657035543982043,40638668.0,447.0,16518.8,516.02,4714407.0,232743.0,9136.1,0.008
WQS1439,PUNJAB,Medium,32.097933,75.611474,4060729700.0,4040033640.0,8,2017,monthly,1.4,342.0,36.0,True,High or Medium confidence and within 2 km of a HydroRIVERS reach,True,487.7555555555556,301.9555555555555,2.688202224726486,2.4799430244226466,40608407.0,470.0,13647.4,443.689,3453057.0,413318.0,7782.6,0.01
WQS1440,PUNJAB,Ambiguous / unresolved,,,,,9,2016,monthly,1.4,306.0,34.0,False,High or Medium confidence and within 2 km of a HydroRIVERS reach,False,,,,,,,,,,,,
WQS1441,PUNJAB,Medium,32.093633,75.609725,4060729700.0,4040033640.0,9,2016,monthly,1.4,298.0,35.0,True,High or Medium confidence and within 2 km of a HydroRIVERS reach,True,472.3333333333333,308.9777777777778,2.674248595527798,2.489927245329248,40608407.0,41.0,13647.4,443.689,3453057.0,413318.0,7782.6,0.01
WQS1442,PUNJAB,Medium,31.910587,75.54461,4060729700.0,4040033640.0,7,2018,monthly,1.4,321.0,31.0,True,High or Medium confidence and within 2 km of a HydroRIVERS reach,True,399.2555555555556,116.80000000000001,2.6012509679672773,2.067442842776381,40615003.0,223.0,14855.0,473.593,4023570.0,718972.0,8495.8,0.009
WQS1443,PUNJAB,Medium,31.385361,75.176625,4060729700.0,4040033640.0,9,2016,monthly,1.3,268.0,29.0,True,High or Medium confidence and within 2 km of a HydroRIVERS reach,True,473.4555555555556,154.36666666666667,2.6752792169551163,2.188553526274231,40633221.0,566.0,16252.5,505.794,4637147.0,350365.0,9168.1,0.008
WQS1444,PUNJAB,Medium,31.057309,76.540857,4060729890.0,4040033640.0,6,2019,monthly,1.2,490.0,26.5,True,High or Medium confidence and within 2 km of a HydroRIVERS reach,True,422.3888888888889,209.43333333333334,2.6257124853834473,2.321045804996277,40644034.0,167.0,55532.3,757.228,3342058.0,1164474.0,4413.5,0.661
WQS1445,PUNJAB,Medium,31.160771,74.984326,4060729890.0,4040033640.0,8,2016,monthly,4.2,417.5,32.5,True,High or Medium confidence and within 2 km of a HydroRIVERS reach,True,205.24444444444444,0.0,2.312271410469795,-0.3010299956639812,40640360.0,995.0,64077.5,829.41,10389151.0,421568.0,12526.0,0.572
WQS1446,PUNJAB,Medium,32.373092,75.604553,4060746720.0,4040033640.0,5,2019,quarterly,1.25,201.0,25.3,True,High or Medium confidence and within 2 km of a HydroRIVERS reach,True,847.9666666666667,1132.8777777777777,2.9283787805972095,3.0541830578776024,40599161.0,439.0,6325.0,172.908,632951.0,331807.0,3660.6,0.059
WQS1447,PUNJAB,Medium,32.372983,75.61039,4060746720.0,4040033640.0,9,2016,monthly,1.2,224.0,34.0,True,High or Medium confidence and within 2 km of a HydroRIVERS reach,True,795.1111111111111,891.9555555555556,2.9004278224560105,2.950343214849379,40599161.0,594.0,6325.0,172.908,632951.0,331807.0,3660.6,0.059
WQS1448,PUNJAB,Medium,31.050097,76.599923,4060729890.0,4040033640.0,4,2021,quarterly,23.5,1423.0,30.5,True,High or Medium confidence and within 2 km of a HydroRIVERS reach,True,686.7333333333333,569.2666666666667,2.8367881281156087,2.7553157545008924,40643594.0,218.0,716.9,5.969,466617.0,466617.0,78173.4,0.0
WQS1449,PUNJAB,Medium,31.370617,76.359056,4060729890.0,4040033640.0,9,2016,monthly,1.0,375.0,24.0,True,High or Medium confidence and within 2 km of a HydroRIVERS reach,True,1814.7444444444445,1477.0555555555557,3.2588154755529137,3.1693968304625693,40636285.0,856.0,52761.5,733.479,1695990.0,266829.0,2312.3,0.696
WQS1450,PUNJAB,Medium,31.375996,76.364695,4060729890.0,4040033640.0,8,2016,monthly,1.0,304.5,23.5,True,High or Medium confidence and within 2 km of a HydroRIVERS reach,True,1774.0555555555557,2633.3222222222225,3.2489672158865925,3.420504004100745,40636285.0,70.0,52761.5,733.479,1695990.0,266829.0,2312.3,0.696
WQS1451,PUNJAB,Medium,31.380831,76.367228,4060729890.0,4040033640.0,9,2016,monthly,1.0,281.0,23.0,True,High or Medium confidence and within 2 km of a HydroRIVERS reach,True,1727.4666666666667,3691.266666666667,3.2374096759464392,3.567175420887466,40636285.0,79.0,52761.5,733.479,1695990.0,266829.0,2312.3,0.696
WQS1452,PUNJAB,Medium,31.213915,76.501458,4060729890.0,4040033640.0,6,2017,monthly,1.0,357.0,25.5,True,High or Medium confidence and within 2 km of a HydroRIVERS reach,True,928.1222222222223,435.8888888888889,2.967605171198932,2.639375798690211,40638410.0,457.0,64.4,0.621,2680204.0,107674.0,4315948.5,0.675
WQS1453,PUNJAB,Medium,30.99775,75.371988,4060729890.0,4040033640.0,8,2016,monthly,38.5,955.5,29.5,True,High or Medium confidence and within 2 km of a HydroRIVERS reach,True,286.1222222222222,88.45555555555556,2.4565515894155245,1.9467251144797995,40646038.0,18.0,59605.3,769.527,7094575.0,1402096.0,9219.4,0.616
WQS1454,PUNJAB,Medium,31.139816,74.936455,4060784370.0,4040033640.0,8,2016,monthly,4.15,440.0,29.5,True,High or Medium confidence and within 2 km of a HydroRIVERS reach,True,354.3888888888889,283.9,2.5494800970471543,2.453165392525857,40640636.0,653.0,84010.4,1369.421,17112900.0,939058.0,12496.4,0.44
WQS1455,PUNJAB,Medium,31.003962,76.151872,4060729890.0,4040033640.0,6,2017,monthly,1.2,289.5,24.0,True,High or Medium confidence and within 2 km of a HydroRIVERS reach,True,310.20000000000005,438.67777777777775,2.4916417934775863,2.642145634785777,40645469.0,179.0,56144.2,752.418,3642509.0,457170.0,4841.1,0.653
WQS1456,PUNJAB,Medium,31.01532,75.715315,4060729890.0,4040033640.0,8,2016,monthly,23.0,975.5,30.0,True,High or Medium confidence and within 2 km of a HydroRIVERS reach,True,384.3888888888889,122.5111111111111,2.584770825500188,2.0881754787039255,40645622.0,298.0,56653.8,758.096,3847795.0,267593.0,5075.6,0.649
WQS1457,PUNJAB,Medium,30.99008,74.54847,4060784370.0,4040033640.0,8,2016,monthly,1.9,370.0,30.0,True,High or Medium confidence and within 2 km of a HydroRIVERS reach,True,237.44444444444446,238.5222222222222,2.3755620127247448,2.3775288468516025,40646186.0,402.0,85500.7,1371.594,17855012.0,408566.0,13017.7,0.433
WQS1458,PUNJAB,Medium,31.182044,76.563547,4060729890.0,4040033640.0,8,2016,monthly,1.0,316.5,25.0,True,High or Medium confidence and within 2 km of a HydroRIVERS reach,True,527.4000000000001,2326.311111111111,2.7221401254574156,3.3666677950027615,40639524.0,1024.0,58.4,0.527,2736616.0,56412.0,5192819.7,0.674
WQS1459,PUNJAB,Medium,31.356053,76.372837,4060729890.0,4040033640.0,9,2016,monthly,1.0,312.0,24.0,True,High or Medium confidence and within 2 km of a HydroRIVERS reach,True,1509.5222222222224,2164.6222222222223,3.1788395108122125,3.3353821126430976,40636285.0,7.0,52761.5,733.479,1695990.0,266829.0,2312.3,0.696
WQS1460,PUNJAB,Low,31.34787,75.337827,4060729890.0,4040033640.0,6,2017,monthly,83.0,1299.5,32.0,False,High or Medium confidence and within 2 km of a HydroRIVERS reach,True,1137.7555555555555,214.34444444444443,3.0560489648035514,2.331112231591045,40633758.0,770.0,1848.2,18.682,1005307.0,866034.0,53811.5,0.0
WQS1461,PUNJAB,Low,31.216777,75.597842,4060729890.0,4040033640.0,6,2017,monthly,84.5,1227.0,34.0,False,High or Medium confidence and within 2 km of a HydroRIVERS reach,True,607.7555555555556,250.85555555555553,2.7837289374636978,2.3994237235435776,40638670.0,151.0,3102.0,22.028,2369638.0,1732876.0,107573.9,0.0
WQS1462,PUNJAB,Medium,30.996657,75.788897,4060729890.0,4040033640.0,6,2017,monthly,57.0,1232.0,29.5,True,High or Medium confidence and within 2 km of a HydroRIVERS reach,True,944.2333333333333,1126.9111111111113,2.9750793278334298,3.051889660964993,40645771.0,318.0,56603.6,757.116,3847795.0,267593.0,5082.2,0.649
WQS1463,PUNJAB,Medium,30.993962,75.795903,4060729890.0,4040033640.0,6,2017,monthly,1.6,363.5,29.0,True,High or Medium confidence and within 2 km of a HydroRIVERS reach,True,1000.3888888888889,936.1222222222223,3.0001688594668603,2.9713325549041048,40645771.0,23.0,56603.6,757.116,3847795.0,267593.0,5082.2,0.649
WQS1464,PUNJAB,Medium,31.035309,76.52233,4060729890.0,4040033640.0,4,2020,quarterly,2.0,316.0,26.0,True,High or Medium confidence and within 2 km of a HydroRIVERS reach,True,329.7555555555556,228.39999999999998,2.5181921210547857,2.35869609957381,40645185.0,57.0,55572.8,755.628,3342058.0,1044278.0,4422.9,0.661
WQS1465,PUNJAB,Medium,31.207777,75.610449,4060729890.0,4040033640.0,6,2017,monthly,28.0,1196.0,32.5,True,High or Medium confidence and within 2 km of a HydroRIVERS reach,True,587.2777777777778,724.8,2.768843567723464,2.8602181846687564,40638670.0,429.0,3102.0,22.028,2369638.0,1732876.0,107573.9,0.0
WQS1466,PUNJAB,Low,31.271047,75.690923,4060729890.0,4040033640.0,6,2017,monthly,15.0,910.0,32.5,False,High or Medium confidence and within 2 km of a HydroRIVERS reach,True,1014.1777777777778,611.0555555555555,3.0061140902443726,2.7860806969436682,40636842.0,68.0,2381.6,19.056,1421157.0,1339968.0,74577.9,0.0
WQS1467,PUNJAB,Medium,30.996977,75.786695,4060729890.0,4040033640.0,6,2017,monthly,3.9,548.0,32.5,True,High or Medium confidence and within 2 km of a HydroRIVERS reach,True,938.6666666666666,1087.5111111111112,2.9725113957504123,3.036433702840093,40645771.0,353.0,56603.6,757.116,3847795.0,267593.0,5082.2,0.649
WQS1468,PUNJAB,Medium,30.922369,75.919469,4060729890.0,4040033640.0,8,2016,monthly,2.9,450.0,29.5,True,High or Medium confidence and within 2 km of a HydroRIVERS reach,True,4816.722222222223,5697.211111111112,3.682751601507591,3.755662312609552,40648220.0,60.0,1307.2,6.75,909121.0,679156.0,134684.6,0.0
WQS1469,PUNJAB,Medium,31.379027,76.372115,4060729890.0,4040033640.0,8,2016,monthly,1.2,354.0,25.5,True,High or Medium confidence and within 2 km of a HydroRIVERS reach,True,1701.1222222222223,4523.944444444444,3.2307355179216635,3.6555172630042216,40636285.0,399.0,52761.5,733.479,1695990.0,266829.0,2312.3,0.696
WQS1470,PUNJAB,Medium,30.995289,74.552492,4060784370.0,4040033640.0,8,2016,monthly,1.65,356.5,30.0,True,High or Medium confidence and within 2 km of a HydroRIVERS reach,True,221.84444444444443,318.6,2.346048557337757,2.503245771465113,40646186.0,81.0,85500.7,1371.594,17855012.0,408566.0,13017.7,0.433
WQS1471,PUNJAB,Medium,31.345205,76.312636,4060729890.0,4040033640.0,4,2021,quarterly,9.5,526.0,33.0,True,High or Medium confidence and within 2 km of a HydroRIVERS reach,True,1111.1222222222223,985.2444444444445,3.0457618334837795,2.993543994662813,40633920.0,209.0,1112.8,20.687,728618.0,652397.0,35221.1,0.0
WQS1472,PUNJAB,Medium,30.984964,76.4672,4060729890.0,4040033640.0,8,2016,monthly,1.1,403.5,26.5,True,High or Medium confidence and within 2 km of a HydroRIVERS reach,True,561.1777777777778,168.82222222222222,2.7491004649586563,2.2274296126289412,40646045.0,406.0,55668.8,750.167,3443206.0,1070352.0,4589.9,0.66
WQS1473,PUNJAB,Medium,30.975026,75.608293,4060729890.0,4040033640.0,8,2016,monthly,105.0,1276.0,31.0,True,High or Medium confidence and within 2 km of a HydroRIVERS reach,True,361.23333333333335,144.13333333333333,2.5577878186480856,2.1587644305616105,40646349.0,231.0,56742.3,758.281,3883634.0,303432.0,5121.6,0.647
WQS1474,RAJASTHAN,Medium,25.905847,75.463861,4060895960.0,4040025450.0,8,2016,monthly,2.2,582.0,32.0,True,High or Medium confidence and within 2 km of a HydroRIVERS reach,True,137.03333333333333,237.4777777777778,2.1368262220606873,2.3756229763186827,40919938.0,71.0,27672.8,15.87,7923009.0,512751.0,499244.4,0.0
WQS1475,RAJASTHAN,Medium,24.692006,72.929236,4060032880.0,4040032880.0,7,2016,monthly,2.8,650.0,26.0,True,High or Medium confidence and within 2 km of a HydroRIVERS reach,True,349.7888888888889,254.8777777777778,2.5438060099142876,2.4063319719573077,40992477.0,263.0,524.6,2.925,176676.0,176676.0,60402.1,0.0
WQS1476,RAJASTHAN,Medium,26.919491,75.930328,4060895960.0,4040025450.0,8,2016,monthly,13.25,2740.0,33.5,True,High or Medium confidence and within 2 km of a HydroRIVERS reach,True,1589.1666666666667,235.13333333333333,3.2011694469983807,2.3713142006118084,40863730.0,991.0,426.7,1.085,861368.0,861368.0,793887.6,0.0
WQS1477,RAJASTHAN,Medium,25.243263,75.033557,4060895960.0,4040025450.0,4,2021,monthly,2.3499999999999996,846.0,24.0,True,High or Medium confidence and within 2 km of a HydroRIVERS reach,True,404.9111111111111,945.0555555555555,2.607359694348149,2.9754573394743744,40957552.0,204.0,13818.0,19.173,4850035.0,388293.0,252961.7,0.0
WQS1478,RAJASTHAN,Medium,24.894962,74.632311,4060895960.0,4040025450.0,3,2021,monthly,4.1,870.0,31.0,True,High or Medium confidence and within 2 km of a HydroRIVERS reach,True,2201.9777777777776,6438.233333333334,3.3428129317850583,3.8087667122599393,40981114.0,105.0,1427.3,6.322,607743.0,607743.0,96131.4,0.0
WQS1479,RAJASTHAN,Medium,24.944671,74.665024,4060895960.0,4040025450.0,4,2021,monthly,3.7,1337.5,30.5,True,High or Medium confidence and within 2 km of a HydroRIVERS reach,True,840.411111111111,480.1111111111111,2.924491785597723,2.6813417568719053,40976278.0,44.0,6825.9,16.023,2905569.0,915014.0,181337.4,0.0
WQS1480,RAJASTHAN,Medium,24.904159,74.623617,4060895960.0,4040025450.0,4,2021,monthly,3.6500000000000004,1699.5,31.0,True,High or Medium confidence and within 2 km of a HydroRIVERS reach,True,2123.9666666666667,4285.299999999999,3.327147696686114,3.631981230876237,40977985.0,101.0,5324.2,10.504,2267163.0,449109.0,215838.1,0.0
WQS1481,RAJASTHAN,Ambiguous / unresolved,,,,,2,2021,not reported,2.5999999999999996,1554.5,29.0,False,High or Medium confidence and within 2 km of a HydroRIVERS reach,False,,,,,,,,,,,,
WQS1482,RAJASTHAN,Medium,25.288107,75.938471,4060908080.0,4040025450.0,4,2021,monthly,2.8499999999999996,1298.5,33.0,True,High or Medium confidence and within 2 km of a HydroRIVERS reach,True,470.5888888888889,2196.0555555555557,2.6726416688000314,3.34164332264783,40958317.0,292.0,27509.9,190.145,12417207.0,608684.0,65303.9,0.02
WQS1483,RAJASTHAN,Medium,25.262219,76.010497,4060908080.0,4040025450.0,4,2021,monthly,3.4,1357.0,33.5,True,High or Medium confidence and within 2 km of a HydroRIVERS reach,True,186.88888888888889,302.5777777777778,2.2715834820225687,2.480837028965169,40958319.0,196.0,28317.7,193.995,12937080.0,1128557.0,66687.7,0.019
WQS1484,RAJASTHAN,Medium,25.141518,75.794083,4060908080.0,4040025450.0,6,2016,monthly,1.45,451.5,33.5,True,High or Medium confidence and within 2 km of a HydroRIVERS reach,True,2482.644444444444,252.44444444444446,3.394914525888554,2.4021658175996565,40963649.0,117.0,27258.8,190.579,12225986.0,543231.0,64151.8,0.02
WQS1485,RAJASTHAN,Ambiguous / unresolved,,,,,5,2016,not reported,3.1,890.0,34.0,False,High or Medium confidence and within 2 km of a HydroRIVERS reach,False,,,,,,,,,,,,
WQS1486,RAJASTHAN,Medium,25.268768,75.906611,4060908080.0,4040025450.0,6,2016,monthly,2.8499999999999996,870.0,33.0,True,High or Medium confidence and within 2 km of a HydroRIVERS reach,True,700.7,634.1444444444445,2.8455321174935757,2.802188192077612,40957555.0,279.0,27462.1,190.458,12417207.0,625682.0,65196.6,0.02
WQS1487,RAJASTHAN,Ambiguous / unresolved,,,,,8,2016,monthly,2.6500000000000004,496.5,31.0,False,High or Medium confidence and within 2 km of a HydroRIVERS reach,False,,,,,,,,,,,,
WQS1488,RAJASTHAN,Medium,26.659451,77.905391,4060876840.0,4040025450.0,4,2021,monthly,3.1500000000000004,822.5,31.5,True,High or Medium confidence and within 2 km of a HydroRIVERS reach,True,1035.9444444444443,638.6777777777778,3.015336465719872,2.8052818055326783,40875849.0,8.0,134288.7,549.951,42296533.0,128789.0,76909.6,0.007
WQS1489,RAJASTHAN,Medium,24.600889,76.152494,4060908090.0,4040025450.0,7,2016,monthly,2.1,390.0,31.0,False,High or Medium confidence and within 2 km of a HydroRIVERS reach,True,1275.6888888888889,3934.9333333333334,3.105744772885888,3.594937378827047,,,,,,,,
WQS1490,RAJASTHAN,Medium,24.702173,74.72982,4060895960.0,4040025450.0,3,2021,monthly,2.9,720.0,32.0,True,High or Medium confidence and within 2 km of a HydroRIVERS reach,True,271.5111111111111,89.23333333333333,2.4337876070206472,1.9505271164672702,40990050.0,142.0,1077.8,5.659,392453.0,392453.0,69350.2,0.0
WQS1491,RAJASTHAN,Medium,24.889431,74.629954,4060895960.0,4040025450.0,4,2021,monthly,3.55,974.0,30.5,True,High or Medium confidence and within 2 km of a HydroRIVERS reach,True,2189.7,8387.333333333334,3.3403846183701433,3.9236239032953426,40981114.0,128.0,1427.3,6.322,607743.0,607743.0,96131.4,0.0
WQS1492,RAJASTHAN,Ambiguous / unresolved,,,,,1,2021,not reported,4.8,2700.0,20.5,False,High or Medium confidence and within 2 km of a HydroRIVERS reach,False,,,,,,,,,,,,
WQS1493,RAJASTHAN,Ambiguous / unresolved,,,,,1,2022,not reported,2.4,844.0,27.0,False,High or Medium confidence and within 2 km of a HydroRIVERS reach,False,,,,,,,,,,,,
WQS1494,RAJASTHAN,Medium,25.160724,76.22887,4060908090.0,4040025450.0,8,2016,monthly,2.25,715.0,30.0,True,High or Medium confidence and within 2 km of a HydroRIVERS reach,True,275.93333333333334,251.79999999999998,2.4408041673450787,2.401055725771844,40964424.0,196.0,24028.0,192.44,5904635.0,380334.0,30683.0,0.0
WQS1495,RAJASTHAN,Medium,25.393522,76.327061,4060908090.0,4040025450.0,8,2016,monthly,2.45,998.0,31.0,True,High or Medium confidence and within 2 km of a HydroRIVERS reach,True,185.96666666666667,317.31111111111113,2.2694351066907066,2.5014852798210443,40948798.0,2.0,24861.9,194.406,6057238.0,207046.0,31157.7,0.0
WQS1496,RAJASTHAN,Ambiguous / unresolved,,,,,1,2021,not reported,5.2,1990.0,32.0,False,High or Medium confidence and within 2 km of a HydroRIVERS reach,False,,,,,,,,,,,,
WQS1497,RAJASTHAN,Ambiguous / unresolved,,,,,4,2021,not reported,3.55,803.0,30.0,False,High or Medium confidence and within 2 km of a HydroRIVERS reach,False,,,,,,,,,,,,
WQS1498,RAJASTHAN,Ambiguous / unresolved,,,,,1,2021,not reported,1.8,440.0,27.0,False,High or Medium confidence and within 2 km of a HydroRIVERS reach,False,,,,,,,,,,,,
WQS1499,RAJASTHAN,Medium,25.348996,74.770626,4060895960.0,4040025450.0,2,2023,not reported,3.9000000000000004,1154.5,24.25,True,High or Medium confidence and within 2 km of a HydroRIVERS reach,True,240.46666666666664,137.25555555555556,2.381054883262682,2.137529931980358,40954215.0,89.0,2236.1,3.56,703623.0,508477.0,197646.9,0.0
WQS1500,RAJASTHAN,Medium,25.365018,74.662813,4060895960.0,4040025450.0,3,2021,monthly,2.9,730.0,22.0,True,High or Medium confidence and within 2 km of a HydroRIVERS reach,True,2864.6000000000004,2338.988888888889,3.457063987587602,3.369028158745577,40950202.0,47.0,1985.3,3.274,676389.0,481243.0,206594.1,0.0
WQS1501,RAJASTHAN,Medium,23.648483,74.126708,4060971120.0,4040029530.0,8,2016,monthly,2.55,665.0,31.5,True,High or Medium confidence and within 2 km of a HydroRIVERS reach,True,428.14444444444445,347.18888888888887,2.6315903130365927,2.5405658179691493,41045896.0,38.0,16588.8,177.0,4934637.0,481037.0,27879.3,0.0
WQS1502,RAJASTHAN,Medium,23.550318,74.4438,4060971120.0,4040029530.0,4,2021,quarterly,3.8,329.5,30.5,True,High or Medium confidence and within 2 km of a HydroRIVERS reach,True,1840.4222222222222,8131.577777777778,3.264917468523546,3.910174820342075,41052230.0,126.0,56.1,0.709,150962.0,150962.0,212922.4,0.0
WQS1503,RAJASTHAN,Medium,23.614456,74.53088,4060965550.0,4040029530.0,2,2023,not reported,2.75,602.0,26.5,True,High or Medium confidence and within 2 km of a HydroRIVERS reach,True,207.34444444444443,408.27777777777777,2.316692403435533,2.610955742276341,41047579.0,1288.0,4756.3,60.851,1698515.0,176381.0,27912.7,0.0
WQS1504,RAJASTHAN,Medium,25.681506,76.485765,4060898640.0,4040025450.0,8,2016,monthly,2.3499999999999996,830.5,32.0,True,High or Medium confidence and within 2 km of a HydroRIVERS reach,True,292.7444444444444,983.311111111111,2.466488662002247,2.992690946583037,40932404.0,28.0,15189.1,135.389,3553485.0,306051.0,26246.5,0.0
WQS1505,RAJASTHAN,Medium,24.40008,75.887785,4060908090.0,4040025450.0,3,2021,monthly,3.2,754.0,32.0,True,High or Medium confidence and within 2 km of a HydroRIVERS reach,True,300.8777777777778,117.47777777777777,2.4783901128152577,2.069955722767544,41006939.0,626.0,163.8,1.184,80632.0,80632.0,68101.4,0.0
WQS1506,RAJASTHAN,Medium,24.6087,76.170272,4060908090.0,4040025450.0,7,2016,monthly,2.0,395.0,31.0,True,High or Medium confidence and within 2 km of a HydroRIVERS reach,True,1206.3000000000002,2314.0,3.0814553278225736,3.3643633546157306,40996477.0,1515.0,8039.7,67.569,2207198.0,319752.0,32665.8,0.0
WQS1507,SIKKIM,Medium,27.292886,88.590303,4060956230.0,4040025450.0,4,2021,monthly,2.7,200.0,22.0,True,High or Medium confidence and within 2 km of a HydroRIVERS reach,True,1019.5777777777779,2002.2555555555555,3.008420361228713,3.301519507351336,40837437.0,491.0,172.8,6.29,141619.0,141619.0,22514.9,0.0
WQS1508,SIKKIM,Medium,27.402553,88.519402,4060956230.0,4040025450.0,6,2019,monthly,2.25,252.5,19.5,True,High or Medium confidence and within 2 km of a HydroRIVERS reach,True,140.8777777777778,233.07777777777775,2.1488424924022897,2.367500868764906,40829477.0,81.0,4228.6,89.489,78700.0,75578.0,879.4,0.125
WQS1509,SIKKIM,Medium,27.309928,88.583236,4060956230.0,4040025450.0,4,2021,monthly,5.8500000000000005,197.0,21.5,True,High or Medium confidence and within 2 km of a HydroRIVERS reach,True,1125.2777777777778,1814.677777777778,3.051259742416301,3.258799520966376,40836118.0,212.0,66.6,2.438,96670.0,96670.0,39651.4,0.0
WQS1510,SIKKIM,Medium,27.38805,88.622663,4060956230.0,4040025450.0,4,2021,monthly,2.5,208.0,21.0,True,High or Medium confidence and within 2 km of a HydroRIVERS reach,True,266.8333333333333,268.81111111111113,2.426240081535656,2.429447215998279,40829478.0,167.0,78.5,2.539,13438.0,9669.0,5292.6,0.0
WQS1511,SIKKIM,Medium,27.294106,88.291658,4060956230.0,4040025450.0,4,2021,monthly,2.45,221.0,22.0,True,High or Medium confidence and within 2 km of a HydroRIVERS reach,True,315.94444444444446,170.66666666666666,2.4996107231488613,2.2321487062561682,40836899.0,205.0,1042.2,39.214,48585.0,48585.0,1239.0,0.0
WQS1512,SIKKIM,Medium,27.120904,88.318186,4060956230.0,4040025450.0,4,2021,monthly,2.5,204.5,23.0,True,High or Medium confidence and within 2 km of a HydroRIVERS reach,True,398.65555555555557,279.70000000000005,2.600597820681502,2.4466924663715273,40847789.0,187.0,2024.8,79.37,430085.0,429907.0,5418.7,0.0
WQS1513,SIKKIM,Medium,27.08115,88.42902,4060956230.0,4040025450.0,2,2023,not reported,2.45,125.0,25.0,True,High or Medium confidence and within 2 km of a HydroRIVERS reach,True,868.8333333333334,139.13333333333333,2.9389364745433753,2.143431190009773,40850316.0,493.0,7765.0,227.531,1024715.0,936607.0,4503.6,0.067
WQS1514,SIKKIM,Medium,27.280047,88.2753,4060956230.0,4040025450.0,4,2021,monthly,2.4,211.0,22.5,True,High or Medium confidence and within 2 km of a HydroRIVERS reach,True,382.9,440.18888888888887,2.5830853663476874,2.6436390760293587,40838293.0,366.0,1260.9,47.928,154792.0,154792.0,3229.7,0.0
WQS1515,SIKKIM,Medium,27.0861,88.41693,4060956230.0,4040025450.0,2,2023,not reported,2.25,136.5,24.5,True,High or Medium confidence and within 2 km of a HydroRIVERS reach,True,542.0999999999999,93.42222222222222,2.734079407280594,1.970450193580861,40849807.0,82.0,2209.1,87.156,430085.0,410357.0,4934.7,0.0
WQS1516,SIKKIM,Medium,27.221878,88.307144,4060956230.0,4040025450.0,4,2021,monthly,2.4,203.0,23.0,True,High or Medium confidence and within 2 km of a HydroRIVERS reach,True,269.72222222222223,242.29999999999998,2.4309167291407174,2.384353414137506,40841463.0,113.0,1352.3,51.573,154792.0,154792.0,3001.4,0.0
WQS1517,SIKKIM,Medium,27.080686,88.430872,4060956230.0,4040025450.0,4,2021,monthly,2.55,212.0,24.0,True,High or Medium confidence and within 2 km of a HydroRIVERS reach,True,918.6999999999999,163.35555555555555,2.9631737163752514,2.213133908974258,40850316.0,394.0,7765.0,227.531,1024715.0,936607.0,4503.6,0.067
WQS1518,SIKKIM,Medium,27.29467,88.29262,4060956230.0,4040025450.0,2,2023,not reported,2.3,122.5,25.0,True,High or Medium confidence and within 2 km of a HydroRIVERS reach,True,312.3333333333333,153.95555555555555,2.494618336168116,2.1873953652339466,40836899.0,312.0,1042.2,39.214,48585.0,48585.0,1239.0,0.0
WQS1519,SIKKIM,Medium,27.18353,88.54878,4060956230.0,4040025450.0,3,2022,not reported,2.6,164.0,22.0,True,High or Medium confidence and within 2 km of a HydroRIVERS reach,True,482.9333333333333,749.3222222222222,2.6838871825863393,2.8746686124130996,40843974.0,205.0,572.9,21.845,147237.0,147237.0,6740.1,0.0
WQS1520,SIKKIM,Medium,27.17887,88.53642,4060956230.0,4040025450.0,3,2022,not reported,2.5,145.0,23.0,True,High or Medium confidence and within 2 km of a HydroRIVERS reach,True,514.6333333333333,1172.4666666666667,2.7114979124881864,3.069100504531247,40843974.0,57.0,572.9,21.845,147237.0,147237.0,6740.1,0.0
WQS1521,SIKKIM,Medium,27.19546,88.60837,4060956230.0,4040025450.0,3,2022,not reported,2.4,143.0,22.0,True,High or Medium confidence and within 2 km of a HydroRIVERS reach,True,635.5777777777778,783.0666666666667,2.8031687042099764,2.8937987374512573,40842588.0,278.0,400.8,14.754,64980.0,64980.0,4404.2,0.0
WQS1522,SIKKIM,Medium,27.20911,88.66479,4060956230.0,4040025450.0,3,2022,not reported,2.3,152.0,22.0,True,High or Medium confidence and within 2 km of a HydroRIVERS reach,True,574.8777777777777,448.7444444444444,2.7595755210741943,2.6519990849578368,40841467.0,142.0,361.7,13.196,64980.0,64980.0,4924.2,0.0
WQS1523,SIKKIM,Medium,27.19715,88.61195,4060956230.0,4040025450.0,3,2022,not reported,2.3,150.0,22.0,True,High or Medium confidence and within 2 km of a HydroRIVERS reach,True,648.4444444444445,951.2111111111111,2.811872773782089,2.978276914640555,40842588.0,667.0,400.8,14.754,64980.0,64980.0,4404.2,0.0
WQS1524,SIKKIM,Medium,27.23831,88.71009,4060956230.0,4040025450.0,3,2022,not reported,2.5,171.0,23.0,True,High or Medium confidence and within 2 km of a HydroRIVERS reach,True,257.3333333333333,167.07777777777778,2.410496045616074,2.2229186902867224,40840986.0,32.0,235.0,8.227,13501.0,13501.0,1641.1,0.0
WQS1525,SIKKIM,Medium,27.19496,88.61674,4060956230.0,4040025450.0,3,2022,not reported,2.4,172.0,22.0,True,High or Medium confidence and within 2 km of a HydroRIVERS reach,True,657.4222222222222,996.6333333333334,2.8178443800397543,2.99853540846281,40842287.0,69.0,381.9,14.005,64980.0,64980.0,4639.8,0.0
WQS1526,SIKKIM,Medium,27.136739,88.396831,4060956230.0,4040025450.0,4,2021,monthly,2.5,200.5,22.5,True,High or Medium confidence and within 2 km of a HydroRIVERS reach,True,571.5111111111111,323.31111111111113,2.7570246782087025,2.5096206301028166,40848565.0,1757.0,10.7,0.446,430085.0,108633.0,964316.1,0.0
WQS1527,SIKKIM,Medium,27.20321,88.7112,4060956230.0,4040025450.0,3,2022,not reported,2.3,139.0,22.0,True,High or Medium confidence and within 2 km of a HydroRIVERS reach,True,305.03333333333336,487.5444444444444,2.484347300631124,2.68801421202874,40841745.0,144.0,93.4,3.65,15217.0,15217.0,4169.0,0.0
WQS1528,SIKKIM,Medium,27.20378,88.71213,4060956230.0,4040025450.0,3,2022,not reported,2.4,159.0,22.0,True,High or Medium confidence and within 2 km of a HydroRIVERS reach,True,299.26666666666665,482.21111111111105,2.4760583463459716,2.683237213172601,40841745.0,249.0,93.4,3.65,15217.0,15217.0,4169.0,0.0
WQS1529,SIKKIM,Medium,27.601903,88.646449,4060956230.0,4040025450.0,4,2021,monthly,2.3499999999999996,217.5,18.5,True,High or Medium confidence and within 2 km of a HydroRIVERS reach,True,40.43333333333333,352.1333333333333,1.6067395461469105,2.546707137815224,40816443.0,144.0,2800.8,51.107,14434.0,14160.0,282.4,0.143
WQS1530,SIKKIM,Medium,27.136928,88.392222,4060956230.0,4040025450.0,4,2021,monthly,2.5,202.5,23.5,True,High or Medium confidence and within 2 km of a HydroRIVERS reach,True,593.1222222222223,381.17777777777775,2.7731441958385785,2.581127573839841,40848565.0,1758.0,10.7,0.446,430085.0,108633.0,964316.1,0.0
WQS1531,SIKKIM,Medium,27.531575,88.515094,4060956230.0,4040025450.0,4,2021,monthly,2.3499999999999996,196.0,23.0,True,High or Medium confidence and within 2 km of a HydroRIVERS reach,True,153.72222222222223,172.39999999999998,2.186736654037646,2.236537261488694,40820820.0,61.0,673.5,19.897,3919.0,3919.0,197.0,0.2
WQS1532,SIKKIM,Medium,27.21057,88.4894,4060956230.0,4040025450.0,2,2023,not reported,2.3,138.0,25.0,True,High or Medium confidence and within 2 km of a HydroRIVERS reach,True,707.2333333333333,674.5111111111111,2.849562721662217,2.828989108128751,40841743.0,18.0,4775.8,109.97,332291.0,317555.0,3021.7,0.111
WQS1533,SIKKIM,Medium,27.20462,88.48456,4060956230.0,4040025450.0,2,2023,not reported,2.3499999999999996,137.5,24.0,True,High or Medium confidence and within 2 km of a HydroRIVERS reach,True,708.2111111111111,923.2666666666667,2.85016273611369,2.965327156210406,40842895.0,288.0,4813.8,111.501,332291.0,317555.0,2980.2,0.111
WQS1534,SIKKIM,Medium,27.532972,88.512217,4060956230.0,4040025450.0,4,2021,monthly,2.4,216.0,24.0,True,High or Medium confidence and within 2 km of a HydroRIVERS reach,True,140.10000000000002,172.1222222222222,2.146438135285775,2.2358369445021897,40820820.0,47.0,673.5,19.897,3919.0,3919.0,197.0,0.2
WQS1535,TAMIL NADU,Medium,10.541244,77.368656,4061148830.0,4040028760.0,9,2016,not reported,2.3499999999999996,473.0,30.0,True,High or Medium confidence and within 2 km of a HydroRIVERS reach,True,1015.5777777777779,913.8222222222222,3.006713189352064,2.96086171497066,41385708.0,279.0,1281.0,5.674,411468.0,411468.0,72518.2,0.0
WQS1536,TAMIL NADU,Medium,11.445663,77.677626,4061145720.0,4040028760.0,9,2016,not reported,4.2,929.0,33.0,True,High or Medium confidence and within 2 km of a HydroRIVERS reach,True,2455.5555555555557,4647.677777777778,3.390149764245786,3.667236010908969,41375096.0,59.0,6489.5,23.895,2955630.0,1246960.0,123692.4,0.041
WQS1537,TAMIL NADU,Medium,11.326822,79.702981,4060028760.0,4040028760.0,9,2016,not reported,6.0,37450.0,30.0,True,High or Medium confidence and within 2 km of a HydroRIVERS reach,True,580.4777777777778,297.4111111111111,2.7637855984532025,2.4733571894855433,41376732.0,235.0,78276.1,306.137,46227536.0,846423.0,151002.8,0.003
WQS1538,TAMIL NADU,Medium,11.335795,77.753762,4061148790.0,4040028760.0,9,2016,not reported,3.6,1140.0,34.0,True,High or Medium confidence and within 2 km of a HydroRIVERS reach,True,4111.777777777777,1383.3333333333333,3.6140296350502608,3.1409268419924303,41376689.0,273.0,51905.0,244.067,25767093.0,2940336.0,105573.9,0.005
WQS1539,TAMIL NADU,Medium,11.423503,77.685261,4061148790.0,4040028760.0,9,2016,not reported,4.4,749.0,32.0,True,High or Medium confidence and within 2 km of a HydroRIVERS reach,True,2895.866666666667,1640.0666666666666,3.4617785619229093,3.214861501936113,41375547.0,17.0,51460.1,240.078,24813959.0,2872311.0,103357.9,0.005
WQS1540,TAMIL NADU,Ambiguous / unresolved,,,,,9,2016,not reported,3.0,715.0,31.0,False,High or Medium confidence and within 2 km of a HydroRIVERS reach,False,,,,,,,,,,,,
WQS1541,TAMIL NADU,Medium,11.104894,79.651871,4060028770.0,4040028770.0,9,2016,not reported,2.6,627.0,28.0,True,High or Medium confidence and within 2 km of a HydroRIVERS reach,True,1654.3444444444444,7672.477777777778,3.2186259373493344,3.8849356392345267,41379371.0,1908.0,16.6,0.235,301661.0,97747.0,1283663.8,0.0
WQS1542,TAMIL NADU,Medium,11.796255,77.806971,4061145690.0,4040028760.0,9,2016,not reported,2.8,553.0,31.0,True,High or Medium confidence and within 2 km of a HydroRIVERS reach,True,1606.9888888888888,4022.6777777777775,3.206012873956297,3.6045152463575953,41370286.0,139.0,42990.2,207.639,19825428.0,738516.0,95480.3,0.0
WQS1543,TAMIL NADU,Medium,11.064392,78.120358,4061148790.0,4040028760.0,9,2016,not reported,3.3,1336.0,32.0,True,High or Medium confidence and within 2 km of a HydroRIVERS reach,True,893.9777777777778,435.17777777777775,2.9513267233726106,2.6386667101393537,41379969.0,861.0,58977.4,287.112,35663864.0,1592484.0,124215.9,0.004
WQS1544,TAMIL NADU,Medium,10.955345,78.443949,4060028760.0,4040028760.0,9,2016,not reported,3.0,1008.0,32.0,True,High or Medium confidence and within 2 km of a HydroRIVERS reach,True,966.1555555555556,5511.333333333333,2.985047055484464,3.7412566785720904,41381241.0,894.0,22.1,0.039,41766456.0,93330.0,1070934769.2,0.004
WQS1545,TAMIL NADU,Ambiguous / unresolved,,,,,9,2016,not reported,6.0,1016.0,32.0,False,High or Medium confidence and within 2 km of a HydroRIVERS reach,False,,,,,,,,,,,,
WQS1546,TAMIL NADU,Medium,10.906389,78.489697,4060028760.0,4040028760.0,9,2016,not reported,3.0,880.0,32.0,True,High or Medium confidence and within 2 km of a HydroRIVERS reach,True,515.4888888888888,1424.4333333333334,2.7122193087150763,3.1536421280977973,41381755.0,632.0,70447.1,311.147,42044262.0,1193729.0,135126.7,0.004
WQS1547,TAMIL NADU,Medium,11.418828,79.772375,4060028680.0,4040027950.0,9,2016,not reported,6.0,26200.0,30.0,True,High or Medium confidence and within 2 km of a HydroRIVERS reach,True,369.4888888888888,355.1222222222222,2.567601383010147,2.550377849678464,41375271.0,706.0,31.4,0.469,16318.0,16318.0,34793.2,0.0
WQS1548,TAMIL NADU,Ambiguous / unresolved,,,,,9,2016,not reported,2.8,1066.0,32.0,False,High or Medium confidence and within 2 km of a HydroRIVERS reach,False,,,,,,,,,,,,
WQS1549,TAMIL NADU,Ambiguous / unresolved,,,,,9,2016,not reported,2.8,844.0,32.0,False,High or Medium confidence and within 2 km of a HydroRIVERS reach,False,,,,,,,,,,,,
WQS1550,TAMIL NADU,Medium,10.766809,78.665272,4060028760.0,4040028760.0,9,2016,not reported,4.0,1262.0,31.0,True,High or Medium confidence and within 2 km of a HydroRIVERS reach,True,2818.633333333333,3376.633333333333,3.4500385836164873,3.528483903408382,41383617.0,554.0,536.4,1.343,247399.0,247399.0,184213.7,0.0
WQS1551,TAMIL NADU,Medium,10.833263,78.718224,4060028760.0,4040028760.0,9,2016,not reported,3.0,700.0,33.0,True,High or Medium confidence and within 2 km of a HydroRIVERS reach,True,3676.0,1417.5,3.5653755027140734,3.1515230675649444,41382345.0,704.0,73783.3,301.282,43728358.0,1687641.0,145141.0,0.004
WQS1552,TAMIL NADU,Medium,10.830327,78.81177,4060028760.0,4040028760.0,9,2016,not reported,3.0,1024.0,30.0,True,High or Medium confidence and within 2 km of a HydroRIVERS reach,True,420.77777777777777,686.1333333333333,2.6240527956815014,2.8364085184826275,41382533.0,504.0,246.1,0.659,373092.0,373092.0,566148.7,0.0
WQS1553,TAMIL NADU,Medium,11.354178,77.750436,4061148790.0,4040028760.0,9,2016,not reported,2.9,535.0,35.0,True,High or Medium confidence and within 2 km of a HydroRIVERS reach,True,3949.755555555556,3437.077777777778,3.596570218624345,3.5361893599165426,41376318.0,35.0,51726.1,242.888,25099837.0,2664319.0,103339.1,0.005
WQS1554,TAMIL NADU,Medium,11.361583,77.742411,4061148790.0,4040028760.0,9,2016,not reported,3.1,675.0,32.0,True,High or Medium confidence and within 2 km of a HydroRIVERS reach,True,4145.322222222222,4361.722222222223,3.6175582945712303,3.6396580039301143,41376318.0,147.0,51726.1,242.888,25099837.0,2664319.0,103339.1,0.005
WQS1555,TAMIL NADU,Medium,11.18,78.01,4061148790.0,4040028760.0,9,2016,not reported,2.7,1061.0,32.0,True,High or Medium confidence and within 2 km of a HydroRIVERS reach,True,792.3222222222222,547.4555555555556,2.898901836733282,2.7383488673286767,41378601.0,927.0,31.4,0.041,2561718.0,95194.0,62480926.8,0.0
WQS1556,TAMIL NADU,Ambiguous / unresolved,,,,,4,2021,not reported,24.0,1977.5,32.0,False,High or Medium confidence and within 2 km of a HydroRIVERS reach,False,,,,,,,,,,,,
WQS1557,TAMIL NADU,Ambiguous / unresolved,,,,,4,2021,not reported,30.5,1968.0,32.0,False,High or Medium confidence and within 2 km of a HydroRIVERS reach,False,,,,,,,,,,,,
WQS1558,TAMIL NADU,Medium,13.025906,80.243554,4060028210.0,4040027950.0,4,2021,not reported,45.0,14465.0,31.5,True,High or Medium confidence and within 2 km of a HydroRIVERS reach,True,9617.8,9842.08888888889,3.9830757417750644,3.9930872830491717,41348800.0,76.0,724.9,10.217,1964862.0,1964862.0,192313.0,0.0
WQS1559,TAMIL NADU,Ambiguous / unresolved,,,,,4,2021,not reported,27.0,1894.0,30.0,False,High or Medium confidence and within 2 km of a HydroRIVERS reach,False,,,,,,,,,,,,
WQS1560,TAMIL NADU,Ambiguous / unresolved,,,,,1,2021,not reported,17.0,2050.0,32.0,False,High or Medium confidence and within 2 km of a HydroRIVERS reach,False,,,,,,,,,,,,
WQS1561,TAMIL NADU,Medium,13.023184,80.247552,4060028210.0,4040027950.0,4,2021,not reported,34.0,7525.0,31.0,True,High or Medium confidence and within 2 km of a HydroRIVERS reach,True,9045.822222222221,9892.355555555556,3.9564480482930997,3.995299717580153,41348800.0,8.0,724.9,10.217,1964862.0,1964862.0,192313.0,0.0
WQS1562,TAMIL NADU,Medium,11.454094,77.679567,4061145720.0,4040028760.0,7,2016,not reported,2.4,389.0,29.0,True,High or Medium confidence and within 2 km of a HydroRIVERS reach,True,2386.5222222222224,5004.966666666666,3.3777654826760966,3.6994011894015637,41375096.0,26.0,6489.5,23.895,2955630.0,1246960.0,123692.4,0.041
WQS1563,TAMIL NADU,Ambiguous / unresolved,,,,,7,2016,not reported,2.9,280.0,33.0,False,High or Medium confidence and within 2 km of a HydroRIVERS reach,False,,,,,,,,,,,,
WQS1564,TAMIL NADU,Ambiguous / unresolved,,,,,6,2016,not reported,2.4,836.5,35.0,False,High or Medium confidence and within 2 km of a HydroRIVERS reach,False,,,,,,,,,,,,
WQS1565,TAMIL NADU,Ambiguous / unresolved,,,,,7,2016,not reported,2.7,398.0,33.0,False,High or Medium confidence and within 2 km of a HydroRIVERS reach,False,,,,,,,,,,,,
WQS1566,TAMIL NADU,Ambiguous / unresolved,,,,,7,2016,not reported,2.7,663.0,33.0,False,High or Medium confidence and within 2 km of a HydroRIVERS reach,False,,,,,,,,,,,,
WQS1567,TAMIL NADU,Ambiguous / unresolved,,,,,7,2016,not reported,2.4,350.0,29.0,False,High or Medium confidence and within 2 km of a HydroRIVERS reach,False,,,,,,,,,,,,
WQS1568,TAMIL NADU,Ambiguous / unresolved,,,,,7,2016,not reported,2.4,707.0,34.0,False,High or Medium confidence and within 2 km of a HydroRIVERS reach,False,,,,,,,,,,,,
WQS1569,TAMIL NADU,Ambiguous / unresolved,,,,,4,2021,not reported,2.75,673.0,35.5,False,High or Medium confidence and within 2 km of a HydroRIVERS reach,False,,,,,,,,,,,,
WQS1570,TAMIL NADU,Medium,11.369068,77.727294,4061148790.0,4040028760.0,4,2021,not reported,2.8499999999999996,630.5,36.0,True,High or Medium confidence and within 2 km of a HydroRIVERS reach,True,4485.166666666667,1227.888888888889,3.6517785858569862,3.089159069471556,41376026.0,284.0,51567.8,241.835,24813959.0,2604098.0,102607.0,0.005
WQS1571,TAMIL NADU,Ambiguous / unresolved,,,,,4,2021,not reported,2.6,1145.5,34.5,False,High or Medium confidence and within 2 km of a HydroRIVERS reach,False,,,,,,,,,,,,
WQS1572,TAMIL NADU,Medium,11.427111,77.686922,4061148790.0,4040028760.0,4,2021,not reported,2.05,606.0,31.0,True,High or Medium confidence and within 2 km of a HydroRIVERS reach,True,2840.5666666666666,2551.8999999999996,3.4534049864052867,3.4068636519068427,41375547.0,165.0,51460.1,240.078,24813959.0,2872311.0,103357.9,0.005
WQS1573,TAMIL NADU,Medium,11.105488,79.647969,4060028770.0,4040028770.0,4,2021,not reported,4.7,639.5,29.0,True,High or Medium confidence and within 2 km of a HydroRIVERS reach,True,1660.7333333333333,7139.044444444445,3.220299902674517,3.853640085686972,41379371.0,1483.0,16.6,0.235,301661.0,97747.0,1283663.8,0.0
WQS1574,TAMIL NADU,Ambiguous / unresolved,,,,,4,2021,not reported,2.75,803.5,30.5,False,High or Medium confidence and within 2 km of a HydroRIVERS reach,False,,,,,,,,,,,,
WQS1575,TAMIL NADU,Medium,11.050024,78.120645,4061148790.0,4040028760.0,9,2016,not reported,2.7,1109.0,32.0,True,High or Medium confidence and within 2 km of a HydroRIVERS reach,True,841.8888888888889,684.2555555555556,2.9252547778101037,2.835218332187133,41379969.0,1315.0,58977.4,287.112,35663864.0,1592484.0,124215.9,0.004
WQS1576,TAMIL NADU,Medium,13.068081,80.231405,4060028210.0,4040027950.0,4,2021,not reported,143.5,2290.0,32.0,True,High or Medium confidence and within 2 km of a HydroRIVERS reach,True,12098.888888888889,12084.28888888889,4.082745488367581,4.082221099036748,41347786.0,74.0,553.8,6.944,1564344.0,1410428.0,225280.0,0.0
WQS1577,TAMIL NADU,Medium,13.07865,80.207011,4060028210.0,4040027950.0,4,2021,not reported,77.0,2195.0,32.0,True,High or Medium confidence and within 2 km of a HydroRIVERS reach,True,11452.71111111111,12921.544444444444,4.058908305996743,4.111314425703415,41347786.0,1146.0,553.8,6.944,1564344.0,1410428.0,225280.0,0.0
WQS1578,TAMIL NADU,Medium,13.074866,80.221849,4060028210.0,4040027950.0,4,2021,not reported,131.5,2135.5,32.5,True,High or Medium confidence and within 2 km of a HydroRIVERS reach,True,11950.58888888889,13039.477777777778,4.077389306530472,4.11526019854537,41347786.0,555.0,553.8,6.944,1564344.0,1410428.0,225280.0,0.0
WQS1579,TAMIL NADU,Medium,13.070824,80.249921,4060028210.0,4040027950.0,4,2021,not reported,60.0,2330.0,32.5,True,High or Medium confidence and within 2 km of a HydroRIVERS reach,True,11326.28888888889,12935.955555555556,4.0540876345684795,4.111798514782533,41347786.0,5.0,553.8,6.944,1564344.0,1410428.0,225280.0,0.0
WQS1580,TAMIL NADU,Medium,13.069423,80.284355,4060028210.0,4040027950.0,4,2021,not reported,71.5,29250.0,32.5,True,High or Medium confidence and within 2 km of a HydroRIVERS reach,True,6593.9,5230.0,3.819142356550309,3.718501688867274,41347786.0,352.0,553.8,6.944,1564344.0,1410428.0,225280.0,0.0
WQS1581,TAMIL NADU,Ambiguous / unresolved,,,,,4,2021,not reported,36.0,2445.0,32.5,False,High or Medium confidence and within 2 km of a HydroRIVERS reach,False,,,,,,,,,,,,
WQS1582,TAMIL NADU,Ambiguous / unresolved,,,,,4,2021,not reported,82.0,2570.0,32.5,False,High or Medium confidence and within 2 km of a HydroRIVERS reach,False,,,,,,,,,,,,
WQS1583,TAMIL NADU,Medium,10.951185,78.035374,4061148830.0,4040028760.0,4,2021,not reported,2.55,4177.5,33.0,True,High or Medium confidence and within 2 km of a HydroRIVERS reach,True,2009.6666666666667,937.8000000000001,3.3031240291456903,2.9721102284028307,41381204.0,100.0,8921.9,25.655,5118523.0,1206187.0,199513.7,0.0
WQS1584,TAMIL NADU,Ambiguous / unresolved,,,,,4,2021,not reported,2.9,3970.0,31.5,False,High or Medium confidence and within 2 km of a HydroRIVERS reach,False,,,,,,,,,,,,
WQS1585,TAMIL NADU,Medium,11.447221,77.691963,4061145690.0,4040028760.0,4,2021,not reported,1.85,835.0,31.5,True,High or Medium confidence and within 2 km of a HydroRIVERS reach,True,2556.722222222222,6729.533333333333,3.407683546208098,3.8279849486541004,41375097.0,85.0,44915.2,215.027,21430534.0,1433633.0,99664.4,0.0
WQS1586,TAMIL NADU,Medium,11.649094,78.148011,4061148790.0,4040028760.0,9,2016,not reported,36.0,3110.0,30.0,True,High or Medium confidence and within 2 km of a HydroRIVERS reach,True,7100.933333333333,10822.322222222221,3.851315435321415,4.034320460408776,41372124.0,84.0,339.0,1.801,1073780.0,1073780.0,596213.2,0.0
WQS1587,TAMIL NADU,Medium,11.645876,78.120341,4061148790.0,4040028760.0,9,2016,not reported,60.0,2690.0,31.0,True,High or Medium confidence and within 2 km of a HydroRIVERS reach,True,6425.722222222223,4815.277777777777,3.8079219474894543,3.682621345225128,41372800.0,174.0,443.1,2.393,1073780.0,1073780.0,448717.1,0.0
WQS1588,TAMIL NADU,Medium,9.92812,78.125036,4060029250.0,4040028770.0,4,2021,not reported,4.0,1237.5,29.5,True,High or Medium confidence and within 2 km of a HydroRIVERS reach,True,8252.122222222222,10334.677777777779,3.916565651686425,4.014296940420047,41390637.0,116.0,4500.9,34.798,1736658.0,701009.0,49906.8,0.0
WQS1589,TAMIL NADU,Medium,9.927433,78.121013,4060029250.0,4040028770.0,4,2021,not reported,3.0,794.5,29.0,True,High or Medium confidence and within 2 km of a HydroRIVERS reach,True,8173.844444444445,10992.311111111112,3.9124263684425875,4.041089011557429,41390637.0,122.0,4500.9,34.798,1736658.0,701009.0,49906.8,0.0
WQS1590,TAMIL NADU,Ambiguous / unresolved,,,,,3,2022,not reported,2.2,1036.0,32.0,False,High or Medium confidence and within 2 km of a HydroRIVERS reach,False,,,,,,,,,,,,
WQS1591,TAMIL NADU,Ambiguous / unresolved,,,,,3,2022,not reported,2.55,1042.0,32.0,False,High or Medium confidence and within 2 km of a HydroRIVERS reach,False,,,,,,,,,,,,
WQS1592,TAMIL NADU,Medium,11.647853,78.138125,4061148790.0,4040028760.0,9,2016,not reported,140.0,3500.0,31.0,True,High or Medium confidence and within 2 km of a HydroRIVERS reach,True,7182.711111111112,8794.733333333334,3.856288399445501,3.94422267567323,41372123.0,886.0,359.2,1.918,1073780.0,1073780.0,559843.6,0.0
WQS1593,TELANGANA,Ambiguous / unresolved,,,,,9,2016,not reported,3.6,700.0,27.0,False,High or Medium confidence and within 2 km of a HydroRIVERS reach,False,,,,,,,,,,,,
WQS1594,TELANGANA,Ambiguous / unresolved,,,,,9,2016,not reported,3.0,510.0,33.0,False,High or Medium confidence and within 2 km of a HydroRIVERS reach,False,,,,,,,,,,,,
WQS1595,TELANGANA,Ambiguous / unresolved,,,,,9,2016,not reported,3.0,430.0,33.0,False,High or Medium confidence and within 2 km of a HydroRIVERS reach,False,,,,,,,,,,,,
WQS1596,TELANGANA,Ambiguous / unresolved,,,,,9,2016,not reported,3.2,569.0,32.0,False,High or Medium confidence and within 2 km of a HydroRIVERS reach,False,,,,,,,,,,,,
WQS1597,TELANGANA,Ambiguous / unresolved,,,,,9,2016,not reported,5.3,788.0,29.0,False,High or Medium confidence and within 2 km of a HydroRIVERS reach,False,,,,,,,,,,,,
WQS1598,TELANGANA,Ambiguous / unresolved,,,,,9,2016,not reported,3.0,508.0,29.0,False,High or Medium confidence and within 2 km of a HydroRIVERS reach,False,,,,,,,,,,,,
WQS1599,TELANGANA,Ambiguous / unresolved,,,,,9,2016,not reported,4.0,669.0,29.0,False,High or Medium confidence and within 2 km of a HydroRIVERS reach,False,,,,,,,,,,,,
WQS1600,TELANGANA,Ambiguous / unresolved,,,,,9,2016,not reported,3.0,667.0,29.0,False,High or Medium confidence and within 2 km of a HydroRIVERS reach,False,,,,,,,,,,,,
WQS1601,TELANGANA,Ambiguous / unresolved,,,,,9,2016,not reported,3.4,660.0,29.0,False,High or Medium confidence and within 2 km of a HydroRIVERS reach,False,,,,,,,,,,,,
WQS1602,TELANGANA,Ambiguous / unresolved,,,,,9,2016,not reported,4.0,692.0,29.0,False,High or Medium confidence and within 2 km of a HydroRIVERS reach,False,,,,,,,,,,,,
WQS1603,TELANGANA,Ambiguous / unresolved,,,,,9,2016,not reported,4.0,577.0,32.0,False,High or Medium confidence and within 2 km of a HydroRIVERS reach,False,,,,,,,,,,,,
WQS1604,TELANGANA,Ambiguous / unresolved,,,,,9,2016,not reported,3.2,1356.0,30.0,False,High or Medium confidence and within 2 km of a HydroRIVERS reach,False,,,,,,,,,,,,
WQS1605,TELANGANA,Ambiguous / unresolved,,,,,9,2016,not reported,4.0,661.0,28.0,False,High or Medium confidence and within 2 km of a HydroRIVERS reach,False,,,,,,,,,,,,
WQS1606,TELANGANA,Ambiguous / unresolved,,,,,6,2016,not reported,4.05,430.0,29.0,False,High or Medium confidence and within 2 km of a HydroRIVERS reach,False,,,,,,,,,,,,
WQS1607,TELANGANA,Ambiguous / unresolved,,,,,9,2016,not reported,4.0,1766.0,26.0,False,High or Medium confidence and within 2 km of a HydroRIVERS reach,False,,,,,,,,,,,,
WQS1608,TELANGANA,Ambiguous / unresolved,,,,,9,2016,not reported,3.2,1572.0,26.0,False,High or Medium confidence and within 2 km of a HydroRIVERS reach,False,,,,,,,,,,,,
WQS1609,TELANGANA,Ambiguous / unresolved,,,,,9,2016,not reported,4.8,1930.0,25.0,False,High or Medium confidence and within 2 km of a HydroRIVERS reach,False,,,,,,,,,,,,
WQS1610,TELANGANA,Ambiguous / unresolved,,,,,5,2016,not reported,3.0,622.0,30.0,False,High or Medium confidence and within 2 km of a HydroRIVERS reach,False,,,,,,,,,,,,
WQS1611,TELANGANA,Ambiguous / unresolved,,,,,6,2016,not reported,18.0,1967.0,29.0,False,High or Medium confidence and within 2 km of a HydroRIVERS reach,False,,,,,,,,,,,,
WQS1612,TELANGANA,Ambiguous / unresolved,,,,,1,2021,not reported,2.1,635.0,22.0,False,High or Medium confidence and within 2 km of a HydroRIVERS reach,False,,,,,,,,,,,,
WQS1613,TELANGANA,Ambiguous / unresolved,,,,,9,2016,not reported,3.0,503.0,29.0,False,High or Medium confidence and within 2 km of a HydroRIVERS reach,False,,,,,,,,,,,,
WQS1614,TELANGANA,Ambiguous / unresolved,,,,,5,2020,not reported,2.4,711.0,28.0,False,High or Medium confidence and within 2 km of a HydroRIVERS reach,False,,,,,,,,,,,,
WQS1615,TELANGANA,Ambiguous / unresolved,,,,,2,2023,not reported,2.9000000000000004,1270.5,27.5,False,High or Medium confidence and within 2 km of a HydroRIVERS reach,False,,,,,,,,,,,,
WQS1616,TELANGANA,Ambiguous / unresolved,,,,,9,2016,not reported,4.0,744.0,28.0,False,High or Medium confidence and within 2 km of a HydroRIVERS reach,False,,,,,,,,,,,,
WQS1617,TELANGANA,Ambiguous / unresolved,,,,,3,2022,not reported,3.7,1225.0,25.0,False,High or Medium confidence and within 2 km of a HydroRIVERS reach,False,,,,,,,,,,,,
WQS1618,TELANGANA,Ambiguous / unresolved,,,,,4,2021,not reported,3.6,851.5,27.5,False,High or Medium confidence and within 2 km of a HydroRIVERS reach,False,,,,,,,,,,,,
WQS1619,TELANGANA,Ambiguous / unresolved,,,,,7,2016,not reported,3.4,639.0,30.0,False,High or Medium confidence and within 2 km of a HydroRIVERS reach,False,,,,,,,,,,,,
WQS1620,TELANGANA,Ambiguous / unresolved,,,,,7,2016,not reported,3.0,835.0,30.0,False,High or Medium confidence and within 2 km of a HydroRIVERS reach,False,,,,,,,,,,,,
WQS1621,TELANGANA,Ambiguous / unresolved,,,,,9,2016,not reported,3.9,1311.0,25.0,False,High or Medium confidence and within 2 km of a HydroRIVERS reach,False,,,,,,,,,,,,
WQS1622,TELANGANA,Ambiguous / unresolved,,,,,3,2022,not reported,3.2,802.0,30.7,False,High or Medium confidence and within 2 km of a HydroRIVERS reach,False,,,,,,,,,,,,
WQS1623,TELANGANA,Ambiguous / unresolved,,,,,3,2022,not reported,4.5,1296.0,23.0,False,High or Medium confidence and within 2 km of a HydroRIVERS reach,False,,,,,,,,,,,,
WQS1624,TELANGANA,Ambiguous / unresolved,,,,,3,2022,not reported,3.2,1692.0,28.0,False,High or Medium confidence and within 2 km of a HydroRIVERS reach,False,,,,,,,,,,,,
WQS1625,TELANGANA,Ambiguous / unresolved,,,,,5,2020,not reported,3.4,1317.0,23.0,False,High or Medium confidence and within 2 km of a HydroRIVERS reach,False,,,,,,,,,,,,
WQS1626,TELANGANA,Ambiguous / unresolved,,,,,3,2022,not reported,3.0,1384.0,23.0,False,High or Medium confidence and within 2 km of a HydroRIVERS reach,False,,,,,,,,,,,,
WQS1627,TELANGANA,Ambiguous / unresolved,,,,,9,2016,not reported,3.0,1320.0,29.0,False,High or Medium confidence and within 2 km of a HydroRIVERS reach,False,,,,,,,,,,,,
WQS1628,TELANGANA,Ambiguous / unresolved,,,,,3,2022,not reported,3.4,1231.0,24.0,False,High or Medium confidence and within 2 km of a HydroRIVERS reach,False,,,,,,,,,,,,
WQS1629,TELANGANA,Ambiguous / unresolved,,,,,3,2022,not reported,6.0,2143.0,27.0,False,High or Medium confidence and within 2 km of a HydroRIVERS reach,False,,,,,,,,,,,,
WQS1630,TELANGANA,Ambiguous / unresolved,,,,,3,2022,not reported,3.8,872.0,26.0,False,High or Medium confidence and within 2 km of a HydroRIVERS reach,False,,,,,,,,,,,,
WQS1631,TELANGANA,Ambiguous / unresolved,,,,,9,2016,not reported,3.0,758.0,25.0,False,High or Medium confidence and within 2 km of a HydroRIVERS reach,False,,,,,,,,,,,,
WQS1632,TELANGANA,Ambiguous / unresolved,,,,,9,2016,not reported,3.2,515.0,27.0,False,High or Medium confidence and within 2 km of a HydroRIVERS reach,False,,,,,,,,,,,,
WQS1633,TELANGANA,Ambiguous / unresolved,,,,,3,2022,not reported,12.0,1773.0,22.0,False,High or Medium confidence and within 2 km of a HydroRIVERS reach,False,,,,,,,,,,,,
WQS1634,TELANGANA,Ambiguous / unresolved,,,,,4,2021,not reported,3.5,1111.5,30.5,False,High or Medium confidence and within 2 km of a HydroRIVERS reach,False,,,,,,,,,,,,
WQS1635,TELANGANA,Ambiguous / unresolved,,,,,9,2016,not reported,32.0,1580.0,28.0,False,High or Medium confidence and within 2 km of a HydroRIVERS reach,False,,,,,,,,,,,,
WQS1636,TELANGANA,Ambiguous / unresolved,,,,,3,2022,not reported,16.0,1794.0,28.9,False,High or Medium confidence and within 2 km of a HydroRIVERS reach,False,,,,,,,,,,,,
WQS1637,TELANGANA,Ambiguous / unresolved,,,,,3,2022,not reported,14.0,1526.0,29.0,False,High or Medium confidence and within 2 km of a HydroRIVERS reach,False,,,,,,,,,,,,
WQS1638,TELANGANA,Ambiguous / unresolved,,,,,3,2022,not reported,4.1,1995.0,24.0,False,High or Medium confidence and within 2 km of a HydroRIVERS reach,False,,,,,,,,,,,,
WQS1639,TELANGANA,Ambiguous / unresolved,,,,,3,2022,not reported,16.0,1474.0,28.0,False,High or Medium confidence and within 2 km of a HydroRIVERS reach,False,,,,,,,,,,,,
WQS1640,TELANGANA,Ambiguous / unresolved,,,,,9,2016,not reported,43.0,1599.0,30.0,False,High or Medium confidence and within 2 km of a HydroRIVERS reach,False,,,,,,,,,,,,
WQS1641,TELANGANA,Ambiguous / unresolved,,,,,3,2022,not reported,14.0,1502.0,29.0,False,High or Medium confidence and within 2 km of a HydroRIVERS reach,False,,,,,,,,,,,,
WQS1642,TELANGANA,Ambiguous / unresolved,,,,,3,2022,not reported,8.0,1504.0,27.2,False,High or Medium confidence and within 2 km of a HydroRIVERS reach,False,,,,,,,,,,,,
WQS1643,TELANGANA,Ambiguous / unresolved,,,,,3,2022,not reported,6.1,1832.0,23.0,False,High or Medium confidence and within 2 km of a HydroRIVERS reach,False,,,,,,,,,,,,
WQS1644,TELANGANA,Ambiguous / unresolved,,,,,3,2022,not reported,5.8,1802.0,23.0,False,High or Medium confidence and within 2 km of a HydroRIVERS reach,False,,,,,,,,,,,,
WQS1645,TELANGANA,Ambiguous / unresolved,,,,,3,2022,not reported,3.9,1648.0,24.0,False,High or Medium confidence and within 2 km of a HydroRIVERS reach,False,,,,,,,,,,,,
WQS1646,TELANGANA,Ambiguous / unresolved,,,,,1,2021,not reported,2.1,524.0,25.0,False,High or Medium confidence and within 2 km of a HydroRIVERS reach,False,,,,,,,,,,,,
WQS1647,TELANGANA,Ambiguous / unresolved,,,,,3,2019,not reported,3.0,802.0,24.0,False,High or Medium confidence and within 2 km of a HydroRIVERS reach,False,,,,,,,,,,,,
WQS1648,TRIPURA,Ambiguous / unresolved,,,,,1,2022,not reported,2.7,247.0,31.5,False,High or Medium confidence and within 2 km of a HydroRIVERS reach,False,,,,,,,,,,,,
WQS1649,TRIPURA,Ambiguous / unresolved,,,,,1,2022,not reported,2.2,191.0,31.5,False,High or Medium confidence and within 2 km of a HydroRIVERS reach,False,,,,,,,,,,,,
WQS1650,TRIPURA,Ambiguous / unresolved,,,,,1,2022,not reported,2.4,199.0,31.0,False,High or Medium confidence and within 2 km of a HydroRIVERS reach,False,,,,,,,,,,,,
WQS1651,TRIPURA,Ambiguous / unresolved,,,,,1,2022,not reported,1.9,192.0,30.5,False,High or Medium confidence and within 2 km of a HydroRIVERS reach,False,,,,,,,,,,,,
WQS1652,TRIPURA,Ambiguous / unresolved,,,,,1,2022,not reported,1.7,184.0,31.0,False,High or Medium confidence and within 2 km of a HydroRIVERS reach,False,,,,,,,,,,,,
WQS1653,TRIPURA,Ambiguous / unresolved,,,,,1,2022,not reported,2.2,184.0,30.0,False,High or Medium confidence and within 2 km of a HydroRIVERS reach,False,,,,,,,,,,,,
WQS1654,TRIPURA,Ambiguous / unresolved,,,,,1,2022,not reported,1.9,191.0,30.5,False,High or Medium confidence and within 2 km of a HydroRIVERS reach,False,,,,,,,,,,,,
WQS1655,TRIPURA,Medium,23.940232,91.99949,4060949690.0,4040025450.0,3,2022,monthly,1.9,189.0,30.5,True,High or Medium confidence and within 2 km of a HydroRIVERS reach,True,490.70000000000005,2177.588888888889,2.6908160579809155,3.3379758918845375,41030579.0,143.0,583.2,26.491,110688.0,110688.0,4178.3,0.0
WQS1656,TRIPURA,Medium,24.32383,92.009755,4060949690.0,4040025450.0,6,2016,monthly,2.0,180.0,29.75,True,High or Medium confidence and within 2 km of a HydroRIVERS reach,True,1024.488888888889,2937.1000000000004,3.010507252614802,3.4679187332810084,41010177.0,809.0,5.1,0.289,542851.0,60824.0,1878377.2,0.0
WQS1657,TRIPURA,Medium,24.158618,92.028423,4060949690.0,4040025450.0,6,2016,monthly,1.85,177.0,29.75,True,High or Medium confidence and within 2 km of a HydroRIVERS reach,True,986.0666666666667,2940.133333333333,2.993906278010889,3.468367025860423,41018827.0,661.0,1945.0,90.306,482027.0,479131.0,5337.7,0.0
WQS1658,TRIPURA,Medium,23.066944,91.65281,4060025270.0,4040024190.0,3,2022,monthly,1.9,191.0,31.0,True,High or Medium confidence and within 2 km of a HydroRIVERS reach,True,392.05555555555554,1091.8333333333333,2.593347612330828,3.0381563490482963,41076221.0,713.0,180.8,10.065,62923.0,62923.0,6251.7,0.0
WQS1659,TRIPURA,Medium,23.99611,91.98954,4060949690.0,4040025450.0,6,2016,monthly,2.0,179.5,29.75,True,High or Medium confidence and within 2 km of a HydroRIVERS reach,True,627.3111111111111,2883.011111111111,2.797482979951662,3.459846316160301,41027259.0,649.0,667.2,29.884,110688.0,110688.0,3703.9,0.0
WQS1660,UTTAR PRADESH,Medium,25.502474,81.855439,4060911460.0,4040025450.0,9,2016,monthly,3.2,334.0,30.3,True,High or Medium confidence and within 2 km of a HydroRIVERS reach,True,6961.633333333333,11043.733333333334,3.842711145420038,4.043115911435168,40943465.0,993.0,93379.1,997.426,56829445.0,1926595.0,56976.1,0.011
WQS1661,UTTAR PRADESH,Medium,25.419206,81.900522,4060915590.0,4040025450.0,9,2016,monthly,3.4,369.0,30.3,True,High or Medium confidence and within 2 km of a HydroRIVERS reach,True,7563.577777777778,5554.166666666667,3.8787272771931955,3.7446189077022534,40948597.0,832.0,440371.6,3061.841,240600779.0,4909982.0,78580.4,0.007
WQS1662,UTTAR PRADESH,Medium,26.610906,80.275419,4060911460.0,4040025450.0,9,2016,monthly,3.8,380.0,32.0,True,High or Medium confidence and within 2 km of a HydroRIVERS reach,True,691.8666666666667,4237.9222222222215,2.8400224073032274,3.62715298192417,40880081.0,762.0,86246.1,998.6,46984305.0,611086.0,47050.2,0.011
WQS1663,UTTAR PRADESH,Medium,26.074386,81.024075,4060911460.0,4040025450.0,9,2016,monthly,4.5,397.0,26.0,True,High or Medium confidence and within 2 km of a HydroRIVERS reach,True,769.5555555555555,461.71111111111105,2.886239977774117,2.6643703260048555,40911857.0,805.0,91298.3,1010.955,53725547.0,715550.0,53143.4,0.012
WQS1664,UTTAR PRADESH,Medium,28.76062,78.143766,4060854010.0,4040025450.0,9,2016,monthly,2.9,260.0,26.0,True,High or Medium confidence and within 2 km of a HydroRIVERS reach,True,783.5222222222222,4590.811111111111,2.8940513184199568,3.6618894240904063,40746307.0,285.0,29010.1,610.42,6845801.0,489827.0,11214.9,0.023
WQS1665,UTTAR PRADESH,Medium,27.927803,78.866289,4060854010.0,4040025450.0,9,2016,monthly,1.6,255.0,28.0,True,High or Medium confidence and within 2 km of a HydroRIVERS reach,True,423.35555555555555,322.6111111111111,2.6267052632485517,2.508679320930018,40799231.0,583.0,33312.5,614.295,9217532.0,476629.0,15005.1,0.02
WQS1666,UTTAR PRADESH,Medium,25.443124,81.887148,4060911460.0,4040025450.0,9,2016,monthly,3.3,296.0,30.1,True,High or Medium confidence and within 2 km of a HydroRIVERS reach,True,9942.611111111111,7015.033333333334,3.9975004530322,3.8460297390063367,40947161.0,132.0,93854.0,1000.619,57817348.0,2753544.0,57781.6,0.011
WQS1667,UTTAR PRADESH,Medium,25.774293,81.382673,4060911460.0,4040025450.0,9,2016,monthly,4.3,397.0,26.0,True,High or Medium confidence and within 2 km of a HydroRIVERS reach,True,1189.7333333333333,284.1222222222222,3.0754496295942966,2.4535052027868485,40927587.0,696.0,91981.9,1005.778,54298550.0,667589.0,53986.6,0.012
WQS1668,UTTAR PRADESH,Medium,27.010953,79.986442,4060911460.0,4040025450.0,9,2016,monthly,4.9,439.0,33.0,True,High or Medium confidence and within 2 km of a HydroRIVERS reach,True,467.7555555555556,437.84444444444443,2.670018954339431,2.641319843566526,40855005.0,189.0,82376.9,992.904,44852275.0,751010.0,45172.8,0.011
WQS1669,UTTAR PRADESH,Medium,27.138451,79.930775,4060911460.0,4040025450.0,9,2016,monthly,4.1,396.0,33.0,True,High or Medium confidence and within 2 km of a HydroRIVERS reach,True,193.77777777777777,0.0,2.2873039711572236,-0.3010299956639812,40847199.0,468.0,82188.1,1011.726,44778068.0,1470896.0,44259.1,0.011
WQS1670,UTTAR PRADESH,Medium,26.436185,80.40961,4060911460.0,4040025450.0,9,2016,monthly,6.1,516.0,32.0,True,High or Medium confidence and within 2 km of a HydroRIVERS reach,True,7028.988888888889,8737.833333333334,3.8468928568038843,3.9414037566582873,40888682.0,115.0,86935.9,998.26,49653395.0,2920977.0,49739.9,0.012
WQS1671,UTTAR PRADESH,Medium,26.505542,80.314344,4060911460.0,4040025450.0,9,2016,monthly,4.4,416.0,32.0,True,High or Medium confidence and within 2 km of a HydroRIVERS reach,True,9661.755555555555,9650.2,3.9850560455479043,3.984536314172425,40884633.0,77.0,45.5,0.227,48418609.0,1192754.0,213297837.0,0.012
WQS1672,UTTAR PRADESH,Medium,28.1897,78.395878,4060854010.0,4040025450.0,9,2016,monthly,2.8,234.0,29.0,True,High or Medium confidence and within 2 km of a HydroRIVERS reach,True,1032.8000000000002,3417.1555555555556,3.014016229258364,3.533664749176791,40777961.0,440.0,29921.8,608.203,7368775.0,356325.0,12115.7,0.023
WQS1673,UTTAR PRADESH,Ambiguous / unresolved,,,,,6,2016,not reported,4.7,547.0,31.25,False,High or Medium confidence and within 2 km of a HydroRIVERS reach,False,,,,,,,,,,,,
WQS1674,UTTAR PRADESH,Medium,28.274208,78.324338,4060854010.0,4040025450.0,9,2016,monthly,2.6,236.0,28.0,True,High or Medium confidence and within 2 km of a HydroRIVERS reach,True,393.6666666666667,1045.6,2.5951286428938523,3.019365574572488,40773623.0,141.0,29768.6,608.248,7221952.0,289149.0,11873.4,0.023
WQS1675,UTTAR PRADESH,Medium,25.177058,82.602225,4060909110.0,4040025450.0,9,2016,monthly,3.9,536.0,30.0,True,High or Medium confidence and within 2 km of a HydroRIVERS reach,True,3794.4555555555553,5142.466666666666,3.5791494703025193,3.7111714852905053,40961956.0,838.0,460039.6,3256.378,252631384.0,1954247.0,77580.5,0.006
WQS1676,UTTAR PRADESH,Medium,28.364396,78.270269,4060854010.0,4040025450.0,9,2016,monthly,2.8,242.0,28.0,True,High or Medium confidence and within 2 km of a HydroRIVERS reach,True,925.1999999999999,5333.644444444444,2.966235624098582,3.7270240610421648,40767644.0,96.0,29611.4,608.795,7162013.0,316212.0,11764.2,0.023
WQS1677,UTTAR PRADESH,Medium,25.244031,82.418272,4060909110.0,4040025450.0,9,2016,monthly,3.2,540.0,30.0,True,High or Medium confidence and within 2 km of a HydroRIVERS reach,True,1513.4333333333334,1922.7888888888888,3.1799632950625694,3.2839316038309665,40958330.0,624.0,459171.3,3253.61,251120974.0,1125569.0,77182.3,0.006
WQS1678,UTTAR PRADESH,Medium,26.169467,83.868992,4060901850.0,4040025450.0,9,2016,monthly,4.0,540.0,26.0,True,High or Medium confidence and within 2 km of a HydroRIVERS reach,True,997.1666666666666,2363.7333333333336,2.9987677524584027,3.3735984796566356,40904901.0,373.0,123508.4,3139.78,38135224.0,1920917.0,12145.8,0.526
WQS1679,UTTAR PRADESH,Medium,26.833275,80.995211,4060909020.0,4040025450.0,9,2016,monthly,13.8,813.0,34.25,True,High or Medium confidence and within 2 km of a HydroRIVERS reach,True,12990.166666666666,6412.944444444444,4.113614723201535,3.807057477625687,40865499.0,710.0,9436.1,93.149,10198371.0,5809760.0,109484.5,0.0
WQS1680,UTTAR PRADESH,Medium,26.862031,80.931322,4060909020.0,4040025450.0,9,2016,monthly,4.0,508.0,33.65,True,High or Medium confidence and within 2 km of a HydroRIVERS reach,True,23702.544444444444,21943.51111111111,4.374794969591,4.341306118871359,40863199.0,180.0,9336.1,93.012,10198371.0,5809760.0,109645.8,0.0
WQS1681,UTTAR PRADESH,Medium,27.572878,80.67895,4060909020.0,4040025450.0,9,2016,monthly,2.7,471.0,33.5,True,High or Medium confidence and within 2 km of a HydroRIVERS reach,True,3868.9555555555553,18611.82222222222,3.5875937408125247,4.2697888955549415,40818665.0,4.0,950.9,11.916,814681.0,469606.0,68368.7,0.0
WQS1682,UTTAR PRADESH,Medium,25.507856,83.158181,4060909020.0,4040025450.0,9,2016,monthly,4.0,518.0,31.0,True,High or Medium confidence and within 2 km of a HydroRIVERS reach,True,1564.5666666666666,840.5777777777778,3.194394073297875,2.9245779044464153,40942743.0,174.0,30936.5,221.226,34362686.0,1779020.0,155328.4,0.0
WQS1683,UTTAR PRADESH,Ambiguous / unresolved,,,,,4,2016,not reported,3.9,778.0,34.9,False,High or Medium confidence and within 2 km of a HydroRIVERS reach,False,,,,,,,,,,,,
WQS1684,UTTAR PRADESH,Medium,28.673761,77.402644,4060816250.0,4040025450.0,8,2016,monthly,61.0,1498.5,26.0,True,High or Medium confidence and within 2 km of a HydroRIVERS reach,True,19020.722222222223,11547.266666666666,4.279227003199235,4.062479195304561,40749452.0,280.0,5465.9,27.072,7634902.0,2234840.0,282022.1,0.0
WQS1685,UTTAR PRADESH,Medium,27.161314,79.919914,4060856670.0,4040025450.0,9,2016,monthly,6.0,750.0,32.0,True,High or Medium confidence and within 2 km of a HydroRIVERS reach,True,192.7111111111111,0.8,2.284906755418968,-0.09691001300805639,40844981.0,924.0,7038.4,80.29,3722148.0,522164.0,46358.8,0.0
WQS1686,UTTAR PRADESH,Medium,27.190822,79.818261,4060855780.0,4040025450.0,9,2016,monthly,5.6,612.0,33.0,True,High or Medium confidence and within 2 km of a HydroRIVERS reach,True,150.77777777777777,4.511111111111111,2.178337338220412,0.6542835241378693,40843425.0,852.0,24962.3,304.025,16700035.0,190761.0,54929.8,0.011
WQS1687,UTTAR PRADESH,Medium,26.754692,83.334211,4060883570.0,4040025450.0,9,2016,monthly,4.7,416.0,26.0,True,High or Medium confidence and within 2 km of a HydroRIVERS reach,True,9253.877777777778,4296.788888888888,3.9663237591808214,3.6331440163222744,40876784.0,102.0,21809.7,523.353,8764409.0,2556135.0,16746.6,0.379
WQS1688,UTTAR PRADESH,Medium,24.261214,83.009353,4060903120.0,4040025450.0,8,2016,monthly,3.3,325.0,29.0,True,High or Medium confidence and within 2 km of a HydroRIVERS reach,True,534.6666666666666,75.1888888888889,2.728083109228482,1.876153667044144,41014267.0,106.0,12951.5,233.862,4111808.0,1219831.0,17582.2,0.04
WQS1689,UTTAR PRADESH,Medium,24.339814,83.003589,4060903120.0,4040025450.0,8,2016,monthly,2.35,307.0,28.8,True,High or Medium confidence and within 2 km of a HydroRIVERS reach,True,123.08888888888889,8.844444444444445,2.09021885137134,0.9466705582983442,41010570.0,1408.0,21.5,0.291,4177741.0,50903.0,14356498.3,0.039
WQS1690,UTTAR PRADESH,Low,28.731344,77.148188,4060816480.0,4040025450.0,3,2022,quarterly,145.0,699.0,31.0,False,High or Medium confidence and within 2 km of a HydroRIVERS reach,True,23314.088888888888,24625.98888888889,4.36761844795866,4.391393679184455,40744207.0,288.0,49.5,0.013,33580436.0,1073414.0,2583110461.5,0.004
WQS1691,UTTAR PRADESH,Medium,29.491551,77.990514,4060854010.0,4040025450.0,5,2019,quarterly,2.7,518.0,31.2,True,High or Medium confidence and within 2 km of a HydroRIVERS reach,True,315.9888888888889,3823.9333333333334,2.499671811798525,3.5825103121558817,40707697.0,1522.0,2009.3,25.046,1288405.0,1039720.0,51441.5,0.0
WQS1692,UTTAR PRADESH,Medium,25.94085,80.153822,4060895600.0,4040025450.0,8,2016,monthly,4.25,1017.0,34.95,True,High or Medium confidence and within 2 km of a HydroRIVERS reach,True,1115.4111111111113,1868.3333333333333,3.0474349663795057,3.2714543622113297,40917762.0,85.0,44105.0,498.422,15260400.0,325016.0,30617.4,0.003
WQS1693,UTTAR PRADESH,Medium,25.193044,78.539141,4060895600.0,4040025450.0,6,2019,quarterly,2.95,387.5,28.65,True,High or Medium confidence and within 2 km of a HydroRIVERS reach,True,290.7888888888889,454.14444444444445,2.4635778080108177,2.657194005826219,40960943.0,590.0,20775.8,275.682,6913006.0,557731.0,25076.0,0.006
WQS1694,UTTAR PRADESH,Medium,26.699063,78.935488,4060876840.0,4040025450.0,4,2021,quarterly,5.6,741.0,31.5,True,High or Medium confidence and within 2 km of a HydroRIVERS reach,True,507.8444444444445,504.53333333333336,2.705730705856991,2.7028898643380552,40874909.0,88.0,135964.5,690.499,42858801.0,249012.0,62069.3,0.007
WQS1695,UTTAR PRADESH,Medium,25.345102,82.479827,4060909110.0,4040025450.0,7,2018,monthly,3.8,530.0,31.5,False,High or Medium confidence and within 2 km of a HydroRIVERS reach,True,2582.1666666666665,3692.011111111111,3.411984270493387,3.5672629993655165,,,,,,,,
WQS1696,UTTAR PRADESH,Medium,26.46353,80.21007,4060911460.0,4040025450.0,2,2023,not reported,2.95,271.5,29.4,True,High or Medium confidence and within 2 km of a HydroRIVERS reach,True,5730.733333333334,2820.5555555555557,3.758210200020074,3.450334658301299,40888446.0,34.0,1228.6,4.981,1690410.0,1495658.0,339371.6,0.0
WQS1697,UTTAR PRADESH,Medium,25.259363,82.096478,4060909110.0,4040025450.0,7,2018,monthly,2.9,297.0,30.7,True,High or Medium confidence and within 2 km of a HydroRIVERS reach,True,1899.1777777777777,7893.177777777779,3.2785656199735373,3.8972518845155406,40956058.0,1250.0,11.8,0.103,249995405.0,320436.0,2427139854.4,0.006
WQS1698,UTTAR PRADESH,Medium,25.51411,83.850678,4060908790.0,4040025450.0,8,2017,monthly,3.9,379.0,32.0,True,High or Medium confidence and within 2 km of a HydroRIVERS reach,True,1398.8111111111111,5313.088888888889,3.145759073362027,3.7253470817917287,40941744.0,51.0,500845.8,3437.311,303929088.0,1345229.0,88420.6,0.006
WQS1699,UTTAR PRADESH,Medium,25.580128,83.589787,4060908790.0,4040025450.0,8,2017,monthly,4.699999999999999,393.0,32.0,True,High or Medium confidence and within 2 km of a HydroRIVERS reach,True,5005.122222222222,11742.422222222223,3.6994146871677,4.069757692247105,40939800.0,1121.0,499443.4,3423.473,302179410.0,1752481.0,88266.9,0.006
WQS1700,UTTAR PRADESH,Medium,26.434322,80.408587,4060911460.0,4040025450.0,8,2017,monthly,5.2,408.0,32.0,True,High or Medium confidence and within 2 km of a HydroRIVERS reach,True,7289.588888888889,11986.444444444445,3.8627030360927943,4.0786903768304485,40888682.0,215.0,86935.9,998.26,49653395.0,2920977.0,49739.9,0.012
WQS1701,UTTAR PRADESH,High,29.373472,78.040972,4060854010.0,4040025450.0,5,2020,quarterly,2.0,239.0,23.0,True,High or Medium confidence and within 2 km of a HydroRIVERS reach,True,176.92222222222222,655.8777777777777,2.247782385664713,2.81682291653707,40712720.0,146.0,27059.5,610.037,5665470.0,1089984.0,9287.1,0.025
WQS1702,UTTAR PRADESH,Medium,25.129278,82.877278,4060909110.0,4040025450.0,7,2018,monthly,3.8,542.0,31.5,True,High or Medium confidence and within 2 km of a HydroRIVERS reach,True,2222.644444444444,6400.644444444445,3.346869994338195,3.8062237028238792,40965195.0,482.0,461019.9,3261.064,253551872.0,1983939.0,77751.3,0.006
WQS1703,UTTAR PRADESH,Medium,26.474194,80.376139,4060911460.0,4040025450.0,8,2017,monthly,4.5,394.0,32.0,True,High or Medium confidence and within 2 km of a HydroRIVERS reach,True,9090.099999999999,10698.366666666667,3.95856866091276,4.029317478451609,40887500.0,315.0,86858.2,998.665,49465621.0,2990663.0,49531.7,0.012
WQS1704,UTTAR PRADESH,Medium,25.25658,83.02784,4060909110.0,4040025450.0,2,2023,not reported,3.1,352.0,25.0,True,High or Medium confidence and within 2 km of a HydroRIVERS reach,True,7101.888888888889,7420.466666666666,3.85137387335564,3.8704312185384873,40957039.0,75.0,462042.7,3255.398,256106141.0,2943782.0,78671.2,0.006
WQS1705,UTTAR PRADESH,Medium,28.802444,78.128722,4060854010.0,4040025450.0,8,2017,monthly,2.6,257.0,27.5,True,High or Medium confidence and within 2 km of a HydroRIVERS reach,True,999.7333333333333,122.8111111111111,2.999884172693832,2.089237660583226,40741021.0,558.0,52.1,0.263,6742175.0,80545.0,25635646.4,0.023
WQS1706,UTTAR PRADESH,Medium,27.398639,79.627389,4060854010.0,4040025450.0,7,2018,monthly,3.7,346.0,33.0,True,High or Medium confidence and within 2 km of a HydroRIVERS reach,True,4478.2444444444445,5173.288888888888,3.651107795803063,3.71376673113423,40829697.0,74.0,39299.7,632.851,13599647.0,982267.0,21489.5,0.017
WQS1707,UTTAR PRADESH,Medium,29.373468,78.040547,4060854010.0,4040025450.0,7,2018,monthly,1.5,258.0,,True,High or Medium confidence and within 2 km of a HydroRIVERS reach,True,176.72222222222223,655.088888888889,2.247291164004057,2.8163002333272744,40712720.0,110.0,27059.5,610.037,5665470.0,1089984.0,9287.1,0.025
WQS1708,UTTAR PRADESH,Ambiguous / unresolved,,,,,1,2022,not reported,6.8,612.0,28.6,False,High or Medium confidence and within 2 km of a HydroRIVERS reach,False,,,,,,,,,,,,
WQS1709,UTTAR PRADESH,Medium,25.578175,83.609594,4060908790.0,4040025450.0,5,2020,monthly,4.7,659.0,31.0,True,High or Medium confidence and within 2 km of a HydroRIVERS reach,True,4078.7999999999997,3251.922222222222,3.6105324106306846,3.5121401498175877,40939800.0,164.0,499443.4,3423.473,302179410.0,1752481.0,88266.9,0.006
WQS1710,UTTAR PRADESH,Medium,25.321486,83.035285,4060909110.0,4040025450.0,9,2016,monthly,4.3,550.0,31.0,True,High or Medium confidence and within 2 km of a HydroRIVERS reach,True,12224.422222222223,8196.099999999999,4.087228341690916,3.9136072485558104,40954724.0,210.0,462110.8,3243.449,256106141.0,2848976.0,78961.1,0.006
WQS1711,UTTAR PRADESH,Medium,25.289358,83.006389,4060909110.0,4040025450.0,9,2016,monthly,3.2,512.0,31.0,True,High or Medium confidence and within 2 km of a HydroRIVERS reach,True,16522.655555555553,16473.466666666667,4.218079849306359,4.216785001463552,40954724.0,28.0,462110.8,3243.449,256106141.0,2848976.0,78961.1,0.006
WQS1712,UTTAR PRADESH,Low,25.94777,83.57536,4060903560.0,4040025450.0,2,2023,not reported,2.95,279.5,29.35,False,High or Medium confidence and within 2 km of a HydroRIVERS reach,True,6018.022222222222,13748.577777777777,3.779453787088121,4.138257774878343,40916579.0,16.0,5922.4,64.145,8719533.0,2356750.0,135934.7,0.0
WQS1713,UTTAR PRADESH,Medium,26.49653,80.32371,4060911460.0,4040025450.0,2,2023,not reported,4.35,554.0,31.0,True,High or Medium confidence and within 2 km of a HydroRIVERS reach,True,11643.533333333333,13614.344444444445,4.066084790822112,4.133996734106776,40884633.0,688.0,45.5,0.227,48418609.0,1192754.0,213297837.0,0.012
WQS1714,UTTAR PRADESH,Medium,28.82432,78.15491,4060854010.0,4040025450.0,2,2023,not reported,1.55,362.0,,True,High or Medium confidence and within 2 km of a HydroRIVERS reach,True,401.93333333333334,839.0444444444444,2.6041540248096715,2.923784966151404,40740782.0,271.0,28886.3,611.249,6742175.0,669939.0,11030.2,0.023
WQS1715,UTTAR PRADESH,Medium,25.42065,83.18348,4060909110.0,4040025450.0,2,2023,not reported,3.8,489.0,29.5,True,High or Medium confidence and within 2 km of a HydroRIVERS reach,True,1463.5555555555557,1659.5333333333333,3.1654092126005455,3.2199859800572725,40948602.0,302.0,465623.5,3229.554,264008878.0,5478924.0,81747.8,0.006
WQS1716,UTTAR PRADESH,Medium,26.88033,80.09931,4060911460.0,4040025450.0,2,2023,not reported,3.75,381.0,31.0,True,High or Medium confidence and within 2 km of a HydroRIVERS reach,True,231.94444444444446,592.9777777777778,2.365383974716315,2.773038418205202,40862981.0,34.0,82540.1,990.354,44891498.0,519567.0,45328.7,0.011
WQS1717,UTTAR PRADESH,Medium,25.41057,83.55134,4060908790.0,4040025450.0,2,2023,not reported,3.4000000000000004,485.0,30.0,True,High or Medium confidence and within 2 km of a HydroRIVERS reach,True,1660.4666666666667,3756.4111111111106,3.2202301617001163,3.5747731164791996,40947394.0,552.0,497613.3,3405.861,299696137.0,1324573.0,87994.2,0.006
WQS1718,UTTAR PRADESH,Medium,26.278524,83.513885,4060883690.0,4040025450.0,9,2016,monthly,5.4,410.0,28.0,True,High or Medium confidence and within 2 km of a HydroRIVERS reach,True,2213.3999999999996,8161.966666666666,3.345059905610447,3.911794816789581,40897600.0,899.0,97069.6,2544.629,22311156.0,1579603.0,8767.9,0.584
WQS1719,UTTAR PRADESH,Medium,27.157858,80.814725,4060909020.0,4040025450.0,6,2017,monthly,3.55,506.0,31.45,True,High or Medium confidence and within 2 km of a HydroRIVERS reach,True,483.79999999999995,282.06666666666666,2.684665864025861,2.4503517662756136,40846042.0,419.0,7542.1,82.091,4182979.0,967825.0,50955.4,0.0
WQS1720,UTTAR PRADESH,Medium,27.20118,80.765942,4060909020.0,4040025450.0,6,2017,monthly,3.2,493.8,31.200000000000003,True,High or Medium confidence and within 2 km of a HydroRIVERS reach,True,292.18888888888887,105.63333333333334,2.465663696930269,2.023800984470638,40841712.0,98.0,5031.5,53.914,2240779.0,336218.0,41562.1,0.0
WQS1721,UTTAR PRADESH,Medium,26.736951,81.23135,4060909020.0,4040025450.0,6,2017,monthly,6.8,725.0,35.8,True,High or Medium confidence and within 2 km of a HydroRIVERS reach,True,860.2888888888889,397.67777777777775,2.934644313781328,2.599531323301469,40870727.0,286.0,10722.5,100.373,12400317.0,7034706.0,123542.4,0.0
WQS1722,UTTAR PRADESH,Medium,26.748711,81.200905,4060909020.0,4040025450.0,6,2017,monthly,7.25,741.0,35.6,True,High or Medium confidence and within 2 km of a HydroRIVERS reach,True,1038.2222222222222,145.64444444444445,3.0162903203289995,2.1632939232710133,40870438.0,275.0,10467.0,99.249,11964509.0,6598898.0,120550.4,0.0
WQS1723,UTTAR PRADESH,Medium,26.642458,81.607771,4060909020.0,4040025450.0,6,2017,monthly,4.25,507.5,34.15,True,High or Medium confidence and within 2 km of a HydroRIVERS reach,True,648.3111111111111,1007.7444444444445,2.811783464843521,3.003350412626357,40877290.0,149.0,13369.0,123.064,14614178.0,1451165.0,118752.7,0.0
WQS1724,UTTAR PRADESH,Medium,26.692102,81.540094,4060909020.0,4040025450.0,6,2017,monthly,4.05,495.0,33.95,True,High or Medium confidence and within 2 km of a HydroRIVERS reach,True,509.96666666666664,535.4444444444445,2.707541789910018,2.7287144168618838,40875386.0,727.0,11200.4,100.522,12806294.0,476896.0,127397.9,0.0
WQS1725,UTTAR PRADESH,Medium,25.751611,82.726469,4060909020.0,4040025450.0,9,2016,monthly,4.4,524.0,31.0,True,High or Medium confidence and within 2 km of a HydroRIVERS reach,True,4885.844444444444,1347.7333333333333,3.688939635786244,3.129603969856177,40930239.0,79.0,18143.5,149.327,20323575.0,1580683.0,136101.1,0.0
WQS1726,UTTAR PRADESH,Medium,25.748703,82.68484,4060909020.0,4040025450.0,7,2017,monthly,3.3,492.0,31.0,True,High or Medium confidence and within 2 km of a HydroRIVERS reach,True,6040.266666666666,22347.255555555555,3.7810561123471853,4.349224195465138,40928571.0,85.0,18033.3,148.729,20323575.0,1822609.0,136648.4,0.0
WQS1727,UTTAR PRADESH,Medium,27.807317,80.43667,4060909020.0,4040025450.0,6,2017,monthly,11.1,699.7,34.2,True,High or Medium confidence and within 2 km of a HydroRIVERS reach,True,430.4888888888889,382.7888888888889,2.633961946599158,2.5829593231375205,40807064.0,134.0,916.7,12.354,407287.0,290090.0,32968.0,0.0
WQS1728,UTTAR PRADESH,Medium,27.820752,80.430492,4060909020.0,4040025450.0,6,2017,monthly,10.25,689.1,34.35,True,High or Medium confidence and within 2 km of a HydroRIVERS reach,True,415.7555555555556,237.39999999999998,2.618838061213268,2.3754807146185724,40807064.0,73.0,916.7,12.354,407287.0,290090.0,32968.0,0.0
WQS1729,UTTAR PRADESH,Medium,27.264416,80.536883,4060909020.0,4040025450.0,6,2017,monthly,3.0,454.5,31.700000000000003,True,High or Medium confidence and within 2 km of a HydroRIVERS reach,True,222.58888888888887,166.36666666666667,2.3475034815859313,2.22106631514646,40837963.0,184.0,4565.5,50.089,2101045.0,562160.0,41946.2,0.0
WQS1730,UTTAR PRADESH,Medium,27.350312,80.460211,4060909020.0,4040025450.0,6,2017,monthly,2.8,455.5,31.55,True,High or Medium confidence and within 2 km of a HydroRIVERS reach,True,593.5333333333333,330.70000000000005,2.7734451143204613,2.519434194913703,40832490.0,143.0,4187.7,47.789,1998843.0,559773.0,41826.4,0.0
WQS1731,UTTAR PRADESH,Medium,25.736173,82.739971,4060909020.0,4040025450.0,6,2017,monthly,13.9,805.0,35.15,True,High or Medium confidence and within 2 km of a HydroRIVERS reach,True,3184.866666666667,1809.611111111111,3.503091255464773,3.2575852541814183,40930239.0,38.0,18143.5,149.327,20323575.0,1580683.0,136101.1,0.0
WQS1732,UTTAR PRADESH,Medium,25.769442,82.66231,4060909020.0,4040025450.0,6,2017,monthly,13.2,788.5,35.0,True,High or Medium confidence and within 2 km of a HydroRIVERS reach,True,5409.111111111111,2939.811111111111,3.7331259025821675,3.468319426998046,40927864.0,115.0,17978.4,148.59,19917080.0,1590197.0,134040.5,0.0
WQS1733,UTTAR PRADESH,Medium,26.264406,82.142486,4060909020.0,4040025450.0,5,2017,monthly,4.8,469.0,28.0,True,High or Medium confidence and within 2 km of a HydroRIVERS reach,True,1546.888888888889,1184.6666666666667,3.189459119985445,3.0735961687496203,40899268.0,19.0,16225.9,137.96,17414624.0,1079227.0,126229.5,0.0
WQS1734,UTTAR PRADESH,Medium,26.289367,82.066786,4060909020.0,4040025450.0,5,2017,monthly,4.9,447.0,28.0,True,High or Medium confidence and within 2 km of a HydroRIVERS reach,True,4045.3777777777777,1352.788888888889,3.606959084450972,3.1312300275331655,40897370.0,192.0,15986.9,136.222,17145776.0,1295345.0,125866.4,0.0
WQS1735,UTTAR PRADESH,Medium,28.635922,77.394341,4060816250.0,4040025450.0,6,2019,monthly,70.0,1000.0,23.0,True,High or Medium confidence and within 2 km of a HydroRIVERS reach,True,21121.033333333333,15057.944444444445,4.324715161967197,4.177765690499179,40750902.0,57.0,5492.5,27.099,7634902.0,2234840.0,281741.1,0.0
WQS1736,UTTAR PRADESH,Medium,29.092361,77.423293,4060816250.0,4040025450.0,5,2019,monthly,56.0,890.0,23.0,True,High or Medium confidence and within 2 km of a HydroRIVERS reach,True,586.7666666666667,347.31111111111113,2.7684654342545514,2.540718677399603,40725779.0,363.0,1064.8,3.516,959225.0,412786.0,272817.1,0.0
WQS1737,UTTAR PRADESH,Medium,29.128032,77.447746,4060816250.0,4040025450.0,5,2019,monthly,58.0,900.0,23.0,True,High or Medium confidence and within 2 km of a HydroRIVERS reach,True,653.6111111111111,176.76666666666668,2.815319426408734,2.2474003723989004,40725780.0,351.0,3443.9,21.399,4325446.0,735409.0,202133.1,0.0
WQS1738,UTTAR PRADESH,Medium,28.733891,77.385236,4060816250.0,4040025450.0,6,2019,monthly,26.5,793.0,26.0,True,High or Medium confidence and within 2 km of a HydroRIVERS reach,True,2253.588888888889,1205.5444444444445,3.352874692734311,3.0811832260126586,40746980.0,123.0,5432.4,27.038,7634902.0,2350231.0,282376.7,0.0
WQS1739,UTTAR PRADESH,Medium,28.615167,77.404766,4060816250.0,4040025450.0,2,2023,monthly,43.0,600.0,33.0,True,High or Medium confidence and within 2 km of a HydroRIVERS reach,True,17034.644444444442,14776.733333333334,4.231333073188469,4.1695784359458,40750902.0,366.0,5492.5,27.099,7634902.0,2234840.0,281741.1,0.0
WQS1740,UTTAR PRADESH,Ambiguous / unresolved,,,,,2,2019,not reported,55.0,805.0,23.0,False,High or Medium confidence and within 2 km of a HydroRIVERS reach,False,,,,,,,,,,,,
WQS1741,UTTAR PRADESH,Medium,28.664419,77.399531,4060816250.0,4040025450.0,6,2019,monthly,44.5,1516.5,27.0,True,High or Medium confidence and within 2 km of a HydroRIVERS reach,True,20891.644444444442,8586.433333333332,4.319972625956369,3.9338128023272763,40749452.0,155.0,5465.9,27.072,7634902.0,2234840.0,282022.1,0.0
WQS1742,UTTAR PRADESH,Medium,28.685329,77.392467,4060816250.0,4040025450.0,6,2019,monthly,28.0,769.0,26.0,True,High or Medium confidence and within 2 km of a HydroRIVERS reach,True,15549.122222222222,11972.777777777777,4.191705877298216,4.078194921802065,40746980.0,700.0,5432.4,27.038,7634902.0,2350231.0,282376.7,0.0
WQS1743,UTTAR PRADESH,Medium,28.500649,77.449952,4060816250.0,4040025450.0,2,2023,monthly,27.0,1275.0,26.0,True,High or Medium confidence and within 2 km of a HydroRIVERS reach,True,7575.944444444444,3397.1777777777775,3.8794367812592507,3.5311182745378744,40757050.0,1065.0,5782.1,27.787,10178982.0,4637907.0,366321.7,0.0
WQS1744,UTTAR PRADESH,Medium,28.572133,77.422989,4060816250.0,4040025450.0,2,2023,monthly,23.5,4195.5,,True,High or Medium confidence and within 2 km of a HydroRIVERS reach,True,11371.488888888889,2734.1222222222223,4.0558173313452075,3.436817924734453,40757050.0,62.0,5782.1,27.787,10178982.0,4637907.0,366321.7,0.0
WQS1745,UTTAR PRADESH,Medium,29.910025,77.600275,4060816250.0,4040025450.0,7,2016,monthly,48.0,750.0,26.0,True,High or Medium confidence and within 2 km of a HydroRIVERS reach,True,1762.4333333333334,628.9888888888888,3.246112698138303,2.7986429736855483,40690034.0,102.0,418.3,5.688,350387.0,350387.0,61601.1,0.0
WQS1746,UTTAR PRADESH,Medium,29.186169,77.494114,4060816250.0,4040025450.0,8,2016,monthly,68.0,1035.0,23.0,True,High or Medium confidence and within 2 km of a HydroRIVERS reach,True,477.53333333333336,1177.3666666666666,2.6790036921029405,3.070911736005065,40722928.0,28.0,3289.1,20.944,4206754.0,1567508.0,200857.2,0.0
WQS1747,UTTAR PRADESH,Medium,28.980857,77.790428,4060854130.0,4040025450.0,9,2016,monthly,68.0,1590.0,23.0,True,High or Medium confidence and within 2 km of a HydroRIVERS reach,True,2918.9333333333334,698.2666666666667,3.4652241760787676,2.844021310509786,40731775.0,81.0,880.1,4.181,1841854.0,1644492.0,440529.5,0.0
WQS1748,UTTAR PRADESH,Medium,29.432533,77.675953,4060816250.0,4040025450.0,6,2019,monthly,41.0,735.0,24.0,True,High or Medium confidence and within 2 km of a HydroRIVERS reach,True,4360.644444444445,766.6111111111111,3.639550676879584,2.8845751095430052,40712344.0,108.0,1139.7,7.989,1299901.0,1299901.0,162711.4,0.0
WQS1749,UTTAR PRADESH,Medium,28.591525,77.824856,4060854130.0,4040025450.0,4,2021,monthly,62.0,577.0,32.5,True,High or Medium confidence and within 2 km of a HydroRIVERS reach,True,1170.0888888888887,561.8,3.0682188553252936,2.749581734865559,40752604.0,321.0,3077.8,12.793,5703136.0,3458234.0,445801.3,0.0
WQS1750,UTTAR PRADESH,Medium,29.474581,77.67095,4060816250.0,4040025450.0,6,2019,monthly,15.5,360.0,23.75,True,High or Medium confidence and within 2 km of a HydroRIVERS reach,True,6872.177777777778,3158.766666666667,3.837094385821619,3.49951754641108,40712344.0,188.0,1139.7,7.989,1299901.0,1299901.0,162711.4,0.0
WQS1751,UTTAR PRADESH,Ambiguous / unresolved,,,,,3,2022,quarterly,6.2,745.0,31.6,False,High or Medium confidence and within 2 km of a HydroRIVERS reach,False,,,,,,,,,,,,
WQS1752,UTTAR PRADESH,Medium,29.310032,78.63653,4060855780.0,4040025450.0,6,2019,quarterly,3.4,413.0,27.549999999999997,True,High or Medium confidence and within 2 km of a HydroRIVERS reach,True,443.4555555555555,39.577777777777776,2.6468501000545723,1.5974514056879,40716284.0,352.0,3721.5,59.67,748125.0,219386.0,12537.7,0.036
WQS1753,UTTAR PRADESH,Medium,26.73306,83.34811,4060883570.0,4040025450.0,8,2016,not reported,5.95,410.0,28.0,True,High or Medium confidence and within 2 km of a HydroRIVERS reach,True,9631.688888888888,6935.777777777777,3.983702446087656,3.8410951699019864,40876784.0,19.0,21809.7,523.353,8764409.0,2556135.0,16746.6,0.379
WQS1754,UTTAR PRADESH,Medium,25.629922,82.756208,4060909020.0,4040025450.0,9,2016,monthly,3.9,486.0,31.0,True,High or Medium confidence and within 2 km of a HydroRIVERS reach,True,1860.2666666666669,2371.511111111111,3.269575204196792,3.3750251637688047,40935512.0,210.0,11618.5,64.341,12100741.0,778082.0,188072.0,0.0
WQS1755,UTTAR PRADESH,Medium,24.53494,83.020042,4060903120.0,4040025450.0,4,2021,quarterly,2.25,281.5,28.1,True,High or Medium confidence and within 2 km of a HydroRIVERS reach,True,1428.5555555555557,2518.688888888889,3.1548971344646914,3.401174526297965,40999221.0,365.0,46545.2,720.771,13830670.0,878874.0,19188.7,0.011
WQS1756,UTTAR PRADESH,Medium,25.386717,82.852628,4060909110.0,4040025450.0,9,2016,monthly,3.8,506.0,31.5,True,High or Medium confidence and within 2 km of a HydroRIVERS reach,True,1987.0222222222224,2149.822222222222,3.298202724147822,3.332402547776011,40949480.0,55.0,2947.0,24.323,4916178.0,2186613.0,202120.5,0.0
WQS1757,UTTAR PRADESH,Medium,25.332956,83.043393,4060909110.0,4040025450.0,9,2016,monthly,18.2,782.0,31.5,True,High or Medium confidence and within 2 km of a HydroRIVERS reach,True,10793.58888888889,4171.044444444445,4.033165872438924,3.620244817482882,40952756.0,189.0,3262.2,27.271,6896394.0,2981702.0,252883.8,0.0
WQS1758,UTTAR PRADESH,Medium,26.42834,79.244561,4060888130.0,4040025450.0,4,2020,quarterly,8.85,1077.5,31.0,True,High or Medium confidence and within 2 km of a HydroRIVERS reach,True,461.8333333333333,1084.5555555555557,2.664485275398588,3.0352518033333844,40888677.0,137.0,243570.4,1405.188,140598780.0,854383.0,100056.9,0.006
WQS1759,UTTAR PRADESH,Medium,27.17969,78.119555,4060861710.0,4040025450.0,9,2016,monthly,21.0,1990.0,31.5,True,High or Medium confidence and within 2 km of a HydroRIVERS reach,True,1041.3444444444444,1623.822222222222,3.017594404418218,3.210538480487582,40843151.0,170.0,51928.9,396.91,70171243.0,4094433.0,176793.8,0.003
WQS1760,UTTAR PRADESH,Medium,26.744994,78.988315,4060876680.0,4040025450.0,5,2016,quarterly,21.9,1723.0,32.0,True,High or Medium confidence and within 2 km of a HydroRIVERS reach,True,2321.3777777777777,290.35555555555555,3.365745822684935,2.4629301400784502,40870434.0,305.0,79100.0,556.755,85602146.0,775214.0,153751.9,0.002
WQS1761,UTTAR PRADESH,Medium,26.601531,79.119907,4060876680.0,4040025450.0,4,2020,monthly,20.6,2062.5,33.85,True,High or Medium confidence and within 2 km of a HydroRIVERS reach,True,525.1444444444445,403.8777777777778,2.7202787754002933,2.6062499580127936,40879298.0,60.0,79324.2,560.126,85772916.0,791865.0,153131.5,0.002
WQS1762,UTTAR PRADESH,Medium,25.956967,80.157122,4060895450.0,4040025450.0,6,2019,monthly,5.45,941.0,29.0,True,High or Medium confidence and within 2 km of a HydroRIVERS reach,True,1161.9888888888888,7832.5,3.0652019752855386,3.893900403553743,40918024.0,492.0,254596.7,1095.933,148898551.0,343480.0,135864.6,0.006
WQS1763,UTTAR PRADESH,Medium,29.604121,77.109833,4060806680.0,4040025450.0,9,2016,monthly,15.2,1029.0,32.0,True,High or Medium confidence and within 2 km of a HydroRIVERS reach,True,460.85555555555555,807.1444444444445,2.6635648272226433,2.9069512618741196,40702882.0,56.0,13681.1,228.359,3258019.0,480267.0,14267.1,0.0
WQS1764,UTTAR PRADESH,Medium,26.714524,79.014885,4060876680.0,4040025450.0,4,2020,monthly,18.0,1978.0,33.75,True,High or Medium confidence and within 2 km of a HydroRIVERS reach,True,560.4333333333333,88.73333333333333,2.7485239582557908,1.9480867964189938,40873549.0,18.0,79193.0,559.61,85666314.0,839382.0,153082.2,0.002
WQS1765,UTTAR PRADESH,Medium,26.649979,80.793854,4060909020.0,4040025450.0,9,2016,monthly,3.8,632.0,32.0,True,High or Medium confidence and within 2 km of a HydroRIVERS reach,True,1167.5444444444445,2780.0555555555557,3.0672734216660626,3.444053474777838,40876329.0,10.0,3042.8,18.188,2014886.0,850540.0,110781.1,0.0
WQS1766,UTTAR PRADESH,Ambiguous / unresolved,,,,,6,2016,not reported,3.75,385.0,25.0,False,High or Medium confidence and within 2 km of a HydroRIVERS reach,False,,,,,,,,,,,,
WQS1767,UTTAR PRADESH,Medium,29.485839,78.058761,4060854010.0,4040025450.0,5,2018,monthly,2.0,235.0,23.5,True,High or Medium confidence and within 2 km of a HydroRIVERS reach,True,241.31111111111113,107.14444444444445,2.3825773193524133,2.029969657322109,40708879.0,1517.0,23.2,0.204,4997649.0,22090.0,24498279.4,0.026
WQS1768,UTTAR PRADESH,Medium,27.250657,77.861624,4060855310.0,4040025450.0,9,2016,monthly,16.0,1835.0,29.5,True,High or Medium confidence and within 2 km of a HydroRIVERS reach,True,1446.3333333333333,336.94444444444446,3.1602683954095494,2.527558300099286,40838511.0,155.0,47232.3,355.122,61764217.0,1522586.0,173923.9,0.003
WQS1769,UTTAR PRADESH,Medium,25.422471,81.838806,4060911450.0,4040025450.0,9,2016,monthly,2.7,456.0,30.4,True,High or Medium confidence and within 2 km of a HydroRIVERS reach,True,14952.599999999999,13668.222222222223,4.174716715568543,4.135712031079339,40947842.0,404.0,346499.2,2061.528,182271532.0,1877623.0,88415.7,0.005
WQS1770,UTTAR PRADESH,Medium,28.517811,77.343608,4060816480.0,4040025450.0,4,2020,quarterly,105.0,1892.0,30.0,True,High or Medium confidence and within 2 km of a HydroRIVERS reach,True,14706.344444444445,7171.322222222222,4.167504733577087,3.8555992366823246,40757822.0,544.0,37349.7,276.72,46070657.0,19875831.0,166488.4,0.003
WQS1771,UTTAR PRADESH,Medium,26.932682,78.54366,4060876680.0,4040025450.0,9,2016,monthly,20.0,1780.0,30.5,True,High or Medium confidence and within 2 km of a HydroRIVERS reach,True,494.9222222222222,2112.4666666666667,2.6945369542593616,3.324789864794774,40861186.0,97.0,50.9,0.2,84691182.0,148583.0,423455910.0,0.002
WQS1772,UTTAR PRADESH,Medium,26.752436,79.01967,4060876680.0,4040025450.0,8,2017,monthly,18.0,1709.0,34.0,True,High or Medium confidence and within 2 km of a HydroRIVERS reach,True,5668.266666666666,1175.322222222222,3.753450273674502,3.070156947585343,40870435.0,498.0,55.6,0.221,85602146.0,561479.0,387340027.1,0.002
WQS1773,UTTAR PRADESH,Medium,26.42602,79.478799,4060888130.0,4040025450.0,9,2016,monthly,13.0,1399.0,34.7,True,High or Medium confidence and within 2 km of a HydroRIVERS reach,True,1181.9888888888888,336.8888888888889,3.072613394043609,2.527486687520691,40891132.0,414.0,243996.7,1402.792,140972691.0,621113.0,100494.4,0.006
WQS1774,UTTAR PRADESH,Medium,27.586087,77.696364,4060855310.0,4040025450.0,9,2016,monthly,11.6,988.0,32.0,True,High or Medium confidence and within 2 km of a HydroRIVERS reach,True,3654.9111111111106,10673.488888888889,3.5628768192081406,4.028306402322749,40816641.0,73.0,46443.7,308.66,60241631.0,1428715.0,195171.5,0.003
WQS1775,UTTAR PRADESH,Medium,27.443052,77.716133,4060855310.0,4040025450.0,9,2016,monthly,16.0,1855.5,26.0,True,High or Medium confidence and within 2 km of a HydroRIVERS reach,True,4898.377777777778,6988.088888888889,3.690052276190379,3.8443584205965866,40827037.0,845.0,46703.9,316.08,61116104.0,2008283.0,193356.4,0.003
WQS1776,UTTAR PRADESH,Medium,27.564981,77.708718,4060855310.0,4040025450.0,9,2016,monthly,18.0,1783.0,26.0,True,High or Medium confidence and within 2 km of a HydroRIVERS reach,True,3701.633333333333,3690.8555555555554,3.568393397345944,3.5671270490827696,40819991.0,152.0,46509.3,308.812,60241631.0,1333003.0,195075.4,0.003
WQS1777,UTTAR PRADESH,Ambiguous / unresolved,,,,,7,2016,not reported,30.0,1910.0,21.5,False,High or Medium confidence and within 2 km of a HydroRIVERS reach,False,,,,,,,,,,,,
WQS1778,UTTAR PRADESH,Medium,27.504755,77.686524,4060855310.0,4040025450.0,9,2016,monthly,13.2,985.0,32.0,True,High or Medium confidence and within 2 km of a HydroRIVERS reach,True,11424.8,16722.222222222223,4.057848606146121,4.2232939904905376,40823136.0,339.0,46624.5,310.265,61116104.0,2008283.0,196980.3,0.003
WQS1779,UTTARAKHAND,Medium,30.285854,78.978295,4060760960.0,4040025450.0,9,2016,quarterly,1.0,153.0,19.0,True,High or Medium confidence and within 2 km of a HydroRIVERS reach,True,249.35555555555553,1327.0777777777778,2.396819048593058,3.122896376873354,40673520.0,125.0,10356.3,308.511,653381.0,372601.0,2117.9,0.0
WQS1780,UTTARAKHAND,Medium,30.140504,78.597358,4060854010.0,4040025450.0,9,2016,quarterly,1.0,148.5,20.0,True,High or Medium confidence and within 2 km of a HydroRIVERS reach,True,217.42222222222222,867.3333333333334,2.3373039302528853,2.938186037505905,40679412.0,114.0,18776.8,489.551,1328068.0,399172.0,2712.8,0.029
WQS1781,UTTARAKHAND,Medium,30.287506,78.985451,4060760960.0,4040025450.0,9,2016,quarterly,1.0,151.0,19.0,True,High or Medium confidence and within 2 km of a HydroRIVERS reach,True,262.7444444444444,1196.7777777777778,2.4195335419309956,3.0780135164511284,40673520.0,826.0,10356.3,308.511,653381.0,372601.0,2117.9,0.0
WQS1782,UTTARAKHAND,Medium,30.144753,78.601484,4060760960.0,4040025450.0,9,2016,quarterly,1.0,140.0,19.0,True,High or Medium confidence and within 2 km of a HydroRIVERS reach,True,220.16666666666666,790.0555555555555,2.3427515672308834,2.8976576313194196,40679412.0,659.0,18776.8,489.551,1328068.0,399172.0,2712.8,0.029
WQS1783,UTTARAKHAND,Medium,30.147103,78.598107,4060760950.0,4040025450.0,9,2016,quarterly,1.0,117.0,20.0,True,High or Medium confidence and within 2 km of a HydroRIVERS reach,True,214.85555555555555,821.2,2.3321465877891936,2.9144489406985543,40679412.0,822.0,18776.8,489.551,1328068.0,399172.0,2712.8,0.029
WQS1784,UTTARAKHAND,Medium,29.146732,78.982975,4060855780.0,4040025450.0,8,2016,monthly,54.0,695.0,32.0,True,High or Medium confidence and within 2 km of a HydroRIVERS reach,True,1209.9222222222222,925.4666666666667,3.082757453336801,2.966360781010659,40728276.0,90.0,214.5,3.34,295164.0,295164.0,88372.5,0.0
WQS1785,UTTARAKHAND,Medium,29.206769,78.986242,4060855780.0,4040025450.0,9,2016,monthly,6.0,373.0,30.0,True,High or Medium confidence and within 2 km of a HydroRIVERS reach,True,2834.088888888889,2291.1555555555556,3.4524134674176343,3.360054576149678,40728276.0,325.0,214.5,3.34,295164.0,295164.0,88372.5,0.0
WQS1786,UTTARAKHAND,Medium,29.15049,78.893386,4060855780.0,4040025450.0,9,2016,monthly,40.0,963.0,32.0,True,High or Medium confidence and within 2 km of a HydroRIVERS reach,True,948.6444444444444,887.4222222222222,2.9771034676960055,2.9481302998230072,40724192.0,434.0,520.4,8.2,494092.0,494092.0,60255.1,0.0
WQS1787,UTTARAKHAND,Medium,29.111195,78.908723,4060855780.0,4040025450.0,9,2016,monthly,12.0,520.0,31.0,True,High or Medium confidence and within 2 km of a HydroRIVERS reach,True,799.1222222222221,1285.4222222222222,2.9026132078212012,3.1090458036691873,40735221.0,66.0,699.8,10.285,494092.0,494092.0,48040.1,0.0
WQS1788,UTTARAKHAND,Medium,30.115135,78.307032,4060854010.0,4040025450.0,9,2016,monthly,1.0,157.0,23.0,True,High or Medium confidence and within 2 km of a HydroRIVERS reach,True,1425.3444444444444,5776.266666666666,3.1539198273236977,3.761647234628847,40680978.0,974.0,21846.0,539.339,1926574.0,267359.0,3572.1,0.025
WQS1789,UTTARAKHAND,Medium,29.209064,79.537174,4060855780.0,4040025450.0,9,2016,monthly,2.4,280.0,23.0,True,High or Medium confidence and within 2 km of a HydroRIVERS reach,True,4165.700000000001,4903.533333333334,3.6196879902790515,3.6905091319014782,40727457.0,231.0,664.1,12.081,322065.0,322065.0,26658.8,0.0
WQS1790,UTTARAKHAND,Medium,29.911639,78.138548,4060854010.0,4040025450.0,1,2018,not reported,12.0,,,True,High or Medium confidence and within 2 km of a HydroRIVERS reach,True,3212.0555555555557,5963.0,3.50678304820769,3.7754648093457392,40688568.0,99.0,14.9,0.218,3457971.0,234803.0,15862252.3,0.023
WQS1791,UTTARAKHAND,Medium,29.158694,79.03956,4060855780.0,4040025450.0,9,2016,monthly,6.0,515.0,32.0,True,High or Medium confidence and within 2 km of a HydroRIVERS reach,True,1114.6666666666667,2302.9333333333334,3.047145014047316,3.362281365934474,40729341.0,267.0,2312.3,44.332,711945.0,296002.0,16059.4,0.0
WQS1792,UTTARAKHAND,Ambiguous / unresolved,,,,,2,2018,not reported,18.5,390.0,28.0,False,High or Medium confidence and within 2 km of a HydroRIVERS reach,False,,,,,,,,,,,,
WQS1793,UTTARAKHAND,Ambiguous / unresolved,,,,,8,2016,monthly,11.0,674.5,31.5,False,High or Medium confidence and within 2 km of a HydroRIVERS reach,False,,,,,,,,,,,,
WQS1794,UTTARAKHAND,Medium,29.515201,78.755946,4060855780.0,4040025450.0,6,2019,quarterly,4.2,236.5,27.950000000000003,True,High or Medium confidence and within 2 km of a HydroRIVERS reach,True,172.76666666666668,126.65555555555557,2.2374599541198688,2.102624244218988,40706955.0,66.0,3216.0,54.173,549167.0,40938.0,10137.3,0.042
WQS1795,UTTARAKHAND,Medium,30.30765,79.09945,4060760960.0,4040025450.0,2,2023,not reported,1.0,41.0,10.75,True,High or Medium confidence and within 2 km of a HydroRIVERS reach,True,211.45555555555555,312.76666666666665,2.325219099818348,2.4952204616060856,40672510.0,153.0,8522.3,257.625,452868.0,310778.0,1757.9,0.0
WQS1796,UTTARAKHAND,Ambiguous / unresolved,,,,,6,2019,quarterly,5.45,598.0,31.1,False,High or Medium confidence and within 2 km of a HydroRIVERS reach,False,,,,,,,,,,,,
WQS1797,UTTARAKHAND,Medium,30.946033,78.688498,4060760950.0,4040025450.0,9,2016,yearly,1.0,109.0,5.0,True,High or Medium confidence and within 2 km of a HydroRIVERS reach,True,5.622222222222223,23.133333333333333,0.7499080074004743,1.3642382157351924,40647884.0,57.0,3498.9,76.491,6080.0,5657.0,79.5,0.12
WQS1798,UTTARAKHAND,Ambiguous / unresolved,,,,,3,2022,quarterly,26.3,813.0,31.0,False,High or Medium confidence and within 2 km of a HydroRIVERS reach,False,,,,,,,,,,,,
WQS1799,UTTARAKHAND,Medium,30.019619,78.22939,4060854010.0,4040025450.0,9,2016,monthly,1.6,436.0,25.0,True,High or Medium confidence and within 2 km of a HydroRIVERS reach,True,1007.2222222222222,1020.8444444444444,3.0031252989922024,3.0089595696419704,40684427.0,794.0,23071.8,562.767,3223168.0,1556556.0,5727.4,0.023
WQS1800,UTTARAKHAND,Medium,29.943552,78.166796,4060854010.0,4040025450.0,8,2017,monthly,1.35,365.5,25.6,True,High or Medium confidence and within 2 km of a HydroRIVERS reach,True,1975.4555555555553,2915.866666666667,3.2956672632282458,3.464767661190921,40688569.0,126.0,23278.5,566.129,3457971.0,1702711.0,6108.1,0.023
WQS1801,UTTARAKHAND,High,29.641083,78.10175,4060854010.0,4040025450.0,5,2020,quarterly,3.0,273.0,28.65,True,High or Medium confidence and within 2 km of a HydroRIVERS reach,True,218.45555555555555,94.54444444444444,2.3393630937534935,1.9756360142174585,40700821.0,431.0,24115.8,577.765,3616939.0,428701.0,6260.2,0.028
WQS1802,UTTARAKHAND,Medium,30.11621,78.30995,4060854010.0,4040025450.0,2,2023,not reported,1.0,238.5,23.5,True,High or Medium confidence and within 2 km of a HydroRIVERS reach,True,1359.0111111111112,4734.066666666667,3.13322300748637,3.6752343695122858,40679734.0,44.0,21746.6,537.634,1926574.0,290051.0,3583.4,0.025
WQS1803,UTTARAKHAND,Medium,29.945254,78.164675,4060854010.0,4040025450.0,9,2016,monthly,2.6,544.5,26.3,True,High or Medium confidence and within 2 km of a HydroRIVERS reach,True,2021.2555555555555,4383.177777777778,3.3056212266034155,3.6417890856076736,40688569.0,400.0,23278.5,566.129,3457971.0,1702711.0,6108.1,0.023
WQS1804,UTTARAKHAND,Medium,30.0305,78.245833,4060854010.0,4040025450.0,8,2017,monthly,1.2,166.0,22.0,True,High or Medium confidence and within 2 km of a HydroRIVERS reach,True,1142.7777777777778,441.7555555555556,3.057961786591418,2.6451820199376024,40684427.0,395.0,23071.8,562.767,3223168.0,1556556.0,5727.4,0.023
WQS1805,UTTARAKHAND,Medium,29.95801,78.17587,4060854010.0,4040025450.0,2,2023,not reported,2.5,1793.5,25.7,True,High or Medium confidence and within 2 km of a HydroRIVERS reach,True,1458.1222222222223,1549.3111111111111,3.163793928791263,3.190138635494561,40688569.0,512.0,23278.5,566.129,3457971.0,1702711.0,6108.1,0.023
WQS1806,UTTARAKHAND,Medium,30.12168,78.30988,4060854010.0,4040025450.0,2,2023,not reported,1.6,324.0,25.5,True,High or Medium confidence and within 2 km of a HydroRIVERS reach,True,1302.6999999999998,3209.0444444444447,3.1148444131450237,3.5063757320046065,40679734.0,324.0,21746.6,537.634,1926574.0,290051.0,3583.4,0.025
WQS1807,UTTARAKHAND,Medium,29.945445,78.165028,4060854010.0,4040025450.0,6,2017,monthly,2.55,389.0,26.15,True,High or Medium confidence and within 2 km of a HydroRIVERS reach,True,2004.5444444444447,4195.011111111111,3.302015689802301,3.622733115459797,40688569.0,389.0,23278.5,566.129,3457971.0,1702711.0,6108.1,0.023
WQS1808,UTTARAKHAND,Medium,28.932,79.388,4060855780.0,4040025450.0,7,2018,monthly,30.0,760.0,33.0,True,High or Medium confidence and within 2 km of a HydroRIVERS reach,True,1695.8000000000002,396.55555555555554,3.2293746309288434,2.5983040385163356,40737932.0,1633.0,43.8,0.677,159853.0,159853.0,236119.6,0.0
WQS1809,UTTARAKHAND,Medium,28.978,79.399,4060855780.0,4040025450.0,6,2019,monthly,10.0,540.0,31.5,True,High or Medium confidence and within 2 km of a HydroRIVERS reach,True,4267.622222222222,12497.099999999999,3.6301859679066477,4.096809244998714,40732839.0,312.0,22.2,0.364,304543.0,304543.0,836656.6,0.0
WQS1810,UTTARAKHAND,Medium,28.883225,79.51601,4060855780.0,4040025450.0,3,2022,quarterly,13.0,1030.0,30.9,True,High or Medium confidence and within 2 km of a HydroRIVERS reach,True,1211.6444444444444,1557.1555555555556,3.083375195349957,3.192331999559077,40743105.0,1257.0,945.0,16.551,658444.0,584146.0,39782.7,0.0
WQS1811,UTTARAKHAND,Medium,28.899748,79.525623,4060855780.0,4040025450.0,8,2016,monthly,12.0,818.0,32.5,True,High or Medium confidence and within 2 km of a HydroRIVERS reach,True,1254.388888888889,651.2888888888889,3.098432198468859,2.813773669091624,40743105.0,961.0,945.0,16.551,658444.0,584146.0,39782.7,0.0
WQS1812,UTTARAKHAND,Low,29.05287,79.020123,4060855780.0,4040025450.0,3,2022,quarterly,6.4,691.0,30.2,False,High or Medium confidence and within 2 km of a HydroRIVERS reach,True,1314.0333333333333,4704.388888888889,3.118606382194169,3.672503215559063,40729341.0,157.0,2312.3,44.332,711945.0,296002.0,16059.4,0.0
WQS1813,UTTARAKHAND,Medium,30.73746,79.06681,4060760960.0,4040025450.0,2,2023,not reported,1.0,40.0,12.0,True,High or Medium confidence and within 2 km of a HydroRIVERS reach,True,7.300000000000001,80.64444444444445,0.8633228601204559,1.9065744544252128,40658802.0,307.0,97.4,3.113,2096.0,2096.0,673.3,0.0
WQS1814,UTTARAKHAND,Medium,30.290028,78.979932,4060760960.0,4040025450.0,9,2016,quarterly,1.0,100.0,19.0,True,High or Medium confidence and within 2 km of a HydroRIVERS reach,True,265.02222222222224,1216.0444444444445,2.4232822912343766,3.084949447982967,40673520.0,572.0,10356.3,308.511,653381.0,372601.0,2117.9,0.0
WQS1815,UTTARAKHAND,Medium,28.91,79.691,4060855780.0,4040025450.0,8,2016,monthly,5.5,491.0,32.0,True,High or Medium confidence and within 2 km of a HydroRIVERS reach,True,848.4666666666667,1470.2777777777778,2.9286347850542933,3.1673993932239806,40736118.0,1333.0,265.4,4.613,91803.0,91803.0,19900.9,0.0
WQS1816,UTTARAKHAND,Medium,28.957324,79.692169,4060855780.0,4040025450.0,8,2016,monthly,4.8,366.5,30.5,True,High or Medium confidence and within 2 km of a HydroRIVERS reach,True,871.4333333333333,952.2111111111111,2.9402341681839164,2.978733244840749,40736118.0,1452.0,265.4,4.613,91803.0,91803.0,19900.9,0.0
WQS1817,UTTARAKHAND,Medium,30.25,78.016667,4060854010.0,4040025450.0,8,2016,monthly,32.0,672.0,25.0,True,High or Medium confidence and within 2 km of a HydroRIVERS reach,True,2781.233333333333,1779.7666666666667,3.44423742580346,3.2503630685889373,40674537.0,989.0,128.8,2.622,734072.0,734072.0,279966.4,0.0
WQS1818,UTTARAKHAND,Medium,30.517139,77.818659,4060806680.0,4040025450.0,6,2019,quarterly,2.15,304.0,24.5,True,High or Medium confidence and within 2 km of a HydroRIVERS reach,True,687.6555555555556,300.4555555555555,2.837370955997219,2.477780238719752,40664414.0,736.0,7504.6,139.935,731809.0,336467.0,5229.6,0.0
WQS1819,UTTARAKHAND,Medium,30.504457,77.79621,4060806680.0,4040025450.0,4,2020,quarterly,2.55,276.0,21.0,True,High or Medium confidence and within 2 km of a HydroRIVERS reach,True,1071.2333333333333,1388.3333333333333,3.0298840780606153,3.142493751023144,40664414.0,260.0,7504.6,139.935,731809.0,336467.0,5229.6,0.0
WQS1820,UTTARAKHAND,Medium,30.116167,78.310696,4060854010.0,4040025450.0,2,2018,not reported,6.5,292.0,21.0,True,High or Medium confidence and within 2 km of a HydroRIVERS reach,True,1348.7555555555555,4502.455555555555,3.12993324656374,3.653449434523833,40679734.0,27.0,21746.6,537.634,1926574.0,290051.0,3583.4,0.025
WQS1821,UTTARAKHAND,Medium,29.81393,77.87052,4060816250.0,4040025450.0,7,2016,not reported,2.0,388.0,24.0,False,High or Medium confidence and within 2 km of a HydroRIVERS reach,True,1892.7888888888888,504.8333333333333,3.277102177881696,2.703148022949212,,,,,,,,
WQS1822,UTTARAKHAND,Medium,30.932423,78.400244,4060806680.0,4040025450.0,9,2016,yearly,1.0,90.5,9.5,True,High or Medium confidence and within 2 km of a HydroRIVERS reach,True,17.233333333333334,109.25555555555555,1.23636928837428,2.038443529722803,40648227.0,128.0,272.8,5.305,2291.0,2291.0,431.9,0.0
WQS1823,UTTARAKHAND,Medium,30.498618,77.803498,4060806680.0,4040025450.0,9,2016,quarterly,1.1,186.0,22.0,True,High or Medium confidence and within 2 km of a HydroRIVERS reach,True,1099.8555555555556,3088.311111111111,3.0413356528452664,3.4897210439412305,40664414.0,402.0,7504.6,139.935,731809.0,336467.0,5229.6,0.0
WQS1824,UTTARAKHAND,Medium,30.518822,77.949536,4060806680.0,4040025450.0,9,2016,quarterly,1.0,222.0,20.0,True,High or Medium confidence and within 2 km of a HydroRIVERS reach,True,123.84444444444443,151.16666666666666,2.0928765292808564,2.1794560366764517,40663626.0,188.0,2142.7,43.799,212155.0,201817.0,4843.8,0.0
WQS1825,UTTARAKHAND,Medium,30.976465,78.438614,4060806680.0,4040025450.0,9,2016,yearly,1.0,61.0,5.0,True,High or Medium confidence and within 2 km of a HydroRIVERS reach,True,12.133333333333333,196.24444444444444,1.0839801289293935,2.2927973709904212,40646928.0,492.0,75.6,1.456,965.0,965.0,662.8,0.0
WQS1826,WEST BENGAL,Ambiguous / unresolved,,,,,2,2016,not reported,9.15,753.5,33.0,False,High or Medium confidence and within 2 km of a HydroRIVERS reach,False,,,,,,,,,,,,
WQS1827,WEST BENGAL,Medium,24.111261,87.794355,4060026610.0,4040025460.0,7,2016,monthly,5.7,955.0,34.0,True,High or Medium confidence and within 2 km of a HydroRIVERS reach,True,1133.822222222222,5455.722222222223,3.05454496464464,3.7368522501331816,41022514.0,900.0,560.5,14.401,345763.0,345763.0,24009.7,0.0
WQS1828,WEST BENGAL,Ambiguous / unresolved,,,,,1,2018,not reported,3.4,16330.0,33.0,False,High or Medium confidence and within 2 km of a HydroRIVERS reach,False,,,,,,,,,,,,
WQS1829,WEST BENGAL,Medium,22.780189,88.3338,4060026610.0,4040025460.0,9,2016,monthly,4.8,388.0,33.0,True,High or Medium confidence and within 2 km of a HydroRIVERS reach,True,8210.055555555555,8201.58888888889,3.9143460959001453,3.9138979961436458,41091096.0,163.0,27619.2,623.758,28819008.0,5527586.0,46202.2,0.0
WQS1830,WEST BENGAL,Ambiguous / unresolved,,,,,1,2018,not reported,4.6,356.0,32.0,False,High or Medium confidence and within 2 km of a HydroRIVERS reach,False,,,,,,,,,,,,
WQS1831,WEST BENGAL,Ambiguous / unresolved,,,,,1,2016,not reported,4.0,22600.0,32.0,False,High or Medium confidence and within 2 km of a HydroRIVERS reach,False,,,,,,,,,,,,
WQS1832,WEST BENGAL,Medium,26.383597,89.195381,4060956230.0,4040025450.0,6,2016,monthly,7.75,726.0,33.0,True,High or Medium confidence and within 2 km of a HydroRIVERS reach,True,1365.3555555555556,715.4444444444445,3.1352457617856713,2.8545759156527994,40892180.0,966.0,3534.0,154.18,2311786.0,1950522.0,14994.1,0.0
WQS1833,WEST BENGAL,Medium,26.719973,88.377354,4060921230.0,4040025450.0,2,2023,monthly,2.7,120.0,32.0,True,High or Medium confidence and within 2 km of a HydroRIVERS reach,True,8251.611111111111,11822.388888888889,3.916538751986729,4.072705241049131,40873320.0,109.0,99.3,4.835,884226.0,345956.0,182880.2,0.0
WQS1834,WEST BENGAL,Medium,23.721689,86.801628,4060963930.0,4040025460.0,6,2016,monthly,2.95,312.5,34.0,True,High or Medium confidence and within 2 km of a HydroRIVERS reach,True,3734.2000000000003,971.1999999999999,3.572197574612069,2.9873086737311825,41042346.0,489.0,6491.7,107.093,4370271.0,760408.0,40808.2,0.0
WQS1835,WEST BENGAL,Ambiguous / unresolved,,,,,1,2021,not reported,15.0,673.0,28.0,False,High or Medium confidence and within 2 km of a HydroRIVERS reach,False,,,,,,,,,,,,
WQS1836,WEST BENGAL,Ambiguous / unresolved,,,,,1,2021,not reported,3.0,239.0,28.0,False,High or Medium confidence and within 2 km of a HydroRIVERS reach,False,,,,,,,,,,,,
WQS1837,WEST BENGAL,Medium,23.177966,88.558164,4060026610.0,4040025460.0,6,2019,monthly,5.9,733.0,32.5,True,High or Medium confidence and within 2 km of a HydroRIVERS reach,True,3728.5888888888894,12960.533333333333,3.5715445010524682,4.112622873367745,41070608.0,96.0,468.2,9.813,898695.0,898695.0,91582.1,0.0
WQS1838,WEST BENGAL,Medium,23.197644,88.573014,4060026610.0,4040025460.0,8,2016,monthly,7.165,731.0,33.0,True,High or Medium confidence and within 2 km of a HydroRIVERS reach,True,3963.2000000000003,5235.477777777778,3.5980459892417618,3.7189563205486453,41069093.0,280.0,439.2,9.193,898695.0,898695.0,97758.6,0.0
WQS1839,WEST BENGAL,Medium,22.507942,88.775997,4060026260.0,4040025460.0,6,2016,monthly,16.950000000000003,20850.0,35.0,True,High or Medium confidence and within 2 km of a HydroRIVERS reach,True,773.3888888888889,2609.3,2.8883979283668544,3.416524014268653,41105745.0,45.0,1073.9,28.028,1932355.0,1932355.0,68943.7,0.0
WQS1840,WEST BENGAL,Medium,22.40088,87.341394,4060994510.0,4040025460.0,6,2016,monthly,2.9,553.0,34.5,True,High or Medium confidence and within 2 km of a HydroRIVERS reach,True,4710.799999999999,4337.977777777778,3.6730946663821142,3.637287322917177,41109135.0,131.0,5756.1,140.738,3234641.0,866106.0,22983.4,0.0
WQS1841,WEST BENGAL,Medium,22.437711,87.880747,4060026660.0,4040025460.0,8,2016,monthly,2.95,2127.0,34.0,True,High or Medium confidence and within 2 km of a HydroRIVERS reach,True,3036.3444444444444,3569.5333333333333,3.4823510366030286,3.552611441880868,41107126.0,484.0,37784.7,775.281,31763692.0,1473789.0,40970.6,0.0
WQS1842,WEST BENGAL,Medium,22.666078,87.744922,4060993110.0,4040025460.0,5,2016,monthly,3.7,462.0,35.0,True,High or Medium confidence and within 2 km of a HydroRIVERS reach,True,1557.888888888889,3829.1000000000004,3.192536479868508,3.5830967084425134,41096953.0,1109.0,3530.5,85.859,2576401.0,1126351.0,30007.3,0.0
WQS1843,WEST BENGAL,Medium,23.524931,87.244592,4060993020.0,4040025460.0,6,2019,monthly,2.75,392.0,34.25,True,High or Medium confidence and within 2 km of a HydroRIVERS reach,True,3939.1000000000004,2972.222222222222,3.595397006170128,3.4730812769179225,41052470.0,677.0,19774.1,353.614,17684603.0,2932761.0,50011.0,0.0
WQS1844,WEST BENGAL,Medium,23.583292,87.104001,4060993020.0,4040025460.0,6,2019,monthly,2.9,506.5,33.5,True,High or Medium confidence and within 2 km of a HydroRIVERS reach,True,1945.2666666666669,770.4444444444445,3.2889791449539887,2.886741327881053,41049110.0,15.0,19225.9,338.561,16360583.0,2542748.0,48323.9,0.0
WQS1845,WEST BENGAL,Medium,23.683818,86.829122,4060993020.0,4040025460.0,6,2019,monthly,2.1,345.5,32.5,True,High or Medium confidence and within 2 km of a HydroRIVERS reach,True,1989.7777777777778,3042.0222222222224,3.2988045762720826,3.483162382285433,41043803.0,174.0,18434.7,321.589,14884843.0,3519429.0,46285.3,0.0
WQS1846,WEST BENGAL,Medium,23.646961,86.897068,4060993020.0,4040025460.0,8,2016,monthly,2.75,373.0,33.0,True,High or Medium confidence and within 2 km of a HydroRIVERS reach,True,1781.4666666666665,712.9333333333333,3.250777700603304,2.8530489207086407,41045946.0,480.0,18639.1,325.045,15137168.0,2419131.0,46569.5,0.0
WQS1847,WEST BENGAL,Medium,23.685334,86.823224,4060993020.0,4040025460.0,4,2021,quarterly,1.95,309.5,30.0,True,High or Medium confidence and within 2 km of a HydroRIVERS reach,True,1936.0444444444447,3301.988888888889,3.286915322887365,3.5187756075390215,41043803.0,9.0,18434.7,321.589,14884843.0,3519429.0,46285.3,0.0
WQS1848,WEST BENGAL,Medium,23.685031,86.823472,4060993020.0,4040025460.0,7,2016,monthly,2.9,325.0,33.0,True,High or Medium confidence and within 2 km of a HydroRIVERS reach,True,1933.611111111111,3315.6777777777775,3.286369132993501,3.5205723185813156,41043803.0,42.0,18434.7,321.589,14884843.0,3519429.0,46285.3,0.0
WQS1849,WEST BENGAL,Medium,23.574011,87.117749,4060993020.0,4040025460.0,6,2019,monthly,3.0999999999999996,391.0,34.0,True,High or Medium confidence and within 2 km of a HydroRIVERS reach,True,1698.4111111111113,1647.4777777777776,3.2300428223487447,3.216819565266912,41049310.0,531.0,19367.8,342.015,16568536.0,2344151.0,48443.9,0.0
WQS1850,WEST BENGAL,Medium,23.584399,87.103495,4060993020.0,4040025460.0,8,2016,monthly,2.95,462.0,34.0,True,High or Medium confidence and within 2 km of a HydroRIVERS reach,True,1974.1000000000001,629.411111111111,3.2953691485100065,2.798934405325931,41049110.0,29.0,19225.9,338.561,16360583.0,2542748.0,48323.9,0.0
WQS1851,WEST BENGAL,Medium,23.568689,87.141651,4060993020.0,4040025460.0,6,2019,monthly,2.8,436.5,33.5,True,High or Medium confidence and within 2 km of a HydroRIVERS reach,True,1523.4333333333334,7.555555555555555,3.182823453899058,0.8782664032669114,41049501.0,7.0,19399.5,343.201,16568536.0,2282386.0,48276.5,0.0
WQS1852,WEST BENGAL,Medium,23.429785,87.364995,4060993020.0,4040025460.0,8,2016,monthly,4.5,611.5,34.0,True,High or Medium confidence and within 2 km of a HydroRIVERS reach,True,671.4777777777778,427.1111111111111,2.8270316444832417,2.630540869557183,41057313.0,876.0,20134.0,360.588,18236579.0,2519641.0,50574.6,0.0
WQS1853,WEST BENGAL,Medium,23.213568,87.076517,4060993110.0,4040025460.0,7,2016,monthly,3.5,445.0,33.0,True,High or Medium confidence and within 2 km of a HydroRIVERS reach,True,3641.1777777777775,4518.133333333333,3.5612418835543926,3.654959043113005,41068102.0,57.0,1403.7,31.218,820931.0,667943.0,26296.7,0.0
WQS1854,WEST BENGAL,Medium,24.100312,88.244054,4060026610.0,4040025460.0,9,2016,monthly,4.8,410.0,32.0,True,High or Medium confidence and within 2 km of a HydroRIVERS reach,True,4696.955555555555,9969.099999999999,3.6718164507371567,3.998655952426337,41022945.0,30.0,3504.4,86.564,3252648.0,1255107.0,37575.1,0.0
WQS1855,WEST BENGAL,High,24.100623,88.243263,4060026610.0,4040025460.0,7,2018,monthly,4.0,424.0,35.0,True,High or Medium confidence and within 2 km of a HydroRIVERS reach,True,4678.777777777777,9647.488888888889,3.670132418524786,3.9844142870623487,41022945.0,49.0,3504.4,86.564,3252648.0,1255107.0,37575.1,0.0
WQS1856,WEST BENGAL,Medium,24.101003,88.243238,4060026610.0,4040025460.0,6,2019,monthly,3.4,453.5,35.5,True,High or Medium confidence and within 2 km of a HydroRIVERS reach,True,4680.444444444444,9696.188888888888,3.670287094656407,3.9866010672804513,41022945.0,51.0,3504.4,86.564,3252648.0,1255107.0,37575.1,0.0
WQS1857,WEST BENGAL,Medium,22.653061,88.357589,4060026610.0,4040025460.0,9,2016,monthly,5.0,493.0,34.0,True,High or Medium confidence and within 2 km of a HydroRIVERS reach,True,15487.222222222223,10158.388888888889,4.189973529977311,4.0068248347049895,41098256.0,575.0,27874.0,630.276,31025997.0,6776083.0,49226.0,0.0
WQS1858,WEST BENGAL,High,22.183389,88.186222,4060026260.0,4040025460.0,9,2016,monthly,4.1,8049.0,33.0,True,High or Medium confidence and within 2 km of a HydroRIVERS reach,True,1831.8555555555556,3456.3777777777777,3.2628912259375467,3.538621204246034,41119287.0,796.0,11.1,0.317,171452.0,171452.0,540858.0,0.0
WQS1859,WEST BENGAL,Medium,24.80566,87.93557,4060940160.0,4040025450.0,3,2022,not reported,2.9,446.0,35.0,True,High or Medium confidence and within 2 km of a HydroRIVERS reach,True,1914.5,145.88888888888889,3.2820553706837066,2.1640222166501544,40989153.0,15.0,928813.4,13311.413,517152728.0,1346124.0,38850.3,0.188
WQS1860,WEST BENGAL,Medium,22.549717,88.296125,4060026610.0,4040025460.0,9,2016,monthly,4.7,468.0,34.0,True,High or Medium confidence and within 2 km of a HydroRIVERS reach,True,15096.766666666666,7577.211111111111,4.178883942711209,3.879509387435965,41101868.0,257.0,28014.6,633.931,33426151.0,8611006.0,52728.4,0.0
WQS1861,WEST BENGAL,Medium,22.558292,88.324394,4060026610.0,4040025460.0,9,2016,monthly,4.7,467.0,34.0,True,High or Medium confidence and within 2 km of a HydroRIVERS reach,True,17432.744444444445,9634.044444444444,4.241365763659204,3.983808645500571,41101870.0,883.0,27979.1,633.007,33426151.0,8834850.0,52805.3,0.0
WQS1862,WEST BENGAL,Medium,22.774972,88.334278,4060026610.0,4040025460.0,7,2018,monthly,4.8,484.0,33.0,True,High or Medium confidence and within 2 km of a HydroRIVERS reach,True,8484.344444444445,9414.71111111111,3.928618291537711,3.9738069983011477,41092119.0,862.0,27651.1,624.558,28819008.0,5527586.0,46143.0,0.0
WQS1863,WEST BENGAL,Medium,22.066481,88.068869,4060026670.0,4040025460.0,6,2019,monthly,2.9,17150.0,33.5,True,High or Medium confidence and within 2 km of a HydroRIVERS reach,True,4199.288888888888,7635.611111111111,3.6231757528314708,3.882843801256547,41124972.0,690.0,14.3,0.399,1072092.0,1072092.0,2686947.4,0.0
WQS1864,WEST BENGAL,Medium,22.761306,88.340319,4060026610.0,4040025460.0,9,2016,monthly,4.5,442.0,34.0,True,High or Medium confidence and within 2 km of a HydroRIVERS reach,True,10279.722222222223,10155.511111111111,4.0119813793493355,4.006701785658041,41092119.0,495.0,27651.1,624.558,28819008.0,5527586.0,46143.0,0.0
WQS1865,WEST BENGAL,Medium,22.453473,88.115051,4060026610.0,4040025460.0,9,2016,monthly,4.3,783.1,33.0,True,High or Medium confidence and within 2 km of a HydroRIVERS reach,True,3890.3888888888887,2935.577777777778,3.589993016198941,3.4676935914458307,41107127.0,794.0,29540.8,673.445,38298685.0,10541508.0,56869.8,0.0
WQS1866,WEST BENGAL,Medium,22.138997,87.885217,4060026670.0,4040025460.0,4,2020,monthly,2.8499999999999996,15717.5,34.0,True,High or Medium confidence and within 2 km of a HydroRIVERS reach,True,1751.4777777777776,2238.988888888889,3.2434046314911584,3.350051938373038,41122052.0,58.0,2831.9,71.683,3180340.0,2556888.0,44366.7,0.0
WQS1867,WEST BENGAL,Medium,23.413356,88.471892,4060026610.0,4040025460.0,8,2016,monthly,5.85,639.5,34.0,True,High or Medium confidence and within 2 km of a HydroRIVERS reach,True,4193.711111111112,3549.3777777777777,3.622598510256278,3.5501522259107783,41057317.0,745.0,2589.6,59.092,2952356.0,850031.0,49962.0,0.0
WQS1868,WEST BENGAL,Medium,26.570051,88.938831,4060956230.0,4040025450.0,3,2022,monthly,2.9,161.0,28.0,True,High or Medium confidence and within 2 km of a HydroRIVERS reach,True,1158.5888888888887,1611.2444444444445,3.0639293592075902,3.2071614329207883,40881090.0,159.0,1444.4,61.88,434123.0,403488.0,7015.6,0.0
WQS1869,WEST BENGAL,Medium,26.444936,89.546458,4060900670.0,4040025450.0,7,2016,monthly,2.8,154.0,30.0,True,High or Medium confidence and within 2 km of a HydroRIVERS reach,True,1684.7222222222222,645.1666666666666,3.2265283044353046,2.8096719209353114,40889217.0,20.0,1216.8,54.19,630794.0,624589.0,11640.4,0.0
WQS1870,WEST BENGAL,Medium,26.537633,88.707053,4060956230.0,4040025450.0,7,2016,monthly,3.3,153.0,30.0,True,High or Medium confidence and within 2 km of a HydroRIVERS reach,True,3933.3333333333335,11731.311111111112,3.594760752586463,4.069346552311652,40882476.0,212.0,69.9,3.136,2091396.0,286572.0,666899.2,0.054
WQS1871,WEST BENGAL,Medium,26.739728,88.422452,4060921230.0,4040025450.0,6,2016,monthly,3.1,202.0,30.0,True,High or Medium confidence and within 2 km of a HydroRIVERS reach,True,11026.166666666666,16894.655555555553,4.042424552796488,4.22774934190278,40872530.0,45.0,172.0,8.38,538271.0,538271.0,64232.8,0.0
WQS1872,WEST BENGAL,Medium,26.806806,88.409255,4060921230.0,4040025450.0,6,2016,monthly,26.25,355.0,30.5,True,High or Medium confidence and within 2 km of a HydroRIVERS reach,True,768.7666666666667,470.8888888888889,2.885794544279932,2.672918442935451,40869970.0,44.0,104.2,5.025,538271.0,538271.0,107118.6,0.0
WQS1873,WEST BENGAL,Medium,23.324276,88.584259,4060026610.0,4040025460.0,3,2022,quarterly,6.0,696.0,32.0,True,High or Medium confidence and within 2 km of a HydroRIVERS reach,True,1058.9333333333334,1375.7555555555555,3.0248686193361642,3.1385412752482313,41062687.0,185.0,157.0,3.286,335027.0,335027.0,101955.9,0.0
WQS1874,WEST BENGAL,Ambiguous / unresolved,,,,,2,2023,monthly,2.5,140.5,31.0,False,High or Medium confidence and within 2 km of a HydroRIVERS reach,False,,,,,,,,,,,,
WQS1875,WEST BENGAL,Medium,23.386728,88.364884,4060026610.0,4040025460.0,9,2016,monthly,4.2,392.0,34.0,True,High or Medium confidence and within 2 km of a HydroRIVERS reach,True,3131.4666666666667,4047.0666666666666,3.4957477931537952,3.6071403585123947,41060986.0,596.0,22719.9,523.433,19007039.0,1741327.0,36312.3,0.0
WQS1876,WEST BENGAL,Medium,26.442694,89.656108,4060900670.0,4040025450.0,3,2022,monthly,2.6,200.0,30.0,True,High or Medium confidence and within 2 km of a HydroRIVERS reach,True,841.4777777777778,1406.8555555555556,2.9250426513683845,3.148249509911342,40888230.0,115.0,4855.8,101.667,254266.0,254266.0,2501.0,0.889
WQS1877,WEST BENGAL,Medium,21.86677,87.859839,4060026670.0,4040025460.0,4,2020,monthly,2.75,29145.0,33.5,True,High or Medium confidence and within 2 km of a HydroRIVERS reach,True,893.1333333333333,708.1111111111111,2.9509162983156454,2.850101409040541,41133691.0,934.0,841.3,21.259,769701.0,769701.0,36205.9,0.0
WQS1878,WEST BENGAL,Medium,22.21835,88.024305,4060026620.0,4040025460.0,8,2016,monthly,2.8499999999999996,4708.0,33.0,True,High or Medium confidence and within 2 km of a HydroRIVERS reach,True,1050.9222222222222,402.3333333333333,3.0215705754862547,2.604586015377687,41120304.0,1773.0,10.5,0.287,1072092.0,1072092.0,3735512.2,0.0
WQS1879,WEST BENGAL,Medium,26.286842,89.458577,4060900670.0,4040025450.0,3,2022,monthly,2.1,174.0,28.0,True,High or Medium confidence and within 2 km of a HydroRIVERS reach,True,3398.588888888889,3555.911111111111,3.5312986332252088,3.5509508961574436,40897179.0,155.0,4430.4,118.91,839296.0,781949.0,7058.2,0.735
WQS1880,WEST BENGAL,Ambiguous / unresolved,,,,,5,2020,not reported,1.6,336.0,32.0,False,High or Medium confidence and within 2 km of a HydroRIVERS reach,False,,,,,,,,,,,,
WQS1881,WEST BENGAL,Ambiguous / unresolved,,,,,1,2021,not reported,1.3,299.0,32.0,False,High or Medium confidence and within 2 km of a HydroRIVERS reach,False,,,,,,,,,,,,
WQS1882,WEST BENGAL,Medium,26.518045,88.760568,4060956230.0,4040025450.0,3,2022,monthly,2.4,143.0,29.0,True,High or Medium confidence and within 2 km of a HydroRIVERS reach,True,2470.2555555555555,12.622222222222222,3.3927418846873816,1.1011358219356753,40884155.0,422.0,9711.6,340.468,2091396.0,818056.0,6142.7,0.054
WQS1883,WEST BENGAL,Medium,26.902782,88.47309,4060956230.0,4040025450.0,6,2016,monthly,2.6500000000000004,102.0,27.0,True,High or Medium confidence and within 2 km of a HydroRIVERS reach,True,129.44444444444446,29.577777777777776,2.112083415922713,1.4709655416993315,40862021.0,17.0,8221.2,257.205,1202604.0,650848.0,4675.7,0.062
WQS1884,WEST BENGAL,Medium,26.728854,89.324331,4060900670.0,4040025450.0,6,2019,monthly,2.1500000000000004,109.0,29.0,True,High or Medium confidence and within 2 km of a HydroRIVERS reach,True,495.6666666666667,26.144444444444446,2.695189713802292,1.4173794177366965,40872258.0,138.0,3901.0,96.295,82099.0,81973.0,852.6,0.833
WQS1885,WEST BENGAL,Medium,26.355748,89.369404,4060900670.0,4040025450.0,6,2019,monthly,2.55,164.0,29.0,True,High or Medium confidence and within 2 km of a HydroRIVERS reach,True,852.1777777777778,401.3777777777778,2.930530204923904,2.6035533241663034,40893676.0,292.0,4299.4,113.601,448614.0,391266.0,3949.0,0.758
WQS1886,WEST BENGAL,Medium,22.984402,88.40197,4060026610.0,4040025460.0,9,2016,monthly,4.8,427.0,33.5,True,High or Medium confidence and within 2 km of a HydroRIVERS reach,True,6258.188888888889,7776.088888888889,3.796448667177725,3.8907612163900938,41082160.0,430.0,26599.7,599.216,25522917.0,3622510.0,42593.9,0.0
WQS1887,WEST BENGAL,Medium,22.602794,88.677553,4060026260.0,4040025460.0,6,2016,monthly,18.65,5200.0,33.0,True,High or Medium confidence and within 2 km of a HydroRIVERS reach,True,948.2333333333333,4565.7555555555555,2.976915218045035,3.6595126562310543,41101470.0,47.0,528.5,13.61,1470489.0,1470489.0,108044.7,0.0
WQS1888,WEST BENGAL,Medium,23.206144,87.850831,4060993020.0,4040025460.0,8,2016,monthly,2.9,433.5,33.5,True,High or Medium confidence and within 2 km of a HydroRIVERS reach,True,4936.944444444444,1881.3222222222223,3.693458240120692,3.274463185421918,41068106.0,962.0,21573.8,391.242,19779983.0,973186.0,50556.9,0.0
WQS1889,WEST BENGAL,Medium,23.944125,87.5379,4060026610.0,4040025460.0,6,2016,monthly,1.95,244.0,33.5,True,High or Medium confidence and within 2 km of a HydroRIVERS reach,True,2123.9777777777776,423.34444444444443,3.3271499686057715,2.6266938648920055,41030316.0,96.0,3173.2,79.208,1747070.0,906999.0,22056.7,0.0
WQS1890,WEST BENGAL,Medium,24.11604,87.797555,4060026610.0,4040025460.0,7,2016,monthly,5.1,736.0,34.0,True,High or Medium confidence and within 2 km of a HydroRIVERS reach,True,1107.4222222222222,5016.5,3.044313234086204,3.700400816582417,41021021.0,838.0,846.3,21.857,535451.0,487167.0,24497.9,0.0
WQS1891,UNKNOWN,Medium,15.691848,76.895721,4061103960.0,4040027940.0,1,2017,not reported,0.0,1360.0,29.0,True,High or Medium confidence and within 2 km of a HydroRIVERS reach,True,227.3,934.1333333333334,2.356599435724971,2.9704088695899737,41298663.0,720.0,33935.3,244.577,8933363.0,339050.0,36525.8,0.0
